,Entity Group,Value,Score,Page,Pdf File
0,Age,28-year-old,0.9974198341369629,1,/content/drive/MyDrive/MACROBATT/INPUT_PDF_FILES/15939911.pdf
1,History,previously healthy,0.9989010691642761,1,/content/drive/MyDrive/MACROBATT/INPUT_PDF_FILES/15939911.pdf
2,Sex,man,0.999737560749054,1,/content/drive/MyDrive/MACROBATT/INPUT_PDF_FILES/15939911.pdf
3,Clinical_event,presented,0.9994884729385376,1,/content/drive/MyDrive/MACROBATT/INPUT_PDF_FILES/15939911.pdf
4,Duration,6-week,0.9994061589241028,1,/content/drive/MyDrive/MACROBATT/INPUT_PDF_FILES/15939911.pdf
5,Sign_symptom,palpitations,0.9999648332595825,1,/content/drive/MyDrive/MACROBATT/INPUT_PDF_FILES/15939911.pdf
6,Coreference,symptoms,0.9986252784729004,1,/content/drive/MyDrive/MACROBATT/INPUT_PDF_FILES/15939911.pdf
7,Detailed_description,"rest , ,",0.6839120984077454,1,/content/drive/MyDrive/MACROBATT/INPUT_PDF_FILES/15939911.pdf
8,Frequency,2â3,0.6440141201019287,1,/content/drive/MyDrive/MACROBATT/INPUT_PDF_FILES/15939911.pdf
9,Detailed_description,times,0.6176813840866089,1,/content/drive/MyDrive/MACROBATT/INPUT_PDF_FILES/15939911.pdf
10,Detailed_description,week,0.5327199101448059,1,/content/drive/MyDrive/MACROBATT/INPUT_PDF_FILES/15939911.pdf
11,Detailed_description,up symptoms to 30 minutes  at associated lasted at a and associated dyspnea times time,0.9997204542160034,1,/content/drive/MyDrive/MACROBATT/INPUT_PDF_FILES/15939911.pdf
12,Lab_value,grade 2/6,0.9998769760131836,1,/content/drive/MyDrive/MACROBATT/INPUT_PDF_FILES/15939911.pdf
13,Detailed_description,holosystolic,0.9999765157699585,1,/content/drive/MyDrive/MACROBATT/INPUT_PDF_FILES/15939911.pdf
14,Biological_structure,tricuspid,0.9997997283935547,1,/content/drive/MyDrive/MACROBATT/INPUT_PDF_FILES/15939911.pdf
15,Sign_symptom,regurgitation murmur,0.951443612575531,1,/content/drive/MyDrive/MACROBATT/INPUT_PDF_FILES/15939911.pdf
16,Biological_structure,left sternal border,0.9999346733093262,1,/content/drive/MyDrive/MACROBATT/INPUT_PDF_FILES/15939911.pdf
17,Diagnostic_procedure,physical examination,0.9998975992202759,1,/content/drive/MyDrive/MACROBATT/INPUT_PDF_FILES/15939911.pdf
18,Lab_value,unremarkable,0.9584218859672546,1,/content/drive/MyDrive/MACROBATT/INPUT_PDF_FILES/15939911.pdf
19,Diagnostic_procedure,electrocardiogram,0.9994646310806274,1,/content/drive/MyDrive/MACROBATT/INPUT_PDF_FILES/15939911.pdf
20,Diagnostic_procedure,ECG,0.9999270439147949,1,/content/drive/MyDrive/MACROBATT/INPUT_PDF_FILES/15939911.pdf
21,Lab_value,normal,0.9998037219047546,1,/content/drive/MyDrive/MACROBATT/INPUT_PDF_FILES/15939911.pdf
22,Diagnostic_procedure,sinus rhythm,0.9949474334716797,1,/content/drive/MyDrive/MACROBATT/INPUT_PDF_FILES/15939911.pdf
23,Sign_symptom,Wolffâ Parkinsonâ,0.9959570169448853,1,/content/drive/MyDrive/MACROBATT/INPUT_PDF_FILES/15939911.pdf
24,Color,White,0.6421063542366028,1,/content/drive/MyDrive/MACROBATT/INPUT_PDF_FILES/15939911.pdf
25,Sign_symptom,pre-excitation pattern,0.9604439735412598,1,/content/drive/MyDrive/MACROBATT/INPUT_PDF_FILES/15939911.pdf
26,Detailed_description,right-sided,0.9977821707725525,1,/content/drive/MyDrive/MACROBATT/INPUT_PDF_FILES/15939911.pdf
27,Biological_structure,accessory,0.9865374565124512,1,/content/drive/MyDrive/MACROBATT/INPUT_PDF_FILES/15939911.pdf
28,Biological_structure,Transthoracic,0.9993498921394348,1,/content/drive/MyDrive/MACROBATT/INPUT_PDF_FILES/15939911.pdf
29,Diagnostic_procedure,echocardiography,0.999920129776001,1,/content/drive/MyDrive/MACROBATT/INPUT_PDF_FILES/15939911.pdf
30,Disease_disorder,Ebstein,0.9994083642959595,1,/content/drive/MyDrive/MACROBATT/INPUT_PDF_FILES/15939911.pdf
31,Disease_disorder,Ebstein 's anomaly,0.9397057294845581,1,/content/drive/MyDrive/MACROBATT/INPUT_PDF_FILES/15939911.pdf
32,Biological_structure,tricuspid âatrializedâ ventricle atrium ventricle,0.999946117401123,1,/content/drive/MyDrive/MACROBATT/INPUT_PDF_FILES/15939911.pdf
33,Sign_symptom,apical displacement,0.9999309182167053,1,/content/drive/MyDrive/MACROBATT/INPUT_PDF_FILES/15939911.pdf
34,Coreference,valve valve,0.9904401302337646,1,/content/drive/MyDrive/MACROBATT/INPUT_PDF_FILES/15939911.pdf
35,Disease_disorder,âatrializedâ,0.7993088364601135,1,/content/drive/MyDrive/MACROBATT/INPUT_PDF_FILES/15939911.pdf
36,Biological_structure,right right right ventricle ventricle,0.9946603178977966,1,/content/drive/MyDrive/MACROBATT/INPUT_PDF_FILES/15939911.pdf
37,Biological_structure,right right right atrium,0.9938549399375916,1,/content/drive/MyDrive/MACROBATT/INPUT_PDF_FILES/15939911.pdf
38,Biological_structure,inlet,0.9858932495117188,1,/content/drive/MyDrive/MACROBATT/INPUT_PDF_FILES/15939911.pdf
39,Coreference,valve,0.9995465874671936,1,/content/drive/MyDrive/MACROBATT/INPUT_PDF_FILES/15939911.pdf
40,Sign_symptom,elongated,0.9998067021369934,1,/content/drive/MyDrive/MACROBATT/INPUT_PDF_FILES/15939911.pdf
41,Biological_structure,septal leaflet leaflet,0.9497089982032776,1,/content/drive/MyDrive/MACROBATT/INPUT_PDF_FILES/15939911.pdf
42,Sign_symptom,rudimentary,0.9998620748519897,1,/content/drive/MyDrive/MACROBATT/INPUT_PDF_FILES/15939911.pdf
43,Detailed_description,Contrast,0.9999604225158691,1,/content/drive/MyDrive/MACROBATT/INPUT_PDF_FILES/15939911.pdf
44,Detailed_description,using saline,0.999862551689148,1,/content/drive/MyDrive/MACROBATT/INPUT_PDF_FILES/15939911.pdf
45,Disease_disorder,patent foramen ovale,0.9996047019958496,1,/content/drive/MyDrive/MACROBATT/INPUT_PDF_FILES/15939911.pdf
46,Sign_symptom,right-to-left shunting,0.9998562932014465,1,/content/drive/MyDrive/MACROBATT/INPUT_PDF_FILES/15939911.pdf
47,Sign_symptom,bubbles,0.9999364614486694,1,/content/drive/MyDrive/MACROBATT/INPUT_PDF_FILES/15939911.pdf
48,Biological_structure,right-to-left left atrium,0.9999379515647888,1,/content/drive/MyDrive/MACROBATT/INPUT_PDF_FILES/15939911.pdf
49,Diagnostic_procedure,electrophysiologic study,0.9998518824577332,1,/content/drive/MyDrive/MACROBATT/INPUT_PDF_FILES/15939911.pdf
50,Diagnostic_procedure,mapping,0.9999474287033081,1,/content/drive/MyDrive/MACROBATT/INPUT_PDF_FILES/15939911.pdf
51,Detailed_description,radiofrequency,0.9763549566268921,1,/content/drive/MyDrive/MACROBATT/INPUT_PDF_FILES/15939911.pdf
52,Therapeutic_procedure,ablation ablation,0.9990717172622681,1,/content/drive/MyDrive/MACROBATT/INPUT_PDF_FILES/15939911.pdf
53,Therapeutic_procedure,post-ablation,0.9994977116584778,1,/content/drive/MyDrive/MACROBATT/INPUT_PDF_FILES/15939911.pdf
54,Lab_value,prolonged,0.999875545501709,1,/content/drive/MyDrive/MACROBATT/INPUT_PDF_FILES/15939911.pdf
55,Diagnostic_procedure,PR interval,0.9999297857284546,1,/content/drive/MyDrive/MACROBATT/INPUT_PDF_FILES/15939911.pdf
56,Lab_value,odd,0.999839186668396,1,/content/drive/MyDrive/MACROBATT/INPUT_PDF_FILES/15939911.pdf
57,Diagnostic_procedure,âsecondâ,0.9958683252334595,1,/content/drive/MyDrive/MACROBATT/INPUT_PDF_FILES/15939911.pdf
58,Diagnostic_procedure,âsecondâ QRS   complex,0.8424558639526367,1,/content/drive/MyDrive/MACROBATT/INPUT_PDF_FILES/15939911.pdf
59,Diagnostic_procedure,leads,0.8316763043403625,1,/content/drive/MyDrive/MACROBATT/INPUT_PDF_FILES/15939911.pdf
60,Detailed_description,"III , , aVF",0.8050341606140137,1,/content/drive/MyDrive/MACROBATT/INPUT_PDF_FILES/15939911.pdf
61,Diagnostic_procedure,aVF Fig.1Bottom,0.5355318784713745,1,/content/drive/MyDrive/MACROBATT/INPUT_PDF_FILES/15939911.pdf
62,Detailed_description,and and V2âV4,0.6889718174934387,1,/content/drive/MyDrive/MACROBATT/INPUT_PDF_FILES/15939911.pdf
63,Sign_symptom,abnormal  impulse conduction,0.8574069738388062,1,/content/drive/MyDrive/MACROBATT/INPUT_PDF_FILES/15939911.pdf
64,Biological_structure,right ventricle,0.996195912361145,1,/content/drive/MyDrive/MACROBATT/INPUT_PDF_FILES/15939911.pdf
65,Clinical_event,follow-up,0.9997554421424866,1,/content/drive/MyDrive/MACROBATT/INPUT_PDF_FILES/15939911.pdf
66,Date,6 months after,0.9998670220375061,1,/content/drive/MyDrive/MACROBATT/INPUT_PDF_FILES/15939911.pdf
