,Entity Group,Value,Score,Page,Pdf File
0,Age,34-yr-old,0.9960203766822815,1,/content/drive/MyDrive/MACROBATT/INPUT_PDF_FILES/16778410.pdf
1,Sex,man,0.9997584223747253,1,/content/drive/MyDrive/MACROBATT/INPUT_PDF_FILES/16778410.pdf
2,Clinical_event,presented,0.9972744584083557,1,/content/drive/MyDrive/MACROBATT/INPUT_PDF_FILES/16778410.pdf
3,Sign_symptom,fever,0.9999555349349976,1,/content/drive/MyDrive/MACROBATT/INPUT_PDF_FILES/16778410.pdf
4,Detailed_description,chronic,0.9999622106552124,1,/content/drive/MyDrive/MACROBATT/INPUT_PDF_FILES/16778410.pdf
5,History,smoker,0.9984118342399597,1,/content/drive/MyDrive/MACROBATT/INPUT_PDF_FILES/16778410.pdf
6,Biological_structure,pulmonary,0.9512008428573608,1,/content/drive/MyDrive/MACROBATT/INPUT_PDF_FILES/16778410.pdf
7,Disease_disorder,tuberculosis,0.9135869145393372,1,/content/drive/MyDrive/MACROBATT/INPUT_PDF_FILES/16778410.pdf
8,Diagnostic_procedure,computed tomographic,0.9983327388763428,1,/content/drive/MyDrive/MACROBATT/INPUT_PDF_FILES/16778410.pdf
9,Detailed_description,multiple,0.9997590184211731,1,/content/drive/MyDrive/MACROBATT/INPUT_PDF_FILES/16778410.pdf
10,Detailed_description,tiny,0.9999164342880249,1,/content/drive/MyDrive/MACROBATT/INPUT_PDF_FILES/16778410.pdf
11,Sign_symptom,nodules,0.9990594387054443,1,/content/drive/MyDrive/MACROBATT/INPUT_PDF_FILES/16778410.pdf
12,Lab_value,both,0.6784107089042664,1,/content/drive/MyDrive/MACROBATT/INPUT_PDF_FILES/16778410.pdf
13,Detailed_description,thoracoscopic,0.9999698400497437,1,/content/drive/MyDrive/MACROBATT/INPUT_PDF_FILES/16778410.pdf
14,Biological_structure,lung,0.9999537467956543,1,/content/drive/MyDrive/MACROBATT/INPUT_PDF_FILES/16778410.pdf
15,Diagnostic_procedure,biopsy,0.9999219179153442,1,/content/drive/MyDrive/MACROBATT/INPUT_PDF_FILES/16778410.pdf
16,Biological_structure,right,0.9773828387260437,1,/content/drive/MyDrive/MACROBATT/INPUT_PDF_FILES/16778410.pdf
17,Diagnostic_procedure,microscopic examination,0.9999139308929443,1,/content/drive/MyDrive/MACROBATT/INPUT_PDF_FILES/16778410.pdf
18,Sign_symptom,LCH,0.9982789754867554,1,/content/drive/MyDrive/MACROBATT/INPUT_PDF_FILES/16778410.pdf
19,Sign_symptom,tumor cells,0.9997485876083374,1,/content/drive/MyDrive/MACROBATT/INPUT_PDF_FILES/16778410.pdf
20,Detailed_description,vesicular grooved,0.9962726831436157,1,/content/drive/MyDrive/MACROBATT/INPUT_PDF_FILES/16778410.pdf
21,Detailed_description,vesicular,0.771650493144989,1,/content/drive/MyDrive/MACROBATT/INPUT_PDF_FILES/16778410.pdf
22,Texture,grooved,0.9370884895324707,1,/content/drive/MyDrive/MACROBATT/INPUT_PDF_FILES/16778410.pdf
23,Detailed_description,small,0.9991790652275085,1,/content/drive/MyDrive/MACROBATT/INPUT_PDF_FILES/16778410.pdf
24,Biological_attribute,aggregations,0.8777738213539124,1,/content/drive/MyDrive/MACROBATT/INPUT_PDF_FILES/16778410.pdf
25,Biological_structure,around they the bronchioles,0.9998480677604675,1,/content/drive/MyDrive/MACROBATT/INPUT_PDF_FILES/16778410.pdf
26,Severity,strongly,0.9996722936630249,1,/content/drive/MyDrive/MACROBATT/INPUT_PDF_FILES/16778410.pdf
27,Lab_value,positive,0.9998903274536133,1,/content/drive/MyDrive/MACROBATT/INPUT_PDF_FILES/16778410.pdf
28,Diagnostic_procedure,S-100,0.9889971613883972,1,/content/drive/MyDrive/MACROBATT/INPUT_PDF_FILES/16778410.pdf
29,Diagnostic_procedure,vimentin,0.9999550580978394,1,/content/drive/MyDrive/MACROBATT/INPUT_PDF_FILES/16778410.pdf
30,Diagnostic_procedure,CD68,0.996405303478241,1,/content/drive/MyDrive/MACROBATT/INPUT_PDF_FILES/16778410.pdf
31,Diagnostic_procedure,CD1a,0.745729923248291,1,/content/drive/MyDrive/MACROBATT/INPUT_PDF_FILES/16778410.pdf
32,Biological_structure,infiltrations eosinophils,0.9999241828918457,1,/content/drive/MyDrive/MACROBATT/INPUT_PDF_FILES/16778410.pdf
33,Biological_structure,infiltrations,0.999362051486969,1,/content/drive/MyDrive/MACROBATT/INPUT_PDF_FILES/16778410.pdf
34,Biological_structure,infiltrations lymphocytes eosinophils cells,0.9998890161514282,1,/content/drive/MyDrive/MACROBATT/INPUT_PDF_FILES/16778410.pdf
35,Biological_structure,lymphocytes,0.9800047874450684,1,/content/drive/MyDrive/MACROBATT/INPUT_PDF_FILES/16778410.pdf
36,Biological_structure,eosinophils,0.9980612993240356,1,/content/drive/MyDrive/MACROBATT/INPUT_PDF_FILES/16778410.pdf
37,Coreference,tumor,0.9990184307098389,1,/content/drive/MyDrive/MACROBATT/INPUT_PDF_FILES/16778410.pdf
38,Activity,quit,0.9959940910339355,1,/content/drive/MyDrive/MACROBATT/INPUT_PDF_FILES/16778410.pdf
39,Sign_symptom,well,0.9995793700218201,1,/content/drive/MyDrive/MACROBATT/INPUT_PDF_FILES/16778410.pdf
40,Duration,for the following one year,0.995701014995575,1,/content/drive/MyDrive/MACROBATT/INPUT_PDF_FILES/16778410.pdf
41,Diagnostic_procedure,CT scan,0.9999258518218994,1,/content/drive/MyDrive/MACROBATT/INPUT_PDF_FILES/16778410.pdf
42,Shape,4 cm-sized,0.9821525812149048,1,/content/drive/MyDrive/MACROBATT/INPUT_PDF_FILES/16778410.pdf
43,Sign_symptom,mass,0.9999638795852661,1,/content/drive/MyDrive/MACROBATT/INPUT_PDF_FILES/16778410.pdf
44,Biological_structure,left,0.9998424053192139,1,/content/drive/MyDrive/MACROBATT/INPUT_PDF_FILES/16778410.pdf
45,Biological_structure,both lungs,0.9997513890266418,1,/content/drive/MyDrive/MACROBATT/INPUT_PDF_FILES/16778410.pdf
46,Detailed_description,needle,0.9999300241470337,1,/content/drive/MyDrive/MACROBATT/INPUT_PDF_FILES/16778410.pdf
47,Sign_symptom,possibility of revealed a sarcoma a was sarcoma,0.999471127986908,1,/content/drive/MyDrive/MACROBATT/INPUT_PDF_FILES/16778410.pdf
48,Coreference,lobectomy,0.9990953207015991,1,/content/drive/MyDrive/MACROBATT/INPUT_PDF_FILES/16778410.pdf
49,Detailed_description,poorly-circumscribed,0.9991235136985779,1,/content/drive/MyDrive/MACROBATT/INPUT_PDF_FILES/16778410.pdf
50,Detailed_description,lobulated,0.9999518394470215,1,/content/drive/MyDrive/MACROBATT/INPUT_PDF_FILES/16778410.pdf
51,Color,gray-white,0.9690459370613098,1,/content/drive/MyDrive/MACROBATT/INPUT_PDF_FILES/16778410.pdf
52,Sign_symptom,mass mass,0.9999619722366333,1,/content/drive/MyDrive/MACROBATT/INPUT_PDF_FILES/16778410.pdf
53,Detailed_description,satellite,0.9999070167541504,1,/content/drive/MyDrive/MACROBATT/INPUT_PDF_FILES/16778410.pdf
54,Detailed_description,aggregated,0.999788224697113,1,/content/drive/MyDrive/MACROBATT/INPUT_PDF_FILES/16778410.pdf
55,Detailed_description,in infiltrative large sheets,0.9997214674949646,1,/content/drive/MyDrive/MACROBATT/INPUT_PDF_FILES/16778410.pdf
56,Biological_attribute,cytologic features,0.7591145038604736,1,/content/drive/MyDrive/MACROBATT/INPUT_PDF_FILES/16778410.pdf
57,Sign_symptom,tumor tumor cells cells,0.9796285629272461,1,/content/drive/MyDrive/MACROBATT/INPUT_PDF_FILES/16778410.pdf
58,Detailed_description,pleomorphic/hyperchromatic,0.9991247057914734,1,/content/drive/MyDrive/MACROBATT/INPUT_PDF_FILES/16778410.pdf
59,Biological_structure,nuclei,0.9994295239448547,1,/content/drive/MyDrive/MACROBATT/INPUT_PDF_FILES/16778410.pdf
60,Detailed_description,prominent,0.9993257522583008,1,/content/drive/MyDrive/MACROBATT/INPUT_PDF_FILES/16778410.pdf
61,Biological_attribute,nucleoli,0.544628918170929,1,/content/drive/MyDrive/MACROBATT/INPUT_PDF_FILES/16778410.pdf
62,Detailed_description,multinucleated,0.9918376207351685,1,/content/drive/MyDrive/MACROBATT/INPUT_PDF_FILES/16778410.pdf
63,Biological_structure,tumor tumor giant cells cells,0.9989984035491943,1,/content/drive/MyDrive/MACROBATT/INPUT_PDF_FILES/16778410.pdf
64,Detailed_description,numerous,0.9996953010559082,1,/content/drive/MyDrive/MACROBATT/INPUT_PDF_FILES/16778410.pdf
65,Biological_structure,mitotic figures,0.9506863951683044,1,/content/drive/MyDrive/MACROBATT/INPUT_PDF_FILES/16778410.pdf
66,Lab_value,30 mitotic to 60 per 10 high,0.973798930644989,1,/content/drive/MyDrive/MACROBATT/INPUT_PDF_FILES/16778410.pdf
67,Detailed_description,some of them,0.9896302223205566,1,/content/drive/MyDrive/MACROBATT/INPUT_PDF_FILES/16778410.pdf
68,Detailed_description,few foci,0.9996737837791443,1,/content/drive/MyDrive/MACROBATT/INPUT_PDF_FILES/16778410.pdf
69,Diagnostic_procedure,Immunohistochemically,0.9999216794967651,1,/content/drive/MyDrive/MACROBATT/INPUT_PDF_FILES/16778410.pdf
70,Lab_value,positive positive positive,0.9998838901519775,1,/content/drive/MyDrive/MACROBATT/INPUT_PDF_FILES/16778410.pdf
71,Diagnostic_procedure,S-100 protein,0.9990352392196655,1,/content/drive/MyDrive/MACROBATT/INPUT_PDF_FILES/16778410.pdf
72,Detailed_description,focally,0.9989045858383179,1,/content/drive/MyDrive/MACROBATT/INPUT_PDF_FILES/16778410.pdf
73,Lab_value,negative,0.9999246597290039,1,/content/drive/MyDrive/MACROBATT/INPUT_PDF_FILES/16778410.pdf
74,Diagnostic_procedure,cytokeratin,0.9852825403213501,1,/content/drive/MyDrive/MACROBATT/INPUT_PDF_FILES/16778410.pdf
75,Diagnostic_procedure,epithelial,0.9970355033874512,1,/content/drive/MyDrive/MACROBATT/INPUT_PDF_FILES/16778410.pdf
76,Diagnostic_procedure,membrane,0.9927452206611633,1,/content/drive/MyDrive/MACROBATT/INPUT_PDF_FILES/16778410.pdf
77,Diagnostic_procedure,CD3,0.8700367212295532,1,/content/drive/MyDrive/MACROBATT/INPUT_PDF_FILES/16778410.pdf
78,Diagnostic_procedure,CD20,0.9929704666137695,1,/content/drive/MyDrive/MACROBATT/INPUT_PDF_FILES/16778410.pdf
79,Diagnostic_procedure,HMB45,0.9996576309204102,1,/content/drive/MyDrive/MACROBATT/INPUT_PDF_FILES/16778410.pdf
80,Diagnostic_procedure,ultrastructural analysis,0.9999184012413025,1,/content/drive/MyDrive/MACROBATT/INPUT_PDF_FILES/16778410.pdf
81,Sign_symptom,failed to cytoplasm demonstrate any Birbeck granules,0.9902522563934326,1,/content/drive/MyDrive/MACROBATT/INPUT_PDF_FILES/16778410.pdf
82,Biological_structure,cytoplasm,0.8047583699226379,1,/content/drive/MyDrive/MACROBATT/INPUT_PDF_FILES/16778410.pdf
83,Date,five months after,0.9998118877410889,1,/content/drive/MyDrive/MACROBATT/INPUT_PDF_FILES/16778410.pdf
84,Sign_symptom,no significant change,0.705620527267456,1,/content/drive/MyDrive/MACROBATT/INPUT_PDF_FILES/16778410.pdf
