,Entity Group,Value,Score,Page,Pdf File
0,Age,23 year year old,0.9986541271209717,1,/content/drive/MyDrive/MACROBATT/INPUT_PDF_FILES/17803823.pdf
1,Personal_background,white,0.9984708428382874,1,/content/drive/MyDrive/MACROBATT/INPUT_PDF_FILES/17803823.pdf
2,Sex,male,0.9992934465408325,1,/content/drive/MyDrive/MACROBATT/INPUT_PDF_FILES/17803823.pdf
3,Duration,4 year year,0.9994609355926514,1,/content/drive/MyDrive/MACROBATT/INPUT_PDF_FILES/17803823.pdf
4,Disease_disorder,Crohn,0.9998267292976379,1,/content/drive/MyDrive/MACROBATT/INPUT_PDF_FILES/17803823.pdf
5,Disease_disorder,Crohn 's disease,0.9964868426322937,1,/content/drive/MyDrive/MACROBATT/INPUT_PDF_FILES/17803823.pdf
6,Clinical_event,presented,0.9993236064910889,1,/content/drive/MyDrive/MACROBATT/INPUT_PDF_FILES/17803823.pdf
7,Duration,two day,0.9997390508651733,1,/content/drive/MyDrive/MACROBATT/INPUT_PDF_FILES/17803823.pdf
8,Sign_symptom,malaise,0.9967601895332336,1,/content/drive/MyDrive/MACROBATT/INPUT_PDF_FILES/17803823.pdf
9,Biological_structure,abdominal,0.9999290704727173,1,/content/drive/MyDrive/MACROBATT/INPUT_PDF_FILES/17803823.pdf
10,Sign_symptom,vomiting,0.9953238368034363,1,/content/drive/MyDrive/MACROBATT/INPUT_PDF_FILES/17803823.pdf
11,Biological_structure,stomal,0.9931453466415405,1,/content/drive/MyDrive/MACROBATT/INPUT_PDF_FILES/17803823.pdf
12,Biological_structure,joint,0.6310369968414307,1,/content/drive/MyDrive/MACROBATT/INPUT_PDF_FILES/17803823.pdf
13,Sign_symptom,pains,0.9247246384620667,1,/content/drive/MyDrive/MACROBATT/INPUT_PDF_FILES/17803823.pdf
14,Biological_structure,wrists,0.6146122813224792,1,/content/drive/MyDrive/MACROBATT/INPUT_PDF_FILES/17803823.pdf
15,Biological_structure,metacarpophalangeals,0.9973745942115784,1,/content/drive/MyDrive/MACROBATT/INPUT_PDF_FILES/17803823.pdf
16,Biological_structure,knees,0.9997641444206238,1,/content/drive/MyDrive/MACROBATT/INPUT_PDF_FILES/17803823.pdf
17,Sign_symptom,rash,0.999966025352478,1,/content/drive/MyDrive/MACROBATT/INPUT_PDF_FILES/17803823.pdf
18,Biological_structure,ankles,0.9996285438537598,1,/content/drive/MyDrive/MACROBATT/INPUT_PDF_FILES/17803823.pdf
19,Detailed_description,There erythematous,0.9999685287475586,1,/content/drive/MyDrive/MACROBATT/INPUT_PDF_FILES/17803823.pdf
20,Detailed_description,erythematous,0.9999639987945557,1,/content/drive/MyDrive/MACROBATT/INPUT_PDF_FILES/17803823.pdf
21,Sign_symptom,macules,0.9999023675918579,1,/content/drive/MyDrive/MACROBATT/INPUT_PDF_FILES/17803823.pdf
22,Detailed_description,vesico-pustular,0.9915338754653931,1,/content/drive/MyDrive/MACROBATT/INPUT_PDF_FILES/17803823.pdf
23,Sign_symptom,lesions,0.9999614953994751,1,/content/drive/MyDrive/MACROBATT/INPUT_PDF_FILES/17803823.pdf
24,Sign_symptom,crusting,0.9999138116836548,1,/content/drive/MyDrive/MACROBATT/INPUT_PDF_FILES/17803823.pdf
25,History,no history of sexual exposure,0.9997216463088989,1,/content/drive/MyDrive/MACROBATT/INPUT_PDF_FILES/17803823.pdf
26,Medication,Pentasa,0.9997677206993103,1,/content/drive/MyDrive/MACROBATT/INPUT_PDF_FILES/17803823.pdf
27,Date,4 months,0.9996627569198608,1,/content/drive/MyDrive/MACROBATT/INPUT_PDF_FILES/17803823.pdf
28,Date,One month earlier earlier,0.9998989105224609,1,/content/drive/MyDrive/MACROBATT/INPUT_PDF_FILES/17803823.pdf
29,Therapeutic_procedure,laparotomy,0.9999204874038696,1,/content/drive/MyDrive/MACROBATT/INPUT_PDF_FILES/17803823.pdf
30,Detailed_description,complex,0.9999711513519287,1,/content/drive/MyDrive/MACROBATT/INPUT_PDF_FILES/17803823.pdf
31,Biological_structure,ileo- ileostomy,0.9967384934425354,1,/content/drive/MyDrive/MACROBATT/INPUT_PDF_FILES/17803823.pdf
32,Biological_structure,cutaneous,0.8498141169548035,1,/content/drive/MyDrive/MACROBATT/INPUT_PDF_FILES/17803823.pdf
33,Sign_symptom,fistula,0.9996328353881836,1,/content/drive/MyDrive/MACROBATT/INPUT_PDF_FILES/17803823.pdf
34,Date,two weeks earlier earlier,0.9998971819877625,1,/content/drive/MyDrive/MACROBATT/INPUT_PDF_FILES/17803823.pdf
35,Detailed_description,defunctioning,0.9999582767486572,1,/content/drive/MyDrive/MACROBATT/INPUT_PDF_FILES/17803823.pdf
36,Therapeutic_procedure,ileostomy,0.5732763409614563,1,/content/drive/MyDrive/MACROBATT/INPUT_PDF_FILES/17803823.pdf
37,Therapeutic_procedure,laparotomy ileostomy,0.9389830827713013,1,/content/drive/MyDrive/MACROBATT/INPUT_PDF_FILES/17803823.pdf
38,Sign_symptom,fistula fistula,0.9758089780807495,1,/content/drive/MyDrive/MACROBATT/INPUT_PDF_FILES/17803823.pdf
39,Duration,had been present for cutaneous fistula had a year was associated a terminal ileal and ileo-rectal fistula at least years duration year years,0.947380781173706,1,/content/drive/MyDrive/MACROBATT/INPUT_PDF_FILES/17803823.pdf
40,Detailed_description,terminal,0.9996011853218079,1,/content/drive/MyDrive/MACROBATT/INPUT_PDF_FILES/17803823.pdf
41,Biological_structure,ileal,0.9997925758361816,1,/content/drive/MyDrive/MACROBATT/INPUT_PDF_FILES/17803823.pdf
42,Sign_symptom,stricture,0.8664929270744324,1,/content/drive/MyDrive/MACROBATT/INPUT_PDF_FILES/17803823.pdf
43,Biological_structure,ileo-rectal,0.9689865112304688,1,/content/drive/MyDrive/MACROBATT/INPUT_PDF_FILES/17803823.pdf
44,Duration,associated at duration least 2 years,0.9982819557189941,1,/content/drive/MyDrive/MACROBATT/INPUT_PDF_FILES/17803823.pdf
45,Coreference,bowel disease,0.9970669150352478,1,/content/drive/MyDrive/MACROBATT/INPUT_PDF_FILES/17803823.pdf
46,Medication,azathioprine,0.9997981190681458,1,/content/drive/MyDrive/MACROBATT/INPUT_PDF_FILES/17803823.pdf
47,Medication,corticosteroiods,0.9998468160629272,1,/content/drive/MyDrive/MACROBATT/INPUT_PDF_FILES/17803823.pdf
48,Dosage,three infusions,0.9982209205627441,1,/content/drive/MyDrive/MACROBATT/INPUT_PDF_FILES/17803823.pdf
49,Medication,Infliximab,0.9998816251754761,1,/content/drive/MyDrive/MACROBATT/INPUT_PDF_FILES/17803823.pdf
50,Date,disease had resistant azathioprine and Infliximab a year earlier,0.9968962669372559,1,/content/drive/MyDrive/MACROBATT/INPUT_PDF_FILES/17803823.pdf
51,Sign_symptom,extra-intestinal manifestations,0.9329209327697754,1,/content/drive/MyDrive/MACROBATT/INPUT_PDF_FILES/17803823.pdf
52,Sign_symptom,thin,0.763893187046051,1,/content/drive/MyDrive/MACROBATT/INPUT_PDF_FILES/17803823.pdf
53,Sign_symptom,afebrile,0.9992629289627075,1,/content/drive/MyDrive/MACROBATT/INPUT_PDF_FILES/17803823.pdf
54,Detailed_description,resting,0.9999586343765259,1,/content/drive/MyDrive/MACROBATT/INPUT_PDF_FILES/17803823.pdf
55,Sign_symptom,hospital tachycardia,0.9999513626098633,1,/content/drive/MyDrive/MACROBATT/INPUT_PDF_FILES/17803823.pdf
56,Sign_symptom,tachycardia,0.9984822869300842,1,/content/drive/MyDrive/MACROBATT/INPUT_PDF_FILES/17803823.pdf
57,Lab_value,125/minute,0.9998841285705566,1,/content/drive/MyDrive/MACROBATT/INPUT_PDF_FILES/17803823.pdf
58,Diagnostic_procedure,cardio-respiratory examination,0.9997844696044922,1,/content/drive/MyDrive/MACROBATT/INPUT_PDF_FILES/17803823.pdf
59,Biological_structure,abdomen,0.9999539852142334,1,/content/drive/MyDrive/MACROBATT/INPUT_PDF_FILES/17803823.pdf
60,Severity,minimally,0.9997215867042542,1,/content/drive/MyDrive/MACROBATT/INPUT_PDF_FILES/17803823.pdf
61,Sign_symptom,tender tenderness,0.9998931884765625,1,/content/drive/MyDrive/MACROBATT/INPUT_PDF_FILES/17803823.pdf
62,Detailed_description,without guarding,0.9995745420455933,1,/content/drive/MyDrive/MACROBATT/INPUT_PDF_FILES/17803823.pdf
63,Diagnostic_procedure,Examination of,0.9692953824996948,1,/content/drive/MyDrive/MACROBATT/INPUT_PDF_FILES/17803823.pdf
64,Diagnostic_procedure,skin,0.5130176544189453,1,/content/drive/MyDrive/MACROBATT/INPUT_PDF_FILES/17803823.pdf
65,Sign_symptom,pustules,0.9989709258079529,1,/content/drive/MyDrive/MACROBATT/INPUT_PDF_FILES/17803823.pdf
66,Sign_symptom,crusts,0.9999037384986877,1,/content/drive/MyDrive/MACROBATT/INPUT_PDF_FILES/17803823.pdf
67,Biological_structure,elbows,0.9965534210205078,1,/content/drive/MyDrive/MACROBATT/INPUT_PDF_FILES/17803823.pdf
68,Biological_structure,feet,0.9998906850814819,1,/content/drive/MyDrive/MACROBATT/INPUT_PDF_FILES/17803823.pdf
69,Sign_symptom,synovitis,0.9999622106552124,1,/content/drive/MyDrive/MACROBATT/INPUT_PDF_FILES/17803823.pdf
70,Biological_structure,proximal,0.7154595255851746,1,/content/drive/MyDrive/MACROBATT/INPUT_PDF_FILES/17803823.pdf
71,Biological_structure,metacarpophalangeal,0.9999306201934814,1,/content/drive/MyDrive/MACROBATT/INPUT_PDF_FILES/17803823.pdf
72,Diagnostic_procedure,laboratory tests,0.9998645782470703,1,/content/drive/MyDrive/MACROBATT/INPUT_PDF_FILES/17803823.pdf
73,Diagnostic_procedure,haemoglobin,0.9999706745147705,1,/content/drive/MyDrive/MACROBATT/INPUT_PDF_FILES/17803823.pdf
74,Lab_value,13.1 gm/dl,0.9910104870796204,1,/content/drive/MyDrive/MACROBATT/INPUT_PDF_FILES/17803823.pdf
75,Lab_value,15.8,0.9998111128807068,1,/content/drive/MyDrive/MACROBATT/INPUT_PDF_FILES/17803823.pdf
76,Lab_value,15.8 585,0.9975524544715881,1,/content/drive/MyDrive/MACROBATT/INPUT_PDF_FILES/17803823.pdf
77,Diagnostic_procedure,platelets,0.9999540448188782,1,/content/drive/MyDrive/MACROBATT/INPUT_PDF_FILES/17803823.pdf
78,Lab_value,585,0.9998784065246582,1,/content/drive/MyDrive/MACROBATT/INPUT_PDF_FILES/17803823.pdf
79,Lab_value,15.8 585 Ã Ã,0.80726158618927,1,/content/drive/MyDrive/MACROBATT/INPUT_PDF_FILES/17803823.pdf
80,Lab_value,109/L 109/L,0.9122324585914612,1,/content/drive/MyDrive/MACROBATT/INPUT_PDF_FILES/17803823.pdf
81,Diagnostic_procedure,C- reactive protein,0.9999303817749023,1,/content/drive/MyDrive/MACROBATT/INPUT_PDF_FILES/17803823.pdf
82,Lab_value,37.7 mg/L,0.9998445510864258,1,/content/drive/MyDrive/MACROBATT/INPUT_PDF_FILES/17803823.pdf
83,Diagnostic_procedure,erythrocyte,0.9999580383300781,1,/content/drive/MyDrive/MACROBATT/INPUT_PDF_FILES/17803823.pdf
84,Diagnostic_procedure,erythrocyte sedimentation rate,0.9995660185813904,1,/content/drive/MyDrive/MACROBATT/INPUT_PDF_FILES/17803823.pdf
85,Lab_value,69 mm/hr,0.9998887777328491,1,/content/drive/MyDrive/MACROBATT/INPUT_PDF_FILES/17803823.pdf
86,Diagnostic_procedure,Urea,0.9997398257255554,1,/content/drive/MyDrive/MACROBATT/INPUT_PDF_FILES/17803823.pdf
87,Diagnostic_procedure,electrolytes,0.9994869232177734,1,/content/drive/MyDrive/MACROBATT/INPUT_PDF_FILES/17803823.pdf
88,Diagnostic_procedure,electrolytes analysis,0.802524745464325,1,/content/drive/MyDrive/MACROBATT/INPUT_PDF_FILES/17803823.pdf
89,Diagnostic_procedure,urine analysis,0.9999664425849915,1,/content/drive/MyDrive/MACROBATT/INPUT_PDF_FILES/17803823.pdf
90,Diagnostic_procedure,microscopy,0.9999712705612183,1,/content/drive/MyDrive/MACROBATT/INPUT_PDF_FILES/17803823.pdf
91,Diagnostic_procedure,Rheumatoid,0.9986371397972107,1,/content/drive/MyDrive/MACROBATT/INPUT_PDF_FILES/17803823.pdf
92,Detailed_description,antinuclear,0.8584890365600586,1,/content/drive/MyDrive/MACROBATT/INPUT_PDF_FILES/17803823.pdf
93,Detailed_description,antinuclear antineutrophil antibodies,0.9998903274536133,1,/content/drive/MyDrive/MACROBATT/INPUT_PDF_FILES/17803823.pdf
94,Diagnostic_procedure,cryoglobulins,0.9998171925544739,1,/content/drive/MyDrive/MACROBATT/INPUT_PDF_FILES/17803823.pdf
95,Diagnostic_procedure,Hepatitis B and and and C serology,0.9860134124755859,1,/content/drive/MyDrive/MACROBATT/INPUT_PDF_FILES/17803823.pdf
96,Biological_structure,Transthoracic,0.9853984117507935,1,/content/drive/MyDrive/MACROBATT/INPUT_PDF_FILES/17803823.pdf
97,Diagnostic_procedure,echocardiogram,0.967495322227478,1,/content/drive/MyDrive/MACROBATT/INPUT_PDF_FILES/17803823.pdf
98,Sign_symptom,echocardiogram endocarditis,0.6925197243690491,1,/content/drive/MyDrive/MACROBATT/INPUT_PDF_FILES/17803823.pdf
99,Diagnostic_procedure,multiple blood cultures,0.9359152913093567,1,/content/drive/MyDrive/MACROBATT/INPUT_PDF_FILES/17803823.pdf
100,Diagnostic_procedure,biopsy,0.9998549222946167,1,/content/drive/MyDrive/MACROBATT/INPUT_PDF_FILES/17803823.pdf
101,Biological_structure,perivascular,0.999946117401123,1,/content/drive/MyDrive/MACROBATT/INPUT_PDF_FILES/17803823.pdf
102,Biological_structure,lymphohistiocytic,0.9798507690429688,1,/content/drive/MyDrive/MACROBATT/INPUT_PDF_FILES/17803823.pdf
103,Biological_structure,infiltrate,0.9996064305305481,1,/content/drive/MyDrive/MACROBATT/INPUT_PDF_FILES/17803823.pdf
104,Biological_structure,neutrophils,0.9996220469474792,1,/content/drive/MyDrive/MACROBATT/INPUT_PDF_FILES/17803823.pdf
105,Detailed_description,infiltrate fibrinoid,0.999963641166687,1,/content/drive/MyDrive/MACROBATT/INPUT_PDF_FILES/17803823.pdf
106,Detailed_description,fibrinoid,0.999569833278656,1,/content/drive/MyDrive/MACROBATT/INPUT_PDF_FILES/17803823.pdf
107,Sign_symptom,necrosis,0.9999545812606812,1,/content/drive/MyDrive/MACROBATT/INPUT_PDF_FILES/17803823.pdf
108,Biological_structure,vessels,0.9999070167541504,1,/content/drive/MyDrive/MACROBATT/INPUT_PDF_FILES/17803823.pdf
109,Detailed_description,ankle revealed 'leukocytoclastic,0.99908447265625,1,/content/drive/MyDrive/MACROBATT/INPUT_PDF_FILES/17803823.pdf
110,Detailed_description,'leukocytoclastic,0.9989318251609802,1,/content/drive/MyDrive/MACROBATT/INPUT_PDF_FILES/17803823.pdf
111,Detailed_description,lymphohistiocytic associated 'leukocytoclastic,0.9809088706970215,1,/content/drive/MyDrive/MACROBATT/INPUT_PDF_FILES/17803823.pdf
112,Detailed_description,lymphohistiocytic 'leukocytoclastic,0.7877197265625,1,/content/drive/MyDrive/MACROBATT/INPUT_PDF_FILES/17803823.pdf
113,Dosage,60 mg,0.9995046257972717,1,/content/drive/MyDrive/MACROBATT/INPUT_PDF_FILES/17803823.pdf
114,Medication,prednisolone,0.9994294047355652,1,/content/drive/MyDrive/MACROBATT/INPUT_PDF_FILES/17803823.pdf
115,Medication,commenced prednisolone day leading and,0.9916054010391235,1,/content/drive/MyDrive/MACROBATT/INPUT_PDF_FILES/17803823.pdf
116,Dosage,per day,0.9983012080192566,1,/content/drive/MyDrive/MACROBATT/INPUT_PDF_FILES/17803823.pdf
117,Detailed_description,prompt,0.9999029636383057,1,/content/drive/MyDrive/MACROBATT/INPUT_PDF_FILES/17803823.pdf
118,Detailed_description,complete,0.9999356269836426,1,/content/drive/MyDrive/MACROBATT/INPUT_PDF_FILES/17803823.pdf
119,Sign_symptom,resolution,0.9786145091056824,1,/content/drive/MyDrive/MACROBATT/INPUT_PDF_FILES/17803823.pdf
120,Sign_symptom,all,0.9743911027908325,1,/content/drive/MyDrive/MACROBATT/INPUT_PDF_FILES/17803823.pdf
121,Medication,dose prednisolone rapidly tapered advised,0.5898970365524292,1,/content/drive/MyDrive/MACROBATT/INPUT_PDF_FILES/17803823.pdf
122,Clinical_event,tapered,0.9992119073867798,1,/content/drive/MyDrive/MACROBATT/INPUT_PDF_FILES/17803823.pdf
123,Duration,over over the the the course of of prednisolone one month,0.9997274279594421,1,/content/drive/MyDrive/MACROBATT/INPUT_PDF_FILES/17803823.pdf
124,Sign_symptom,without any recurrence,0.9992291331291199,1,/content/drive/MyDrive/MACROBATT/INPUT_PDF_FILES/17803823.pdf
125,Duration,over over the the the following 3 years,0.8901832699775696,1,/content/drive/MyDrive/MACROBATT/INPUT_PDF_FILES/17803823.pdf
