,Entity Group,Value,Score,Page,Pdf File
0,Age,30-year-old,0.9980312585830688,1,/content/drive/MyDrive/MACROBATT/INPUT_PDF_FILES/18236639.pdf
1,Sex,female,0.9996730089187622,1,/content/drive/MyDrive/MACROBATT/INPUT_PDF_FILES/18236639.pdf
2,Therapeutic_procedure,rhinoplasty,0.9995435476303101,1,/content/drive/MyDrive/MACROBATT/INPUT_PDF_FILES/18236639.pdf
3,Medication,general,0.9732602834701538,1,/content/drive/MyDrive/MACROBATT/INPUT_PDF_FILES/18236639.pdf
4,Medication,Remifentanyl,0.9998207688331604,1,/content/drive/MyDrive/MACROBATT/INPUT_PDF_FILES/18236639.pdf
5,Medication,Propofol,0.999305784702301,1,/content/drive/MyDrive/MACROBATT/INPUT_PDF_FILES/18236639.pdf
6,Disease_disorder,Muscle paralysis,0.9998040199279785,1,/content/drive/MyDrive/MACROBATT/INPUT_PDF_FILES/18236639.pdf
7,Medication,Cisatracurium,0.9630967974662781,1,/content/drive/MyDrive/MACROBATT/INPUT_PDF_FILES/18236639.pdf
8,Lab_value,0.15,0.9626502990722656,1,/content/drive/MyDrive/MACROBATT/INPUT_PDF_FILES/18236639.pdf
9,Detailed_description,Transoral,0.9998493194580078,1,/content/drive/MyDrive/MACROBATT/INPUT_PDF_FILES/18236639.pdf
10,Coreference,intubation Macintosh,0.9996626377105713,1,/content/drive/MyDrive/MACROBATT/INPUT_PDF_FILES/18236639.pdf
11,Coreference,intubation,0.9597386121749878,1,/content/drive/MyDrive/MACROBATT/INPUT_PDF_FILES/18236639.pdf
12,Therapeutic_procedure,Macintosh blade,0.9994523525238037,1,/content/drive/MyDrive/MACROBATT/INPUT_PDF_FILES/18236639.pdf
13,Detailed_description,7 mm diameter,0.9833974838256836,1,/content/drive/MyDrive/MACROBATT/INPUT_PDF_FILES/18236639.pdf
14,Detailed_description,reinforced,0.9998435974121094,1,/content/drive/MyDrive/MACROBATT/INPUT_PDF_FILES/18236639.pdf
15,Biological_structure,tracheal trachea,0.9975504279136658,1,/content/drive/MyDrive/MACROBATT/INPUT_PDF_FILES/18236639.pdf
16,Detailed_description,Transoral tracheal tube,0.7392610311508179,1,/content/drive/MyDrive/MACROBATT/INPUT_PDF_FILES/18236639.pdf
17,Disease_disorder,problems,0.9996271133422852,1,/content/drive/MyDrive/MACROBATT/INPUT_PDF_FILES/18236639.pdf
18,Therapeutic_procedure,laryngoscopy,0.9994516968727112,1,/content/drive/MyDrive/MACROBATT/INPUT_PDF_FILES/18236639.pdf
19,Diagnostic_procedure,encountered laryngoscopy,0.7464728951454163,1,/content/drive/MyDrive/MACROBATT/INPUT_PDF_FILES/18236639.pdf
20,Coreference,tube,0.9967507123947144,1,/content/drive/MyDrive/MACROBATT/INPUT_PDF_FILES/18236639.pdf
21,Diagnostic_procedure,pressure,0.998786985874176,1,/content/drive/MyDrive/MACROBATT/INPUT_PDF_FILES/18236639.pdf
22,Lab_value,20 cm,0.8446264266967773,1,/content/drive/MyDrive/MACROBATT/INPUT_PDF_FILES/18236639.pdf
23,Therapeutic_procedure,adjustment of cuff volume,0.9997016787528992,1,/content/drive/MyDrive/MACROBATT/INPUT_PDF_FILES/18236639.pdf
24,Medication,N2O,0.9990063309669495,1,/content/drive/MyDrive/MACROBATT/INPUT_PDF_FILES/18236639.pdf
25,Therapeutic_procedure,throat pack,0.9997216463088989,1,/content/drive/MyDrive/MACROBATT/INPUT_PDF_FILES/18236639.pdf
26,Biological_structure,pharynx,0.9902690052986145,1,/content/drive/MyDrive/MACROBATT/INPUT_PDF_FILES/18236639.pdf
27,Medication,General anaesthesia,0.9994413256645203,1,/content/drive/MyDrive/MACROBATT/INPUT_PDF_FILES/18236639.pdf
28,Medication,Sevofluorane,0.9998756647109985,1,/content/drive/MyDrive/MACROBATT/INPUT_PDF_FILES/18236639.pdf
29,Administration,maintained in in continuous infusion Î¼g/kg/min oxygen/air,0.985785722732544,1,/content/drive/MyDrive/MACROBATT/INPUT_PDF_FILES/18236639.pdf
30,Administration,continuous infusion,0.9897642135620117,1,/content/drive/MyDrive/MACROBATT/INPUT_PDF_FILES/18236639.pdf
31,Dosage,0.25 Î¼g/kg/min,0.9981878995895386,1,/content/drive/MyDrive/MACROBATT/INPUT_PDF_FILES/18236639.pdf
32,Severity,Moderate,0.9996465444564819,1,/content/drive/MyDrive/MACROBATT/INPUT_PDF_FILES/18236639.pdf
33,Sign_symptom,arterial hypotension,0.9999082684516907,1,/content/drive/MyDrive/MACROBATT/INPUT_PDF_FILES/18236639.pdf
34,Diagnostic_procedure,systolic artery pressure,0.9999022483825684,1,/content/drive/MyDrive/MACROBATT/INPUT_PDF_FILES/18236639.pdf
35,Therapeutic_procedure,operation,0.9996309280395508,1,/content/drive/MyDrive/MACROBATT/INPUT_PDF_FILES/18236639.pdf
36,Therapeutic_procedure,semi-supine position,0.9994168281555176,1,/content/drive/MyDrive/MACROBATT/INPUT_PDF_FILES/18236639.pdf
37,Detailed_description,head slightly slightly inclined forward,0.9990847706794739,1,/content/drive/MyDrive/MACROBATT/INPUT_PDF_FILES/18236639.pdf
38,Duration,100,0.9987056255340576,1,/content/drive/MyDrive/MACROBATT/INPUT_PDF_FILES/18236639.pdf
39,Date,following day,0.9987325072288513,1,/content/drive/MyDrive/MACROBATT/INPUT_PDF_FILES/18236639.pdf
40,Sign_symptom,dysphonia,0.9453474283218384,1,/content/drive/MyDrive/MACROBATT/INPUT_PDF_FILES/18236639.pdf
41,Sign_symptom,hoarseness,0.9998950958251953,1,/content/drive/MyDrive/MACROBATT/INPUT_PDF_FILES/18236639.pdf
42,Diagnostic_procedure,Examination,0.9999538660049438,1,/content/drive/MyDrive/MACROBATT/INPUT_PDF_FILES/18236639.pdf
43,Sign_symptom,deviation,0.9999569654464722,1,/content/drive/MyDrive/MACROBATT/INPUT_PDF_FILES/18236639.pdf
44,Biological_structure,tongue,0.9999241828918457,1,/content/drive/MyDrive/MACROBATT/INPUT_PDF_FILES/18236639.pdf
45,Detailed_description,right side,0.9970731735229492,1,/content/drive/MyDrive/MACROBATT/INPUT_PDF_FILES/18236639.pdf
46,Biological_structure,vocal,0.9999656677246094,1,/content/drive/MyDrive/MACROBATT/INPUT_PDF_FILES/18236639.pdf
47,Biological_structure,the the right hypoglossal without haematoma,0.9997456669807434,1,/content/drive/MyDrive/MACROBATT/INPUT_PDF_FILES/18236639.pdf
48,Biological_structure,hypoglossal,0.7789195775985718,1,/content/drive/MyDrive/MACROBATT/INPUT_PDF_FILES/18236639.pdf
49,Detailed_description,recurrent,0.999915361404419,1,/content/drive/MyDrive/MACROBATT/INPUT_PDF_FILES/18236639.pdf
50,Biological_structure,laryngeal,0.969196081161499,1,/content/drive/MyDrive/MACROBATT/INPUT_PDF_FILES/18236639.pdf
51,Disease_disorder,nerve injury,0.9998338222503662,1,/content/drive/MyDrive/MACROBATT/INPUT_PDF_FILES/18236639.pdf
52,Detailed_description,local,0.9999594688415527,1,/content/drive/MyDrive/MACROBATT/INPUT_PDF_FILES/18236639.pdf
53,Sign_symptom,Examination deviation of tongue to vocal cord expression of hypoglossal without local oedema or haematoma,0.9999364614486694,1,/content/drive/MyDrive/MACROBATT/INPUT_PDF_FILES/18236639.pdf
54,Sign_symptom,oedema,0.9982207417488098,1,/content/drive/MyDrive/MACROBATT/INPUT_PDF_FILES/18236639.pdf
55,Sign_symptom,oedema haematoma,0.9016135334968567,1,/content/drive/MyDrive/MACROBATT/INPUT_PDF_FILES/18236639.pdf
56,Sign_symptom,haematoma,0.999299168586731,1,/content/drive/MyDrive/MACROBATT/INPUT_PDF_FILES/18236639.pdf
57,Diagnostic_procedure,movements,0.9999676942825317,1,/content/drive/MyDrive/MACROBATT/INPUT_PDF_FILES/18236639.pdf
58,Biological_structure,soft palate,0.9998664855957031,1,/content/drive/MyDrive/MACROBATT/INPUT_PDF_FILES/18236639.pdf
59,Diagnostic_procedure,magnetic resonance imaging,0.9995012283325195,1,/content/drive/MyDrive/MACROBATT/INPUT_PDF_FILES/18236639.pdf
60,Diagnostic_procedure,MRN,0.9996352195739746,1,/content/drive/MyDrive/MACROBATT/INPUT_PDF_FILES/18236639.pdf
61,Biological_structure,central,0.9121484756469727,1,/content/drive/MyDrive/MACROBATT/INPUT_PDF_FILES/18236639.pdf
62,Biological_structure,cranial,0.9973611235618591,1,/content/drive/MyDrive/MACROBATT/INPUT_PDF_FILES/18236639.pdf
63,Medication,steroids,0.9997652173042297,1,/content/drive/MyDrive/MACROBATT/INPUT_PDF_FILES/18236639.pdf
64,Medication,vitamins,0.994489312171936,1,/content/drive/MyDrive/MACROBATT/INPUT_PDF_FILES/18236639.pdf
65,Detailed_description,swallowing,0.9960416555404663,1,/content/drive/MyDrive/MACROBATT/INPUT_PDF_FILES/18236639.pdf
66,Lab_value,Full recovery,0.9999303817749023,1,/content/drive/MyDrive/MACROBATT/INPUT_PDF_FILES/18236639.pdf
67,Biological_structure,lingual,0.9999426603317261,1,/content/drive/MyDrive/MACROBATT/INPUT_PDF_FILES/18236639.pdf
68,Diagnostic_procedure,functions,0.9998947381973267,1,/content/drive/MyDrive/MACROBATT/INPUT_PDF_FILES/18236639.pdf
69,Date,within four months after,0.9998719692230225,1,/content/drive/MyDrive/MACROBATT/INPUT_PDF_FILES/18236639.pdf
