,Entity Group,Value,Score,Page,Pdf File
0,Age,60-year-old,0.9784806966781616,1,/content/drive/MyDrive/MACROBATT/INPUT_PDF_FILES/18258107.pdf
1,Sex,man,0.9997755885124207,1,/content/drive/MyDrive/MACROBATT/INPUT_PDF_FILES/18258107.pdf
2,Personal_background,San Francisco,0.9928555488586426,1,/content/drive/MyDrive/MACROBATT/INPUT_PDF_FILES/18258107.pdf
3,Activity,consumed raw pork,0.9971113801002502,1,/content/drive/MyDrive/MACROBATT/INPUT_PDF_FILES/18258107.pdf
4,Sign_symptom,diaphoresis,0.9808884263038635,1,/content/drive/MyDrive/MACROBATT/INPUT_PDF_FILES/18258107.pdf
5,Activity,returned,0.9976804256439209,1,/content/drive/MyDrive/MACROBATT/INPUT_PDF_FILES/18258107.pdf
6,Duration,7-month,0.9995061755180359,1,/content/drive/MyDrive/MACROBATT/INPUT_PDF_FILES/18258107.pdf
7,Activity,vacation,0.9959712624549866,1,/content/drive/MyDrive/MACROBATT/INPUT_PDF_FILES/18258107.pdf
8,Date,Three days after,0.9998650550842285,1,/content/drive/MyDrive/MACROBATT/INPUT_PDF_FILES/18258107.pdf
9,Detailed_description,continued,0.9997237324714661,1,/content/drive/MyDrive/MACROBATT/INPUT_PDF_FILES/18258107.pdf
10,Clinical_event,admitted,0.9998637437820435,1,/content/drive/MyDrive/MACROBATT/INPUT_PDF_FILES/18258107.pdf
11,Nonbiological_location,local hospital,0.9978435039520264,1,/content/drive/MyDrive/MACROBATT/INPUT_PDF_FILES/18258107.pdf
12,Date,5 days later,0.999869167804718,1,/content/drive/MyDrive/MACROBATT/INPUT_PDF_FILES/18258107.pdf
13,Sign_symptom,fever,0.9999152421951294,1,/content/drive/MyDrive/MACROBATT/INPUT_PDF_FILES/18258107.pdf
14,Lab_value,38.9Â°C,0.996944785118103,1,/content/drive/MyDrive/MACROBATT/INPUT_PDF_FILES/18258107.pdf
15,Sign_symptom,nuchal rigidity,0.8445835113525391,1,/content/drive/MyDrive/MACROBATT/INPUT_PDF_FILES/18258107.pdf
16,History,no recent contact with sick,0.9376729726791382,1,/content/drive/MyDrive/MACROBATT/INPUT_PDF_FILES/18258107.pdf
17,History,past medical history,0.8249902129173279,1,/content/drive/MyDrive/MACROBATT/INPUT_PDF_FILES/18258107.pdf
18,Sign_symptom,somnolent,0.9996747970581055,1,/content/drive/MyDrive/MACROBATT/INPUT_PDF_FILES/18258107.pdf
19,Sign_symptom,fully oriented,0.8849532008171082,1,/content/drive/MyDrive/MACROBATT/INPUT_PDF_FILES/18258107.pdf
20,Sign_symptom,focal findings,0.9997952580451965,1,/content/drive/MyDrive/MACROBATT/INPUT_PDF_FILES/18258107.pdf
21,Diagnostic_procedure,neurologic,0.999440610408783,1,/content/drive/MyDrive/MACROBATT/INPUT_PDF_FILES/18258107.pdf
22,Diagnostic_procedure,neurologic examination examination,0.998104989528656,1,/content/drive/MyDrive/MACROBATT/INPUT_PDF_FILES/18258107.pdf
23,Severity,slight,0.5951377153396606,1,/content/drive/MyDrive/MACROBATT/INPUT_PDF_FILES/18258107.pdf
24,Diagnostic_procedure,leukocyte count,0.9947345852851868,1,/content/drive/MyDrive/MACROBATT/INPUT_PDF_FILES/18258107.pdf
25,Lab_value,"21,000/mm3",0.9418981075286865,1,/content/drive/MyDrive/MACROBATT/INPUT_PDF_FILES/18258107.pdf
26,Lab_value,"16,400/mm3",0.9957202076911926,1,/content/drive/MyDrive/MACROBATT/INPUT_PDF_FILES/18258107.pdf
27,Biological_structure,Cerebrospinal fluid,0.996181309223175,1,/content/drive/MyDrive/MACROBATT/INPUT_PDF_FILES/18258107.pdf
28,Biological_structure,CSF,0.9993335604667664,1,/content/drive/MyDrive/MACROBATT/INPUT_PDF_FILES/18258107.pdf
29,Lab_value,487/Î¼L,0.9988272786140442,1,/content/drive/MyDrive/MACROBATT/INPUT_PDF_FILES/18258107.pdf
30,Lab_value,80 % % polymorphonuclear cells,0.9997736215591431,1,/content/drive/MyDrive/MACROBATT/INPUT_PDF_FILES/18258107.pdf
31,Lab_value,18 % %,0.9997127056121826,1,/content/drive/MyDrive/MACROBATT/INPUT_PDF_FILES/18258107.pdf
32,Diagnostic_procedure,glucose,0.9992808699607849,1,/content/drive/MyDrive/MACROBATT/INPUT_PDF_FILES/18258107.pdf
33,Diagnostic_procedure,protein,0.9998887777328491,1,/content/drive/MyDrive/MACROBATT/INPUT_PDF_FILES/18258107.pdf
34,Lab_value,< < 20 mg/dL mg/dL,0.9974376559257507,1,/content/drive/MyDrive/MACROBATT/INPUT_PDF_FILES/18258107.pdf
35,Lab_value,< <,0.9997134804725647,1,/content/drive/MyDrive/MACROBATT/INPUT_PDF_FILES/18258107.pdf
36,Diagnostic_procedure,Gram stain,0.9999412298202515,1,/content/drive/MyDrive/MACROBATT/INPUT_PDF_FILES/18258107.pdf
37,Sign_symptom,gram-positive cocci,0.9989240765571594,1,/content/drive/MyDrive/MACROBATT/INPUT_PDF_FILES/18258107.pdf
38,Detailed_description,pairs,0.9996761083602905,1,/content/drive/MyDrive/MACROBATT/INPUT_PDF_FILES/18258107.pdf
39,Medication,ampicillin,0.9476426839828491,1,/content/drive/MyDrive/MACROBATT/INPUT_PDF_FILES/18258107.pdf
40,Disease_disorder,bacterial meningitis,0.999763011932373,1,/content/drive/MyDrive/MACROBATT/INPUT_PDF_FILES/18258107.pdf
41,Diagnostic_procedure,Computed tomographic scan,0.9999439716339111,1,/content/drive/MyDrive/MACROBATT/INPUT_PDF_FILES/18258107.pdf
42,Biological_structure,head,0.999921441078186,1,/content/drive/MyDrive/MACROBATT/INPUT_PDF_FILES/18258107.pdf
43,Sign_symptom,sinusitis,0.9924231171607971,1,/content/drive/MyDrive/MACROBATT/INPUT_PDF_FILES/18258107.pdf
44,Biological_structure,chest,0.9999353885650635,1,/content/drive/MyDrive/MACROBATT/INPUT_PDF_FILES/18258107.pdf
45,Diagnostic_procedure,radiograph,0.9999468326568604,1,/content/drive/MyDrive/MACROBATT/INPUT_PDF_FILES/18258107.pdf
46,Diagnostic_procedure,transesophageal,0.9641000628471375,1,/content/drive/MyDrive/MACROBATT/INPUT_PDF_FILES/18258107.pdf
47,Diagnostic_procedure,echocardiogram,0.9999243021011353,1,/content/drive/MyDrive/MACROBATT/INPUT_PDF_FILES/18258107.pdf
48,Diagnostic_procedure,blood cultures,0.9999231696128845,1,/content/drive/MyDrive/MACROBATT/INPUT_PDF_FILES/18258107.pdf
49,Coreference,organism,0.941515326499939,1,/content/drive/MyDrive/MACROBATT/INPUT_PDF_FILES/18258107.pdf
50,Diagnostic_procedure,catalase-negative,0.6394171118736267,1,/content/drive/MyDrive/MACROBATT/INPUT_PDF_FILES/18258107.pdf
51,Diagnostic_procedure,bile,0.9998133778572083,1,/content/drive/MyDrive/MACROBATT/INPUT_PDF_FILES/18258107.pdf
52,Diagnostic_procedure,pyrrolidonyl aminopeptidase-negative Streptococcus spp,0.996427595615387,1,/content/drive/MyDrive/MACROBATT/INPUT_PDF_FILES/18258107.pdf
53,Diagnostic_procedure,pyrrolidonyl aminopeptidase-negative,0.937755286693573,1,/content/drive/MyDrive/MACROBATT/INPUT_PDF_FILES/18258107.pdf
54,Sign_symptom,Streptococcus,0.7802116870880127,1,/content/drive/MyDrive/MACROBATT/INPUT_PDF_FILES/18258107.pdf
55,Diagnostic_procedure,latex agglutination test,0.99989253282547,1,/content/drive/MyDrive/MACROBATT/INPUT_PDF_FILES/18258107.pdf
56,Sign_symptom,Streptococcus pneumoniae,0.8413869738578796,1,/content/drive/MyDrive/MACROBATT/INPUT_PDF_FILES/18258107.pdf
57,Diagnostic_procedure,Antimicrobial susceptibility testing,0.9999315738677979,1,/content/drive/MyDrive/MACROBATT/INPUT_PDF_FILES/18258107.pdf
58,Coreference,isolate,0.9956777691841125,1,/content/drive/MyDrive/MACROBATT/INPUT_PDF_FILES/18258107.pdf
59,Diagnostic_procedure,penicillin,0.9982627034187317,1,/content/drive/MyDrive/MACROBATT/INPUT_PDF_FILES/18258107.pdf
60,Medication,susceptibility ceftriaxone,0.5371434688568115,1,/content/drive/MyDrive/MACROBATT/INPUT_PDF_FILES/18258107.pdf
61,Medication,ceftriaxone,0.9644618034362793,1,/content/drive/MyDrive/MACROBATT/INPUT_PDF_FILES/18258107.pdf
62,Diagnostic_procedure,vancomycin,0.7882262468338013,1,/content/drive/MyDrive/MACROBATT/INPUT_PDF_FILES/18258107.pdf
63,Sign_symptom,resistant,0.5874484181404114,1,/content/drive/MyDrive/MACROBATT/INPUT_PDF_FILES/18258107.pdf
64,Sign_symptom,tetracycline,0.977333664894104,1,/content/drive/MyDrive/MACROBATT/INPUT_PDF_FILES/18258107.pdf
65,Medication,Antimicrobial therapy,0.9942706823348999,1,/content/drive/MyDrive/MACROBATT/INPUT_PDF_FILES/18258107.pdf
66,Dosage,24 million units,0.999422013759613,1,/content/drive/MyDrive/MACROBATT/INPUT_PDF_FILES/18258107.pdf
67,Administration,intravenously,0.9996017813682556,1,/content/drive/MyDrive/MACROBATT/INPUT_PDF_FILES/18258107.pdf
68,Date,hospital day 5,0.8377859592437744,1,/content/drive/MyDrive/MACROBATT/INPUT_PDF_FILES/18258107.pdf
69,Sign_symptom,hearing loss,0.9999322295188904,1,/content/drive/MyDrive/MACROBATT/INPUT_PDF_FILES/18258107.pdf
70,Diagnostic_procedure,nasopharyngeal endoscopy,0.9954010248184204,1,/content/drive/MyDrive/MACROBATT/INPUT_PDF_FILES/18258107.pdf
71,Date,hospital day 7,0.994987964630127,1,/content/drive/MyDrive/MACROBATT/INPUT_PDF_FILES/18258107.pdf
72,Diagnostic_procedure,API 20 Strep System,0.99993896484375,1,/content/drive/MyDrive/MACROBATT/INPUT_PDF_FILES/18258107.pdf
73,Sign_symptom,S. suis serotype,0.9998144507408142,1,/content/drive/MyDrive/MACROBATT/INPUT_PDF_FILES/18258107.pdf
74,Occupation,butcher,0.9780964255332947,1,/content/drive/MyDrive/MACROBATT/INPUT_PDF_FILES/18258107.pdf
75,Other_entity,partially cooked pork,0.8992183804512024,1,/content/drive/MyDrive/MACROBATT/INPUT_PDF_FILES/18258107.pdf
76,Activity,eaten,0.9972953200340271,1,/content/drive/MyDrive/MACROBATT/INPUT_PDF_FILES/18258107.pdf
77,Nonbiological_location,Philippines,0.9989317059516907,1,/content/drive/MyDrive/MACROBATT/INPUT_PDF_FILES/18258107.pdf
78,Date,the the week prior,0.9990818500518799,1,/content/drive/MyDrive/MACROBATT/INPUT_PDF_FILES/18258107.pdf
79,Date,hospital day 9,0.9505569338798523,1,/content/drive/MyDrive/MACROBATT/INPUT_PDF_FILES/18258107.pdf
80,Diagnostic_procedure,formal audiology evaluation,0.999886691570282,1,/content/drive/MyDrive/MACROBATT/INPUT_PDF_FILES/18258107.pdf
81,Severity,severe,0.9996784925460815,1,/content/drive/MyDrive/MACROBATT/INPUT_PDF_FILES/18258107.pdf
82,Duration,10-day course,0.9996271133422852,1,/content/drive/MyDrive/MACROBATT/INPUT_PDF_FILES/18258107.pdf
83,Medication,parenteral antimicrobial drugs,0.9995296597480774,1,/content/drive/MyDrive/MACROBATT/INPUT_PDF_FILES/18258107.pdf
84,Clinical_event,discharged,0.9998307228088379,1,/content/drive/MyDrive/MACROBATT/INPUT_PDF_FILES/18258107.pdf
85,Medication,oral therapy,0.9997379779815674,1,/content/drive/MyDrive/MACROBATT/INPUT_PDF_FILES/18258107.pdf
86,Date,Two months after,0.9998822212219238,1,/content/drive/MyDrive/MACROBATT/INPUT_PDF_FILES/18258107.pdf
87,Sign_symptom,much improved hearing,0.9998257160186768,1,/content/drive/MyDrive/MACROBATT/INPUT_PDF_FILES/18258107.pdf
