,Entity Group,Value,Score,Page,Pdf File
0,Age,74-year-old,0.9984544515609741,1,/content/drive/MyDrive/MACROBATT/INPUT_PDF_FILES/18416479.pdf
1,Sex,man,0.9997979998588562,1,/content/drive/MyDrive/MACROBATT/INPUT_PDF_FILES/18416479.pdf
2,Clinical_event,referred,0.9998571872711182,1,/content/drive/MyDrive/MACROBATT/INPUT_PDF_FILES/18416479.pdf
3,Nonbiological_location,hospital,0.9914388656616211,1,/content/drive/MyDrive/MACROBATT/INPUT_PDF_FILES/18416479.pdf
4,Date,November 2000,0.9998066425323486,1,/content/drive/MyDrive/MACROBATT/INPUT_PDF_FILES/18416479.pdf
5,Biological_structure,liver,0.9999186992645264,1,/content/drive/MyDrive/MACROBATT/INPUT_PDF_FILES/18416479.pdf
6,Sign_symptom,dysfunction,0.9979977011680603,1,/content/drive/MyDrive/MACROBATT/INPUT_PDF_FILES/18416479.pdf
7,Disease_disorder,nephrotic,0.9791082739830017,1,/content/drive/MyDrive/MACROBATT/INPUT_PDF_FILES/18416479.pdf
8,Disease_disorder,nephrotic syndrome,0.9956141114234924,1,/content/drive/MyDrive/MACROBATT/INPUT_PDF_FILES/18416479.pdf
9,Diagnostic_procedure,Laboratory examinations,0.9999545812606812,1,/content/drive/MyDrive/MACROBATT/INPUT_PDF_FILES/18416479.pdf
10,Lab_value,elevated,0.9998779296875,1,/content/drive/MyDrive/MACROBATT/INPUT_PDF_FILES/18416479.pdf
11,Diagnostic_procedure,serum hepatobiliary enzymes,0.999950110912323,1,/content/drive/MyDrive/MACROBATT/INPUT_PDF_FILES/18416479.pdf
12,Detailed_description,antimitochondrial antibodies,0.7769154906272888,1,/content/drive/MyDrive/MACROBATT/INPUT_PDF_FILES/18416479.pdf
13,Biological_structure,antimitochondrial,0.7277848124504089,1,/content/drive/MyDrive/MACROBATT/INPUT_PDF_FILES/18416479.pdf
14,Diagnostic_procedure,Serologic markers,0.9997449517250061,1,/content/drive/MyDrive/MACROBATT/INPUT_PDF_FILES/18416479.pdf
15,Detailed_description,Hepatitis,0.575946033000946,1,/content/drive/MyDrive/MACROBATT/INPUT_PDF_FILES/18416479.pdf
16,Diagnostic_procedure,Histopathologic examination,0.9998604655265808,1,/content/drive/MyDrive/MACROBATT/INPUT_PDF_FILES/18416479.pdf
17,Diagnostic_procedure,biopsy,0.9997133016586304,1,/content/drive/MyDrive/MACROBATT/INPUT_PDF_FILES/18416479.pdf
18,Therapeutic_procedure,laparoscopy,0.9684056043624878,1,/content/drive/MyDrive/MACROBATT/INPUT_PDF_FILES/18416479.pdf
19,Detailed_description,non-suppurative,0.9999707937240601,1,/content/drive/MyDrive/MACROBATT/INPUT_PDF_FILES/18416479.pdf
20,Detailed_description,destructive,0.9999510049819946,1,/content/drive/MyDrive/MACROBATT/INPUT_PDF_FILES/18416479.pdf
21,Disease_disorder,cholangitis,0.9988952279090881,1,/content/drive/MyDrive/MACROBATT/INPUT_PDF_FILES/18416479.pdf
22,Biological_structure,portal area,0.9999263286590576,1,/content/drive/MyDrive/MACROBATT/INPUT_PDF_FILES/18416479.pdf
23,Disease_disorder,PBC,0.7795340418815613,1,/content/drive/MyDrive/MACROBATT/INPUT_PDF_FILES/18416479.pdf
24,Medication,ursodeoxycholic,0.9998294115066528,1,/content/drive/MyDrive/MACROBATT/INPUT_PDF_FILES/18416479.pdf
25,Medication,ursodeoxycholic acid,0.9312240481376648,1,/content/drive/MyDrive/MACROBATT/INPUT_PDF_FILES/18416479.pdf
26,Date,2002,0.7388538122177124,1,/content/drive/MyDrive/MACROBATT/INPUT_PDF_FILES/18416479.pdf
27,Detailed_description,endoscopic endoscopic,0.9979982376098633,1,/content/drive/MyDrive/MACROBATT/INPUT_PDF_FILES/18416479.pdf
28,Therapeutic_procedure,variceal ligation,0.9796055555343628,1,/content/drive/MyDrive/MACROBATT/INPUT_PDF_FILES/18416479.pdf
29,Therapeutic_procedure,injection,0.9987817406654358,1,/content/drive/MyDrive/MACROBATT/INPUT_PDF_FILES/18416479.pdf
30,Therapeutic_procedure,endoscopic endoscopic sclerotherapy,0.9985191226005554,1,/content/drive/MyDrive/MACROBATT/INPUT_PDF_FILES/18416479.pdf
31,Therapeutic_procedure,sclerotherapy,0.998602569103241,1,/content/drive/MyDrive/MACROBATT/INPUT_PDF_FILES/18416479.pdf
32,Medication,argon plasma coagulation,0.8945155143737793,1,/content/drive/MyDrive/MACROBATT/INPUT_PDF_FILES/18416479.pdf
33,Biological_structure,esophageal varices,0.9998308420181274,1,/content/drive/MyDrive/MACROBATT/INPUT_PDF_FILES/18416479.pdf
34,Biological_structure,esophageal,0.7921379804611206,1,/content/drive/MyDrive/MACROBATT/INPUT_PDF_FILES/18416479.pdf
35,Clinical_event,admitted,0.9993810653686523,1,/content/drive/MyDrive/MACROBATT/INPUT_PDF_FILES/18416479.pdf
36,Diagnostic_procedure,platelet count,0.9999308586120605,1,/content/drive/MyDrive/MACROBATT/INPUT_PDF_FILES/18416479.pdf
37,Lab_value,52 Ã Ã Ã Ã 109/L 109/L 109/L 109/L,0.9997520446777344,1,/content/drive/MyDrive/MACROBATT/INPUT_PDF_FILES/18416479.pdf
38,Lab_value,69 Ã Ã Ã Ã 109/L 109/L 109/L 109/L,0.9995967745780945,1,/content/drive/MyDrive/MACROBATT/INPUT_PDF_FILES/18416479.pdf
39,Lab_value,decrease,0.9999315738677979,1,/content/drive/MyDrive/MACROBATT/INPUT_PDF_FILES/18416479.pdf
40,Lab_value,61 Ã Ã Ã Ã 109/L 109/L 109/L 109/L,0.9997556805610657,1,/content/drive/MyDrive/MACROBATT/INPUT_PDF_FILES/18416479.pdf
41,Date,June 2007,0.9109742641448975,1,/content/drive/MyDrive/MACROBATT/INPUT_PDF_FILES/18416479.pdf
42,Lab_value,8 Ã Ã Ã Ã 109/L 109/L 109/L 109/L,0.9969941973686218,1,/content/drive/MyDrive/MACROBATT/INPUT_PDF_FILES/18416479.pdf
43,Disease_disorder,infectious diseases,0.9997433423995972,1,/content/drive/MyDrive/MACROBATT/INPUT_PDF_FILES/18416479.pdf
44,Sign_symptom,purpura,0.9981410503387451,1,/content/drive/MyDrive/MACROBATT/INPUT_PDF_FILES/18416479.pdf
45,Sign_symptom,bleeding,0.9999414682388306,1,/content/drive/MyDrive/MACROBATT/INPUT_PDF_FILES/18416479.pdf
46,Diagnostic_procedure,platelet-associated IgG,0.999871551990509,1,/content/drive/MyDrive/MACROBATT/INPUT_PDF_FILES/18416479.pdf
47,Biological_structure,Bone marrow marrow,0.999927818775177,1,/content/drive/MyDrive/MACROBATT/INPUT_PDF_FILES/18416479.pdf
48,Sign_symptom,normocellular marrow marrow,0.9981446266174316,1,/content/drive/MyDrive/MACROBATT/INPUT_PDF_FILES/18416479.pdf
49,Sign_symptom,normocellular cellular atypia,0.8163837194442749,1,/content/drive/MyDrive/MACROBATT/INPUT_PDF_FILES/18416479.pdf
50,Diagnostic_procedure,Ultrasonography,0.9998648762702942,1,/content/drive/MyDrive/MACROBATT/INPUT_PDF_FILES/18416479.pdf
51,Diagnostic_procedure,magnetic resonance imaging,0.9999454617500305,1,/content/drive/MyDrive/MACROBATT/INPUT_PDF_FILES/18416479.pdf
52,Sign_symptom,cirrhotic ascites,0.9999171495437622,1,/content/drive/MyDrive/MACROBATT/INPUT_PDF_FILES/18416479.pdf
53,Sign_symptom,cirrhotic,0.9908453822135925,1,/content/drive/MyDrive/MACROBATT/INPUT_PDF_FILES/18416479.pdf
54,Sign_symptom,magnetic cirrhotic,0.9915997982025146,1,/content/drive/MyDrive/MACROBATT/INPUT_PDF_FILES/18416479.pdf
55,Sign_symptom,splenomegaly,0.999388575553894,1,/content/drive/MyDrive/MACROBATT/INPUT_PDF_FILES/18416479.pdf
56,Sign_symptom,Ultrasonography ascites,0.9999583959579468,1,/content/drive/MyDrive/MACROBATT/INPUT_PDF_FILES/18416479.pdf
57,Sign_symptom,ascites,0.9997649788856506,1,/content/drive/MyDrive/MACROBATT/INPUT_PDF_FILES/18416479.pdf
58,Sign_symptom,gallstones,0.9999468326568604,1,/content/drive/MyDrive/MACROBATT/INPUT_PDF_FILES/18416479.pdf
59,Diagnostic_procedure,spleen size,0.9996611475944519,1,/content/drive/MyDrive/MACROBATT/INPUT_PDF_FILES/18416479.pdf
60,Lab_value,unchanged,0.9998867511749268,1,/content/drive/MyDrive/MACROBATT/INPUT_PDF_FILES/18416479.pdf
61,Disease_disorder,PBC ITP,0.9998728036880493,1,/content/drive/MyDrive/MACROBATT/INPUT_PDF_FILES/18416479.pdf
62,Disease_disorder,ITP,0.932525634765625,1,/content/drive/MyDrive/MACROBATT/INPUT_PDF_FILES/18416479.pdf
63,Diagnostic_procedure,Human leukocyte antigen ( (,0.9791643023490906,1,/content/drive/MyDrive/MACROBATT/INPUT_PDF_FILES/18416479.pdf
64,Diagnostic_procedure,HLA ) ),0.9480750560760498,1,/content/drive/MyDrive/MACROBATT/INPUT_PDF_FILES/18416479.pdf
65,Diagnostic_procedure,genotyping,0.9914504289627075,1,/content/drive/MyDrive/MACROBATT/INPUT_PDF_FILES/18416479.pdf
66,Diagnostic_procedure,polymerase polymerase chain chain reaction-sequencing-based genotyping typing,0.999950647354126,1,/content/drive/MyDrive/MACROBATT/INPUT_PDF_FILES/18416479.pdf
67,Diagnostic_procedure,polymerase polymerase chain chain reaction-sequence specific primers,0.9999497532844543,1,/content/drive/MyDrive/MACROBATT/INPUT_PDF_FILES/18416479.pdf
68,Sign_symptom,B DPB1 DQB1 DQB1 DRB1 DRB1,0.55488520860672,1,/content/drive/MyDrive/MACROBATT/INPUT_PDF_FILES/18416479.pdf
69,Sign_symptom,DPB1 DQA1 DQA1 DQB1 DQB1 DRB1 DRB1,0.8807052969932556,1,/content/drive/MyDrive/MACROBATT/INPUT_PDF_FILES/18416479.pdf
70,Sign_symptom,DQA1 DQA1,0.9867608547210693,1,/content/drive/MyDrive/MACROBATT/INPUT_PDF_FILES/18416479.pdf
71,Sign_symptom,DQB1 DQB1,0.8763748407363892,1,/content/drive/MyDrive/MACROBATT/INPUT_PDF_FILES/18416479.pdf
72,Sign_symptom,DQA1 DQA1 DQB1 DQB1,0.8461596965789795,1,/content/drive/MyDrive/MACROBATT/INPUT_PDF_FILES/18416479.pdf
73,Sign_symptom,DRB1 DRB1,0.7033345103263855,1,/content/drive/MyDrive/MACROBATT/INPUT_PDF_FILES/18416479.pdf
74,Diagnostic_procedure,13C urea breath test,0.9998533129692078,1,/content/drive/MyDrive/MACROBATT/INPUT_PDF_FILES/18416479.pdf
75,Diagnostic_procedure,H pylori infection,0.9999281167984009,1,/content/drive/MyDrive/MACROBATT/INPUT_PDF_FILES/18416479.pdf
76,Administration,Oral,0.9996793270111084,1,/content/drive/MyDrive/MACROBATT/INPUT_PDF_FILES/18416479.pdf
77,Medication,prednisolone,0.9900076389312744,1,/content/drive/MyDrive/MACROBATT/INPUT_PDF_FILES/18416479.pdf
78,Dosage,30 mg,0.9990224242210388,1,/content/drive/MyDrive/MACROBATT/INPUT_PDF_FILES/18416479.pdf
79,Date,day 11,0.8480428457260132,1,/content/drive/MyDrive/MACROBATT/INPUT_PDF_FILES/18416479.pdf
80,Medication,diuretic,0.9998700618743896,1,/content/drive/MyDrive/MACROBATT/INPUT_PDF_FILES/18416479.pdf
81,Medication,diuretic therapy,0.9996054768562317,1,/content/drive/MyDrive/MACROBATT/INPUT_PDF_FILES/18416479.pdf
82,Medication,albumin infusion,0.8525288105010986,1,/content/drive/MyDrive/MACROBATT/INPUT_PDF_FILES/18416479.pdf
83,Medication,was ascites was,0.9280213713645935,1,/content/drive/MyDrive/MACROBATT/INPUT_PDF_FILES/18416479.pdf
84,Lab_value,did,0.7689946293830872,1,/content/drive/MyDrive/MACROBATT/INPUT_PDF_FILES/18416479.pdf
85,Lab_value,increase,0.8038465976715088,1,/content/drive/MyDrive/MACROBATT/INPUT_PDF_FILES/18416479.pdf
86,Medication,pulse therapy,0.9993489980697632,1,/content/drive/MyDrive/MACROBATT/INPUT_PDF_FILES/18416479.pdf
87,Administration,intravenous,0.9984568357467651,1,/content/drive/MyDrive/MACROBATT/INPUT_PDF_FILES/18416479.pdf
88,Medication,methylprednisolone,0.9995911717414856,1,/content/drive/MyDrive/MACROBATT/INPUT_PDF_FILES/18416479.pdf
89,Dosage,1 g,0.9490149021148682,1,/content/drive/MyDrive/MACROBATT/INPUT_PDF_FILES/18416479.pdf
90,Coreference,response,0.9983001351356506,1,/content/drive/MyDrive/MACROBATT/INPUT_PDF_FILES/18416479.pdf
91,Lab_value,weak,0.9993159770965576,1,/content/drive/MyDrive/MACROBATT/INPUT_PDF_FILES/18416479.pdf
92,Severity,mild,0.9997957348823547,1,/content/drive/MyDrive/MACROBATT/INPUT_PDF_FILES/18416479.pdf
93,Sign_symptom,melena,0.9998784065246582,1,/content/drive/MyDrive/MACROBATT/INPUT_PDF_FILES/18416479.pdf
94,Detailed_description,trial,0.9989761114120483,1,/content/drive/MyDrive/MACROBATT/INPUT_PDF_FILES/18416479.pdf
95,Administration,intravenous intravenous,0.9996383190155029,1,/content/drive/MyDrive/MACROBATT/INPUT_PDF_FILES/18416479.pdf
96,Administration,given intravenous intravenous,0.9666756987571716,1,/content/drive/MyDrive/MACROBATT/INPUT_PDF_FILES/18416479.pdf
97,Medication,immune gamma globulin,0.9993918538093567,1,/content/drive/MyDrive/MACROBATT/INPUT_PDF_FILES/18416479.pdf
98,Dosage,25 given gamma globulin g,0.9995557069778442,1,/content/drive/MyDrive/MACROBATT/INPUT_PDF_FILES/18416479.pdf
99,Dosage,second,0.8769601583480835,1,/content/drive/MyDrive/MACROBATT/INPUT_PDF_FILES/18416479.pdf
100,Detailed_description,round,0.9845420122146606,1,/content/drive/MyDrive/MACROBATT/INPUT_PDF_FILES/18416479.pdf
101,Medication,pulse therapy therapy,0.9955286979675293,1,/content/drive/MyDrive/MACROBATT/INPUT_PDF_FILES/18416479.pdf
102,Lab_value,moderate,0.9980497360229492,1,/content/drive/MyDrive/MACROBATT/INPUT_PDF_FILES/18416479.pdf
103,Lab_value,increased,0.9998505115509033,1,/content/drive/MyDrive/MACROBATT/INPUT_PDF_FILES/18416479.pdf
104,Sign_symptom,ascites was,0.9992117881774902,1,/content/drive/MyDrive/MACROBATT/INPUT_PDF_FILES/18416479.pdf
105,Medication,diuretics discharge,0.9998949766159058,1,/content/drive/MyDrive/MACROBATT/INPUT_PDF_FILES/18416479.pdf
106,Medication,diuretics,0.9948375225067139,1,/content/drive/MyDrive/MACROBATT/INPUT_PDF_FILES/18416479.pdf
107,Clinical_event,follow-up,0.9997506737709045,1,/content/drive/MyDrive/MACROBATT/INPUT_PDF_FILES/18416479.pdf
108,Sign_symptom,varices,0.9958478808403015,1,/content/drive/MyDrive/MACROBATT/INPUT_PDF_FILES/18416479.pdf
