,Entity Group,Value,Score,Page,Pdf File
0,Age,18-year-old,0.998016357421875,1,/content/drive/MyDrive/MACROBATT/INPUT_PDF_FILES/18561524.pdf
1,Sex,male,0.9996151924133301,1,/content/drive/MyDrive/MACROBATT/INPUT_PDF_FILES/18561524.pdf
2,Disease_disorder,attention-deficit hyperactivity disorder,0.9997719526290894,1,/content/drive/MyDrive/MACROBATT/INPUT_PDF_FILES/18561524.pdf
3,Disease_disorder,ADHD,0.9986225962638855,1,/content/drive/MyDrive/MACROBATT/INPUT_PDF_FILES/18561524.pdf
4,Sign_symptom,overweight,0.9996191263198853,1,/content/drive/MyDrive/MACROBATT/INPUT_PDF_FILES/18561524.pdf
5,Diagnostic_procedure,body mass index,0.9940547347068787,1,/content/drive/MyDrive/MACROBATT/INPUT_PDF_FILES/18561524.pdf
6,Diagnostic_procedure,BMI,0.9963416457176208,1,/content/drive/MyDrive/MACROBATT/INPUT_PDF_FILES/18561524.pdf
7,Medication,quetiapine SeroquelÂ®,0.9998775720596313,1,/content/drive/MyDrive/MACROBATT/INPUT_PDF_FILES/18561524.pdf
8,Medication,quetiapine fumarate,0.9996126294136047,1,/content/drive/MyDrive/MACROBATT/INPUT_PDF_FILES/18561524.pdf
9,Medication,( (,0.9997990727424622,1,/content/drive/MyDrive/MACROBATT/INPUT_PDF_FILES/18561524.pdf
10,Medication,SeroquelÂ®,0.9998683929443359,1,/content/drive/MyDrive/MACROBATT/INPUT_PDF_FILES/18561524.pdf
11,Medication,on SeroquelÂ® ConcertaÂ®,0.8432114124298096,1,/content/drive/MyDrive/MACROBATT/INPUT_PDF_FILES/18561524.pdf
12,Dosage,900 mg mg daily daily,0.9996961951255798,1,/content/drive/MyDrive/MACROBATT/INPUT_PDF_FILES/18561524.pdf
13,Date,2005 2005,0.9912920594215393,1,/content/drive/MyDrive/MACROBATT/INPUT_PDF_FILES/18561524.pdf
14,Medication,methylphenidate,0.9307457804679871,1,/content/drive/MyDrive/MACROBATT/INPUT_PDF_FILES/18561524.pdf
15,Medication,ConcertaÂ®,0.9967038631439209,1,/content/drive/MyDrive/MACROBATT/INPUT_PDF_FILES/18561524.pdf
16,Dosage,54 mg mg daily daily,0.99955815076828,1,/content/drive/MyDrive/MACROBATT/INPUT_PDF_FILES/18561524.pdf
17,Date,beginning of August 2006,0.9994480609893799,1,/content/drive/MyDrive/MACROBATT/INPUT_PDF_FILES/18561524.pdf
18,Clinical_event,admitted,0.9998182654380798,1,/content/drive/MyDrive/MACROBATT/INPUT_PDF_FILES/18561524.pdf
19,Nonbiological_location,hospital,0.8831285238265991,1,/content/drive/MyDrive/MACROBATT/INPUT_PDF_FILES/18561524.pdf
20,Severity,severe,0.8215771913528442,1,/content/drive/MyDrive/MACROBATT/INPUT_PDF_FILES/18561524.pdf
21,Sign_symptom,admitted dyspnoea tachycardia and,0.9999420642852783,1,/content/drive/MyDrive/MACROBATT/INPUT_PDF_FILES/18561524.pdf
22,Sign_symptom,dyspnoea,0.954978346824646,1,/content/drive/MyDrive/MACROBATT/INPUT_PDF_FILES/18561524.pdf
23,Sign_symptom,hospital tachypnea tachycardia,0.9997509121894836,1,/content/drive/MyDrive/MACROBATT/INPUT_PDF_FILES/18561524.pdf
24,Sign_symptom,tachypnea tachycardia,0.9997841715812683,1,/content/drive/MyDrive/MACROBATT/INPUT_PDF_FILES/18561524.pdf
25,Sign_symptom,hospital dyspnoea tachypnea,0.6188175082206726,1,/content/drive/MyDrive/MACROBATT/INPUT_PDF_FILES/18561524.pdf
26,Sign_symptom,cyanosis,0.9983301758766174,1,/content/drive/MyDrive/MACROBATT/INPUT_PDF_FILES/18561524.pdf
27,Clinical_event,admission,0.9995059967041016,1,/content/drive/MyDrive/MACROBATT/INPUT_PDF_FILES/18561524.pdf
28,Diagnostic_procedure,blood blood pressure,0.9999554753303528,1,/content/drive/MyDrive/MACROBATT/INPUT_PDF_FILES/18561524.pdf
29,Lab_value,120/80,0.9998183846473694,1,/content/drive/MyDrive/MACROBATT/INPUT_PDF_FILES/18561524.pdf
30,Diagnostic_procedure,arterial blood blood gas,0.9999496340751648,1,/content/drive/MyDrive/MACROBATT/INPUT_PDF_FILES/18561524.pdf
31,Lab_value,7.45 7.76,0.5378978848457336,1,/content/drive/MyDrive/MACROBATT/INPUT_PDF_FILES/18561524.pdf
32,Diagnostic_procedure,pCO2,0.9999327659606934,1,/content/drive/MyDrive/MACROBATT/INPUT_PDF_FILES/18561524.pdf
33,Lab_value,3.55,0.999829888343811,1,/content/drive/MyDrive/MACROBATT/INPUT_PDF_FILES/18561524.pdf
34,Diagnostic_procedure,paO2,0.9999327659606934,1,/content/drive/MyDrive/MACROBATT/INPUT_PDF_FILES/18561524.pdf
35,Lab_value,120/80 â5.1,0.9847099184989929,1,/content/drive/MyDrive/MACROBATT/INPUT_PDF_FILES/18561524.pdf
36,Diagnostic_procedure,C-reactive protein,0.9999381303787231,1,/content/drive/MyDrive/MACROBATT/INPUT_PDF_FILES/18561524.pdf
37,Biological_structure,chest,0.9998966455459595,1,/content/drive/MyDrive/MACROBATT/INPUT_PDF_FILES/18561524.pdf
38,Diagnostic_procedure,X-ray,0.9998073577880859,1,/content/drive/MyDrive/MACROBATT/INPUT_PDF_FILES/18561524.pdf
39,Sign_symptom,enlarged,0.9999439716339111,1,/content/drive/MyDrive/MACROBATT/INPUT_PDF_FILES/18561524.pdf
40,Sign_symptom,hemoptysis,0.9999634027481079,1,/content/drive/MyDrive/MACROBATT/INPUT_PDF_FILES/18561524.pdf
41,Sign_symptom,developed hemoptysis,0.9996951818466187,1,/content/drive/MyDrive/MACROBATT/INPUT_PDF_FILES/18561524.pdf
42,Detailed_description,unfractionated,0.999923586845398,1,/content/drive/MyDrive/MACROBATT/INPUT_PDF_FILES/18561524.pdf
43,Medication,heparin,0.9966557621955872,1,/content/drive/MyDrive/MACROBATT/INPUT_PDF_FILES/18561524.pdf
44,Biological_structure,pulmonary,0.9998719692230225,1,/content/drive/MyDrive/MACROBATT/INPUT_PDF_FILES/18561524.pdf
45,Disease_disorder,cardiogenic shock,0.9997375011444092,1,/content/drive/MyDrive/MACROBATT/INPUT_PDF_FILES/18561524.pdf
46,Medication,vasoactive,0.9997475743293762,1,/content/drive/MyDrive/MACROBATT/INPUT_PDF_FILES/18561524.pdf
47,Sign_symptom,oliguric,0.9997838139533997,1,/content/drive/MyDrive/MACROBATT/INPUT_PDF_FILES/18561524.pdf
48,Diagnostic_procedure,liver,0.5444168448448181,1,/content/drive/MyDrive/MACROBATT/INPUT_PDF_FILES/18561524.pdf
49,Clinical_event,referred,0.9998816251754761,1,/content/drive/MyDrive/MACROBATT/INPUT_PDF_FILES/18561524.pdf
50,Diagnostic_procedure,blood pressure,0.99994957447052,1,/content/drive/MyDrive/MACROBATT/INPUT_PDF_FILES/18561524.pdf
51,Lab_value,90/60 mmHg,0.9998397827148438,1,/content/drive/MyDrive/MACROBATT/INPUT_PDF_FILES/18561524.pdf
52,Administration,infusion noradrenaline,0.9988177418708801,1,/content/drive/MyDrive/MACROBATT/INPUT_PDF_FILES/18561524.pdf
53,Administration,infusion,0.9986339211463928,1,/content/drive/MyDrive/MACROBATT/INPUT_PDF_FILES/18561524.pdf
54,Medication,noradrenaline,0.5857459902763367,1,/content/drive/MyDrive/MACROBATT/INPUT_PDF_FILES/18561524.pdf
55,Diagnostic_procedure,heart rate,0.9999558925628662,1,/content/drive/MyDrive/MACROBATT/INPUT_PDF_FILES/18561524.pdf
56,Lab_value,130/minute,0.9999292492866516,1,/content/drive/MyDrive/MACROBATT/INPUT_PDF_FILES/18561524.pdf
57,Diagnostic_procedure,temperature,0.9998476505279541,1,/content/drive/MyDrive/MACROBATT/INPUT_PDF_FILES/18561524.pdf
58,Lab_value,38.4 Â°C,0.9998257756233215,1,/content/drive/MyDrive/MACROBATT/INPUT_PDF_FILES/18561524.pdf
59,Biological_structure,thoracic,0.9999469518661499,1,/content/drive/MyDrive/MACROBATT/INPUT_PDF_FILES/18561524.pdf
60,Diagnostic_procedure,computed tomography scan,0.9998992085456848,1,/content/drive/MyDrive/MACROBATT/INPUT_PDF_FILES/18561524.pdf
61,Diagnostic_procedure,Echocardiography,0.9998028874397278,1,/content/drive/MyDrive/MACROBATT/INPUT_PDF_FILES/18561524.pdf
62,Sign_symptom,biventricular failure,0.9810855984687805,1,/content/drive/MyDrive/MACROBATT/INPUT_PDF_FILES/18561524.pdf
63,Diagnostic_procedure,left biventricular ventricular end diastolic,0.9743150472640991,1,/content/drive/MyDrive/MACROBATT/INPUT_PDF_FILES/18561524.pdf
64,Biological_structure,left ventricle,0.9999260902404785,1,/content/drive/MyDrive/MACROBATT/INPUT_PDF_FILES/18561524.pdf
65,Severity,severely,0.9097065925598145,1,/content/drive/MyDrive/MACROBATT/INPUT_PDF_FILES/18561524.pdf
66,Sign_symptom,The hypokinetic with,0.9523619413375854,1,/content/drive/MyDrive/MACROBATT/INPUT_PDF_FILES/18561524.pdf
67,Lab_value,hypokinetic,0.5884464979171753,1,/content/drive/MyDrive/MACROBATT/INPUT_PDF_FILES/18561524.pdf
68,Diagnostic_procedure,ejection fraction,0.9995057582855225,1,/content/drive/MyDrive/MACROBATT/INPUT_PDF_FILES/18561524.pdf
69,Lab_value,â25,0.9924450516700745,1,/content/drive/MyDrive/MACROBATT/INPUT_PDF_FILES/18561524.pdf
70,Diagnostic_procedure,left ventricular end diastolic pressure,0.9918236136436462,1,/content/drive/MyDrive/MACROBATT/INPUT_PDF_FILES/18561524.pdf
71,Lab_value,moderate,0.7617499828338623,1,/content/drive/MyDrive/MACROBATT/INPUT_PDF_FILES/18561524.pdf
72,Detailed_description,Intermittent,0.9987819790840149,1,/content/drive/MyDrive/MACROBATT/INPUT_PDF_FILES/18561524.pdf
73,Therapeutic_procedure,hemodialysis,0.8990383744239807,1,/content/drive/MyDrive/MACROBATT/INPUT_PDF_FILES/18561524.pdf
74,Diagnostic_procedure,liver function function,0.9987934827804565,1,/content/drive/MyDrive/MACROBATT/INPUT_PDF_FILES/18561524.pdf
75,Lab_value,improved,0.997012734413147,1,/content/drive/MyDrive/MACROBATT/INPUT_PDF_FILES/18561524.pdf
76,Therapeutic_procedure,dialysis,0.9992719292640686,1,/content/drive/MyDrive/MACROBATT/INPUT_PDF_FILES/18561524.pdf
77,Diagnostic_procedure,renal function function,0.9992828965187073,1,/content/drive/MyDrive/MACROBATT/INPUT_PDF_FILES/18561524.pdf
78,Lab_value,deteriorated,0.924313485622406,1,/content/drive/MyDrive/MACROBATT/INPUT_PDF_FILES/18561524.pdf
79,Lab_value,increasing,0.9985892176628113,1,/content/drive/MyDrive/MACROBATT/INPUT_PDF_FILES/18561524.pdf
80,Diagnostic_procedure,increasing creatinine,0.9998055100440979,1,/content/drive/MyDrive/MACROBATT/INPUT_PDF_FILES/18561524.pdf
81,Date,After three days,0.9998900294303894,1,/content/drive/MyDrive/MACROBATT/INPUT_PDF_FILES/18561524.pdf
82,Lab_value,worsening,0.9998968839645386,1,/content/drive/MyDrive/MACROBATT/INPUT_PDF_FILES/18561524.pdf
83,Diagnostic_procedure,left ventricular systolic systolic function,0.9998815059661865,1,/content/drive/MyDrive/MACROBATT/INPUT_PDF_FILES/18561524.pdf
84,Lab_value,10 % %,0.9964795112609863,1,/content/drive/MyDrive/MACROBATT/INPUT_PDF_FILES/18561524.pdf
85,Lab_value,â12 % %,0.974766194820404,1,/content/drive/MyDrive/MACROBATT/INPUT_PDF_FILES/18561524.pdf
86,Biological_structure,pulmonary pulmonary,0.9999327659606934,1,/content/drive/MyDrive/MACROBATT/INPUT_PDF_FILES/18561524.pdf
87,Lab_value,30 mmHg,0.9997742176055908,1,/content/drive/MyDrive/MACROBATT/INPUT_PDF_FILES/18561524.pdf
88,Lab_value,dilated,0.9970628619194031,1,/content/drive/MyDrive/MACROBATT/INPUT_PDF_FILES/18561524.pdf
89,Coreference,cardiomyopathy,0.8331291079521179,1,/content/drive/MyDrive/MACROBATT/INPUT_PDF_FILES/18561524.pdf
90,Detailed_description,low output,0.8958148956298828,1,/content/drive/MyDrive/MACROBATT/INPUT_PDF_FILES/18561524.pdf
91,Sign_symptom,failure failure,0.5659229159355164,1,/content/drive/MyDrive/MACROBATT/INPUT_PDF_FILES/18561524.pdf
92,Biological_structure,renal,0.9999383687973022,1,/content/drive/MyDrive/MACROBATT/INPUT_PDF_FILES/18561524.pdf
93,Detailed_description,drug-induced,0.9999256134033203,1,/content/drive/MyDrive/MACROBATT/INPUT_PDF_FILES/18561524.pdf
94,Medication,quetiapine,0.9998546838760376,1,/content/drive/MyDrive/MACROBATT/INPUT_PDF_FILES/18561524.pdf
95,Diagnostic_procedure,Screening,0.9996119141578674,1,/content/drive/MyDrive/MACROBATT/INPUT_PDF_FILES/18561524.pdf
96,Diagnostic_procedure,infectious pathogens,0.986731767654419,1,/content/drive/MyDrive/MACROBATT/INPUT_PDF_FILES/18561524.pdf
97,Diagnostic_procedure,immunological,0.9706339836120605,1,/content/drive/MyDrive/MACROBATT/INPUT_PDF_FILES/18561524.pdf
98,Diagnostic_procedure,iron,0.999640703201294,1,/content/drive/MyDrive/MACROBATT/INPUT_PDF_FILES/18561524.pdf
99,Diagnostic_procedure,amyloid,0.999901294708252,1,/content/drive/MyDrive/MACROBATT/INPUT_PDF_FILES/18561524.pdf
100,Diagnostic_procedure,amyloid deposition,0.8713107109069824,1,/content/drive/MyDrive/MACROBATT/INPUT_PDF_FILES/18561524.pdf
101,Clinical_event,transferred,0.9998894929885864,1,/content/drive/MyDrive/MACROBATT/INPUT_PDF_FILES/18561524.pdf
102,Medication,dobutamine,0.9752771258354187,1,/content/drive/MyDrive/MACROBATT/INPUT_PDF_FILES/18561524.pdf
103,Therapeutic_procedure,intraaortic balloon pump,0.9983356595039368,1,/content/drive/MyDrive/MACROBATT/INPUT_PDF_FILES/18561524.pdf
104,Therapeutic_procedure,IABP,0.991679847240448,1,/content/drive/MyDrive/MACROBATT/INPUT_PDF_FILES/18561524.pdf
105,Diagnostic_procedure,Coronary angiography,0.998879611492157,1,/content/drive/MyDrive/MACROBATT/INPUT_PDF_FILES/18561524.pdf
106,Biological_structure,Endomyocardial,0.9998763799667358,1,/content/drive/MyDrive/MACROBATT/INPUT_PDF_FILES/18561524.pdf
107,Biological_structure,Endomyocardial myocardial,0.7156529426574707,1,/content/drive/MyDrive/MACROBATT/INPUT_PDF_FILES/18561524.pdf
108,Diagnostic_procedure,biopsy,0.9993171691894531,1,/content/drive/MyDrive/MACROBATT/INPUT_PDF_FILES/18561524.pdf
109,Biological_structure,right ventricle,0.9998916983604431,1,/content/drive/MyDrive/MACROBATT/INPUT_PDF_FILES/18561524.pdf
110,Diagnostic_procedure,clinical situation,0.9982638359069824,1,/content/drive/MyDrive/MACROBATT/INPUT_PDF_FILES/18561524.pdf
111,Lab_value,normal,0.8563636541366577,1,/content/drive/MyDrive/MACROBATT/INPUT_PDF_FILES/18561524.pdf
112,Diagnostic_procedure,renal function,0.9999557137489319,1,/content/drive/MyDrive/MACROBATT/INPUT_PDF_FILES/18561524.pdf
113,Sign_symptom,diuresis,0.9999494552612305,1,/content/drive/MyDrive/MACROBATT/INPUT_PDF_FILES/18561524.pdf
114,Diagnostic_procedure,creatinine,0.8194741606712341,1,/content/drive/MyDrive/MACROBATT/INPUT_PDF_FILES/18561524.pdf
115,Lab_value,798,0.9997531175613403,1,/content/drive/MyDrive/MACROBATT/INPUT_PDF_FILES/18561524.pdf
116,Lab_value,798 98 Î¼mol/l,0.9720719456672668,1,/content/drive/MyDrive/MACROBATT/INPUT_PDF_FILES/18561524.pdf
117,Lab_value,reduced,0.999943733215332,1,/content/drive/MyDrive/MACROBATT/INPUT_PDF_FILES/18561524.pdf
118,Sign_symptom,behavioral problems,0.9997994899749756,1,/content/drive/MyDrive/MACROBATT/INPUT_PDF_FILES/18561524.pdf
119,Sign_symptom,adipose,0.9906189441680908,1,/content/drive/MyDrive/MACROBATT/INPUT_PDF_FILES/18561524.pdf
120,Duration,after 28 days days,0.9941580891609192,1,/content/drive/MyDrive/MACROBATT/INPUT_PDF_FILES/18561524.pdf
121,Medication,angiotensin-converting,0.9996059536933899,1,/content/drive/MyDrive/MACROBATT/INPUT_PDF_FILES/18561524.pdf
122,Medication,enzyme (,0.9300857782363892,1,/content/drive/MyDrive/MACROBATT/INPUT_PDF_FILES/18561524.pdf
123,Medication,beta-,0.9965542554855347,1,/content/drive/MyDrive/MACROBATT/INPUT_PDF_FILES/18561524.pdf
124,Medication,blocker,0.8874025940895081,1,/content/drive/MyDrive/MACROBATT/INPUT_PDF_FILES/18561524.pdf
125,Duration,two weeks,0.9931060671806335,1,/content/drive/MyDrive/MACROBATT/INPUT_PDF_FILES/18561524.pdf
126,Diagnostic_procedure,clinical status,0.9998934268951416,1,/content/drive/MyDrive/MACROBATT/INPUT_PDF_FILES/18561524.pdf
127,Clinical_event,discharged,0.9993261098861694,1,/content/drive/MyDrive/MACROBATT/INPUT_PDF_FILES/18561524.pdf
128,Diagnostic_procedure,echocardiography,0.9851935505867004,1,/content/drive/MyDrive/MACROBATT/INPUT_PDF_FILES/18561524.pdf
129,Date,2007,0.9940608143806458,1,/content/drive/MyDrive/MACROBATT/INPUT_PDF_FILES/18561524.pdf
130,Diagnostic_procedure,function class,0.9997951984405518,1,/content/drive/MyDrive/MACROBATT/INPUT_PDF_FILES/18561524.pdf
131,Diagnostic_procedure,echocardiography,0.9999182224273682,2,/content/drive/MyDrive/MACROBATT/INPUT_PDF_FILES/18561524.pdf
