,Entity Group,Value,Score,Page,Pdf File
0,Age,19-year-old,0.9976099133491516,1,/content/drive/MyDrive/MACROBATT/INPUT_PDF_FILES/18666334.pdf
1,Sex,man,0.9997817873954773,1,/content/drive/MyDrive/MACROBATT/INPUT_PDF_FILES/18666334.pdf
2,Clinical_event,presented,0.9996071457862854,1,/content/drive/MyDrive/MACROBATT/INPUT_PDF_FILES/18666334.pdf
3,Nonbiological_location,emergency,0.8937199115753174,1,/content/drive/MyDrive/MACROBATT/INPUT_PDF_FILES/18666334.pdf
4,Time,12 the h high with his after,0.9982891082763672,1,/content/drive/MyDrive/MACROBATT/INPUT_PDF_FILES/18666334.pdf
5,Activity,insertion,0.9913852214813232,1,/content/drive/MyDrive/MACROBATT/INPUT_PDF_FILES/18666334.pdf
6,Detailed_description,high pressure,0.9998583197593689,1,/content/drive/MyDrive/MACROBATT/INPUT_PDF_FILES/18666334.pdf
7,Coreference,container,0.9480997323989868,1,/content/drive/MyDrive/MACROBATT/INPUT_PDF_FILES/18666334.pdf
8,Detailed_description,plain,0.9999363422393799,1,/content/drive/MyDrive/MACROBATT/INPUT_PDF_FILES/18666334.pdf
9,Biological_structure,abdominal,0.9999430179595947,1,/content/drive/MyDrive/MACROBATT/INPUT_PDF_FILES/18666334.pdf
10,Diagnostic_procedure,radiograph,0.9997774362564087,1,/content/drive/MyDrive/MACROBATT/INPUT_PDF_FILES/18666334.pdf
11,Biological_structure,rectosigmoid,0.9840076565742493,1,/content/drive/MyDrive/MACROBATT/INPUT_PDF_FILES/18666334.pdf
12,Detailed_description,flexible,0.999950647354126,1,/content/drive/MyDrive/MACROBATT/INPUT_PDF_FILES/18666334.pdf
13,Diagnostic_procedure,sigmoidoscopy,0.9998173117637634,1,/content/drive/MyDrive/MACROBATT/INPUT_PDF_FILES/18666334.pdf
14,Coreference,object,0.9997267127037048,1,/content/drive/MyDrive/MACROBATT/INPUT_PDF_FILES/18666334.pdf
15,Biological_structure,above the rectosigmoid,0.9814997315406799,1,/content/drive/MyDrive/MACROBATT/INPUT_PDF_FILES/18666334.pdf
16,Therapeutic_procedure,extracted,0.9991316199302673,1,/content/drive/MyDrive/MACROBATT/INPUT_PDF_FILES/18666334.pdf
17,Therapeutic_procedure,remove,0.9989207983016968,1,/content/drive/MyDrive/MACROBATT/INPUT_PDF_FILES/18666334.pdf
18,Detailed_description,conventional endoscopic,0.9053599238395691,1,/content/drive/MyDrive/MACROBATT/INPUT_PDF_FILES/18666334.pdf
19,Detailed_description,polypectomy snares,0.9928503632545471,1,/content/drive/MyDrive/MACROBATT/INPUT_PDF_FILES/18666334.pdf
20,Diagnostic_procedure,sigmoidoscope,0.9969635009765625,1,/content/drive/MyDrive/MACROBATT/INPUT_PDF_FILES/18666334.pdf
21,Coreference,foreign body,0.9985201358795166,1,/content/drive/MyDrive/MACROBATT/INPUT_PDF_FILES/18666334.pdf
22,Diagnostic_procedure,guide wire,0.9994253516197205,1,/content/drive/MyDrive/MACROBATT/INPUT_PDF_FILES/18666334.pdf
23,Distance,40 mm,0.9994516372680664,1,/content/drive/MyDrive/MACROBATT/INPUT_PDF_FILES/18666334.pdf
24,Therapeutic_procedure,pneumatic patients,0.9202013611793518,1,/content/drive/MyDrive/MACROBATT/INPUT_PDF_FILES/18666334.pdf
25,Detailed_description,pneumatic container,0.5114681124687195,1,/content/drive/MyDrive/MACROBATT/INPUT_PDF_FILES/18666334.pdf
26,Sign_symptom,pneumatic dilatation,0.5408726930618286,1,/content/drive/MyDrive/MACROBATT/INPUT_PDF_FILES/18666334.pdf
27,Therapeutic_procedure,dilatation,0.9729410409927368,1,/content/drive/MyDrive/MACROBATT/INPUT_PDF_FILES/18666334.pdf
28,Diagnostic_procedure,sigmoidoscope alongside,0.9999330043792725,1,/content/drive/MyDrive/MACROBATT/INPUT_PDF_FILES/18666334.pdf
29,Lab_value,successfully,0.9970471262931824,1,/content/drive/MyDrive/MACROBATT/INPUT_PDF_FILES/18666334.pdf
30,Therapeutic_procedure,removed,0.9991193413734436,1,/content/drive/MyDrive/MACROBATT/INPUT_PDF_FILES/18666334.pdf
31,Detailed_description,fluoroscopic,0.9999510049819946,1,/content/drive/MyDrive/MACROBATT/INPUT_PDF_FILES/18666334.pdf
32,Detailed_description,fluoroscopic and and endoscopic control,0.9999412894248962,1,/content/drive/MyDrive/MACROBATT/INPUT_PDF_FILES/18666334.pdf
