,Entity Group,Value,Score,Page,Pdf File
0,Age,63-year-old,0.9981901049613953,1,/content/drive/MyDrive/MACROBATT/INPUT_PDF_FILES/18787726.pdf
1,Sex,woman,0.9998036026954651,1,/content/drive/MyDrive/MACROBATT/INPUT_PDF_FILES/18787726.pdf
2,History,no known known cardiac history,0.9996262788772583,1,/content/drive/MyDrive/MACROBATT/INPUT_PDF_FILES/18787726.pdf
3,Clinical_event,presented,0.9997748732566833,1,/content/drive/MyDrive/MACROBATT/INPUT_PDF_FILES/18787726.pdf
4,Detailed_description,sudden onset,0.99988853931427,1,/content/drive/MyDrive/MACROBATT/INPUT_PDF_FILES/18787726.pdf
5,Sign_symptom,63-year-old cardiac presented sudden dyspnea and,0.9999381303787231,1,/content/drive/MyDrive/MACROBATT/INPUT_PDF_FILES/18787726.pdf
6,Sign_symptom,dyspnea,0.9997777938842773,1,/content/drive/MyDrive/MACROBATT/INPUT_PDF_FILES/18787726.pdf
7,Therapeutic_procedure,intubation,0.9995038509368896,1,/content/drive/MyDrive/MACROBATT/INPUT_PDF_FILES/18787726.pdf
8,Therapeutic_procedure,ventilatory support,0.9997271299362183,1,/content/drive/MyDrive/MACROBATT/INPUT_PDF_FILES/18787726.pdf
9,Biological_structure,chest,0.9998952150344849,1,/content/drive/MyDrive/MACROBATT/INPUT_PDF_FILES/18787726.pdf
10,Sign_symptom,palpitations,0.980920672416687,1,/content/drive/MyDrive/MACROBATT/INPUT_PDF_FILES/18787726.pdf
11,Sign_symptom,syncope,0.8420575857162476,1,/content/drive/MyDrive/MACROBATT/INPUT_PDF_FILES/18787726.pdf
12,Sign_symptom,afebrile,0.981400728225708,1,/content/drive/MyDrive/MACROBATT/INPUT_PDF_FILES/18787726.pdf
13,Sign_symptom,normotensive,0.7164269685745239,1,/content/drive/MyDrive/MACROBATT/INPUT_PDF_FILES/18787726.pdf
14,Detailed_description,sinus,0.9999653100967407,1,/content/drive/MyDrive/MACROBATT/INPUT_PDF_FILES/18787726.pdf
15,Sign_symptom,tachycardia,0.9999632835388184,1,/content/drive/MyDrive/MACROBATT/INPUT_PDF_FILES/18787726.pdf
16,Lab_value,140 beats/min,0.9998094439506531,1,/content/drive/MyDrive/MACROBATT/INPUT_PDF_FILES/18787726.pdf
17,Diagnostic_procedure,cardiorespiratory examination,0.9993441700935364,1,/content/drive/MyDrive/MACROBATT/INPUT_PDF_FILES/18787726.pdf
18,Lab_value,elevated,0.9999279975891113,1,/content/drive/MyDrive/MACROBATT/INPUT_PDF_FILES/18787726.pdf
19,Diagnostic_procedure,jugular,0.9999583959579468,1,/content/drive/MyDrive/MACROBATT/INPUT_PDF_FILES/18787726.pdf
20,Diagnostic_procedure,jugular venous pressure,0.9765628576278687,1,/content/drive/MyDrive/MACROBATT/INPUT_PDF_FILES/18787726.pdf
21,Detailed_description,left-sided,0.9995232820510864,1,/content/drive/MyDrive/MACROBATT/INPUT_PDF_FILES/18787726.pdf
22,Sign_symptom,third heart sound,0.9996437430381775,1,/content/drive/MyDrive/MACROBATT/INPUT_PDF_FILES/18787726.pdf
23,Detailed_description,bibasilar,0.9999486207962036,1,/content/drive/MyDrive/MACROBATT/INPUT_PDF_FILES/18787726.pdf
24,Detailed_description,cardiorespiratory remarkable for jugular pressure third heart bibasilar crackles,0.9259801506996155,1,/content/drive/MyDrive/MACROBATT/INPUT_PDF_FILES/18787726.pdf
25,Sign_symptom,crackles,0.9995861649513245,1,/content/drive/MyDrive/MACROBATT/INPUT_PDF_FILES/18787726.pdf
26,Biological_structure,both lung,0.9999098777770996,1,/content/drive/MyDrive/MACROBATT/INPUT_PDF_FILES/18787726.pdf
27,Diagnostic_procedure,complete blood cell count,0.999610185623169,1,/content/drive/MyDrive/MACROBATT/INPUT_PDF_FILES/18787726.pdf
28,Diagnostic_procedure,electrolytes,0.9999100565910339,1,/content/drive/MyDrive/MACROBATT/INPUT_PDF_FILES/18787726.pdf
29,Diagnostic_procedure,cardiac biomarkers,0.9999048113822937,1,/content/drive/MyDrive/MACROBATT/INPUT_PDF_FILES/18787726.pdf
30,Lab_value,normal,0.9998736381530762,1,/content/drive/MyDrive/MACROBATT/INPUT_PDF_FILES/18787726.pdf
31,Diagnostic_procedure,electrocardiogram,0.9998675584793091,1,/content/drive/MyDrive/MACROBATT/INPUT_PDF_FILES/18787726.pdf
32,Sign_symptom,ST depression,0.9999334216117859,1,/content/drive/MyDrive/MACROBATT/INPUT_PDF_FILES/18787726.pdf
33,Diagnostic_procedure,leads V2,0.9998523592948914,1,/content/drive/MyDrive/MACROBATT/INPUT_PDF_FILES/18787726.pdf
34,Disease_disorder,anterolateral ischemia,0.9998041987419128,1,/content/drive/MyDrive/MACROBATT/INPUT_PDF_FILES/18787726.pdf
35,Diagnostic_procedure,radiograph,0.9998772144317627,1,/content/drive/MyDrive/MACROBATT/INPUT_PDF_FILES/18787726.pdf
36,Biological_structure,pulmonary pulmonary,0.9999463558197021,1,/content/drive/MyDrive/MACROBATT/INPUT_PDF_FILES/18787726.pdf
37,Sign_symptom,vascular congestion,0.9998936653137207,1,/content/drive/MyDrive/MACROBATT/INPUT_PDF_FILES/18787726.pdf
38,Diagnostic_procedure,echocardiographic examination,0.999891459941864,1,/content/drive/MyDrive/MACROBATT/INPUT_PDF_FILES/18787726.pdf
39,Lab_value,normal normal,0.999868631362915,1,/content/drive/MyDrive/MACROBATT/INPUT_PDF_FILES/18787726.pdf
40,Diagnostic_procedure,cardiac,0.827113151550293,1,/content/drive/MyDrive/MACROBATT/INPUT_PDF_FILES/18787726.pdf
41,Diagnostic_procedure,wall motion,0.999954342842102,1,/content/drive/MyDrive/MACROBATT/INPUT_PDF_FILES/18787726.pdf
42,Severity,mild,0.9997072815895081,1,/content/drive/MyDrive/MACROBATT/INPUT_PDF_FILES/18787726.pdf
43,Disease_disorder,cardiac diastolic diastolic diastolic diastolic,0.9998185038566589,1,/content/drive/MyDrive/MACROBATT/INPUT_PDF_FILES/18787726.pdf
44,Disease_disorder,diastolic diastolic diastolic diastolic,0.9222224354743958,1,/content/drive/MyDrive/MACROBATT/INPUT_PDF_FILES/18787726.pdf
45,Disease_disorder,diastolic diastolic diastolic diastolic dysfunction,0.9996394515037537,1,/content/drive/MyDrive/MACROBATT/INPUT_PDF_FILES/18787726.pdf
46,Diagnostic_procedure,early early diastolic diastolic diastolic diastolic diastolic diastolic to diastolic diastolic late lateral diastolic diastolic diastolic diastolic transmitral ratio deceleration,0.9999358654022217,1,/content/drive/MyDrive/MACROBATT/INPUT_PDF_FILES/18787726.pdf
47,Lab_value,less than,0.9992647171020508,1,/content/drive/MyDrive/MACROBATT/INPUT_PDF_FILES/18787726.pdf
48,Lab_value,prolonged,0.9997956156730652,1,/content/drive/MyDrive/MACROBATT/INPUT_PDF_FILES/18787726.pdf
49,Diagnostic_procedure,deceleration,0.9999605417251587,1,/content/drive/MyDrive/MACROBATT/INPUT_PDF_FILES/18787726.pdf
50,Diagnostic_procedure,deceleration time,0.9991173148155212,1,/content/drive/MyDrive/MACROBATT/INPUT_PDF_FILES/18787726.pdf
51,Lab_value,250,0.9998074173927307,1,/content/drive/MyDrive/MACROBATT/INPUT_PDF_FILES/18787726.pdf
52,Lab_value,reduced,0.9998855590820312,1,/content/drive/MyDrive/MACROBATT/INPUT_PDF_FILES/18787726.pdf
53,Diagnostic_procedure,early early diastolic diastolic diastolic diastolic annular velocity,0.9991812705993652,1,/content/drive/MyDrive/MACROBATT/INPUT_PDF_FILES/18787726.pdf
54,Biological_structure,lateral transmitral mitral valve,0.9998897910118103,1,/content/drive/MyDrive/MACROBATT/INPUT_PDF_FILES/18787726.pdf
55,Lab_value,aggressive,0.998650848865509,1,/content/drive/MyDrive/MACROBATT/INPUT_PDF_FILES/18787726.pdf
56,Therapeutic_procedure,diuresis,0.9996916055679321,1,/content/drive/MyDrive/MACROBATT/INPUT_PDF_FILES/18787726.pdf
57,Lab_value,minimal,0.9686144590377808,1,/content/drive/MyDrive/MACROBATT/INPUT_PDF_FILES/18787726.pdf
58,Therapeutic_procedure,ventilatory,0.9992947578430176,1,/content/drive/MyDrive/MACROBATT/INPUT_PDF_FILES/18787726.pdf
59,Therapeutic_procedure,extubated,0.9880812168121338,1,/content/drive/MyDrive/MACROBATT/INPUT_PDF_FILES/18787726.pdf
60,Date,one day following,0.9998194575309753,1,/content/drive/MyDrive/MACROBATT/INPUT_PDF_FILES/18787726.pdf
61,Time,Within 1 Within h the radiographically mechanical,0.9865200519561768,1,/content/drive/MyDrive/MACROBATT/INPUT_PDF_FILES/18787726.pdf
62,Detailed_description,recurrent,0.9995336532592773,1,/content/drive/MyDrive/MACROBATT/INPUT_PDF_FILES/18787726.pdf
63,Biological_structure,pulmonary,0.9999088048934937,1,/content/drive/MyDrive/MACROBATT/INPUT_PDF_FILES/18787726.pdf
64,Diagnostic_procedure,Cardiac catheterization,0.9996858835220337,1,/content/drive/MyDrive/MACROBATT/INPUT_PDF_FILES/18787726.pdf
65,Date,day 4,0.8907819390296936,1,/content/drive/MyDrive/MACROBATT/INPUT_PDF_FILES/18787726.pdf
66,Nonbiological_location,coronary care unit,0.9995731115341187,1,/content/drive/MyDrive/MACROBATT/INPUT_PDF_FILES/18787726.pdf
67,Clinical_event,failed,0.7714153528213501,1,/content/drive/MyDrive/MACROBATT/INPUT_PDF_FILES/18787726.pdf
68,Diagnostic_procedure,computed tomographic,0.9999151825904846,1,/content/drive/MyDrive/MACROBATT/INPUT_PDF_FILES/18787726.pdf
69,Distance,4 cm cm,0.9994339942932129,1,/content/drive/MyDrive/MACROBATT/INPUT_PDF_FILES/18787726.pdf
70,Distance,9 cm cm,0.9995263814926147,1,/content/drive/MyDrive/MACROBATT/INPUT_PDF_FILES/18787726.pdf
71,Detailed_description,multinodular,0.9999681711196899,1,/content/drive/MyDrive/MACROBATT/INPUT_PDF_FILES/18787726.pdf
72,Detailed_description,multinodular stenosis,0.8100603222846985,1,/content/drive/MyDrive/MACROBATT/INPUT_PDF_FILES/18787726.pdf
73,Disease_disorder,goiter,0.9986244440078735,1,/content/drive/MyDrive/MACROBATT/INPUT_PDF_FILES/18787726.pdf
74,Biological_structure,mediastinum,0.9998572468757629,1,/content/drive/MyDrive/MACROBATT/INPUT_PDF_FILES/18787726.pdf
75,Biological_structure,tracheal,0.9977045059204102,1,/content/drive/MyDrive/MACROBATT/INPUT_PDF_FILES/18787726.pdf
76,Biological_structure,revealed tracheal,0.9807252287864685,1,/content/drive/MyDrive/MACROBATT/INPUT_PDF_FILES/18787726.pdf
77,Sign_symptom,stenosis,0.9919165968894958,1,/content/drive/MyDrive/MACROBATT/INPUT_PDF_FILES/18787726.pdf
78,Disease_disorder,NPPE,0.999085545539856,1,/content/drive/MyDrive/MACROBATT/INPUT_PDF_FILES/18787726.pdf
79,Therapeutic_procedure,surgical intervention,0.9998421669006348,1,/content/drive/MyDrive/MACROBATT/INPUT_PDF_FILES/18787726.pdf
80,Therapeutic_procedure,thyroidectomy,0.9998879432678223,1,/content/drive/MyDrive/MACROBATT/INPUT_PDF_FILES/18787726.pdf
81,Detailed_description,Intraoperative,0.9999700784683228,1,/content/drive/MyDrive/MACROBATT/INPUT_PDF_FILES/18787726.pdf
82,Diagnostic_procedure,bronchoscopy,0.9358125925064087,1,/content/drive/MyDrive/MACROBATT/INPUT_PDF_FILES/18787726.pdf
83,Lab_value,greater,0.999931812286377,1,/content/drive/MyDrive/MACROBATT/INPUT_PDF_FILES/18787726.pdf
84,Diagnostic_procedure,postoperative course,0.9813251495361328,1,/content/drive/MyDrive/MACROBATT/INPUT_PDF_FILES/18787726.pdf
85,Date,months following,0.9908255338668823,1,/content/drive/MyDrive/MACROBATT/INPUT_PDF_FILES/18787726.pdf
86,Outcome,returned,0.8722653985023499,1,/content/drive/MyDrive/MACROBATT/INPUT_PDF_FILES/18787726.pdf
87,Detailed_description,previous activity level,0.9962705969810486,1,/content/drive/MyDrive/MACROBATT/INPUT_PDF_FILES/18787726.pdf
88,Sign_symptom,uncomplicated and discharge returned dyspnea,0.9997865557670593,1,/content/drive/MyDrive/MACROBATT/INPUT_PDF_FILES/18787726.pdf
