,Entity Group,Value,Score,Page,Pdf File
0,Age,71-year-old,0.998421311378479,1,/content/drive/MyDrive/MACROBATT/INPUT_PDF_FILES/19214295.pdf
1,Sex,woman,0.9998080134391785,1,/content/drive/MyDrive/MACROBATT/INPUT_PDF_FILES/19214295.pdf
2,Detailed_description,diastolic,0.9999544620513916,1,/content/drive/MyDrive/MACROBATT/INPUT_PDF_FILES/19214295.pdf
3,Disease_disorder,congestive heart failure (,0.9247851371765137,1,/content/drive/MyDrive/MACROBATT/INPUT_PDF_FILES/19214295.pdf
4,Disease_disorder,CHF CHF,0.9965951442718506,1,/content/drive/MyDrive/MACROBATT/INPUT_PDF_FILES/19214295.pdf
5,Clinical_event,presented,0.9998045563697815,1,/content/drive/MyDrive/MACROBATT/INPUT_PDF_FILES/19214295.pdf
6,Detailed_description,exacerbation,0.8030418157577515,1,/content/drive/MyDrive/MACROBATT/INPUT_PDF_FILES/19214295.pdf
7,Lab_value,decreased,0.9997815489768982,1,/content/drive/MyDrive/MACROBATT/INPUT_PDF_FILES/19214295.pdf
8,Biological_structure,Brachial,0.9986875653266907,1,/content/drive/MyDrive/MACROBATT/INPUT_PDF_FILES/19214295.pdf
9,Sign_symptom,blood pressure,0.999753475189209,1,/content/drive/MyDrive/MACROBATT/INPUT_PDF_FILES/19214295.pdf
10,Lab_value,55/40 mmHg,0.9041686058044434,1,/content/drive/MyDrive/MACROBATT/INPUT_PDF_FILES/19214295.pdf
11,Lab_value,four,0.9998557567596436,1,/content/drive/MyDrive/MACROBATT/INPUT_PDF_FILES/19214295.pdf
12,Detailed_description,recent,0.9990760087966919,1,/content/drive/MyDrive/MACROBATT/INPUT_PDF_FILES/19214295.pdf
13,Coreference,admissions,0.7942259907722473,1,/content/drive/MyDrive/MACROBATT/INPUT_PDF_FILES/19214295.pdf
14,Disease_disorder,CHF,0.999879002571106,1,/content/drive/MyDrive/MACROBATT/INPUT_PDF_FILES/19214295.pdf
15,Detailed_description,preserved,0.523378312587738,1,/content/drive/MyDrive/MACROBATT/INPUT_PDF_FILES/19214295.pdf
16,Biological_structure,esophageal,0.9580916166305542,1,/content/drive/MyDrive/MACROBATT/INPUT_PDF_FILES/19214295.pdf
17,Sign_symptom,varices,0.7311612367630005,1,/content/drive/MyDrive/MACROBATT/INPUT_PDF_FILES/19214295.pdf
18,Detailed_description,long-term,0.582241415977478,1,/content/drive/MyDrive/MACROBATT/INPUT_PDF_FILES/19214295.pdf
19,Medication,corticosteroid complicated,0.9998692274093628,1,/content/drive/MyDrive/MACROBATT/INPUT_PDF_FILES/19214295.pdf
20,Medication,corticosteroid,0.9997465014457703,1,/content/drive/MyDrive/MACROBATT/INPUT_PDF_FILES/19214295.pdf
21,Medication,corticosteroid therapy,0.8778433203697205,1,/content/drive/MyDrive/MACROBATT/INPUT_PDF_FILES/19214295.pdf
22,Disease_disorder,type,0.9217948913574219,1,/content/drive/MyDrive/MACROBATT/INPUT_PDF_FILES/19214295.pdf
23,Disease_disorder,diabetes mellitus,0.6081963181495667,1,/content/drive/MyDrive/MACROBATT/INPUT_PDF_FILES/19214295.pdf
24,Diagnostic_procedure,echocardiography,0.998610258102417,1,/content/drive/MyDrive/MACROBATT/INPUT_PDF_FILES/19214295.pdf
25,Severity,moderate moderate,0.9997836947441101,1,/content/drive/MyDrive/MACROBATT/INPUT_PDF_FILES/19214295.pdf
26,Detailed_description,concentric,0.9882006049156189,1,/content/drive/MyDrive/MACROBATT/INPUT_PDF_FILES/19214295.pdf
27,Biological_structure,left ventricular,0.9997727870941162,1,/content/drive/MyDrive/MACROBATT/INPUT_PDF_FILES/19214295.pdf
28,Disease_disorder,hypertrophy,0.9974494576454163,1,/content/drive/MyDrive/MACROBATT/INPUT_PDF_FILES/19214295.pdf
29,Severity,mild,0.9997890591621399,1,/content/drive/MyDrive/MACROBATT/INPUT_PDF_FILES/19214295.pdf
30,Disease_disorder,mitral,0.995663583278656,1,/content/drive/MyDrive/MACROBATT/INPUT_PDF_FILES/19214295.pdf
31,Diagnostic_procedure,Cardiac catheterization,0.9999419450759888,1,/content/drive/MyDrive/MACROBATT/INPUT_PDF_FILES/19214295.pdf
32,Coreference,admission,0.9986963868141174,1,/content/drive/MyDrive/MACROBATT/INPUT_PDF_FILES/19214295.pdf
33,Lab_value,50 %,0.9994374513626099,1,/content/drive/MyDrive/MACROBATT/INPUT_PDF_FILES/19214295.pdf
34,Disease_disorder,stenosis,0.9992716312408447,1,/content/drive/MyDrive/MACROBATT/INPUT_PDF_FILES/19214295.pdf
35,Detailed_description,diffuse,0.9997199177742004,1,/content/drive/MyDrive/MACROBATT/INPUT_PDF_FILES/19214295.pdf
36,Coreference,disease,0.9667547345161438,1,/content/drive/MyDrive/MACROBATT/INPUT_PDF_FILES/19214295.pdf
37,Detailed_description,Right ventricular endomyocardial,0.9994305372238159,1,/content/drive/MyDrive/MACROBATT/INPUT_PDF_FILES/19214295.pdf
38,Diagnostic_procedure,biopsy,0.9892866611480713,1,/content/drive/MyDrive/MACROBATT/INPUT_PDF_FILES/19214295.pdf
39,Disease_disorder,endomyocardial myocarditis cardiomyopathies,0.9998244643211365,1,/content/drive/MyDrive/MACROBATT/INPUT_PDF_FILES/19214295.pdf
40,Disease_disorder,myocarditis,0.8761288523674011,1,/content/drive/MyDrive/MACROBATT/INPUT_PDF_FILES/19214295.pdf
41,Detailed_description,infiltrative,0.7792961597442627,1,/content/drive/MyDrive/MACROBATT/INPUT_PDF_FILES/19214295.pdf
42,Detailed_description,healing,0.9998530149459839,1,/content/drive/MyDrive/MACROBATT/INPUT_PDF_FILES/19214295.pdf
43,Disease_disorder,ischemic microinfarcts,0.9972957968711853,1,/content/drive/MyDrive/MACROBATT/INPUT_PDF_FILES/19214295.pdf
44,Disease_disorder,atheroemboli,0.9975960850715637,1,/content/drive/MyDrive/MACROBATT/INPUT_PDF_FILES/19214295.pdf
45,Diagnostic_procedure,BP BP BP,0.9999555349349976,1,/content/drive/MyDrive/MACROBATT/INPUT_PDF_FILES/19214295.pdf
46,Detailed_description,systolic,0.9999716281890869,1,/content/drive/MyDrive/MACROBATT/INPUT_PDF_FILES/19214295.pdf
47,Detailed_description,systolic diastolic,0.6918736696243286,1,/content/drive/MyDrive/MACROBATT/INPUT_PDF_FILES/19214295.pdf
48,Lab_value,60 mmHg mmHg mmHg mmHg,0.8690223693847656,1,/content/drive/MyDrive/MACROBATT/INPUT_PDF_FILES/19214295.pdf
49,Lab_value,40 mmHg mmHg mmHg mmHg,0.9858877062797546,1,/content/drive/MyDrive/MACROBATT/INPUT_PDF_FILES/19214295.pdf
50,Medication,dopamine,0.9988119602203369,1,/content/drive/MyDrive/MACROBATT/INPUT_PDF_FILES/19214295.pdf
51,Therapeutic_procedure,hypotension with,0.9998476505279541,1,/content/drive/MyDrive/MACROBATT/INPUT_PDF_FILES/19214295.pdf
52,Therapeutic_procedure,hypotension management,0.9165270924568176,1,/content/drive/MyDrive/MACROBATT/INPUT_PDF_FILES/19214295.pdf
53,Medication,noradrenaline,0.9865263104438782,1,/content/drive/MyDrive/MACROBATT/INPUT_PDF_FILES/19214295.pdf
54,Disease_disorder,patient atrial,0.9998966455459595,1,/content/drive/MyDrive/MACROBATT/INPUT_PDF_FILES/19214295.pdf
55,Disease_disorder,atrial flutter,0.9281018972396851,1,/content/drive/MyDrive/MACROBATT/INPUT_PDF_FILES/19214295.pdf
56,Clinical_event,converted,0.9982205033302307,1,/content/drive/MyDrive/MACROBATT/INPUT_PDF_FILES/19214295.pdf
57,Sign_symptom,sinus rhythm,0.9998590350151062,1,/content/drive/MyDrive/MACROBATT/INPUT_PDF_FILES/19214295.pdf
58,Lab_value,two,0.9984666109085083,1,/content/drive/MyDrive/MACROBATT/INPUT_PDF_FILES/19214295.pdf
59,Detailed_description,direct current,0.9982276558876038,1,/content/drive/MyDrive/MACROBATT/INPUT_PDF_FILES/19214295.pdf
60,Diagnostic_procedure,Cardiology consultation,0.9249355792999268,1,/content/drive/MyDrive/MACROBATT/INPUT_PDF_FILES/19214295.pdf
61,Nonbiological_location,coronary care unit,0.9992536902427673,1,/content/drive/MyDrive/MACROBATT/INPUT_PDF_FILES/19214295.pdf
62,Nonbiological_location,CCU,0.9883866906166077,1,/content/drive/MyDrive/MACROBATT/INPUT_PDF_FILES/19214295.pdf
63,Lab_value,56/36 mmHg,0.9999340772628784,1,/content/drive/MyDrive/MACROBATT/INPUT_PDF_FILES/19214295.pdf
64,Biological_structure,left arm arm,0.9998588562011719,1,/content/drive/MyDrive/MACROBATT/INPUT_PDF_FILES/19214295.pdf
65,Coreference,arterial line,0.998755693435669,1,/content/drive/MyDrive/MACROBATT/INPUT_PDF_FILES/19214295.pdf
66,Lab_value,191/92 mmHg,0.9233499765396118,1,/content/drive/MyDrive/MACROBATT/INPUT_PDF_FILES/19214295.pdf
67,Detailed_description,consistently,0.9884526133537292,1,/content/drive/MyDrive/MACROBATT/INPUT_PDF_FILES/19214295.pdf
68,Severity,much,0.9839169383049011,1,/content/drive/MyDrive/MACROBATT/INPUT_PDF_FILES/19214295.pdf
69,Lab_value,higher higher,0.999528169631958,1,/content/drive/MyDrive/MACROBATT/INPUT_PDF_FILES/19214295.pdf
70,Detailed_description,femoral,0.9292528629302979,1,/content/drive/MyDrive/MACROBATT/INPUT_PDF_FILES/19214295.pdf
71,Coreference,cuff,0.9967576861381531,1,/content/drive/MyDrive/MACROBATT/INPUT_PDF_FILES/19214295.pdf
72,Biological_structure,left arms arm arm,0.8163659572601318,1,/content/drive/MyDrive/MACROBATT/INPUT_PDF_FILES/19214295.pdf
73,Date,first,0.630036473274231,1,/content/drive/MyDrive/MACROBATT/INPUT_PDF_FILES/19214295.pdf
74,Disease_disorder,post-CCU,0.7360463738441467,1,/content/drive/MyDrive/MACROBATT/INPUT_PDF_FILES/19214295.pdf
75,Time,at at one point,0.9615738987922668,1,/content/drive/MyDrive/MACROBATT/INPUT_PDF_FILES/19214295.pdf
76,Lab_value,170/80 mmHg mmHg mmHg,0.99992835521698,1,/content/drive/MyDrive/MACROBATT/INPUT_PDF_FILES/19214295.pdf
77,Diagnostic_procedure,cuff readings,0.997806966304779,1,/content/drive/MyDrive/MACROBATT/INPUT_PDF_FILES/19214295.pdf
78,Coreference,arms,0.985920250415802,1,/content/drive/MyDrive/MACROBATT/INPUT_PDF_FILES/19214295.pdf
79,Lab_value,83/74 mmHg mmHg mmHg,0.9999386668205261,1,/content/drive/MyDrive/MACROBATT/INPUT_PDF_FILES/19214295.pdf
80,Lab_value,60/39 mmHg mmHg mmHg,0.9999101758003235,1,/content/drive/MyDrive/MACROBATT/INPUT_PDF_FILES/19214295.pdf
81,Biological_structure,brachial,0.999884843826294,1,/content/drive/MyDrive/MACROBATT/INPUT_PDF_FILES/19214295.pdf
82,Diagnostic_procedure,scan,0.5820293426513672,1,/content/drive/MyDrive/MACROBATT/INPUT_PDF_FILES/19214295.pdf
83,Biological_structure,thorax,0.951237678527832,1,/content/drive/MyDrive/MACROBATT/INPUT_PDF_FILES/19214295.pdf
84,Distance,1.25 mm,0.952248752117157,1,/content/drive/MyDrive/MACROBATT/INPUT_PDF_FILES/19214295.pdf
85,Administration,intravenous,0.9978542923927307,1,/content/drive/MyDrive/MACROBATT/INPUT_PDF_FILES/19214295.pdf
86,Diagnostic_procedure,contrast injection,0.9985743761062622,1,/content/drive/MyDrive/MACROBATT/INPUT_PDF_FILES/19214295.pdf
87,Detailed_description,sagittal,0.9998276233673096,1,/content/drive/MyDrive/MACROBATT/INPUT_PDF_FILES/19214295.pdf
88,Detailed_description,sagittal and and and coronal planar reformatting,0.9975756406784058,1,/content/drive/MyDrive/MACROBATT/INPUT_PDF_FILES/19214295.pdf
89,Diagnostic_procedure,maximum-intensity projection,0.8952186107635498,1,/content/drive/MyDrive/MACROBATT/INPUT_PDF_FILES/19214295.pdf
90,Detailed_description,initial,0.9999456405639648,1,/content/drive/MyDrive/MACROBATT/INPUT_PDF_FILES/19214295.pdf
91,Detailed_description,unenhanced,0.9997771382331848,1,/content/drive/MyDrive/MACROBATT/INPUT_PDF_FILES/19214295.pdf
92,Coreference,CT images,0.9975401163101196,1,/content/drive/MyDrive/MACROBATT/INPUT_PDF_FILES/19214295.pdf
93,Severity,densely,0.9990777969360352,1,/content/drive/MyDrive/MACROBATT/INPUT_PDF_FILES/19214295.pdf
94,Detailed_description,calcified,0.9997215867042542,1,/content/drive/MyDrive/MACROBATT/INPUT_PDF_FILES/19214295.pdf
95,Sign_symptom,plaque,0.9999102354049683,1,/content/drive/MyDrive/MACROBATT/INPUT_PDF_FILES/19214295.pdf
96,Sign_symptom,the thrombus the both the,0.9999228715896606,1,/content/drive/MyDrive/MACROBATT/INPUT_PDF_FILES/19214295.pdf
97,Sign_symptom,thrombus,0.999510645866394,1,/content/drive/MyDrive/MACROBATT/INPUT_PDF_FILES/19214295.pdf
98,Diagnostic_procedure,CT angiogram,0.9998117685317993,1,/content/drive/MyDrive/MACROBATT/INPUT_PDF_FILES/19214295.pdf
99,Lab_value,absence,0.9362676739692688,1,/content/drive/MyDrive/MACROBATT/INPUT_PDF_FILES/19214295.pdf
100,Sign_symptom,flow,0.9707131385803223,1,/content/drive/MyDrive/MACROBATT/INPUT_PDF_FILES/19214295.pdf
101,Coreference,right right,0.51700359582901,1,/content/drive/MyDrive/MACROBATT/INPUT_PDF_FILES/19214295.pdf
102,Severity,very,0.9982245564460754,1,/content/drive/MyDrive/MACROBATT/INPUT_PDF_FILES/19214295.pdf
103,Detailed_description,tight tight,0.9998314380645752,1,/content/drive/MyDrive/MACROBATT/INPUT_PDF_FILES/19214295.pdf
104,Disease_disorder,stenosis stenosis,0.9866913557052612,1,/content/drive/MyDrive/MACROBATT/INPUT_PDF_FILES/19214295.pdf
105,Coreference,left subclavian subclavian artery artery artery,0.9168480634689331,1,/content/drive/MyDrive/MACROBATT/INPUT_PDF_FILES/19214295.pdf
106,Coreference,Both vertebral arteries,0.9985880851745605,1,/content/drive/MyDrive/MACROBATT/INPUT_PDF_FILES/19214295.pdf
107,Lab_value,normal,0.9992693066596985,1,/content/drive/MyDrive/MACROBATT/INPUT_PDF_FILES/19214295.pdf
108,Sign_symptom,calibre,0.9947564005851746,1,/content/drive/MyDrive/MACROBATT/INPUT_PDF_FILES/19214295.pdf
109,Therapeutic_procedure,management,0.9989084005355835,1,/content/drive/MyDrive/MACROBATT/INPUT_PDF_FILES/19214295.pdf
110,Detailed_description,femoral femoral,0.9998857975006104,1,/content/drive/MyDrive/MACROBATT/INPUT_PDF_FILES/19214295.pdf
111,Diagnostic_procedure,BP BP-lowering,0.9999628067016602,1,/content/drive/MyDrive/MACROBATT/INPUT_PDF_FILES/19214295.pdf
112,Medication,readings diuretics,0.999845027923584,1,/content/drive/MyDrive/MACROBATT/INPUT_PDF_FILES/19214295.pdf
113,Medication,diuretics,0.9726749062538147,1,/content/drive/MyDrive/MACROBATT/INPUT_PDF_FILES/19214295.pdf
114,Clinical_event,discharged,0.99528968334198,1,/content/drive/MyDrive/MACROBATT/INPUT_PDF_FILES/19214295.pdf
115,Lab_value,stable,0.996931791305542,1,/content/drive/MyDrive/MACROBATT/INPUT_PDF_FILES/19214295.pdf
116,Duration,eight months,0.7653018832206726,1,/content/drive/MyDrive/MACROBATT/INPUT_PDF_FILES/19214295.pdf
117,Date,discharge,0.9963222742080688,1,/content/drive/MyDrive/MACROBATT/INPUT_PDF_FILES/19214295.pdf
118,Date,time the the the further present report was,0.9996339678764343,1,/content/drive/MyDrive/MACROBATT/INPUT_PDF_FILES/19214295.pdf
