,Entity Group,Value,Score,Page,Pdf File
0,Age,newborn,0.9955987930297852,1,/content/drive/MyDrive/MACROBATT/INPUT_PDF_FILES/19307547.pdf
1,Sex,boy,0.9931691884994507,1,/content/drive/MyDrive/MACROBATT/INPUT_PDF_FILES/19307547.pdf
2,Family_history,healthy nonconsanguineous parents,0.9986453056335449,1,/content/drive/MyDrive/MACROBATT/INPUT_PDF_FILES/19307547.pdf
3,Clinical_event,delivered,0.9998148083686829,1,/content/drive/MyDrive/MACROBATT/INPUT_PDF_FILES/19307547.pdf
4,Date,37 weeksâ  gestation,0.9997474551200867,1,/content/drive/MyDrive/MACROBATT/INPUT_PDF_FILES/19307547.pdf
5,Therapeutic_procedure,cesarean,0.9992367625236511,1,/content/drive/MyDrive/MACROBATT/INPUT_PDF_FILES/19307547.pdf
6,Subject,mother,0.9973323345184326,1,/content/drive/MyDrive/MACROBATT/INPUT_PDF_FILES/19307547.pdf
7,Date,years,0.9616425633430481,1,/content/drive/MyDrive/MACROBATT/INPUT_PDF_FILES/19307547.pdf
8,Clinical_event,admitted,0.999869704246521,1,/content/drive/MyDrive/MACROBATT/INPUT_PDF_FILES/19307547.pdf
9,Nonbiological_location,hospital,0.9968284964561462,1,/content/drive/MyDrive/MACROBATT/INPUT_PDF_FILES/19307547.pdf
10,Date,32 2 weeks previously,0.9998800158500671,1,/content/drive/MyDrive/MACROBATT/INPUT_PDF_FILES/19307547.pdf
11,Lab_value,reduced,0.9997127652168274,1,/content/drive/MyDrive/MACROBATT/INPUT_PDF_FILES/19307547.pdf
12,Sign_symptom,fetal intrauterine movements,0.9998041391372681,1,/content/drive/MyDrive/MACROBATT/INPUT_PDF_FILES/19307547.pdf
13,Sign_symptom,polyhydramnios,0.9999397993087769,1,/content/drive/MyDrive/MACROBATT/INPUT_PDF_FILES/19307547.pdf
14,Diagnostic_procedure,birthweight,0.9998116493225098,1,/content/drive/MyDrive/MACROBATT/INPUT_PDF_FILES/19307547.pdf
15,Lab_value,"2,330 birthweight g length",0.9994136095046997,1,/content/drive/MyDrive/MACROBATT/INPUT_PDF_FILES/19307547.pdf
16,Diagnostic_procedure,length,0.9979965090751648,1,/content/drive/MyDrive/MACROBATT/INPUT_PDF_FILES/19307547.pdf
17,Diagnostic_procedure,head  circumference,0.9998790621757507,1,/content/drive/MyDrive/MACROBATT/INPUT_PDF_FILES/19307547.pdf
18,Lab_value,33.2 cm cm,0.9995487332344055,1,/content/drive/MyDrive/MACROBATT/INPUT_PDF_FILES/19307547.pdf
19,Lab_value,25th,0.9649068713188171,1,/content/drive/MyDrive/MACROBATT/INPUT_PDF_FILES/19307547.pdf
20,Sign_symptom,low-set ears,0.999833881855011,1,/content/drive/MyDrive/MACROBATT/INPUT_PDF_FILES/19307547.pdf
21,Sign_symptom,bilateral,0.9981663823127747,1,/content/drive/MyDrive/MACROBATT/INPUT_PDF_FILES/19307547.pdf
22,Diagnostic_procedure,Apgar scores,0.9999224543571472,1,/content/drive/MyDrive/MACROBATT/INPUT_PDF_FILES/19307547.pdf
23,Clinical_event,presented,0.9992965459823608,1,/content/drive/MyDrive/MACROBATT/INPUT_PDF_FILES/19307547.pdf
24,Severity,severe,0.999784529209137,1,/content/drive/MyDrive/MACROBATT/INPUT_PDF_FILES/19307547.pdf
25,Sign_symptom,The child with hypotonia,0.9998922348022461,1,/content/drive/MyDrive/MACROBATT/INPUT_PDF_FILES/19307547.pdf
26,Sign_symptom,hypotonia,0.9994226694107056,1,/content/drive/MyDrive/MACROBATT/INPUT_PDF_FILES/19307547.pdf
27,Sign_symptom,generalized muscle,0.9975555539131165,1,/content/drive/MyDrive/MACROBATT/INPUT_PDF_FILES/19307547.pdf
28,Therapeutic_procedure,ventilatory,0.9998733997344971,1,/content/drive/MyDrive/MACROBATT/INPUT_PDF_FILES/19307547.pdf
29,Therapeutic_procedure,ventilatory assistance,0.9837149381637573,1,/content/drive/MyDrive/MACROBATT/INPUT_PDF_FILES/19307547.pdf
30,Therapeutic_procedure,total parenteral,0.9911763668060303,1,/content/drive/MyDrive/MACROBATT/INPUT_PDF_FILES/19307547.pdf
31,Sign_symptom,Hearing loss,0.9999017119407654,1,/content/drive/MyDrive/MACROBATT/INPUT_PDF_FILES/19307547.pdf
32,Diagnostic_procedure,auditory evoked,0.9834436774253845,1,/content/drive/MyDrive/MACROBATT/INPUT_PDF_FILES/19307547.pdf
33,Biological_structure,cranial,0.9999555349349976,1,/content/drive/MyDrive/MACROBATT/INPUT_PDF_FILES/19307547.pdf
34,Diagnostic_procedure,MRI,0.9999687671661377,1,/content/drive/MyDrive/MACROBATT/INPUT_PDF_FILES/19307547.pdf
35,Lab_value,mildly enlarged,0.8826814889907837,1,/content/drive/MyDrive/MACROBATT/INPUT_PDF_FILES/19307547.pdf
36,Biological_structure,ventricles,0.8852360844612122,1,/content/drive/MyDrive/MACROBATT/INPUT_PDF_FILES/19307547.pdf
37,Biological_structure,liquor,0.9937880635261536,1,/content/drive/MyDrive/MACROBATT/INPUT_PDF_FILES/19307547.pdf
38,Date,Two days after,0.9998661875724792,1,/content/drive/MyDrive/MACROBATT/INPUT_PDF_FILES/19307547.pdf
39,Sign_symptom,abdominal distension,0.9992480874061584,1,/content/drive/MyDrive/MACROBATT/INPUT_PDF_FILES/19307547.pdf
40,Sign_symptom,birth the with with hypoactive,0.9996260404586792,1,/content/drive/MyDrive/MACROBATT/INPUT_PDF_FILES/19307547.pdf
41,Sign_symptom,hypoactive bowel,0.9490718841552734,1,/content/drive/MyDrive/MACROBATT/INPUT_PDF_FILES/19307547.pdf
42,Biological_structure,intestinal,0.996292233467102,1,/content/drive/MyDrive/MACROBATT/INPUT_PDF_FILES/19307547.pdf
43,Sign_symptom,dilation,0.9782364368438721,1,/content/drive/MyDrive/MACROBATT/INPUT_PDF_FILES/19307547.pdf
44,Diagnostic_procedure,Laboratory investigations,0.9999341368675232,1,/content/drive/MyDrive/MACROBATT/INPUT_PDF_FILES/19307547.pdf
45,Sign_symptom,showed hypoglycemia hypomagnesemia hypokalemia,0.9999562501907349,1,/content/drive/MyDrive/MACROBATT/INPUT_PDF_FILES/19307547.pdf
46,Sign_symptom,hypoglycemia hypomagnesemia hypokalemia,0.9999428987503052,1,/content/drive/MyDrive/MACROBATT/INPUT_PDF_FILES/19307547.pdf
47,Sign_symptom,hypoglycemia,0.9998087286949158,1,/content/drive/MyDrive/MACROBATT/INPUT_PDF_FILES/19307547.pdf
48,Sign_symptom,hypomagnesemia,0.9786296486854553,1,/content/drive/MyDrive/MACROBATT/INPUT_PDF_FILES/19307547.pdf
49,Sign_symptom,hypokalemia,0.8844265341758728,1,/content/drive/MyDrive/MACROBATT/INPUT_PDF_FILES/19307547.pdf
50,Diagnostic_procedure,Blood lactate,0.9999521374702454,1,/content/drive/MyDrive/MACROBATT/INPUT_PDF_FILES/19307547.pdf
51,Lab_value,normal normal,0.9999488592147827,1,/content/drive/MyDrive/MACROBATT/INPUT_PDF_FILES/19307547.pdf
52,Lab_value,1.3,0.9082989692687988,1,/content/drive/MyDrive/MACROBATT/INPUT_PDF_FILES/19307547.pdf
53,Diagnostic_procedure,liver  enzymes,0.9999503493309021,1,/content/drive/MyDrive/MACROBATT/INPUT_PDF_FILES/19307547.pdf
54,Biological_structure,skeletal muscle muscle,0.9999255537986755,1,/content/drive/MyDrive/MACROBATT/INPUT_PDF_FILES/19307547.pdf
55,Diagnostic_procedure,biopsy,0.9999270439147949,1,/content/drive/MyDrive/MACROBATT/INPUT_PDF_FILES/19307547.pdf
56,Detailed_description,scattered,0.8885261416435242,1,/content/drive/MyDrive/MACROBATT/INPUT_PDF_FILES/19307547.pdf
57,Detailed_description,hypertrophic,0.9997103810310364,1,/content/drive/MyDrive/MACROBATT/INPUT_PDF_FILES/19307547.pdf
58,Diagnostic_procedure,cytochrome muscle scattered hypertrophic cytochrome c -deficient succinate muscle mitochondrial oxidase ( (,0.9995114207267761,1,/content/drive/MyDrive/MACROBATT/INPUT_PDF_FILES/19307547.pdf
59,Diagnostic_procedure,COX ) ),0.9914273023605347,1,/content/drive/MyDrive/MACROBATT/INPUT_PDF_FILES/19307547.pdf
60,Diagnostic_procedure,-deficient,0.6842668056488037,1,/content/drive/MyDrive/MACROBATT/INPUT_PDF_FILES/19307547.pdf
61,Diagnostic_procedure,succinate suggesting,0.9692525863647461,1,/content/drive/MyDrive/MACROBATT/INPUT_PDF_FILES/19307547.pdf
62,Diagnostic_procedure,succinate dehydrogenaseâpositive,0.9947012066841125,1,/content/drive/MyDrive/MACROBATT/INPUT_PDF_FILES/19307547.pdf
63,Biological_structure,muscle muscle  fibers,0.996644914150238,1,/content/drive/MyDrive/MACROBATT/INPUT_PDF_FILES/19307547.pdf
64,Detailed_description,mitochondrial,0.5050331354141235,1,/content/drive/MyDrive/MACROBATT/INPUT_PDF_FILES/19307547.pdf
65,Diagnostic_procedure,Molecular genetic studies,0.999933660030365,1,/content/drive/MyDrive/MACROBATT/INPUT_PDF_FILES/19307547.pdf
66,Severity,marked,0.9996545314788818,1,/content/drive/MyDrive/MACROBATT/INPUT_PDF_FILES/19307547.pdf
67,Sign_symptom,mtDNA mtDNA,0.9999195337295532,1,/content/drive/MyDrive/MACROBATT/INPUT_PDF_FILES/19307547.pdf
68,Sign_symptom,mtDNA mtDNA depletion,0.9976619482040405,1,/content/drive/MyDrive/MACROBATT/INPUT_PDF_FILES/19307547.pdf
69,Diagnostic_procedure,screen for mtDNA mtDNA rearrangements,0.9999127984046936,1,/content/drive/MyDrive/MACROBATT/INPUT_PDF_FILES/19307547.pdf
70,Diagnostic_procedure,COX-positive COX-deficient,0.9982465505599976,1,/content/drive/MyDrive/MACROBATT/INPUT_PDF_FILES/19307547.pdf
71,Diagnostic_procedure,sequenced,0.9996281862258911,1,/content/drive/MyDrive/MACROBATT/INPUT_PDF_FILES/19307547.pdf
72,Detailed_description,entire coding region and and intron-exon,0.9996971487998962,1,/content/drive/MyDrive/MACROBATT/INPUT_PDF_FILES/19307547.pdf
73,Biological_structure,POLG1,0.9855345487594604,1,/content/drive/MyDrive/MACROBATT/INPUT_PDF_FILES/19307547.pdf
74,Lab_value,two,0.996846616268158,1,/content/drive/MyDrive/MACROBATT/INPUT_PDF_FILES/19307547.pdf
75,Sign_symptom,heterozygous,0.9998668432235718,1,/content/drive/MyDrive/MACROBATT/INPUT_PDF_FILES/19307547.pdf
76,Sign_symptom,heterozygous missense mutations,0.9856612086296082,1,/content/drive/MyDrive/MACROBATT/INPUT_PDF_FILES/19307547.pdf
77,Detailed_description,compound,0.6249232292175293,1,/content/drive/MyDrive/MACROBATT/INPUT_PDF_FILES/19307547.pdf
78,Detailed_description,c.679C > > T,0.6931909322738647,1,/content/drive/MyDrive/MACROBATT/INPUT_PDF_FILES/19307547.pdf
79,Lab_value,reported compound predicting p.R227W predicting p.G848S,0.9437512755393982,1,/content/drive/MyDrive/MACROBATT/INPUT_PDF_FILES/19307547.pdf
80,Lab_value,c.679C p.R227W,0.6705743074417114,1,/content/drive/MyDrive/MACROBATT/INPUT_PDF_FILES/19307547.pdf
81,Lab_value,sequenced coding compound c.679C predicting c.2542G predicting,0.8374194502830505,1,/content/drive/MyDrive/MACROBATT/INPUT_PDF_FILES/19307547.pdf
82,Lab_value,POLG1 c.2542G p.G848S,0.8622633814811707,1,/content/drive/MyDrive/MACROBATT/INPUT_PDF_FILES/19307547.pdf
83,Detailed_description,> >,0.8421592712402344,1,/content/drive/MyDrive/MACROBATT/INPUT_PDF_FILES/19307547.pdf
84,Diagnostic_procedure,Sequencing of parental samples,0.9999139308929443,1,/content/drive/MyDrive/MACROBATT/INPUT_PDF_FILES/19307547.pdf
85,Outcome,died,0.996982753276825,1,/content/drive/MyDrive/MACROBATT/INPUT_PDF_FILES/19307547.pdf
86,Biological_structure,brain,0.9999483823776245,1,/content/drive/MyDrive/MACROBATT/INPUT_PDF_FILES/19307547.pdf
87,Sign_symptom,remarkable changes,0.9998617172241211,1,/content/drive/MyDrive/MACROBATT/INPUT_PDF_FILES/19307547.pdf
88,Diagnostic_procedure,Histology,0.998008131980896,1,/content/drive/MyDrive/MACROBATT/INPUT_PDF_FILES/19307547.pdf
89,Sign_symptom,neuronal,0.9998754262924194,1,/content/drive/MyDrive/MACROBATT/INPUT_PDF_FILES/19307547.pdf
90,Sign_symptom,neuronal damage,0.9077026844024658,1,/content/drive/MyDrive/MACROBATT/INPUT_PDF_FILES/19307547.pdf
91,Biological_structure,liver liver,0.9999039173126221,1,/content/drive/MyDrive/MACROBATT/INPUT_PDF_FILES/19307547.pdf
92,Detailed_description,diffuse,0.9990754127502441,1,/content/drive/MyDrive/MACROBATT/INPUT_PDF_FILES/19307547.pdf
93,Biological_structure,The hepatocyte,0.9916285276412964,1,/content/drive/MyDrive/MACROBATT/INPUT_PDF_FILES/19307547.pdf
94,Biological_structure,parenteral hepatocyte,0.8102319836616516,1,/content/drive/MyDrive/MACROBATT/INPUT_PDF_FILES/19307547.pdf
95,Sign_symptom,fibrosis,0.9964267611503601,1,/content/drive/MyDrive/MACROBATT/INPUT_PDF_FILES/19307547.pdf
96,Lab_value,normal,0.9998125433921814,1,/content/drive/MyDrive/MACROBATT/INPUT_PDF_FILES/19307547.pdf
97,Sign_symptom,thinning,0.9829548001289368,1,/content/drive/MyDrive/MACROBATT/INPUT_PDF_FILES/19307547.pdf
98,Biological_structure,bowel,0.7692001461982727,1,/content/drive/MyDrive/MACROBATT/INPUT_PDF_FILES/19307547.pdf
99,Biological_structure,colon homogenates,0.9998518228530884,1,/content/drive/MyDrive/MACROBATT/INPUT_PDF_FILES/19307547.pdf
100,Sign_symptom,mtDNA,0.9999054670333862,1,/content/drive/MyDrive/MACROBATT/INPUT_PDF_FILES/19307547.pdf
101,Sign_symptom,mtDNA depletion,0.9987581968307495,1,/content/drive/MyDrive/MACROBATT/INPUT_PDF_FILES/19307547.pdf
102,Diagnostic_procedure,Laser capture microdissection analysis5,0.9990453720092773,1,/content/drive/MyDrive/MACROBATT/INPUT_PDF_FILES/19307547.pdf
103,Biological_structure,muscularis propria,0.9997742176055908,1,/content/drive/MyDrive/MACROBATT/INPUT_PDF_FILES/19307547.pdf
104,Detailed_description,external layer,0.9997437000274658,1,/content/drive/MyDrive/MACROBATT/INPUT_PDF_FILES/19307547.pdf
105,Biological_structure,Ganglion cells,0.9999082684516907,1,/content/drive/MyDrive/MACROBATT/INPUT_PDF_FILES/19307547.pdf
106,Biological_structure,myenteric plexus,0.9998893141746521,1,/content/drive/MyDrive/MACROBATT/INPUT_PDF_FILES/19307547.pdf
107,Severity,milder,0.9997721314430237,1,/content/drive/MyDrive/MACROBATT/INPUT_PDF_FILES/19307547.pdf
108,Sign_symptom,mtDNA milder depletion,0.9130640625953674,1,/content/drive/MyDrive/MACROBATT/INPUT_PDF_FILES/19307547.pdf
109,Biological_structure,small intestine,0.9997891187667847,1,/content/drive/MyDrive/MACROBATT/INPUT_PDF_FILES/19307547.pdf
110,Biological_structure,liver,0.9999426603317261,1,/content/drive/MyDrive/MACROBATT/INPUT_PDF_FILES/19307547.pdf
