,Entity Group,Value,Score,Page,Pdf File
0,Age,46-year-old,0.9984844923019409,1,/content/drive/MyDrive/MACROBATT/INPUT_PDF_FILES/19610147.pdf
1,Sex,woman,0.9998099207878113,1,/content/drive/MyDrive/MACROBATT/INPUT_PDF_FILES/19610147.pdf
2,Clinical_event,presented,0.999638557434082,1,/content/drive/MyDrive/MACROBATT/INPUT_PDF_FILES/19610147.pdf
3,Severity,severe,0.999861478805542,1,/content/drive/MyDrive/MACROBATT/INPUT_PDF_FILES/19610147.pdf
4,Detailed_description,acute,0.999968409538269,1,/content/drive/MyDrive/MACROBATT/INPUT_PDF_FILES/19610147.pdf
5,Sign_symptom,pain,0.9999693632125854,1,/content/drive/MyDrive/MACROBATT/INPUT_PDF_FILES/19610147.pdf
6,Biological_structure,right iliac fossa,0.9999293088912964,1,/content/drive/MyDrive/MACROBATT/INPUT_PDF_FILES/19610147.pdf
7,Biological_structure,periumbilical,0.9991021156311035,1,/content/drive/MyDrive/MACROBATT/INPUT_PDF_FILES/19610147.pdf
8,Diagnostic_procedure,Ultrasound,0.9999734163284302,1,/content/drive/MyDrive/MACROBATT/INPUT_PDF_FILES/19610147.pdf
9,Diagnostic_procedure,computed tomography scan,0.9999468326568604,1,/content/drive/MyDrive/MACROBATT/INPUT_PDF_FILES/19610147.pdf
10,Sign_symptom,mucocele,0.9998418092727661,1,/content/drive/MyDrive/MACROBATT/INPUT_PDF_FILES/19610147.pdf
11,Sign_symptom,computed mucocele,0.9972647428512573,1,/content/drive/MyDrive/MACROBATT/INPUT_PDF_FILES/19610147.pdf
12,Detailed_description,well defined,0.9997959136962891,1,/content/drive/MyDrive/MACROBATT/INPUT_PDF_FILES/19610147.pdf
13,Coreference,lesion,0.9995660185813904,1,/content/drive/MyDrive/MACROBATT/INPUT_PDF_FILES/19610147.pdf
14,Therapeutic_procedure,right hemicolectomy,0.995694637298584,1,/content/drive/MyDrive/MACROBATT/INPUT_PDF_FILES/19610147.pdf
15,Diagnostic_procedure,Gross examination,0.9999462366104126,1,/content/drive/MyDrive/MACROBATT/INPUT_PDF_FILES/19610147.pdf
16,Biological_structure,surgical specimen,0.9996901750564575,1,/content/drive/MyDrive/MACROBATT/INPUT_PDF_FILES/19610147.pdf
17,Lab_value,enlarged,0.9951493144035339,1,/content/drive/MyDrive/MACROBATT/INPUT_PDF_FILES/19610147.pdf
18,Detailed_description,thick,0.9248705506324768,1,/content/drive/MyDrive/MACROBATT/INPUT_PDF_FILES/19610147.pdf
19,Detailed_description,distinct,0.9999599456787109,1,/content/drive/MyDrive/MACROBATT/INPUT_PDF_FILES/19610147.pdf
20,Coreference,lesion mid-portion,0.9994020462036133,1,/content/drive/MyDrive/MACROBATT/INPUT_PDF_FILES/19610147.pdf
21,Biological_structure,appendiceal appendix,0.9999221563339233,1,/content/drive/MyDrive/MACROBATT/INPUT_PDF_FILES/19610147.pdf
22,Biological_structure,appendiceal,0.9945083260536194,1,/content/drive/MyDrive/MACROBATT/INPUT_PDF_FILES/19610147.pdf
23,Distance,1.5 cm,0.9992702603340149,1,/content/drive/MyDrive/MACROBATT/INPUT_PDF_FILES/19610147.pdf
24,Coreference,perforation periappendiceal peritonei,0.9416605830192566,1,/content/drive/MyDrive/MACROBATT/INPUT_PDF_FILES/19610147.pdf
25,Sign_symptom,extravasation,0.9999663829803467,1,/content/drive/MyDrive/MACROBATT/INPUT_PDF_FILES/19610147.pdf
26,Biological_structure,mucin,0.9996547698974609,1,/content/drive/MyDrive/MACROBATT/INPUT_PDF_FILES/19610147.pdf
27,Biological_structure,periappendiceal,0.5613390207290649,1,/content/drive/MyDrive/MACROBATT/INPUT_PDF_FILES/19610147.pdf
28,Disease_disorder,pseudomyxoma,0.9998781681060791,1,/content/drive/MyDrive/MACROBATT/INPUT_PDF_FILES/19610147.pdf
29,Disease_disorder,pseudomyxoma peritonei,0.9988760948181152,1,/content/drive/MyDrive/MACROBATT/INPUT_PDF_FILES/19610147.pdf
30,Diagnostic_procedure,Histopathological examination,0.999889075756073,1,/content/drive/MyDrive/MACROBATT/INPUT_PDF_FILES/19610147.pdf
31,Disease_disorder,GCC,0.9998370409011841,1,/content/drive/MyDrive/MACROBATT/INPUT_PDF_FILES/19610147.pdf
32,Disease_disorder,MCA,0.9998425245285034,1,/content/drive/MyDrive/MACROBATT/INPUT_PDF_FILES/19610147.pdf
33,Biological_structure,vermiform,0.9918797612190247,1,/content/drive/MyDrive/MACROBATT/INPUT_PDF_FILES/19610147.pdf
34,Biological_structure,appendix,0.9998742341995239,1,/content/drive/MyDrive/MACROBATT/INPUT_PDF_FILES/19610147.pdf
35,Biological_structure,appendiceal lumen,0.9994790554046631,1,/content/drive/MyDrive/MACROBATT/INPUT_PDF_FILES/19610147.pdf
36,Sign_symptom,dilated,0.9998955726623535,1,/content/drive/MyDrive/MACROBATT/INPUT_PDF_FILES/19610147.pdf
37,Biological_structure,mucin-containing,0.9544939994812012,1,/content/drive/MyDrive/MACROBATT/INPUT_PDF_FILES/19610147.pdf
38,Biological_structure,columnar epithelial cells,0.9998622536659241,1,/content/drive/MyDrive/MACROBATT/INPUT_PDF_FILES/19610147.pdf
39,Sign_symptom,mitotic,0.9999418258666992,1,/content/drive/MyDrive/MACROBATT/INPUT_PDF_FILES/19610147.pdf
40,Sign_symptom,mitotic figures,0.9995266199111938,1,/content/drive/MyDrive/MACROBATT/INPUT_PDF_FILES/19610147.pdf
41,Sign_symptom,Focal papillary configurations,0.9999057054519653,1,/content/drive/MyDrive/MACROBATT/INPUT_PDF_FILES/19610147.pdf
42,Biological_structure,lining,0.9993797540664673,1,/content/drive/MyDrive/MACROBATT/INPUT_PDF_FILES/19610147.pdf
43,Severity,mild,0.9998169541358948,1,/content/drive/MyDrive/MACROBATT/INPUT_PDF_FILES/19610147.pdf
44,Sign_symptom,epithelium epithelial,0.9997498393058777,1,/content/drive/MyDrive/MACROBATT/INPUT_PDF_FILES/19610147.pdf
45,Sign_symptom,epithelial pseudostratification,0.9998201131820679,1,/content/drive/MyDrive/MACROBATT/INPUT_PDF_FILES/19610147.pdf
46,Biological_structure,appendiceal wall,0.9995039701461792,1,/content/drive/MyDrive/MACROBATT/INPUT_PDF_FILES/19610147.pdf
47,Coreference,glandular structures,0.9969046711921692,1,/content/drive/MyDrive/MACROBATT/INPUT_PDF_FILES/19610147.pdf
48,Area,various sizes,0.9862122535705566,1,/content/drive/MyDrive/MACROBATT/INPUT_PDF_FILES/19610147.pdf
49,Coreference,glandular,0.999085545539856,1,/content/drive/MyDrive/MACROBATT/INPUT_PDF_FILES/19610147.pdf
50,Coreference,structures,0.9974945783615112,1,/content/drive/MyDrive/MACROBATT/INPUT_PDF_FILES/19610147.pdf
51,Detailed_description,distinct indistinct,0.9995261430740356,1,/content/drive/MyDrive/MACROBATT/INPUT_PDF_FILES/19610147.pdf
52,Area,small small small,0.7313442230224609,1,/content/drive/MyDrive/MACROBATT/INPUT_PDF_FILES/19610147.pdf
53,Area,intermediate intermediate sized sized,0.9408137798309326,1,/content/drive/MyDrive/MACROBATT/INPUT_PDF_FILES/19610147.pdf
54,Detailed_description,monotonous,0.7929868698120117,1,/content/drive/MyDrive/MACROBATT/INPUT_PDF_FILES/19610147.pdf
55,Biological_structure,neuroendocrine finely,0.9998323917388916,1,/content/drive/MyDrive/MACROBATT/INPUT_PDF_FILES/19610147.pdf
56,Biological_structure,neuroendocrine cells cells cells cells,0.9823508262634277,1,/content/drive/MyDrive/MACROBATT/INPUT_PDF_FILES/19610147.pdf
57,Detailed_description,amount,0.8888963460922241,1,/content/drive/MyDrive/MACROBATT/INPUT_PDF_FILES/19610147.pdf
58,Detailed_description,finely granular eosinophilic,0.8450819849967957,1,/content/drive/MyDrive/MACROBATT/INPUT_PDF_FILES/19610147.pdf
59,Sign_symptom,cytoplasm cytonuclear,0.9993908405303955,1,/content/drive/MyDrive/MACROBATT/INPUT_PDF_FILES/19610147.pdf
60,Sign_symptom,cytonuclear atypia,0.9954119324684143,1,/content/drive/MyDrive/MACROBATT/INPUT_PDF_FILES/19610147.pdf
61,Sign_symptom,mucin-filled,0.7042852640151978,1,/content/drive/MyDrive/MACROBATT/INPUT_PDF_FILES/19610147.pdf
62,Biological_structure,goblet,0.9917282462120056,1,/content/drive/MyDrive/MACROBATT/INPUT_PDF_FILES/19610147.pdf
63,Detailed_description,peripherally located,0.9846615791320801,1,/content/drive/MyDrive/MACROBATT/INPUT_PDF_FILES/19610147.pdf
64,Shape,crescent-like,0.7884995341300964,1,/content/drive/MyDrive/MACROBATT/INPUT_PDF_FILES/19610147.pdf
65,Sign_symptom,hyperchromatic,0.7808769941329956,1,/content/drive/MyDrive/MACROBATT/INPUT_PDF_FILES/19610147.pdf
66,Sign_symptom,indistinct,0.801737368106842,1,/content/drive/MyDrive/MACROBATT/INPUT_PDF_FILES/19610147.pdf
67,Sign_symptom,distinct indistinct nucleoli,0.7087875008583069,1,/content/drive/MyDrive/MACROBATT/INPUT_PDF_FILES/19610147.pdf
68,Texture,Scattered,0.9007416367530823,1,/content/drive/MyDrive/MACROBATT/INPUT_PDF_FILES/19610147.pdf
69,Detailed_description,infiltrating single,0.9997062087059021,1,/content/drive/MyDrive/MACROBATT/INPUT_PDF_FILES/19610147.pdf
70,Detailed_description,single,0.9989956021308899,1,/content/drive/MyDrive/MACROBATT/INPUT_PDF_FILES/19610147.pdf
71,Biological_structure,goblet neoplastic cells,0.9975380301475525,1,/content/drive/MyDrive/MACROBATT/INPUT_PDF_FILES/19610147.pdf
72,Coreference,tumor,0.9997275471687317,1,/content/drive/MyDrive/MACROBATT/INPUT_PDF_FILES/19610147.pdf
73,Shape,nests,0.985320508480072,1,/content/drive/MyDrive/MACROBATT/INPUT_PDF_FILES/19610147.pdf
74,Biological_structure,basiglandular region,0.9997749328613281,1,/content/drive/MyDrive/MACROBATT/INPUT_PDF_FILES/19610147.pdf
75,Biological_structure,intestinal crypts,0.9998273849487305,1,/content/drive/MyDrive/MACROBATT/INPUT_PDF_FILES/19610147.pdf
76,Detailed_description,close proximity to to the the the the,0.9998772144317627,1,/content/drive/MyDrive/MACROBATT/INPUT_PDF_FILES/19610147.pdf
77,Sign_symptom,intraneural invasion invasion,0.909428060054779,1,/content/drive/MyDrive/MACROBATT/INPUT_PDF_FILES/19610147.pdf
78,Biological_structure,mesoappendix,0.774982213973999,1,/content/drive/MyDrive/MACROBATT/INPUT_PDF_FILES/19610147.pdf
79,Lab_value,Ten,0.9991637468338013,1,/content/drive/MyDrive/MACROBATT/INPUT_PDF_FILES/19610147.pdf
80,Biological_structure,lymph histologically all malignancy,0.9999411106109619,1,/content/drive/MyDrive/MACROBATT/INPUT_PDF_FILES/19610147.pdf
81,Biological_structure,lymph,0.999815046787262,1,/content/drive/MyDrive/MACROBATT/INPUT_PDF_FILES/19610147.pdf
82,Biological_structure,lymph nodes,0.9990895390510559,1,/content/drive/MyDrive/MACROBATT/INPUT_PDF_FILES/19610147.pdf
83,Diagnostic_procedure,Immunohistochemically,0.9999027252197266,1,/content/drive/MyDrive/MACROBATT/INPUT_PDF_FILES/19610147.pdf
84,Lab_value,positive,0.9999343156814575,1,/content/drive/MyDrive/MACROBATT/INPUT_PDF_FILES/19610147.pdf
85,Diagnostic_procedure,Immunohistochemically chromogranin which,0.9983286261558533,1,/content/drive/MyDrive/MACROBATT/INPUT_PDF_FILES/19610147.pdf
86,Diagnostic_procedure,chromogranin,0.8761657476425171,1,/content/drive/MyDrive/MACROBATT/INPUT_PDF_FILES/19610147.pdf
87,Diagnostic_procedure,synaptophysin,0.8358977437019348,1,/content/drive/MyDrive/MACROBATT/INPUT_PDF_FILES/19610147.pdf
88,Diagnostic_procedure,serotonin,0.9993471503257751,1,/content/drive/MyDrive/MACROBATT/INPUT_PDF_FILES/19610147.pdf
89,Lab_value,Diffuse staining,0.9997538924217224,1,/content/drive/MyDrive/MACROBATT/INPUT_PDF_FILES/19610147.pdf
90,Diagnostic_procedure,cytokeratin,0.9243456125259399,1,/content/drive/MyDrive/MACROBATT/INPUT_PDF_FILES/19610147.pdf
91,Diagnostic_procedure,CK CK19,0.9999366998672485,1,/content/drive/MyDrive/MACROBATT/INPUT_PDF_FILES/19610147.pdf
92,Diagnostic_procedure,CD99,0.9996702075004578,1,/content/drive/MyDrive/MACROBATT/INPUT_PDF_FILES/19610147.pdf
93,Diagnostic_procedure,Ki67 proliferating index,0.9999265670776367,1,/content/drive/MyDrive/MACROBATT/INPUT_PDF_FILES/19610147.pdf
94,Sign_symptom,nuclear staining,0.9998766779899597,1,/content/drive/MyDrive/MACROBATT/INPUT_PDF_FILES/19610147.pdf
