,Entity Group,Value,Score,Page,Pdf File
0,Age,60-year-old,0.9981107711791992,1,/content/drive/MyDrive/MACROBATT/INPUT_PDF_FILES/19816630.pdf
1,Sex,man,0.9997562766075134,1,/content/drive/MyDrive/MACROBATT/INPUT_PDF_FILES/19816630.pdf
2,Diagnostic_procedure,colonoscopy,0.9993053078651428,1,/content/drive/MyDrive/MACROBATT/INPUT_PDF_FILES/19816630.pdf
3,Distance,2 cm cm,0.9996131658554077,1,/content/drive/MyDrive/MACROBATT/INPUT_PDF_FILES/19816630.pdf
4,Detailed_description,sessile,0.6150035858154297,1,/content/drive/MyDrive/MACROBATT/INPUT_PDF_FILES/19816630.pdf
5,Coreference,polyp,0.8679963946342468,1,/content/drive/MyDrive/MACROBATT/INPUT_PDF_FILES/19816630.pdf
6,Distance,10 cm cm,0.9992743134498596,1,/content/drive/MyDrive/MACROBATT/INPUT_PDF_FILES/19816630.pdf
7,Biological_structure,anal verge,0.9972019195556641,1,/content/drive/MyDrive/MACROBATT/INPUT_PDF_FILES/19816630.pdf
8,Disease_disorder,tubulovillous,0.9996539354324341,1,/content/drive/MyDrive/MACROBATT/INPUT_PDF_FILES/19816630.pdf
9,Disease_disorder,tubulovillous adenoma,0.9987497329711914,1,/content/drive/MyDrive/MACROBATT/INPUT_PDF_FILES/19816630.pdf
10,Diagnostic_procedure,flexible sigmoidoscopy,0.9998543858528137,1,/content/drive/MyDrive/MACROBATT/INPUT_PDF_FILES/19816630.pdf
11,Duration,three months,0.525837242603302,1,/content/drive/MyDrive/MACROBATT/INPUT_PDF_FILES/19816630.pdf
12,Detailed_description,repeat,0.9998620748519897,1,/content/drive/MyDrive/MACROBATT/INPUT_PDF_FILES/19816630.pdf
13,Diagnostic_procedure,colonoscopy colonoscopy,0.9876681566238403,1,/content/drive/MyDrive/MACROBATT/INPUT_PDF_FILES/19816630.pdf
14,Lab_value,negative,0.999427080154419,1,/content/drive/MyDrive/MACROBATT/INPUT_PDF_FILES/19816630.pdf
15,Distance,3 cm cm,0.9996204376220703,1,/content/drive/MyDrive/MACROBATT/INPUT_PDF_FILES/19816630.pdf
16,Diagnostic_procedure,Biopsies,0.9999154210090637,1,/content/drive/MyDrive/MACROBATT/INPUT_PDF_FILES/19816630.pdf
17,Disease_disorder,villous,0.9997660517692566,1,/content/drive/MyDrive/MACROBATT/INPUT_PDF_FILES/19816630.pdf
18,Disease_disorder,villous adenoma,0.982563316822052,1,/content/drive/MyDrive/MACROBATT/INPUT_PDF_FILES/19816630.pdf
19,Biological_structure,pelvic performed,0.9999402761459351,1,/content/drive/MyDrive/MACROBATT/INPUT_PDF_FILES/19816630.pdf
20,Biological_structure,dysplasia relatively sampling pelvic ultrasound,0.9994858503341675,1,/content/drive/MyDrive/MACROBATT/INPUT_PDF_FILES/19816630.pdf
21,Biological_structure,pelvic,0.9990259408950806,1,/content/drive/MyDrive/MACROBATT/INPUT_PDF_FILES/19816630.pdf
22,Diagnostic_procedure,magnetic resonance imaging,0.9996063709259033,1,/content/drive/MyDrive/MACROBATT/INPUT_PDF_FILES/19816630.pdf
23,Diagnostic_procedure,( (,0.9992645382881165,1,/content/drive/MyDrive/MACROBATT/INPUT_PDF_FILES/19816630.pdf
24,Diagnostic_procedure,MRI,0.9999213218688965,1,/content/drive/MyDrive/MACROBATT/INPUT_PDF_FILES/19816630.pdf
25,Diagnostic_procedure,endoscopic ultrasound,0.9989994168281555,1,/content/drive/MyDrive/MACROBATT/INPUT_PDF_FILES/19816630.pdf
26,Diagnostic_procedure,EUS,0.9996610879898071,1,/content/drive/MyDrive/MACROBATT/INPUT_PDF_FILES/19816630.pdf
27,Detailed_description,invasive,0.9999728202819824,1,/content/drive/MyDrive/MACROBATT/INPUT_PDF_FILES/19816630.pdf
28,Biological_structure,rectal rectal,0.9999496936798096,1,/content/drive/MyDrive/MACROBATT/INPUT_PDF_FILES/19816630.pdf
29,Sign_symptom,mass,0.9999046325683594,1,/content/drive/MyDrive/MACROBATT/INPUT_PDF_FILES/19816630.pdf
30,Biological_structure,muscularis propria,0.999900758266449,1,/content/drive/MyDrive/MACROBATT/INPUT_PDF_FILES/19816630.pdf
31,Biological_structure,pelvic lymphadenopathy,0.9969578981399536,1,/content/drive/MyDrive/MACROBATT/INPUT_PDF_FILES/19816630.pdf
32,Sign_symptom,lymphadenopathy,0.9999518394470215,1,/content/drive/MyDrive/MACROBATT/INPUT_PDF_FILES/19816630.pdf
33,Biological_structure,rectal,0.9999642372131348,1,/content/drive/MyDrive/MACROBATT/INPUT_PDF_FILES/19816630.pdf
34,Biological_structure,mucosa submucosa muscularis,0.999940037727356,1,/content/drive/MyDrive/MACROBATT/INPUT_PDF_FILES/19816630.pdf
35,Biological_structure,mucosa submucosa,0.9784510135650635,1,/content/drive/MyDrive/MACROBATT/INPUT_PDF_FILES/19816630.pdf
36,Biological_structure,submucosa,0.7076267600059509,1,/content/drive/MyDrive/MACROBATT/INPUT_PDF_FILES/19816630.pdf
37,Therapeutic_procedure,low anterior resection,0.9997418522834778,1,/content/drive/MyDrive/MACROBATT/INPUT_PDF_FILES/19816630.pdf
38,Therapeutic_procedure,end-to-end anastomosis,0.9952408671379089,1,/content/drive/MyDrive/MACROBATT/INPUT_PDF_FILES/19816630.pdf
39,Therapeutic_procedure,loop ileostomy,0.9726769924163818,1,/content/drive/MyDrive/MACROBATT/INPUT_PDF_FILES/19816630.pdf
40,Diagnostic_procedure,Pathology review,0.9999328255653381,1,/content/drive/MyDrive/MACROBATT/INPUT_PDF_FILES/19816630.pdf
41,Biological_structure,resected,0.999910831451416,1,/content/drive/MyDrive/MACROBATT/INPUT_PDF_FILES/19816630.pdf
42,Biological_structure,resected rectosigmoid,0.9998908042907715,1,/content/drive/MyDrive/MACROBATT/INPUT_PDF_FILES/19816630.pdf
43,Disease_disorder,review villous,0.9998445510864258,1,/content/drive/MyDrive/MACROBATT/INPUT_PDF_FILES/19816630.pdf
44,Sign_symptom,low-grade,0.8231998085975647,1,/content/drive/MyDrive/MACROBATT/INPUT_PDF_FILES/19816630.pdf
45,Sign_symptom,low-grade resected rectosigmoid revealed adenoma low-grade dyplasia,0.8484727144241333,1,/content/drive/MyDrive/MACROBATT/INPUT_PDF_FILES/19816630.pdf
46,Lab_value,five,0.9908706545829773,1,/content/drive/MyDrive/MACROBATT/INPUT_PDF_FILES/19816630.pdf
47,Biological_structure,pericolic,0.9993545413017273,1,/content/drive/MyDrive/MACROBATT/INPUT_PDF_FILES/19816630.pdf
48,Lab_value,two,0.9921560287475586,1,/content/drive/MyDrive/MACROBATT/INPUT_PDF_FILES/19816630.pdf
49,Biological_structure,mesorectal lymph nodes,0.9966423511505127,1,/content/drive/MyDrive/MACROBATT/INPUT_PDF_FILES/19816630.pdf
50,Therapeutic_procedure,excised,0.9995822310447693,1,/content/drive/MyDrive/MACROBATT/INPUT_PDF_FILES/19816630.pdf
51,Therapeutic_procedure,ileostomy,0.9999386072158813,1,/content/drive/MyDrive/MACROBATT/INPUT_PDF_FILES/19816630.pdf
52,Therapeutic_procedure,ileostomy reversal,0.9074508547782898,1,/content/drive/MyDrive/MACROBATT/INPUT_PDF_FILES/19816630.pdf
53,Date,five months,0.9989551305770874,1,/content/drive/MyDrive/MACROBATT/INPUT_PDF_FILES/19816630.pdf
54,Sign_symptom,asymptomatic,0.9996010661125183,1,/content/drive/MyDrive/MACROBATT/INPUT_PDF_FILES/19816630.pdf
55,Sign_symptom,recurrence,0.7971928715705872,1,/content/drive/MyDrive/MACROBATT/INPUT_PDF_FILES/19816630.pdf
