,Entity Group,Value,Score,Page,Pdf File
0,Age,70-year-old,0.9983488917350769,1,/content/drive/MyDrive/MACROBATT/INPUT_PDF_FILES/19860007.pdf
1,Sex,man,0.9997959733009338,1,/content/drive/MyDrive/MACROBATT/INPUT_PDF_FILES/19860007.pdf
2,Clinical_event,referred,0.9998767375946045,1,/content/drive/MyDrive/MACROBATT/INPUT_PDF_FILES/19860007.pdf
3,Nonbiological_location,hospital,0.9981958270072937,1,/content/drive/MyDrive/MACROBATT/INPUT_PDF_FILES/19860007.pdf
4,Biological_structure,gastric,0.9672319889068604,1,/content/drive/MyDrive/MACROBATT/INPUT_PDF_FILES/19860007.pdf
5,Disease_disorder,cancer,0.9994984865188599,1,/content/drive/MyDrive/MACROBATT/INPUT_PDF_FILES/19860007.pdf
6,Diagnostic_procedure,esophagogastroduodenoscopy,0.8471797108650208,1,/content/drive/MyDrive/MACROBATT/INPUT_PDF_FILES/19860007.pdf
7,Diagnostic_procedure,EGD,0.7188506722450256,1,/content/drive/MyDrive/MACROBATT/INPUT_PDF_FILES/19860007.pdf
8,History,No significant medical history,0.999822735786438,1,/content/drive/MyDrive/MACROBATT/INPUT_PDF_FILES/19860007.pdf
9,Sign_symptom,medical identified dysuria caused bladder,0.9999438524246216,1,/content/drive/MyDrive/MACROBATT/INPUT_PDF_FILES/19860007.pdf
10,Sign_symptom,dysuria,0.9998182654380798,1,/content/drive/MyDrive/MACROBATT/INPUT_PDF_FILES/19860007.pdf
11,Detailed_description,caused,0.8858394622802734,1,/content/drive/MyDrive/MACROBATT/INPUT_PDF_FILES/19860007.pdf
12,Diagnostic_procedure,laboratory,0.9996899366378784,1,/content/drive/MyDrive/MACROBATT/INPUT_PDF_FILES/19860007.pdf
13,Diagnostic_procedure,serum,0.9991023540496826,1,/content/drive/MyDrive/MACROBATT/INPUT_PDF_FILES/19860007.pdf
14,Diagnostic_procedure,AFP,0.9999427795410156,1,/content/drive/MyDrive/MACROBATT/INPUT_PDF_FILES/19860007.pdf
15,Lab_value,32.3 ng/mL ng/mL,0.9999038577079773,1,/content/drive/MyDrive/MACROBATT/INPUT_PDF_FILES/19860007.pdf
16,Lab_value,normal no abnormality carcinoembryonic,0.8588795065879822,1,/content/drive/MyDrive/MACROBATT/INPUT_PDF_FILES/19860007.pdf
17,Coreference,tumor,0.9997296929359436,1,/content/drive/MyDrive/MACROBATT/INPUT_PDF_FILES/19860007.pdf
18,Diagnostic_procedure,carcinoembryonic carbohydrate,0.999950647354126,1,/content/drive/MyDrive/MACROBATT/INPUT_PDF_FILES/19860007.pdf
19,Diagnostic_procedure,carcinoembryonic antigen antigen,0.9997453689575195,1,/content/drive/MyDrive/MACROBATT/INPUT_PDF_FILES/19860007.pdf
20,Diagnostic_procedure,( ( (,0.9998428821563721,1,/content/drive/MyDrive/MACROBATT/INPUT_PDF_FILES/19860007.pdf
21,Diagnostic_procedure,CEA,0.8132091760635376,1,/content/drive/MyDrive/MACROBATT/INPUT_PDF_FILES/19860007.pdf
22,Diagnostic_procedure,carbohydrate,0.9998773336410522,1,/content/drive/MyDrive/MACROBATT/INPUT_PDF_FILES/19860007.pdf
23,Diagnostic_procedure,carbohydrate antigen antigen 19-9 CA19-9,0.9998748898506165,1,/content/drive/MyDrive/MACROBATT/INPUT_PDF_FILES/19860007.pdf
24,Diagnostic_procedure,CA19-9,0.9999518394470215,1,/content/drive/MyDrive/MACROBATT/INPUT_PDF_FILES/19860007.pdf
25,Diagnostic_procedure,19-9 CA19-9,0.6277661323547363,1,/content/drive/MyDrive/MACROBATT/INPUT_PDF_FILES/19860007.pdf
26,Distance,5-cm,0.9990035891532898,1,/content/drive/MyDrive/MACROBATT/INPUT_PDF_FILES/19860007.pdf
27,Detailed_description,ulcerofungating ulcers,0.9999270439147949,1,/content/drive/MyDrive/MACROBATT/INPUT_PDF_FILES/19860007.pdf
28,Detailed_description,ulcerofungating,0.9677039980888367,1,/content/drive/MyDrive/MACROBATT/INPUT_PDF_FILES/19860007.pdf
29,Sign_symptom,mass,0.9999450445175171,1,/content/drive/MyDrive/MACROBATT/INPUT_PDF_FILES/19860007.pdf
30,Detailed_description,comprised ulcerofungating of of three septate ulcers,0.9999176263809204,1,/content/drive/MyDrive/MACROBATT/INPUT_PDF_FILES/19860007.pdf
31,Diagnostic_procedure,pathological examination,0.9999422430992126,1,/content/drive/MyDrive/MACROBATT/INPUT_PDF_FILES/19860007.pdf
32,Biological_structure,endoscopic,0.9999103546142578,1,/content/drive/MyDrive/MACROBATT/INPUT_PDF_FILES/19860007.pdf
33,Biological_structure,endoscopic biopsy tissues,0.8933851718902588,1,/content/drive/MyDrive/MACROBATT/INPUT_PDF_FILES/19860007.pdf
34,Detailed_description,moderately differentiated,0.9997038841247559,1,/content/drive/MyDrive/MACROBATT/INPUT_PDF_FILES/19860007.pdf
35,Biological_structure,tubular,0.9999610185623169,1,/content/drive/MyDrive/MACROBATT/INPUT_PDF_FILES/19860007.pdf
36,Disease_disorder,adenocarcinoma,0.9637469053268433,1,/content/drive/MyDrive/MACROBATT/INPUT_PDF_FILES/19860007.pdf
37,Biological_structure,abdominopelvic,0.999951958656311,1,/content/drive/MyDrive/MACROBATT/INPUT_PDF_FILES/19860007.pdf
38,Biological_structure,abdominopelvic node,0.9993182420730591,1,/content/drive/MyDrive/MACROBATT/INPUT_PDF_FILES/19860007.pdf
39,Diagnostic_procedure,computed tomography,0.9999322891235352,1,/content/drive/MyDrive/MACROBATT/INPUT_PDF_FILES/19860007.pdf
40,Biological_structure,gastric gastric perigastric,0.9906447529792786,1,/content/drive/MyDrive/MACROBATT/INPUT_PDF_FILES/19860007.pdf
41,Detailed_description,with with deep ulceration,0.999956488609314,1,/content/drive/MyDrive/MACROBATT/INPUT_PDF_FILES/19860007.pdf
42,Biological_structure,perigastric,0.9996107816696167,1,/content/drive/MyDrive/MACROBATT/INPUT_PDF_FILES/19860007.pdf
43,Biological_structure,gastric gastric perigastric lymph node,0.9719651341438293,1,/content/drive/MyDrive/MACROBATT/INPUT_PDF_FILES/19860007.pdf
44,Detailed_description,metastatic,0.9997811913490295,1,/content/drive/MyDrive/MACROBATT/INPUT_PDF_FILES/19860007.pdf
45,Sign_symptom,lesions,0.999936580657959,1,/content/drive/MyDrive/MACROBATT/INPUT_PDF_FILES/19860007.pdf
46,Biological_structure,lung,0.9998663663864136,1,/content/drive/MyDrive/MACROBATT/INPUT_PDF_FILES/19860007.pdf
47,Biological_structure,chest,0.9997995495796204,1,/content/drive/MyDrive/MACROBATT/INPUT_PDF_FILES/19860007.pdf
48,Diagnostic_procedure,radiography,0.9996359944343567,1,/content/drive/MyDrive/MACROBATT/INPUT_PDF_FILES/19860007.pdf
49,Detailed_description,Radical,0.9999716281890869,1,/content/drive/MyDrive/MACROBATT/INPUT_PDF_FILES/19860007.pdf
50,Detailed_description,subtotal,0.9999699592590332,1,/content/drive/MyDrive/MACROBATT/INPUT_PDF_FILES/19860007.pdf
51,Detailed_description,subtotal gastrectomy gastrojejunostomy,0.9997237324714661,1,/content/drive/MyDrive/MACROBATT/INPUT_PDF_FILES/19860007.pdf
52,Therapeutic_procedure,gastrectomy,0.99934321641922,1,/content/drive/MyDrive/MACROBATT/INPUT_PDF_FILES/19860007.pdf
53,Biological_structure,D2 lymph node,0.9999299049377441,1,/content/drive/MyDrive/MACROBATT/INPUT_PDF_FILES/19860007.pdf
54,Therapeutic_procedure,dissection,0.9966111183166504,1,/content/drive/MyDrive/MACROBATT/INPUT_PDF_FILES/19860007.pdf
55,Detailed_description,Billroth II,0.9998572468757629,1,/content/drive/MyDrive/MACROBATT/INPUT_PDF_FILES/19860007.pdf
56,Therapeutic_procedure,gastrojejunostomy,0.9984573125839233,1,/content/drive/MyDrive/MACROBATT/INPUT_PDF_FILES/19860007.pdf
57,Biological_structure,resected,0.9999523162841797,1,/content/drive/MyDrive/MACROBATT/INPUT_PDF_FILES/19860007.pdf
58,Biological_structure,resected specimen,0.8296167850494385,1,/content/drive/MyDrive/MACROBATT/INPUT_PDF_FILES/19860007.pdf
59,Lab_value,double,0.9915174245834351,1,/content/drive/MyDrive/MACROBATT/INPUT_PDF_FILES/19860007.pdf
60,Distance,5.8 cm cm cm cm,0.9968462586402893,1,/content/drive/MyDrive/MACROBATT/INPUT_PDF_FILES/19860007.pdf
61,Distance,3.2 cm cm cm cm,0.9948041439056396,1,/content/drive/MyDrive/MACROBATT/INPUT_PDF_FILES/19860007.pdf
62,Detailed_description,ulcerofungating ulcerative,0.8834037184715271,1,/content/drive/MyDrive/MACROBATT/INPUT_PDF_FILES/19860007.pdf
63,Detailed_description,extensive hemorrhage,0.9994367361068726,1,/content/drive/MyDrive/MACROBATT/INPUT_PDF_FILES/19860007.pdf
64,Color,light   gray,0.9953594207763672,1,/content/drive/MyDrive/MACROBATT/INPUT_PDF_FILES/19860007.pdf
65,Detailed_description,first fibrosis,0.9999414682388306,1,/content/drive/MyDrive/MACROBATT/INPUT_PDF_FILES/19860007.pdf
66,Detailed_description,fibrosis,0.9985816478729248,1,/content/drive/MyDrive/MACROBATT/INPUT_PDF_FILES/19860007.pdf
67,Detailed_description,contained was a ulcerofungating mass antrum hemorrhage and gray and was a nearby ulcerative,0.9970722198486328,1,/content/drive/MyDrive/MACROBATT/INPUT_PDF_FILES/19860007.pdf
68,Distance,nearby,0.9805677533149719,1,/content/drive/MyDrive/MACROBATT/INPUT_PDF_FILES/19860007.pdf
69,Distance,2.5 cm cm cm cm,0.8783674836158752,1,/content/drive/MyDrive/MACROBATT/INPUT_PDF_FILES/19860007.pdf
70,Distance,2.0 cm cm cm cm,0.9885014295578003,1,/content/drive/MyDrive/MACROBATT/INPUT_PDF_FILES/19860007.pdf
71,Detailed_description,ulcerative,0.7344957590103149,1,/content/drive/MyDrive/MACROBATT/INPUT_PDF_FILES/19860007.pdf
72,Detailed_description,ulcerative lesions lesion,0.9963739514350891,1,/content/drive/MyDrive/MACROBATT/INPUT_PDF_FILES/19860007.pdf
73,Severity,massive,0.9978068470954895,1,/content/drive/MyDrive/MACROBATT/INPUT_PDF_FILES/19860007.pdf
74,Detailed_description,pleomorphic,0.9999333620071411,1,/content/drive/MyDrive/MACROBATT/INPUT_PDF_FILES/19860007.pdf
75,Detailed_description,bizarre,0.999554455280304,1,/content/drive/MyDrive/MACROBATT/INPUT_PDF_FILES/19860007.pdf
76,Detailed_description,hemorrhage ( syncytiotrophoblasts and cytotrophoblasts,0.9978660345077515,1,/content/drive/MyDrive/MACROBATT/INPUT_PDF_FILES/19860007.pdf
77,Diagnostic_procedure,Hematoxylin and and and eosin ( ( ( HE ) ) ) -stained tissues,0.9999065399169922,1,/content/drive/MyDrive/MACROBATT/INPUT_PDF_FILES/19860007.pdf
78,Shape,bubbly,0.9849964380264282,1,/content/drive/MyDrive/MACROBATT/INPUT_PDF_FILES/19860007.pdf
79,Color,purple,0.9943445920944214,1,/content/drive/MyDrive/MACROBATT/INPUT_PDF_FILES/19860007.pdf
80,Biological_structure,cytoplasm,0.9998366832733154,1,/content/drive/MyDrive/MACROBATT/INPUT_PDF_FILES/19860007.pdf
81,Lab_value,giant,0.9996647834777832,1,/content/drive/MyDrive/MACROBATT/INPUT_PDF_FILES/19860007.pdf
82,Biological_structure,nuclei,0.9998612403869629,1,/content/drive/MyDrive/MACROBATT/INPUT_PDF_FILES/19860007.pdf
83,Lab_value,magnification,0.6670656800270081,1,/content/drive/MyDrive/MACROBATT/INPUT_PDF_FILES/19860007.pdf
84,Lab_value,magnification of,0.8948787450790405,1,/content/drive/MyDrive/MACROBATT/INPUT_PDF_FILES/19860007.pdf
85,Lab_value,40 Ã Ã,0.9612672924995422,1,/content/drive/MyDrive/MACROBATT/INPUT_PDF_FILES/19860007.pdf
86,Lab_value,100 Ã Ã,0.9986194372177124,1,/content/drive/MyDrive/MACROBATT/INPUT_PDF_FILES/19860007.pdf
87,Biological_structure,proper muscle layer ( (,0.9999039173126221,1,/content/drive/MyDrive/MACROBATT/INPUT_PDF_FILES/19860007.pdf
88,Biological_structure,T2a,0.9996740221977234,1,/content/drive/MyDrive/MACROBATT/INPUT_PDF_FILES/19860007.pdf
89,Sign_symptom,metastasis,0.9999405145645142,1,/content/drive/MyDrive/MACROBATT/INPUT_PDF_FILES/19860007.pdf
90,Biological_structure,involved in four of 56 regional lymph nodes,0.9998501539230347,1,/content/drive/MyDrive/MACROBATT/INPUT_PDF_FILES/19860007.pdf
91,Diagnostic_procedure,Immunohistochemical,0.9999727010726929,1,/content/drive/MyDrive/MACROBATT/INPUT_PDF_FILES/19860007.pdf
92,Diagnostic_procedure,Immunohistochemical staining,0.9999294281005859,1,/content/drive/MyDrive/MACROBATT/INPUT_PDF_FILES/19860007.pdf
93,Lab_value,positive immunoreactivity,0.9998926520347595,1,/content/drive/MyDrive/MACROBATT/INPUT_PDF_FILES/19860007.pdf
94,Diagnostic_procedure,Î²-human chorionic gonadotropin,0.9610932469367981,1,/content/drive/MyDrive/MACROBATT/INPUT_PDF_FILES/19860007.pdf
95,Diagnostic_procedure,HCG,0.9994418025016785,1,/content/drive/MyDrive/MACROBATT/INPUT_PDF_FILES/19860007.pdf
96,Lab_value,focal positivity,0.9999025464057922,1,/content/drive/MyDrive/MACROBATT/INPUT_PDF_FILES/19860007.pdf
97,Disease_disorder,choriocarcinoma,0.9995885491371155,1,/content/drive/MyDrive/MACROBATT/INPUT_PDF_FILES/19860007.pdf
98,Diagnostic_procedure,AFP-producing,0.7491861581802368,1,/content/drive/MyDrive/MACROBATT/INPUT_PDF_FILES/19860007.pdf
99,Biological_structure,extended to the submucosal layer,0.9998477101325989,1,/content/drive/MyDrive/MACROBATT/INPUT_PDF_FILES/19860007.pdf
100,Lab_value,uneventful,0.9996404051780701,1,/content/drive/MyDrive/MACROBATT/INPUT_PDF_FILES/19860007.pdf
101,Therapeutic_procedure,postoperative postoperative course,0.9975322484970093,1,/content/drive/MyDrive/MACROBATT/INPUT_PDF_FILES/19860007.pdf
102,Clinical_event,discharged,0.9994168281555176,1,/content/drive/MyDrive/MACROBATT/INPUT_PDF_FILES/19860007.pdf
103,Date,day 9,0.8948125243186951,1,/content/drive/MyDrive/MACROBATT/INPUT_PDF_FILES/19860007.pdf
104,Date,Two weeks,0.9997267723083496,1,/content/drive/MyDrive/MACROBATT/INPUT_PDF_FILES/19860007.pdf
105,Diagnostic_procedure,HCG level level,0.9994969367980957,1,/content/drive/MyDrive/MACROBATT/INPUT_PDF_FILES/19860007.pdf
106,Lab_value,176 mIU/mL mIU/mL,0.999925434589386,1,/content/drive/MyDrive/MACROBATT/INPUT_PDF_FILES/19860007.pdf
107,Lab_value,normal,0.569455087184906,1,/content/drive/MyDrive/MACROBATT/INPUT_PDF_FILES/19860007.pdf
108,Lab_value,10.0 range ng/mL,0.9964889287948608,1,/content/drive/MyDrive/MACROBATT/INPUT_PDF_FILES/19860007.pdf
109,Frequency,Six cycles,0.9934731721878052,1,/content/drive/MyDrive/MACROBATT/INPUT_PDF_FILES/19860007.pdf
110,Medication,adjuvant chemotherapy,0.9726971387863159,1,/content/drive/MyDrive/MACROBATT/INPUT_PDF_FILES/19860007.pdf
111,Medication,capecitabine,0.9998840093612671,1,/content/drive/MyDrive/MACROBATT/INPUT_PDF_FILES/19860007.pdf
112,Dosage,2500 mg/m2 per day,0.9996175169944763,1,/content/drive/MyDrive/MACROBATT/INPUT_PDF_FILES/19860007.pdf
113,Dosage,14 d/cycle,0.9624037146568298,1,/content/drive/MyDrive/MACROBATT/INPUT_PDF_FILES/19860007.pdf
114,Diagnostic_procedure,Î²-HCG,0.9994292259216309,1,/content/drive/MyDrive/MACROBATT/INPUT_PDF_FILES/19860007.pdf
115,Lab_value,< 3,0.9633272886276245,1,/content/drive/MyDrive/MACROBATT/INPUT_PDF_FILES/19860007.pdf
116,Sign_symptom,recurrence,0.9998753070831299,1,/content/drive/MyDrive/MACROBATT/INPUT_PDF_FILES/19860007.pdf
117,Sign_symptom,recurrence occurred,0.999699592590332,1,/content/drive/MyDrive/MACROBATT/INPUT_PDF_FILES/19860007.pdf
118,Date,4-year,0.9988172054290771,1,/content/drive/MyDrive/MACROBATT/INPUT_PDF_FILES/19860007.pdf
119,Clinical_event,postoperative,0.5485706925392151,1,/content/drive/MyDrive/MACROBATT/INPUT_PDF_FILES/19860007.pdf
