,Entity Group,Value,Score,Page,Pdf File
0,Age,72-year-old,0.9985653162002563,1,/content/drive/MyDrive/MACROBATT/INPUT_PDF_FILES/19860006.pdf
1,Sex,woman,0.9997860789299011,1,/content/drive/MyDrive/MACROBATT/INPUT_PDF_FILES/19860006.pdf
2,Therapeutic_procedure,RF ablation,0.9991769790649414,1,/content/drive/MyDrive/MACROBATT/INPUT_PDF_FILES/19860006.pdf
3,Detailed_description,metachronous metastasis,0.9999743700027466,1,/content/drive/MyDrive/MACROBATT/INPUT_PDF_FILES/19860006.pdf
4,Detailed_description,metachronous which chemoradiotherapy,0.9931968450546265,1,/content/drive/MyDrive/MACROBATT/INPUT_PDF_FILES/19860006.pdf
5,Detailed_description,metachronous,0.5015600323677063,1,/content/drive/MyDrive/MACROBATT/INPUT_PDF_FILES/19860006.pdf
6,Detailed_description,solitary,0.9999688863754272,1,/content/drive/MyDrive/MACROBATT/INPUT_PDF_FILES/19860006.pdf
7,Biological_structure,liver,0.9999505281448364,1,/content/drive/MyDrive/MACROBATT/INPUT_PDF_FILES/19860006.pdf
8,Sign_symptom,metastasis,0.9956352114677429,1,/content/drive/MyDrive/MACROBATT/INPUT_PDF_FILES/19860006.pdf
9,Biological_structure,rectal,0.9791852235794067,1,/content/drive/MyDrive/MACROBATT/INPUT_PDF_FILES/19860006.pdf
10,Disease_disorder,adenocarcinoma,0.8033789992332458,1,/content/drive/MyDrive/MACROBATT/INPUT_PDF_FILES/19860006.pdf
11,Date,18 mo chemoradiotherapy before,0.9383575320243835,1,/content/drive/MyDrive/MACROBATT/INPUT_PDF_FILES/19860006.pdf
12,Therapeutic_procedure,chemoradiotherapy,0.9709502458572388,1,/content/drive/MyDrive/MACROBATT/INPUT_PDF_FILES/19860006.pdf
13,Detailed_description,anterior,0.9999327659606934,1,/content/drive/MyDrive/MACROBATT/INPUT_PDF_FILES/19860006.pdf
14,Coreference,lesion,0.9959906935691833,1,/content/drive/MyDrive/MACROBATT/INPUT_PDF_FILES/19860006.pdf
15,Biological_structure,segment,0.9998027682304382,1,/content/drive/MyDrive/MACROBATT/INPUT_PDF_FILES/19860006.pdf
16,Coreference,procedure,0.9900145530700684,1,/content/drive/MyDrive/MACROBATT/INPUT_PDF_FILES/19860006.pdf
17,Lab_value,well,0.9992247819900513,1,/content/drive/MyDrive/MACROBATT/INPUT_PDF_FILES/19860006.pdf
18,Diagnostic_procedure,haemodynamically,0.9996601343154907,1,/content/drive/MyDrive/MACROBATT/INPUT_PDF_FILES/19860006.pdf
19,Time,One hour later,0.9973459243774414,1,/content/drive/MyDrive/MACROBATT/INPUT_PDF_FILES/19860006.pdf
20,Diagnostic_procedure,condition,0.999916672706604,1,/content/drive/MyDrive/MACROBATT/INPUT_PDF_FILES/19860006.pdf
21,Sign_symptom,dizzy,0.9999361038208008,1,/content/drive/MyDrive/MACROBATT/INPUT_PDF_FILES/19860006.pdf
22,Sign_symptom,fatigue,0.9999549388885498,1,/content/drive/MyDrive/MACROBATT/INPUT_PDF_FILES/19860006.pdf
23,Sign_symptom,pallor,0.9996289014816284,1,/content/drive/MyDrive/MACROBATT/INPUT_PDF_FILES/19860006.pdf
24,Sign_symptom,hypotension tachycardia,0.9999697208404541,1,/content/drive/MyDrive/MACROBATT/INPUT_PDF_FILES/19860006.pdf
25,Sign_symptom,hypotension,0.9999346733093262,1,/content/drive/MyDrive/MACROBATT/INPUT_PDF_FILES/19860006.pdf
26,Sign_symptom,tachycardia,0.999963641166687,1,/content/drive/MyDrive/MACROBATT/INPUT_PDF_FILES/19860006.pdf
27,Diagnostic_procedure,blood tests,0.9999486207962036,1,/content/drive/MyDrive/MACROBATT/INPUT_PDF_FILES/19860006.pdf
28,Diagnostic_procedure,haemoglobin,0.9999707937240601,1,/content/drive/MyDrive/MACROBATT/INPUT_PDF_FILES/19860006.pdf
29,Diagnostic_procedure,haemoglobin level levels,0.9953721761703491,1,/content/drive/MyDrive/MACROBATT/INPUT_PDF_FILES/19860006.pdf
30,Lab_value,< 7 g/dL,0.9999045133590698,1,/content/drive/MyDrive/MACROBATT/INPUT_PDF_FILES/19860006.pdf
31,Lab_value,elevated,0.9999010562896729,1,/content/drive/MyDrive/MACROBATT/INPUT_PDF_FILES/19860006.pdf
32,Diagnostic_procedure,transaminase,0.9999492168426514,1,/content/drive/MyDrive/MACROBATT/INPUT_PDF_FILES/19860006.pdf
33,Diagnostic_procedure,computed tomography examination,0.999946117401123,1,/content/drive/MyDrive/MACROBATT/INPUT_PDF_FILES/19860006.pdf
34,Biological_structure,intraperitoneal fluid,0.9935479164123535,1,/content/drive/MyDrive/MACROBATT/INPUT_PDF_FILES/19860006.pdf
35,Biological_structure,intraperitoneal pelvis,0.9999582767486572,1,/content/drive/MyDrive/MACROBATT/INPUT_PDF_FILES/19860006.pdf
36,Biological_structure,pelvis,0.9126324653625488,1,/content/drive/MyDrive/MACROBATT/INPUT_PDF_FILES/19860006.pdf
37,Lab_value,two,0.9996024966239929,1,/content/drive/MyDrive/MACROBATT/INPUT_PDF_FILES/19860006.pdf
38,Coreference,images,0.997536301612854,1,/content/drive/MyDrive/MACROBATT/INPUT_PDF_FILES/19860006.pdf
39,Sign_symptom,lacerations laceration,0.9656566381454468,1,/content/drive/MyDrive/MACROBATT/INPUT_PDF_FILES/19860006.pdf
40,Detailed_description,one following the the another the path of the the another the needle,0.9998831152915955,1,/content/drive/MyDrive/MACROBATT/INPUT_PDF_FILES/19860006.pdf
41,Detailed_description,unexplained lacerations laceration leading away     from the the another the first,0.9929482340812683,1,/content/drive/MyDrive/MACROBATT/INPUT_PDF_FILES/19860006.pdf
42,Sign_symptom,coughing,0.9998767375946045,1,/content/drive/MyDrive/MACROBATT/INPUT_PDF_FILES/19860006.pdf
43,Sign_symptom,hiccupping,0.9986194372177124,1,/content/drive/MyDrive/MACROBATT/INPUT_PDF_FILES/19860006.pdf
44,Therapeutic_procedure,blood transfusion,0.9996964931488037,1,/content/drive/MyDrive/MACROBATT/INPUT_PDF_FILES/19860006.pdf
45,Diagnostic_procedure,close,0.5851016640663147,1,/content/drive/MyDrive/MACROBATT/INPUT_PDF_FILES/19860006.pdf
46,Lab_value,stable,0.9999384880065918,1,/content/drive/MyDrive/MACROBATT/INPUT_PDF_FILES/19860006.pdf
47,Lab_value,second,0.9995570778846741,1,/content/drive/MyDrive/MACROBATT/INPUT_PDF_FILES/19860006.pdf
48,Sign_symptom,completely recovered,0.9995667934417725,1,/content/drive/MyDrive/MACROBATT/INPUT_PDF_FILES/19860006.pdf
49,Time,24 She haemodynamically the h,0.9978468418121338,1,/content/drive/MyDrive/MACROBATT/INPUT_PDF_FILES/19860006.pdf
50,Activity,remained remained in bed,0.9973177909851074,1,/content/drive/MyDrive/MACROBATT/INPUT_PDF_FILES/19860006.pdf
51,Duration,1 wk,0.9740234613418579,1,/content/drive/MyDrive/MACROBATT/INPUT_PDF_FILES/19860006.pdf
52,Therapeutic_procedure,surgical intervention,0.9998875856399536,1,/content/drive/MyDrive/MACROBATT/INPUT_PDF_FILES/19860006.pdf
