,Entity Group,Value,Score,Page,Pdf File
0,Age,54-year-old,0.9985248446464539,1,/content/drive/MyDrive/MACROBATT/INPUT_PDF_FILES/20146086.pdf
1,Sex,woman,0.999790608882904,1,/content/drive/MyDrive/MACROBATT/INPUT_PDF_FILES/20146086.pdf
2,Detailed_description,stage IV,0.9999471306800842,1,/content/drive/MyDrive/MACROBATT/INPUT_PDF_FILES/20146086.pdf
3,Disease_disorder,NSCLC,0.9489398002624512,1,/content/drive/MyDrive/MACROBATT/INPUT_PDF_FILES/20146086.pdf
4,Medication,carboplatin,0.9999063014984131,1,/content/drive/MyDrive/MACROBATT/INPUT_PDF_FILES/20146086.pdf
5,Medication,paclitaxel,0.9998742341995239,1,/content/drive/MyDrive/MACROBATT/INPUT_PDF_FILES/20146086.pdf
6,Coreference,disease,0.9993195533752441,1,/content/drive/MyDrive/MACROBATT/INPUT_PDF_FILES/20146086.pdf
7,Diagnostic_procedure,Molecular analysis,0.9999616146087646,1,/content/drive/MyDrive/MACROBATT/INPUT_PDF_FILES/20146086.pdf
8,Diagnostic_procedure,tumor tissue,0.9999511241912842,1,/content/drive/MyDrive/MACROBATT/INPUT_PDF_FILES/20146086.pdf
9,Detailed_description,unavailable,0.9992372989654541,1,/content/drive/MyDrive/MACROBATT/INPUT_PDF_FILES/20146086.pdf
10,History,minimal,0.9872703552246094,1,/content/drive/MyDrive/MACROBATT/INPUT_PDF_FILES/20146086.pdf
11,Diagnostic_procedure,EGFR,0.9590086340904236,1,/content/drive/MyDrive/MACROBATT/INPUT_PDF_FILES/20146086.pdf
12,Diagnostic_procedure,TKI,0.9996113181114197,1,/content/drive/MyDrive/MACROBATT/INPUT_PDF_FILES/20146086.pdf
13,Detailed_description,standard,0.9995214939117432,1,/content/drive/MyDrive/MACROBATT/INPUT_PDF_FILES/20146086.pdf
14,Dosage,daily dosing,0.9986292123794556,1,/content/drive/MyDrive/MACROBATT/INPUT_PDF_FILES/20146086.pdf
15,Medication,Therefore erlotinib her,0.9998488426208496,1,/content/drive/MyDrive/MACROBATT/INPUT_PDF_FILES/20146086.pdf
16,Medication,erlotinib,0.9887605309486389,1,/content/drive/MyDrive/MACROBATT/INPUT_PDF_FILES/20146086.pdf
17,Date,Twenty-eight months,0.9802135229110718,1,/content/drive/MyDrive/MACROBATT/INPUT_PDF_FILES/20146086.pdf
18,Other_event,resistance,0.9746425151824951,1,/content/drive/MyDrive/MACROBATT/INPUT_PDF_FILES/20146086.pdf
19,Medication,later erlotinib,0.9998140931129456,1,/content/drive/MyDrive/MACROBATT/INPUT_PDF_FILES/20146086.pdf
20,Detailed_description,progression,0.999637246131897,1,/content/drive/MyDrive/MACROBATT/INPUT_PDF_FILES/20146086.pdf
21,Detailed_description,experimental,0.7813342809677124,1,/content/drive/MyDrive/MACROBATT/INPUT_PDF_FILES/20146086.pdf
22,Medication,angiogenesis,0.9986228942871094,1,/content/drive/MyDrive/MACROBATT/INPUT_PDF_FILES/20146086.pdf
23,Medication,experimental pemetrexed,0.9997437596321106,1,/content/drive/MyDrive/MACROBATT/INPUT_PDF_FILES/20146086.pdf
24,Medication,pemetrexed,0.9844622611999512,1,/content/drive/MyDrive/MACROBATT/INPUT_PDF_FILES/20146086.pdf
25,Medication,further experimental erlotinib,0.9998242259025574,1,/content/drive/MyDrive/MACROBATT/INPUT_PDF_FILES/20146086.pdf
26,Date,11 months,0.9991544485092163,1,/content/drive/MyDrive/MACROBATT/INPUT_PDF_FILES/20146086.pdf
27,Biological_structure,DNA,0.9999063014984131,1,/content/drive/MyDrive/MACROBATT/INPUT_PDF_FILES/20146086.pdf
28,Diagnostic_procedure,biopsy,0.9999128580093384,1,/content/drive/MyDrive/MACROBATT/INPUT_PDF_FILES/20146086.pdf
29,Detailed_description,progressing,0.9999649524688721,1,/content/drive/MyDrive/MACROBATT/INPUT_PDF_FILES/20146086.pdf
30,Biological_structure,lung,0.9999464750289917,1,/content/drive/MyDrive/MACROBATT/INPUT_PDF_FILES/20146086.pdf
31,Disease_disorder,lesion,0.9996422529220581,1,/content/drive/MyDrive/MACROBATT/INPUT_PDF_FILES/20146086.pdf
32,Disease_disorder,lesion mutations,0.9975873231887817,1,/content/drive/MyDrive/MACROBATT/INPUT_PDF_FILES/20146086.pdf
33,Detailed_description,Direct,0.893480122089386,1,/content/drive/MyDrive/MACROBATT/INPUT_PDF_FILES/20146086.pdf
34,Diagnostic_procedure,sequencing,0.9999555349349976,1,/content/drive/MyDrive/MACROBATT/INPUT_PDF_FILES/20146086.pdf
35,Detailed_description,exons 18â21,0.9995617866516113,1,/content/drive/MyDrive/MACROBATT/INPUT_PDF_FILES/20146086.pdf
36,Detailed_description,kinase domain,0.9998807907104492,1,/content/drive/MyDrive/MACROBATT/INPUT_PDF_FILES/20146086.pdf
37,Diagnostic_procedure,EGFR EGFR,0.9993321299552917,1,/content/drive/MyDrive/MACROBATT/INPUT_PDF_FILES/20146086.pdf
38,Diagnostic_procedure,EGFR L858R EGFR,0.7801579236984253,1,/content/drive/MyDrive/MACROBATT/INPUT_PDF_FILES/20146086.pdf
39,Sign_symptom,L858R mutation,0.999523937702179,1,/content/drive/MyDrive/MACROBATT/INPUT_PDF_FILES/20146086.pdf
40,Sign_symptom,T790M mutation,0.9583144187927246,1,/content/drive/MyDrive/MACROBATT/INPUT_PDF_FILES/20146086.pdf
41,Sign_symptom,headaches,0.9996515512466431,1,/content/drive/MyDrive/MACROBATT/INPUT_PDF_FILES/20146086.pdf
42,Biological_structure,CNS,0.8213751316070557,1,/content/drive/MyDrive/MACROBATT/INPUT_PDF_FILES/20146086.pdf
43,Disease_disorder,metastases,0.875827968120575,1,/content/drive/MyDrive/MACROBATT/INPUT_PDF_FILES/20146086.pdf
44,Lab_value,negative,0.9999408721923828,1,/content/drive/MyDrive/MACROBATT/INPUT_PDF_FILES/20146086.pdf
45,Diagnostic_procedure,imaging,0.9999499320983887,1,/content/drive/MyDrive/MACROBATT/INPUT_PDF_FILES/20146086.pdf
46,Therapeutic_procedure,lumbar,0.9732658863067627,1,/content/drive/MyDrive/MACROBATT/INPUT_PDF_FILES/20146086.pdf
47,Detailed_description,empiric temozolomide,0.9999674558639526,1,/content/drive/MyDrive/MACROBATT/INPUT_PDF_FILES/20146086.pdf
48,Detailed_description,empiric,0.9999451637268066,1,/content/drive/MyDrive/MACROBATT/INPUT_PDF_FILES/20146086.pdf
49,Medication,initiated temozolomide after associated,0.9998008608818054,1,/content/drive/MyDrive/MACROBATT/INPUT_PDF_FILES/20146086.pdf
50,Medication,temozolomide,0.9945104122161865,1,/content/drive/MyDrive/MACROBATT/INPUT_PDF_FILES/20146086.pdf
51,Medication,erlotinib after her concerning,0.9998688697814941,1,/content/drive/MyDrive/MACROBATT/INPUT_PDF_FILES/20146086.pdf
52,Biological_structure,CNS CNS,0.9999500513076782,1,/content/drive/MyDrive/MACROBATT/INPUT_PDF_FILES/20146086.pdf
53,Time,after one cycle,0.983154296875,1,/content/drive/MyDrive/MACROBATT/INPUT_PDF_FILES/20146086.pdf
54,Sign_symptom,nausea,0.9999556541442871,1,/content/drive/MyDrive/MACROBATT/INPUT_PDF_FILES/20146086.pdf
55,Sign_symptom,vomiting,0.9999518394470215,1,/content/drive/MyDrive/MACROBATT/INPUT_PDF_FILES/20146086.pdf
56,Lab_value,raised,0.9996084570884705,1,/content/drive/MyDrive/MACROBATT/INPUT_PDF_FILES/20146086.pdf
57,Biological_structure,intracranial,0.9604788422584534,1,/content/drive/MyDrive/MACROBATT/INPUT_PDF_FILES/20146086.pdf
58,Diagnostic_procedure,( ( (,0.9878718852996826,1,/content/drive/MyDrive/MACROBATT/INPUT_PDF_FILES/20146086.pdf
59,Diagnostic_procedure,MRI,0.9999489784240723,1,/content/drive/MyDrive/MACROBATT/INPUT_PDF_FILES/20146086.pdf
60,Biological_structure,brain,0.9999376535415649,1,/content/drive/MyDrive/MACROBATT/INPUT_PDF_FILES/20146086.pdf
61,Disease_disorder,Magnetic MRI LM,0.6438915729522705,1,/content/drive/MyDrive/MACROBATT/INPUT_PDF_FILES/20146086.pdf
62,Biological_structure,CSF,0.9999512434005737,1,/content/drive/MyDrive/MACROBATT/INPUT_PDF_FILES/20146086.pdf
63,Sign_symptom,cytology,0.5590507388114929,1,/content/drive/MyDrive/MACROBATT/INPUT_PDF_FILES/20146086.pdf
64,Diagnostic_procedure,L858R,0.9997736215591431,1,/content/drive/MyDrive/MACROBATT/INPUT_PDF_FILES/20146086.pdf
65,Diagnostic_procedure,T790M,0.7618870735168457,1,/content/drive/MyDrive/MACROBATT/INPUT_PDF_FILES/20146086.pdf
66,Lab_value,more sensitive,0.9997531771659851,1,/content/drive/MyDrive/MACROBATT/INPUT_PDF_FILES/20146086.pdf
67,Detailed_description,fluorescence,0.999969482421875,1,/content/drive/MyDrive/MACROBATT/INPUT_PDF_FILES/20146086.pdf
68,Detailed_description,fluorescence detection,0.9293290376663208,1,/content/drive/MyDrive/MACROBATT/INPUT_PDF_FILES/20146086.pdf
69,Detailed_description,PCR-based,0.9997166395187378,1,/content/drive/MyDrive/MACROBATT/INPUT_PDF_FILES/20146086.pdf
70,Diagnostic_procedure,assay,0.9998672008514404,1,/content/drive/MyDrive/MACROBATT/INPUT_PDF_FILES/20146086.pdf
71,Diagnostic_procedure,PCR-based PCR restriction fragment length polymorphism,0.9998922944068909,1,/content/drive/MyDrive/MACROBATT/INPUT_PDF_FILES/20146086.pdf
72,Coreference,the the specific missense mutation,0.9836664199829102,1,/content/drive/MyDrive/MACROBATT/INPUT_PDF_FILES/20146086.pdf
73,Coreference,That result,0.9973257780075073,1,/content/drive/MyDrive/MACROBATT/INPUT_PDF_FILES/20146086.pdf
74,Diagnostic_procedure,wild type peak,0.9996528625488281,1,/content/drive/MyDrive/MACROBATT/INPUT_PDF_FILES/20146086.pdf
75,Medication,However erlotinib tolerable,0.9998050332069397,1,/content/drive/MyDrive/MACROBATT/INPUT_PDF_FILES/20146086.pdf
76,Diagnostic_procedure,Pharmacokinetic,0.999966025352478,1,/content/drive/MyDrive/MACROBATT/INPUT_PDF_FILES/20146086.pdf
77,Diagnostic_procedure,Pharmacokinetic analysis,0.9998844861984253,1,/content/drive/MyDrive/MACROBATT/INPUT_PDF_FILES/20146086.pdf
78,Biological_structure,CSF CSF,0.9995856881141663,1,/content/drive/MyDrive/MACROBATT/INPUT_PDF_FILES/20146086.pdf
79,Subject,another patient,0.9937398433685303,1,/content/drive/MyDrive/MACROBATT/INPUT_PDF_FILES/20146086.pdf
80,Medication,another erlotinib,0.9998576641082764,1,/content/drive/MyDrive/MACROBATT/INPUT_PDF_FILES/20146086.pdf
81,Diagnostic_procedure,peak plasma concentration concentration,0.9999411106109619,1,/content/drive/MyDrive/MACROBATT/INPUT_PDF_FILES/20146086.pdf
82,Lab_value,"11,300 nM nM",0.9991222023963928,1,/content/drive/MyDrive/MACROBATT/INPUT_PDF_FILES/20146086.pdf
83,Medication,Therefore erlotinib,0.9998000264167786,1,/content/drive/MyDrive/MACROBATT/INPUT_PDF_FILES/20146086.pdf
84,Medication,administration erlotinib,0.97166508436203,1,/content/drive/MyDrive/MACROBATT/INPUT_PDF_FILES/20146086.pdf
85,Medication,erlotinib erlotinib,0.8420372009277344,1,/content/drive/MyDrive/MACROBATT/INPUT_PDF_FILES/20146086.pdf
86,Dosage,high-dose higher,0.9990136623382568,1,/content/drive/MyDrive/MACROBATT/INPUT_PDF_FILES/20146086.pdf
87,Dosage,high-dose doses weekly,0.996988832950592,1,/content/drive/MyDrive/MACROBATT/INPUT_PDF_FILES/20146086.pdf
88,Lab_value,1000,0.9904894828796387,1,/content/drive/MyDrive/MACROBATT/INPUT_PDF_FILES/20146086.pdf
89,Lab_value,1200,0.9991021156311035,1,/content/drive/MyDrive/MACROBATT/INPUT_PDF_FILES/20146086.pdf
90,Detailed_description,persistent,0.9999217987060547,1,/content/drive/MyDrive/MACROBATT/INPUT_PDF_FILES/20146086.pdf
91,Date,After 1 month months,0.999882698059082,1,/content/drive/MyDrive/MACROBATT/INPUT_PDF_FILES/20146086.pdf
92,Diagnostic_procedure,partial radiographic response,0.9999189376831055,1,/content/drive/MyDrive/MACROBATT/INPUT_PDF_FILES/20146086.pdf
93,Date,after Fig.2b 2 months,0.9998610615730286,1,/content/drive/MyDrive/MACROBATT/INPUT_PDF_FILES/20146086.pdf
94,Biological_structure,cauda equina,0.9998255968093872,1,/content/drive/MyDrive/MACROBATT/INPUT_PDF_FILES/20146086.pdf
95,Disease_disorder,hydrocephalus,0.9985885620117188,1,/content/drive/MyDrive/MACROBATT/INPUT_PDF_FILES/20146086.pdf
96,Sign_symptom,symptoms,0.999903678894043,1,/content/drive/MyDrive/MACROBATT/INPUT_PDF_FILES/20146086.pdf
97,Lab_value,increased,0.9998600482940674,1,/content/drive/MyDrive/MACROBATT/INPUT_PDF_FILES/20146086.pdf
98,Diagnostic_procedure,intracranial pressure,0.9993847608566284,1,/content/drive/MyDrive/MACROBATT/INPUT_PDF_FILES/20146086.pdf
99,Therapeutic_procedure,VP shunt,0.9997442364692688,1,/content/drive/MyDrive/MACROBATT/INPUT_PDF_FILES/20146086.pdf
100,Biological_structure,whole-brain,0.9775635600090027,1,/content/drive/MyDrive/MACROBATT/INPUT_PDF_FILES/20146086.pdf
101,Therapeutic_procedure,radiation,0.9999113082885742,1,/content/drive/MyDrive/MACROBATT/INPUT_PDF_FILES/20146086.pdf
102,Dosage,1500 mg weekly,0.9989946484565735,1,/content/drive/MyDrive/MACROBATT/INPUT_PDF_FILES/20146086.pdf
103,Medication,However persistent referable therapy after erlotinib,0.9998313188552856,1,/content/drive/MyDrive/MACROBATT/INPUT_PDF_FILES/20146086.pdf
104,Date,One month later,0.9957576394081116,1,/content/drive/MyDrive/MACROBATT/INPUT_PDF_FILES/20146086.pdf
105,Detailed_description,progressive,0.9999604225158691,1,/content/drive/MyDrive/MACROBATT/INPUT_PDF_FILES/20146086.pdf
106,Biological_structure,intra-thoracic,0.9819631576538086,1,/content/drive/MyDrive/MACROBATT/INPUT_PDF_FILES/20146086.pdf
107,Medication,cetixumab,0.9998558759689331,2,/content/drive/MyDrive/MACROBATT/INPUT_PDF_FILES/20146086.pdf
108,Medication,cetixumab erlotinib continued,0.9993830919265747,2,/content/drive/MyDrive/MACROBATT/INPUT_PDF_FILES/20146086.pdf
109,Medication,erlotinib,0.9998795986175537,2,/content/drive/MyDrive/MACROBATT/INPUT_PDF_FILES/20146086.pdf
110,Sign_symptom,survived,0.9967615008354187,2,/content/drive/MyDrive/MACROBATT/INPUT_PDF_FILES/20146086.pdf
111,Biological_structure,CNS,0.9999380111694336,2,/content/drive/MyDrive/MACROBATT/INPUT_PDF_FILES/20146086.pdf
