,Entity Group,Value,Score,Page,Pdf File
0,Age,21-year-old,0.9976089596748352,1,/content/drive/MyDrive/MACROBATT/INPUT_PDF_FILES/20671919.pdf
1,Sex,male,0.9995427131652832,1,/content/drive/MyDrive/MACROBATT/INPUT_PDF_FILES/20671919.pdf
2,Clinical_event,presented,0.9922981858253479,1,/content/drive/MyDrive/MACROBATT/INPUT_PDF_FILES/20671919.pdf
3,Duration,2-year,0.9997575283050537,1,/content/drive/MyDrive/MACROBATT/INPUT_PDF_FILES/20671919.pdf
4,Detailed_description,progressive,0.9999791383743286,1,/content/drive/MyDrive/MACROBATT/INPUT_PDF_FILES/20671919.pdf
5,Sign_symptom,shortness of of breath,0.9999324083328247,1,/content/drive/MyDrive/MACROBATT/INPUT_PDF_FILES/20671919.pdf
6,Detailed_description,exertion,0.9991348385810852,1,/content/drive/MyDrive/MACROBATT/INPUT_PDF_FILES/20671919.pdf
7,Sign_symptom,dry,0.9657859206199646,1,/content/drive/MyDrive/MACROBATT/INPUT_PDF_FILES/20671919.pdf
8,Diagnostic_procedure,auscultation of,0.9092954397201538,1,/content/drive/MyDrive/MACROBATT/INPUT_PDF_FILES/20671919.pdf
9,Biological_structure,lungs,0.9997488856315613,1,/content/drive/MyDrive/MACROBATT/INPUT_PDF_FILES/20671919.pdf
10,Detailed_description,random,0.9997472167015076,1,/content/drive/MyDrive/MACROBATT/INPUT_PDF_FILES/20671919.pdf
11,Sign_symptom,wheezes,0.9999169111251831,1,/content/drive/MyDrive/MACROBATT/INPUT_PDF_FILES/20671919.pdf
12,Sign_symptom,coarse,0.983231782913208,1,/content/drive/MyDrive/MACROBATT/INPUT_PDF_FILES/20671919.pdf
13,Biological_structure,Cardiac,0.9999539852142334,1,/content/drive/MyDrive/MACROBATT/INPUT_PDF_FILES/20671919.pdf
14,Diagnostic_procedure,auscultation,0.9638170003890991,1,/content/drive/MyDrive/MACROBATT/INPUT_PDF_FILES/20671919.pdf
15,Sign_symptom,cyanosis,0.999902069568634,1,/content/drive/MyDrive/MACROBATT/INPUT_PDF_FILES/20671919.pdf
16,Sign_symptom,peripheral edema,0.9999003410339355,1,/content/drive/MyDrive/MACROBATT/INPUT_PDF_FILES/20671919.pdf
17,History,no known history of smoking,0.9992773532867432,1,/content/drive/MyDrive/MACROBATT/INPUT_PDF_FILES/20671919.pdf
18,Biological_structure,pulmonary,0.9670047760009766,1,/content/drive/MyDrive/MACROBATT/INPUT_PDF_FILES/20671919.pdf
19,Detailed_description,routine,0.5637993216514587,1,/content/drive/MyDrive/MACROBATT/INPUT_PDF_FILES/20671919.pdf
20,Diagnostic_procedure,blood blood,0.9988598823547363,1,/content/drive/MyDrive/MACROBATT/INPUT_PDF_FILES/20671919.pdf
21,Diagnostic_procedure,blood blood counts,0.9999634623527527,1,/content/drive/MyDrive/MACROBATT/INPUT_PDF_FILES/20671919.pdf
22,Diagnostic_procedure,serum chemistries,0.9999275207519531,1,/content/drive/MyDrive/MACROBATT/INPUT_PDF_FILES/20671919.pdf
23,Diagnostic_procedure,Arterial blood gas analysis,0.9999593496322632,1,/content/drive/MyDrive/MACROBATT/INPUT_PDF_FILES/20671919.pdf
24,Diagnostic_procedure,echocardiography,0.9998888373374939,1,/content/drive/MyDrive/MACROBATT/INPUT_PDF_FILES/20671919.pdf
25,Diagnostic_procedure,Pulmonary function tests,0.9999467730522156,1,/content/drive/MyDrive/MACROBATT/INPUT_PDF_FILES/20671919.pdf
26,Diagnostic_procedure,PFT,0.9831217527389526,1,/content/drive/MyDrive/MACROBATT/INPUT_PDF_FILES/20671919.pdf
27,Severity,mild,0.9997859597206116,1,/content/drive/MyDrive/MACROBATT/INPUT_PDF_FILES/20671919.pdf
28,Sign_symptom,restrictive ventilatory,0.9285506010055542,1,/content/drive/MyDrive/MACROBATT/INPUT_PDF_FILES/20671919.pdf
29,Lab_value,reduced,0.9864814281463623,1,/content/drive/MyDrive/MACROBATT/INPUT_PDF_FILES/20671919.pdf
30,Diagnostic_procedure,lung,0.9998100399971008,1,/content/drive/MyDrive/MACROBATT/INPUT_PDF_FILES/20671919.pdf
31,Lab_value,79 % % %,0.9999043345451355,1,/content/drive/MyDrive/MACROBATT/INPUT_PDF_FILES/20671919.pdf
32,Diagnostic_procedure,forced forced vital capacity capacity,0.9999272227287292,1,/content/drive/MyDrive/MACROBATT/INPUT_PDF_FILES/20671919.pdf
33,Lab_value,80 % % %,0.9996814727783203,1,/content/drive/MyDrive/MACROBATT/INPUT_PDF_FILES/20671919.pdf
34,Diagnostic_procedure,forced forced expiratory volume in one second,0.9999203085899353,1,/content/drive/MyDrive/MACROBATT/INPUT_PDF_FILES/20671919.pdf
35,Lab_value,83 % % %,0.9998258352279663,1,/content/drive/MyDrive/MACROBATT/INPUT_PDF_FILES/20671919.pdf
36,Biological_structure,sputum,0.999774158000946,1,/content/drive/MyDrive/MACROBATT/INPUT_PDF_FILES/20671919.pdf
37,Lab_value,negative negative,0.9999345541000366,1,/content/drive/MyDrive/MACROBATT/INPUT_PDF_FILES/20671919.pdf
38,Diagnostic_procedure,acid-alcohol resistant bacillus,0.9998792409896851,1,/content/drive/MyDrive/MACROBATT/INPUT_PDF_FILES/20671919.pdf
39,Diagnostic_procedure,human immunodeficiency virus testing,0.9999173879623413,1,/content/drive/MyDrive/MACROBATT/INPUT_PDF_FILES/20671919.pdf
40,Diagnostic_procedure,chest plain films,0.9999067187309265,1,/content/drive/MyDrive/MACROBATT/INPUT_PDF_FILES/20671919.pdf
41,Detailed_description,diffuse,0.9998761415481567,1,/content/drive/MyDrive/MACROBATT/INPUT_PDF_FILES/20671919.pdf
42,Detailed_description,symmetric,0.9997518658638,1,/content/drive/MyDrive/MACROBATT/INPUT_PDF_FILES/20671919.pdf
43,Texture,dense,0.9836079478263855,1,/content/drive/MyDrive/MACROBATT/INPUT_PDF_FILES/20671919.pdf
44,Biological_structure,bilateral,0.999472439289093,1,/content/drive/MyDrive/MACROBATT/INPUT_PDF_FILES/20671919.pdf
45,Sign_symptom,micronodular pattern,0.9955557584762573,1,/content/drive/MyDrive/MACROBATT/INPUT_PDF_FILES/20671919.pdf
46,Diagnostic_procedure,HRCT scan,0.999788224697113,1,/content/drive/MyDrive/MACROBATT/INPUT_PDF_FILES/20671919.pdf
47,Texture,ground glass,0.9649653434753418,1,/content/drive/MyDrive/MACROBATT/INPUT_PDF_FILES/20671919.pdf
48,Biological_structure,lower pulmonary,0.9215376377105713,1,/content/drive/MyDrive/MACROBATT/INPUT_PDF_FILES/20671919.pdf
49,Sign_symptom,calcifications,0.9997591376304626,1,/content/drive/MyDrive/MACROBATT/INPUT_PDF_FILES/20671919.pdf
50,Biological_structure,interlobar septal septa,0.9924392700195312,1,/content/drive/MyDrive/MACROBATT/INPUT_PDF_FILES/20671919.pdf
51,Biological_structure,subpleural,0.9997614622116089,1,/content/drive/MyDrive/MACROBATT/INPUT_PDF_FILES/20671919.pdf
52,Biological_structure,Subpleural,0.9999382495880127,1,/content/drive/MyDrive/MACROBATT/INPUT_PDF_FILES/20671919.pdf
53,Sign_symptom,cysts,0.9999169111251831,1,/content/drive/MyDrive/MACROBATT/INPUT_PDF_FILES/20671919.pdf
54,Diagnostic_procedure,fiberoptic bronchoscopy,0.9997879266738892,1,/content/drive/MyDrive/MACROBATT/INPUT_PDF_FILES/20671919.pdf
55,Diagnostic_procedure,bronchoalveolar lavage,0.9962494373321533,1,/content/drive/MyDrive/MACROBATT/INPUT_PDF_FILES/20671919.pdf
56,Biological_structure,transbronchial,0.9946842789649963,1,/content/drive/MyDrive/MACROBATT/INPUT_PDF_FILES/20671919.pdf
57,Biological_structure,lavage fluid,0.9998577237129211,1,/content/drive/MyDrive/MACROBATT/INPUT_PDF_FILES/20671919.pdf
58,Lab_value,negative,0.999941349029541,1,/content/drive/MyDrive/MACROBATT/INPUT_PDF_FILES/20671919.pdf
59,Diagnostic_procedure,tuberculosis,0.9156227707862854,1,/content/drive/MyDrive/MACROBATT/INPUT_PDF_FILES/20671919.pdf
60,Sign_symptom,Microliths,0.9998971819877625,1,/content/drive/MyDrive/MACROBATT/INPUT_PDF_FILES/20671919.pdf
61,Diagnostic_procedure,Histology,0.9407640099525452,1,/content/drive/MyDrive/MACROBATT/INPUT_PDF_FILES/20671919.pdf
62,Shape,round,0.9449814558029175,1,/content/drive/MyDrive/MACROBATT/INPUT_PDF_FILES/20671919.pdf
63,Detailed_description,concentrically laminated,0.9756976962089539,1,/content/drive/MyDrive/MACROBATT/INPUT_PDF_FILES/20671919.pdf
64,Sign_symptom,microliths,0.9957349300384521,1,/content/drive/MyDrive/MACROBATT/INPUT_PDF_FILES/20671919.pdf
65,Biological_structure,alveoli,0.9998976588249207,1,/content/drive/MyDrive/MACROBATT/INPUT_PDF_FILES/20671919.pdf
66,Severity,slightly,0.9996299743652344,1,/content/drive/MyDrive/MACROBATT/INPUT_PDF_FILES/20671919.pdf
67,Sign_symptom,thickened interstitial,0.9792947769165039,1,/content/drive/MyDrive/MACROBATT/INPUT_PDF_FILES/20671919.pdf
68,Sign_symptom,interstitial,0.9692807197570801,1,/content/drive/MyDrive/MACROBATT/INPUT_PDF_FILES/20671919.pdf
