,Entity Group,Value,Score,Page,Pdf File
0,Age,48-year-old,0.9980624318122864,1,/content/drive/MyDrive/MACROBATT/INPUT_PDF_FILES/20977862.pdf
1,Sex,man,0.9998031258583069,1,/content/drive/MyDrive/MACROBATT/INPUT_PDF_FILES/20977862.pdf
2,Clinical_event,presented,0.9997789263725281,1,/content/drive/MyDrive/MACROBATT/INPUT_PDF_FILES/20977862.pdf
3,Nonbiological_location,hospital,0.9990543723106384,1,/content/drive/MyDrive/MACROBATT/INPUT_PDF_FILES/20977862.pdf
4,Biological_structure,intracranial,0.9999444484710693,1,/content/drive/MyDrive/MACROBATT/INPUT_PDF_FILES/20977862.pdf
5,Sign_symptom,bruits,0.9108424782752991,1,/content/drive/MyDrive/MACROBATT/INPUT_PDF_FILES/20977862.pdf
6,Biological_structure,cranial nerve,0.9999351501464844,1,/content/drive/MyDrive/MACROBATT/INPUT_PDF_FILES/20977862.pdf
7,Diagnostic_procedure,laboratory examinations,0.9997249841690063,1,/content/drive/MyDrive/MACROBATT/INPUT_PDF_FILES/20977862.pdf
8,Coreference,DVAF DVAF,0.9997747540473938,1,/content/drive/MyDrive/MACROBATT/INPUT_PDF_FILES/20977862.pdf
9,Diagnostic_procedure,conventional digital subtraction angiography,0.9999334216117859,1,/content/drive/MyDrive/MACROBATT/INPUT_PDF_FILES/20977862.pdf
10,Biological_structure,right hypoglossal canal,0.999890923500061,1,/content/drive/MyDrive/MACROBATT/INPUT_PDF_FILES/20977862.pdf
11,Coreference,DVAF,0.9996572732925415,1,/content/drive/MyDrive/MACROBATT/INPUT_PDF_FILES/20977862.pdf
12,Biological_structure,meningeal branches,0.9998664259910583,1,/content/drive/MyDrive/MACROBATT/INPUT_PDF_FILES/20977862.pdf
13,Biological_structure,bilateral ascending pharyngeal,0.9426552653312683,1,/content/drive/MyDrive/MACROBATT/INPUT_PDF_FILES/20977862.pdf
14,Biological_structure,right anterior condylar veins,0.9999008178710938,1,/content/drive/MyDrive/MACROBATT/INPUT_PDF_FILES/20977862.pdf
15,Biological_structure,The the branches the pharyngeal the right within the hypoglossal that the the,0.9998530149459839,1,/content/drive/MyDrive/MACROBATT/INPUT_PDF_FILES/20977862.pdf
16,Biological_structure,hypoglossal canal,0.965807318687439,1,/content/drive/MyDrive/MACROBATT/INPUT_PDF_FILES/20977862.pdf
17,Sign_symptom,fistulous point,0.9996569156646729,1,/content/drive/MyDrive/MACROBATT/INPUT_PDF_FILES/20977862.pdf
18,Therapeutic_procedure,Endovascular treatment,0.9331805109977722,1,/content/drive/MyDrive/MACROBATT/INPUT_PDF_FILES/20977862.pdf
19,Detailed_description,intolerable,0.9998779296875,1,/content/drive/MyDrive/MACROBATT/INPUT_PDF_FILES/20977862.pdf
20,Therapeutic_procedure,transarterial approach,0.9988720417022705,1,/content/drive/MyDrive/MACROBATT/INPUT_PDF_FILES/20977862.pdf
21,Medication,general anesthesia,0.9995195865631104,1,/content/drive/MyDrive/MACROBATT/INPUT_PDF_FILES/20977862.pdf
22,Therapeutic_procedure,biplane angiographic,0.9001002311706543,1,/content/drive/MyDrive/MACROBATT/INPUT_PDF_FILES/20977862.pdf
23,Therapeutic_procedure,Standard coaxial techniques,0.9997844696044922,1,/content/drive/MyDrive/MACROBATT/INPUT_PDF_FILES/20977862.pdf
24,Therapeutic_procedure,guide catheter was navigated,0.9996524453163147,1,/content/drive/MyDrive/MACROBATT/INPUT_PDF_FILES/20977862.pdf
25,Biological_structure,left ascendingtrawt,0.7478042840957642,1,/content/drive/MyDrive/MACROBATT/INPUT_PDF_FILES/20977862.pdf
26,Therapeutic_procedure,Marathon flow directed catheter ( ( eV3 eV3,0.9996987581253052,1,/content/drive/MyDrive/MACROBATT/INPUT_PDF_FILES/20977862.pdf
27,Therapeutic_procedure,was subsequently navigated,0.9998288154602051,1,/content/drive/MyDrive/MACROBATT/INPUT_PDF_FILES/20977862.pdf
28,Therapeutic_procedure,microcatheter was flushed,0.9997973442077637,1,/content/drive/MyDrive/MACROBATT/INPUT_PDF_FILES/20977862.pdf
29,Volume,10 mL,0.9984982013702393,1,/content/drive/MyDrive/MACROBATT/INPUT_PDF_FILES/20977862.pdf
30,Lab_value,normal,0.9996476173400879,1,/content/drive/MyDrive/MACROBATT/INPUT_PDF_FILES/20977862.pdf
31,Therapeutic_procedure,microcatheter was subsequently filled,0.9996904134750366,1,/content/drive/MyDrive/MACROBATT/INPUT_PDF_FILES/20977862.pdf
32,Medication,dimethyl sulfoxide,0.9993018507957458,1,/content/drive/MyDrive/MACROBATT/INPUT_PDF_FILES/20977862.pdf
33,Medication,DMSO,0.9990454316139221,1,/content/drive/MyDrive/MACROBATT/INPUT_PDF_FILES/20977862.pdf
34,Medication,Onyx-18,0.9987426996231079,1,/content/drive/MyDrive/MACROBATT/INPUT_PDF_FILES/20977862.pdf
35,Therapeutic_procedure,injected,0.9997673630714417,1,/content/drive/MyDrive/MACROBATT/INPUT_PDF_FILES/20977862.pdf
36,Duration,two minutes,0.9991721510887146,1,/content/drive/MyDrive/MACROBATT/INPUT_PDF_FILES/20977862.pdf
37,Therapeutic_procedure,injection was was stopped,0.99951171875,1,/content/drive/MyDrive/MACROBATT/INPUT_PDF_FILES/20977862.pdf
38,Clinical_event,follow-up,0.9995929598808289,1,/content/drive/MyDrive/MACROBATT/INPUT_PDF_FILES/20977862.pdf
39,Diagnostic_procedure,angiogram,0.9995944499969482,1,/content/drive/MyDrive/MACROBATT/INPUT_PDF_FILES/20977862.pdf
40,Sign_symptom,residual shunt,0.9998526573181152,1,/content/drive/MyDrive/MACROBATT/INPUT_PDF_FILES/20977862.pdf
41,Dosage,10 mg,0.9994137287139893,1,/content/drive/MyDrive/MACROBATT/INPUT_PDF_FILES/20977862.pdf
42,Medication,dexamethasone,0.99374920129776,1,/content/drive/MyDrive/MACROBATT/INPUT_PDF_FILES/20977862.pdf
43,Administration,intravenously,0.9990449547767639,1,/content/drive/MyDrive/MACROBATT/INPUT_PDF_FILES/20977862.pdf
44,Duration,three,0.9989990592002869,1,/content/drive/MyDrive/MACROBATT/INPUT_PDF_FILES/20977862.pdf
45,Date,second day after endovascular,0.9995524287223816,1,/content/drive/MyDrive/MACROBATT/INPUT_PDF_FILES/20977862.pdf
46,Sign_symptom,difficulty moving his tongue,0.9998874664306641,1,/content/drive/MyDrive/MACROBATT/INPUT_PDF_FILES/20977862.pdf
47,Biological_structure,Cranial nerve nerve,0.9999241828918457,1,/content/drive/MyDrive/MACROBATT/INPUT_PDF_FILES/20977862.pdf
48,Diagnostic_procedure,examination,0.9999547004699707,1,/content/drive/MyDrive/MACROBATT/INPUT_PDF_FILES/20977862.pdf
49,Coreference,right,0.6695375442504883,1,/content/drive/MyDrive/MACROBATT/INPUT_PDF_FILES/20977862.pdf
50,Clinical_event,discharged,0.9998524188995361,1,/content/drive/MyDrive/MACROBATT/INPUT_PDF_FILES/20977862.pdf
51,Date,four days after treatment,0.9998237490653992,1,/content/drive/MyDrive/MACROBATT/INPUT_PDF_FILES/20977862.pdf
52,Medication,continuative,0.9992716908454895,1,/content/drive/MyDrive/MACROBATT/INPUT_PDF_FILES/20977862.pdf
53,Medication,continuative pharmacotherapy,0.7738603353500366,1,/content/drive/MyDrive/MACROBATT/INPUT_PDF_FILES/20977862.pdf
54,Lab_value,tongue tongue deviated toward the right right-sided,0.9998226761817932,1,/content/drive/MyDrive/MACROBATT/INPUT_PDF_FILES/20977862.pdf
55,Detailed_description,marked,0.9999575614929199,1,/content/drive/MyDrive/MACROBATT/INPUT_PDF_FILES/20977862.pdf
56,Detailed_description,right-sided,0.9938519597053528,1,/content/drive/MyDrive/MACROBATT/INPUT_PDF_FILES/20977862.pdf
57,Sign_symptom,hemiatrophy,0.9998721480369568,1,/content/drive/MyDrive/MACROBATT/INPUT_PDF_FILES/20977862.pdf
58,Biological_structure,cranial nerve nerve,0.9999344944953918,1,/content/drive/MyDrive/MACROBATT/INPUT_PDF_FILES/20977862.pdf
59,Diagnostic_procedure,examation,0.9993667006492615,1,/content/drive/MyDrive/MACROBATT/INPUT_PDF_FILES/20977862.pdf
60,Coreference,right hypoglossal nerve nerve palsy,0.9947496056556702,1,/content/drive/MyDrive/MACROBATT/INPUT_PDF_FILES/20977862.pdf
61,Diagnostic_procedure,vocal cord evaluation,0.9999430775642395,1,/content/drive/MyDrive/MACROBATT/INPUT_PDF_FILES/20977862.pdf
62,Subject,ENT specialist,0.9599197506904602,1,/content/drive/MyDrive/MACROBATT/INPUT_PDF_FILES/20977862.pdf
63,Biological_structure,Vocal cord,0.9998732805252075,1,/content/drive/MyDrive/MACROBATT/INPUT_PDF_FILES/20977862.pdf
64,Sign_symptom,paralysis,0.9995502829551697,1,/content/drive/MyDrive/MACROBATT/INPUT_PDF_FILES/20977862.pdf
65,Biological_structure,vagus,0.9552077651023865,1,/content/drive/MyDrive/MACROBATT/INPUT_PDF_FILES/20977862.pdf
66,Medication,Oral Vitamin B12,0.9995718598365784,1,/content/drive/MyDrive/MACROBATT/INPUT_PDF_FILES/20977862.pdf
