,Entity Group,Value,Score,Page,Pdf File
0,Age,41-year-old,0.9983649253845215,1,/content/drive/MyDrive/MACROBATT/INPUT_PDF_FILES/21067996.pdf
1,Sex,man,0.9998008608818054,1,/content/drive/MyDrive/MACROBATT/INPUT_PDF_FILES/21067996.pdf
2,Sign_symptom,weight,0.9973980188369751,1,/content/drive/MyDrive/MACROBATT/INPUT_PDF_FILES/21067996.pdf
3,Biological_structure,abdominal abdominal intraabdominal,0.9999412298202515,1,/content/drive/MyDrive/MACROBATT/INPUT_PDF_FILES/21067996.pdf
4,Sign_symptom,pain,0.9999537467956543,1,/content/drive/MyDrive/MACROBATT/INPUT_PDF_FILES/21067996.pdf
5,Clinical_event,referred,0.9998317956924438,1,/content/drive/MyDrive/MACROBATT/INPUT_PDF_FILES/21067996.pdf
6,Biological_structure,abdomen,0.9999165534973145,1,/content/drive/MyDrive/MACROBATT/INPUT_PDF_FILES/21067996.pdf
7,Nonbiological_location,institution,0.9982483386993408,1,/content/drive/MyDrive/MACROBATT/INPUT_PDF_FILES/21067996.pdf
8,Detailed_description,standard,0.9996739625930786,1,/content/drive/MyDrive/MACROBATT/INPUT_PDF_FILES/21067996.pdf
9,Detailed_description,venous phase,0.9677332639694214,1,/content/drive/MyDrive/MACROBATT/INPUT_PDF_FILES/21067996.pdf
10,Administration,Following ingestion using,0.9988670349121094,1,/content/drive/MyDrive/MACROBATT/INPUT_PDF_FILES/21067996.pdf
11,Diagnostic_procedure,positive oral contrast,0.9962690472602844,1,/content/drive/MyDrive/MACROBATT/INPUT_PDF_FILES/21067996.pdf
12,Medication,barium sulfate,0.9697811603546143,1,/content/drive/MyDrive/MACROBATT/INPUT_PDF_FILES/21067996.pdf
13,Administration,injection,0.9978920817375183,1,/content/drive/MyDrive/MACROBATT/INPUT_PDF_FILES/21067996.pdf
14,Dosage,125 ml,0.998818039894104,1,/content/drive/MyDrive/MACROBATT/INPUT_PDF_FILES/21067996.pdf
15,Medication,iopromide,0.9178175330162048,1,/content/drive/MyDrive/MACROBATT/INPUT_PDF_FILES/21067996.pdf
16,Dosage,300 mg I/mL,0.9992498159408569,1,/content/drive/MyDrive/MACROBATT/INPUT_PDF_FILES/21067996.pdf
17,Detailed_description,helical,0.9998383522033691,1,/content/drive/MyDrive/MACROBATT/INPUT_PDF_FILES/21067996.pdf
18,Coreference,CT VCT,0.998210072517395,1,/content/drive/MyDrive/MACROBATT/INPUT_PDF_FILES/21067996.pdf
19,Detailed_description,65-s delays,0.9984332323074341,1,/content/drive/MyDrive/MACROBATT/INPUT_PDF_FILES/21067996.pdf
20,Detailed_description,64-slice,0.9976264834403992,1,/content/drive/MyDrive/MACROBATT/INPUT_PDF_FILES/21067996.pdf
21,Detailed_description,Lightspeed,0.7418302297592163,1,/content/drive/MyDrive/MACROBATT/INPUT_PDF_FILES/21067996.pdf
22,Diagnostic_procedure,VCT,0.9113351702690125,1,/content/drive/MyDrive/MACROBATT/INPUT_PDF_FILES/21067996.pdf
23,Diagnostic_procedure,Axial sections,0.9999486207962036,1,/content/drive/MyDrive/MACROBATT/INPUT_PDF_FILES/21067996.pdf
24,Lab_value,large,0.9418830275535583,1,/content/drive/MyDrive/MACROBATT/INPUT_PDF_FILES/21067996.pdf
25,Volume,18×22×22 cm,0.9896883964538574,1,/content/drive/MyDrive/MACROBATT/INPUT_PDF_FILES/21067996.pdf
26,Detailed_description,heterogeneous,0.9999690055847168,1,/content/drive/MyDrive/MACROBATT/INPUT_PDF_FILES/21067996.pdf
27,Biological_structure,retroperitoneal,0.9722803235054016,1,/content/drive/MyDrive/MACROBATT/INPUT_PDF_FILES/21067996.pdf
28,Sign_symptom,mass,0.9999459981918335,1,/content/drive/MyDrive/MACROBATT/INPUT_PDF_FILES/21067996.pdf
29,Biological_structure,left adrenal gland,0.9999448657035828,1,/content/drive/MyDrive/MACROBATT/INPUT_PDF_FILES/21067996.pdf
30,Detailed_description,multiple areas of of macroscopic fat,0.9998980164527893,1,/content/drive/MyDrive/MACROBATT/INPUT_PDF_FILES/21067996.pdf
31,History,no documented clinical or laboratory hormonal laboratory evidence,0.986985445022583,1,/content/drive/MyDrive/MACROBATT/INPUT_PDF_FILES/21067996.pdf
32,History,adrenal hormonal,0.9365037083625793,1,/content/drive/MyDrive/MACROBATT/INPUT_PDF_FILES/21067996.pdf
33,Therapeutic_procedure,surgical resection,0.9997889995574951,1,/content/drive/MyDrive/MACROBATT/INPUT_PDF_FILES/21067996.pdf
34,Biological_structure,left adrenal,0.999889612197876,1,/content/drive/MyDrive/MACROBATT/INPUT_PDF_FILES/21067996.pdf
35,Diagnostic_procedure,pathologic examination,0.999346137046814,1,/content/drive/MyDrive/MACROBATT/INPUT_PDF_FILES/21067996.pdf
36,Severity,low-grade,0.9618422389030457,1,/content/drive/MyDrive/MACROBATT/INPUT_PDF_FILES/21067996.pdf
