,Entity Group,Value,Score,Page,Pdf File
0,Age,48 year-old,0.9985901713371277,1,/content/drive/MyDrive/MACROBATT/INPUT_PDF_FILES/21129213.pdf
1,Sex,female,0.9997310042381287,1,/content/drive/MyDrive/MACROBATT/INPUT_PDF_FILES/21129213.pdf
2,Clinical_event,presented,0.9997605681419373,1,/content/drive/MyDrive/MACROBATT/INPUT_PDF_FILES/21129213.pdf
3,Biological_structure,vaginal,0.9840996265411377,1,/content/drive/MyDrive/MACROBATT/INPUT_PDF_FILES/21129213.pdf
4,Sign_symptom,bleeding,0.9999426603317261,1,/content/drive/MyDrive/MACROBATT/INPUT_PDF_FILES/21129213.pdf
5,Lab_value,abnormal,0.9997832179069519,1,/content/drive/MyDrive/MACROBATT/INPUT_PDF_FILES/21129213.pdf
6,Diagnostic_procedure,Pap,0.9995235204696655,1,/content/drive/MyDrive/MACROBATT/INPUT_PDF_FILES/21129213.pdf
7,Detailed_description,invasive,0.9999713897705078,1,/content/drive/MyDrive/MACROBATT/INPUT_PDF_FILES/21129213.pdf
8,Detailed_description,non-keratinizing,0.9999669790267944,1,/content/drive/MyDrive/MACROBATT/INPUT_PDF_FILES/21129213.pdf
9,Disease_disorder,SCC,0.9998378753662109,1,/content/drive/MyDrive/MACROBATT/INPUT_PDF_FILES/21129213.pdf
10,Detailed_description,radical,0.9999691247940063,1,/content/drive/MyDrive/MACROBATT/INPUT_PDF_FILES/21129213.pdf
11,Therapeutic_procedure,the she hysterectomy with salpingo-oophorectomy which the lymph the,0.9999260902404785,1,/content/drive/MyDrive/MACROBATT/INPUT_PDF_FILES/21129213.pdf
12,Therapeutic_procedure,hysterectomy,0.9079248309135437,1,/content/drive/MyDrive/MACROBATT/INPUT_PDF_FILES/21129213.pdf
13,Therapeutic_procedure,salpingo-oophorectomy,0.9999071359634399,1,/content/drive/MyDrive/MACROBATT/INPUT_PDF_FILES/21129213.pdf
14,Lab_value,positive,0.9999532699584961,1,/content/drive/MyDrive/MACROBATT/INPUT_PDF_FILES/21129213.pdf
15,Biological_structure,pelvic lymph nodes,0.9843322038650513,1,/content/drive/MyDrive/MACROBATT/INPUT_PDF_FILES/21129213.pdf
16,Diagnostic_procedure,Pathological,0.998773992061615,1,/content/drive/MyDrive/MACROBATT/INPUT_PDF_FILES/21129213.pdf
17,Diagnostic_procedure,examination,0.9995594620704651,1,/content/drive/MyDrive/MACROBATT/INPUT_PDF_FILES/21129213.pdf
18,Coreference,tumour,0.9994956254959106,1,/content/drive/MyDrive/MACROBATT/INPUT_PDF_FILES/21129213.pdf
19,Biological_structure,lower,0.999458372592926,1,/content/drive/MyDrive/MACROBATT/INPUT_PDF_FILES/21129213.pdf
20,Biological_structure,uterine,0.8165098428726196,1,/content/drive/MyDrive/MACROBATT/INPUT_PDF_FILES/21129213.pdf
21,Date,5 months after,0.9998432993888855,1,/content/drive/MyDrive/MACROBATT/INPUT_PDF_FILES/21129213.pdf
22,Detailed_description,external beam,0.999914288520813,1,/content/drive/MyDrive/MACROBATT/INPUT_PDF_FILES/21129213.pdf
23,Therapeutic_procedure,radiotherapy,0.9996828436851501,1,/content/drive/MyDrive/MACROBATT/INPUT_PDF_FILES/21129213.pdf
24,Detailed_description,intracavitary,0.9993479251861572,1,/content/drive/MyDrive/MACROBATT/INPUT_PDF_FILES/21129213.pdf
25,Therapeutic_procedure,brachytherapy,0.9995095729827881,1,/content/drive/MyDrive/MACROBATT/INPUT_PDF_FILES/21129213.pdf
26,Date,Two years,0.8262452483177185,1,/content/drive/MyDrive/MACROBATT/INPUT_PDF_FILES/21129213.pdf
27,Duration,three-month,0.9995453953742981,1,/content/drive/MyDrive/MACROBATT/INPUT_PDF_FILES/21129213.pdf
28,Detailed_description,productive,0.9906086921691895,1,/content/drive/MyDrive/MACROBATT/INPUT_PDF_FILES/21129213.pdf
29,Sign_symptom,shortness,0.9994722008705139,1,/content/drive/MyDrive/MACROBATT/INPUT_PDF_FILES/21129213.pdf
30,Duration,2-3 week,0.9994581341743469,1,/content/drive/MyDrive/MACROBATT/INPUT_PDF_FILES/21129213.pdf
31,Detailed_description,progressive,0.9999771118164062,1,/content/drive/MyDrive/MACROBATT/INPUT_PDF_FILES/21129213.pdf
32,Detailed_description,exertional,0.9999756813049316,1,/content/drive/MyDrive/MACROBATT/INPUT_PDF_FILES/21129213.pdf
33,Sign_symptom,presented productive and dyspnea,0.9997199177742004,1,/content/drive/MyDrive/MACROBATT/INPUT_PDF_FILES/21129213.pdf
34,Diagnostic_procedure,X-rays,0.9999465942382812,1,/content/drive/MyDrive/MACROBATT/INPUT_PDF_FILES/21129213.pdf
35,Biological_structure,chest,0.999858021736145,1,/content/drive/MyDrive/MACROBATT/INPUT_PDF_FILES/21129213.pdf
36,Diagnostic_procedure,CT scans,0.999947726726532,1,/content/drive/MyDrive/MACROBATT/INPUT_PDF_FILES/21129213.pdf
37,Detailed_description,bilateral patchy areas areas,0.9977173805236816,1,/content/drive/MyDrive/MACROBATT/INPUT_PDF_FILES/21129213.pdf
38,Texture,ground glass opacity,0.9933784604072571,1,/content/drive/MyDrive/MACROBATT/INPUT_PDF_FILES/21129213.pdf
39,Sign_symptom,scarring,0.9999467134475708,1,/content/drive/MyDrive/MACROBATT/INPUT_PDF_FILES/21129213.pdf
40,Detailed_description,subsegmental,0.999974250793457,1,/content/drive/MyDrive/MACROBATT/INPUT_PDF_FILES/21129213.pdf
41,Sign_symptom,atelectasis,0.9947784543037415,1,/content/drive/MyDrive/MACROBATT/INPUT_PDF_FILES/21129213.pdf
42,Lab_value,both,0.8517633676528931,1,/content/drive/MyDrive/MACROBATT/INPUT_PDF_FILES/21129213.pdf
43,Detailed_description,interstitial,0.9999219179153442,1,/content/drive/MyDrive/MACROBATT/INPUT_PDF_FILES/21129213.pdf
44,Disease_disorder,pneumonia,0.9979819059371948,1,/content/drive/MyDrive/MACROBATT/INPUT_PDF_FILES/21129213.pdf
45,Diagnostic_procedure,bronchoscopy,0.9998482465744019,1,/content/drive/MyDrive/MACROBATT/INPUT_PDF_FILES/21129213.pdf
46,Diagnostic_procedure,bronchoscopy thoracoscopy,0.7802244424819946,1,/content/drive/MyDrive/MACROBATT/INPUT_PDF_FILES/21129213.pdf
47,Detailed_description,left left,0.9728360772132874,1,/content/drive/MyDrive/MACROBATT/INPUT_PDF_FILES/21129213.pdf
48,Diagnostic_procedure,thoracoscopy,0.7599244117736816,1,/content/drive/MyDrive/MACROBATT/INPUT_PDF_FILES/21129213.pdf
49,Detailed_description,open wedge,0.9998151063919067,1,/content/drive/MyDrive/MACROBATT/INPUT_PDF_FILES/21129213.pdf
50,Biological_structure,lung,0.9999287128448486,1,/content/drive/MyDrive/MACROBATT/INPUT_PDF_FILES/21129213.pdf
51,Diagnostic_procedure,Pathological examination,0.9964993596076965,1,/content/drive/MyDrive/MACROBATT/INPUT_PDF_FILES/21129213.pdf
52,Detailed_description,left,0.9994592070579529,1,/content/drive/MyDrive/MACROBATT/INPUT_PDF_FILES/21129213.pdf
53,Coreference,biopsy,0.9342270493507385,1,/content/drive/MyDrive/MACROBATT/INPUT_PDF_FILES/21129213.pdf
54,Sign_symptom,neoplastic sheets of of of cells,0.9989783763885498,1,/content/drive/MyDrive/MACROBATT/INPUT_PDF_FILES/21129213.pdf
55,Biological_structure,perivascular peribronchial,0.8409019112586975,1,/content/drive/MyDrive/MACROBATT/INPUT_PDF_FILES/21129213.pdf
56,Biological_structure,perivascular,0.6049674153327942,1,/content/drive/MyDrive/MACROBATT/INPUT_PDF_FILES/21129213.pdf
57,Biological_structure,distributed peribronchial,0.9462308287620544,1,/content/drive/MyDrive/MACROBATT/INPUT_PDF_FILES/21129213.pdf
58,Biological_structure,peribronchial,0.9154278039932251,1,/content/drive/MyDrive/MACROBATT/INPUT_PDF_FILES/21129213.pdf
59,Biological_structure,subpleural,0.9995900988578796,1,/content/drive/MyDrive/MACROBATT/INPUT_PDF_FILES/21129213.pdf
60,Biological_structure,Subpleural,0.8479149341583252,1,/content/drive/MyDrive/MACROBATT/INPUT_PDF_FILES/21129213.pdf
61,Biological_structure,Subpleural subpleural,0.9997208714485168,1,/content/drive/MyDrive/MACROBATT/INPUT_PDF_FILES/21129213.pdf
62,Sign_symptom,nodules,0.9953638315200806,1,/content/drive/MyDrive/MACROBATT/INPUT_PDF_FILES/21129213.pdf
63,Coreference,neoplastic cells,0.9496859312057495,1,/content/drive/MyDrive/MACROBATT/INPUT_PDF_FILES/21129213.pdf
64,Biological_structure,lymphatics,0.9998008012771606,1,/content/drive/MyDrive/MACROBATT/INPUT_PDF_FILES/21129213.pdf
65,Diagnostic_procedure,immunohistochemical,0.9928675889968872,1,/content/drive/MyDrive/MACROBATT/INPUT_PDF_FILES/21129213.pdf
66,Diagnostic_procedure,positive p16 pan p63,0.9999654293060303,1,/content/drive/MyDrive/MACROBATT/INPUT_PDF_FILES/21129213.pdf
67,Diagnostic_procedure,p16,0.9992187023162842,1,/content/drive/MyDrive/MACROBATT/INPUT_PDF_FILES/21129213.pdf
68,Diagnostic_procedure,high and and and and low molecular weight keratins,0.9999232888221741,1,/content/drive/MyDrive/MACROBATT/INPUT_PDF_FILES/21129213.pdf
69,Diagnostic_procedure,cytokeratin-7,0.9995618462562561,1,/content/drive/MyDrive/MACROBATT/INPUT_PDF_FILES/21129213.pdf
70,Diagnostic_procedure,CK7 CK19 CK20,0.9982140064239502,1,/content/drive/MyDrive/MACROBATT/INPUT_PDF_FILES/21129213.pdf
71,Diagnostic_procedure,pan,0.9997802376747131,1,/content/drive/MyDrive/MACROBATT/INPUT_PDF_FILES/21129213.pdf
72,Lab_value,negative,0.9999433755874634,1,/content/drive/MyDrive/MACROBATT/INPUT_PDF_FILES/21129213.pdf
73,Diagnostic_procedure,1E EGFR,0.9992687106132507,1,/content/drive/MyDrive/MACROBATT/INPUT_PDF_FILES/21129213.pdf
74,Disease_disorder,lymphangitic carcinomatosis,0.970264732837677,1,/content/drive/MyDrive/MACROBATT/INPUT_PDF_FILES/21129213.pdf
75,Sign_symptom,metastatic,0.9999486207962036,1,/content/drive/MyDrive/MACROBATT/INPUT_PDF_FILES/21129213.pdf
76,Medication,chemotherapy,0.9998874664306641,1,/content/drive/MyDrive/MACROBATT/INPUT_PDF_FILES/21129213.pdf
77,Medication,Carbo/Taxol,0.953871488571167,1,/content/drive/MyDrive/MACROBATT/INPUT_PDF_FILES/21129213.pdf
78,Medication,corticosteroids,0.9581301212310791,1,/content/drive/MyDrive/MACROBATT/INPUT_PDF_FILES/21129213.pdf
79,Clinical_event,discharged,0.9992730021476746,1,/content/drive/MyDrive/MACROBATT/INPUT_PDF_FILES/21129213.pdf
80,Date,ten days,0.9998160600662231,1,/content/drive/MyDrive/MACROBATT/INPUT_PDF_FILES/21129213.pdf
81,Lab_value,improvement improvement,0.9997113347053528,1,/content/drive/MyDrive/MACROBATT/INPUT_PDF_FILES/21129213.pdf
82,Sign_symptom,clinical symptoms,0.9998946189880371,1,/content/drive/MyDrive/MACROBATT/INPUT_PDF_FILES/21129213.pdf
83,Diagnostic_procedure,radiographic imaging,0.9481993317604065,1,/content/drive/MyDrive/MACROBATT/INPUT_PDF_FILES/21129213.pdf
84,Sign_symptom,nodular opacifications,0.9996459484100342,1,/content/drive/MyDrive/MACROBATT/INPUT_PDF_FILES/21129213.pdf
85,Outcome,died,0.9914889335632324,1,/content/drive/MyDrive/MACROBATT/INPUT_PDF_FILES/21129213.pdf
86,Date,13 months after,0.9998733401298523,1,/content/drive/MyDrive/MACROBATT/INPUT_PDF_FILES/21129213.pdf
