,Entity Group,Value,Score,Page,Pdf File
0,Age,27 years years old,0.9960205554962158,1,/content/drive/MyDrive/MACROBATT/INPUT_PDF_FILES/21254744.pdf
1,History,right,0.9607993960380554,1,/content/drive/MyDrive/MACROBATT/INPUT_PDF_FILES/21254744.pdf
2,Clinical_event,admitted,0.9872305989265442,1,/content/drive/MyDrive/MACROBATT/INPUT_PDF_FILES/21254744.pdf
3,Duration,27 2 years years,0.9996483325958252,1,/content/drive/MyDrive/MACROBATT/INPUT_PDF_FILES/21254744.pdf
4,Detailed_description,very frequent,0.9739947319030762,1,/content/drive/MyDrive/MACROBATT/INPUT_PDF_FILES/21254744.pdf
5,Detailed_description,gelastic,0.9999247789382935,1,/content/drive/MyDrive/MACROBATT/INPUT_PDF_FILES/21254744.pdf
6,Sign_symptom,warmth,0.9999223947525024,1,/content/drive/MyDrive/MACROBATT/INPUT_PDF_FILES/21254744.pdf
7,Biological_structure,face,0.9997490048408508,1,/content/drive/MyDrive/MACROBATT/INPUT_PDF_FILES/21254744.pdf
8,Sign_symptom,dizziness,0.9999547004699707,1,/content/drive/MyDrive/MACROBATT/INPUT_PDF_FILES/21254744.pdf
9,Sign_symptom,seizure,0.9999140501022339,1,/content/drive/MyDrive/MACROBATT/INPUT_PDF_FILES/21254744.pdf
10,Detailed_description,Some,0.9976025223731995,1,/content/drive/MyDrive/MACROBATT/INPUT_PDF_FILES/21254744.pdf
11,Sign_symptom,seizures seizures,0.9999388456344604,1,/content/drive/MyDrive/MACROBATT/INPUT_PDF_FILES/21254744.pdf
12,Detailed_description,brief,0.9994538426399231,1,/content/drive/MyDrive/MACROBATT/INPUT_PDF_FILES/21254744.pdf
13,Sign_symptom,laughter laughter,0.9997692704200745,1,/content/drive/MyDrive/MACROBATT/INPUT_PDF_FILES/21254744.pdf
14,Sign_symptom,seizures seizure seizures,0.9999090433120728,1,/content/drive/MyDrive/MACROBATT/INPUT_PDF_FILES/21254744.pdf
15,Detailed_description,sudden,0.9999464750289917,1,/content/drive/MyDrive/MACROBATT/INPUT_PDF_FILES/21254744.pdf
16,Sign_symptom,impairment of of of of often of his his consciousness,0.9985731840133667,1,/content/drive/MyDrive/MACROBATT/INPUT_PDF_FILES/21254744.pdf
17,History,no previous past medical or history social history,0.9998818635940552,1,/content/drive/MyDrive/MACROBATT/INPUT_PDF_FILES/21254744.pdf
18,History,smoker,0.9987584352493286,1,/content/drive/MyDrive/MACROBATT/INPUT_PDF_FILES/21254744.pdf
19,Quantitative_concept,10–15 cigarettes per,0.9108530282974243,1,/content/drive/MyDrive/MACROBATT/INPUT_PDF_FILES/21254744.pdf
20,Sign_symptom,seizures seizures/day,0.999913215637207,1,/content/drive/MyDrive/MACROBATT/INPUT_PDF_FILES/21254744.pdf
21,Detailed_description,low,0.5084002614021301,1,/content/drive/MyDrive/MACROBATT/INPUT_PDF_FILES/21254744.pdf
22,Detailed_description,increased progressively over time time,0.9986782670021057,1,/content/drive/MyDrive/MACROBATT/INPUT_PDF_FILES/21254744.pdf
23,Quantitative_concept,8–10,0.5194988250732422,1,/content/drive/MyDrive/MACROBATT/INPUT_PDF_FILES/21254744.pdf
24,Therapeutic_procedure,anti– epileptic treatment,0.9975175261497498,1,/content/drive/MyDrive/MACROBATT/INPUT_PDF_FILES/21254744.pdf
25,Clinical_event,admission,0.9988242983818054,1,/content/drive/MyDrive/MACROBATT/INPUT_PDF_FILES/21254744.pdf
26,Medication,Keppra,0.9998846054077148,1,/content/drive/MyDrive/MACROBATT/INPUT_PDF_FILES/21254744.pdf
27,Medication,Keppra Levetiracetam,0.6511950492858887,1,/content/drive/MyDrive/MACROBATT/INPUT_PDF_FILES/21254744.pdf
28,Medication,Levetiracetam,0.999852180480957,1,/content/drive/MyDrive/MACROBATT/INPUT_PDF_FILES/21254744.pdf
29,Dosage,3 3 x x 250 mg/day mg/day,0.9359690546989441,1,/content/drive/MyDrive/MACROBATT/INPUT_PDF_FILES/21254744.pdf
30,Medication,Phenytoin,0.9784694910049438,1,/content/drive/MyDrive/MACROBATT/INPUT_PDF_FILES/21254744.pdf
31,Dosage,3 3,0.9799758791923523,1,/content/drive/MyDrive/MACROBATT/INPUT_PDF_FILES/21254744.pdf
32,Nonbiological_location,Neurology Electrophysiology Department,0.9992415904998779,1,/content/drive/MyDrive/MACROBATT/INPUT_PDF_FILES/21254744.pdf
33,Clinical_event,assistance,0.9993773102760315,1,/content/drive/MyDrive/MACROBATT/INPUT_PDF_FILES/21254744.pdf
34,Sign_symptom,seizures,0.9998670816421509,1,/content/drive/MyDrive/MACROBATT/INPUT_PDF_FILES/21254744.pdf
35,Diagnostic_procedure,Video–EEG,0.9997671842575073,1,/content/drive/MyDrive/MACROBATT/INPUT_PDF_FILES/21254744.pdf
36,Diagnostic_procedure,neurological examination,0.9998564720153809,1,/content/drive/MyDrive/MACROBATT/INPUT_PDF_FILES/21254744.pdf
37,Detailed_description,minimal,0.9632174968719482,1,/content/drive/MyDrive/MACROBATT/INPUT_PDF_FILES/21254744.pdf
38,Detailed_description,hypodense,0.9573723077774048,1,/content/drive/MyDrive/MACROBATT/INPUT_PDF_FILES/21254744.pdf
39,Biological_structure,frontal right right paramedian,0.9999326467514038,1,/content/drive/MyDrive/MACROBATT/INPUT_PDF_FILES/21254744.pdf
40,Sign_symptom,lesion lesion perilesional,0.9999552965164185,1,/content/drive/MyDrive/MACROBATT/INPUT_PDF_FILES/21254744.pdf
41,Biological_structure,cerebral,0.9999663829803467,1,/content/drive/MyDrive/MACROBATT/INPUT_PDF_FILES/21254744.pdf
42,Diagnostic_procedure,MRI,0.9999591112136841,1,/content/drive/MyDrive/MACROBATT/INPUT_PDF_FILES/21254744.pdf
43,Detailed_description,small,0.9999176263809204,1,/content/drive/MyDrive/MACROBATT/INPUT_PDF_FILES/21254744.pdf
44,Detailed_description,right right parenchymal,0.6982147693634033,1,/content/drive/MyDrive/MACROBATT/INPUT_PDF_FILES/21254744.pdf
45,Detailed_description,homogeneous,0.9999631643295288,1,/content/drive/MyDrive/MACROBATT/INPUT_PDF_FILES/21254744.pdf
46,Volume,16/22/15mm,0.9188125729560852,1,/content/drive/MyDrive/MACROBATT/INPUT_PDF_FILES/21254744.pdf
47,Detailed_description,well,0.5491971373558044,1,/content/drive/MyDrive/MACROBATT/INPUT_PDF_FILES/21254744.pdf
48,Biological_structure,Diagnosis right Figure Figure right homogeneous involving gyrus cinguli non–enhancing,0.9799373745918274,1,/content/drive/MyDrive/MACROBATT/INPUT_PDF_FILES/21254744.pdf
49,Biological_structure,homogeneous gyrus,0.5620381236076355,1,/content/drive/MyDrive/MACROBATT/INPUT_PDF_FILES/21254744.pdf
50,Sign_symptom,perilesional hyperintense,0.9449778199195862,1,/content/drive/MyDrive/MACROBATT/INPUT_PDF_FILES/21254744.pdf
51,Sign_symptom,perilesional,0.9912868738174438,1,/content/drive/MyDrive/MACROBATT/INPUT_PDF_FILES/21254744.pdf
52,Sign_symptom,edema,0.963958740234375,1,/content/drive/MyDrive/MACROBATT/INPUT_PDF_FILES/21254744.pdf
53,Sign_symptom,mass,0.9956894516944885,1,/content/drive/MyDrive/MACROBATT/INPUT_PDF_FILES/21254744.pdf
54,Detailed_description,hyperintense,0.7181217074394226,1,/content/drive/MyDrive/MACROBATT/INPUT_PDF_FILES/21254744.pdf
55,Detailed_description,both,0.9905907511711121,1,/content/drive/MyDrive/MACROBATT/INPUT_PDF_FILES/21254744.pdf
56,Detailed_description,T1 and and T2 MRI MR,0.9586378931999207,1,/content/drive/MyDrive/MACROBATT/INPUT_PDF_FILES/21254744.pdf
57,Detailed_description,non–enhancing,0.9984965324401855,1,/content/drive/MyDrive/MACROBATT/INPUT_PDF_FILES/21254744.pdf
58,Sign_symptom,lesion,0.9999445676803589,1,/content/drive/MyDrive/MACROBATT/INPUT_PDF_FILES/21254744.pdf
59,Sign_symptom,lesion vascularisation,0.9999309778213501,1,/content/drive/MyDrive/MACROBATT/INPUT_PDF_FILES/21254744.pdf
60,Diagnostic_procedure,EEG video–EEG,0.9998217225074768,1,/content/drive/MyDrive/MACROBATT/INPUT_PDF_FILES/21254744.pdf
61,Detailed_description,medio–frontal origin,0.999447226524353,1,/content/drive/MyDrive/MACROBATT/INPUT_PDF_FILES/21254744.pdf
62,Detailed_description,rare interictal epileptiform elements,0.9997941255569458,1,/content/drive/MyDrive/MACROBATT/INPUT_PDF_FILES/21254744.pdf
63,Biological_structure,interhemispheric,0.9769411087036133,1,/content/drive/MyDrive/MACROBATT/INPUT_PDF_FILES/21254744.pdf
64,Therapeutic_procedure,microsurgical,0.941844642162323,1,/content/drive/MyDrive/MACROBATT/INPUT_PDF_FILES/21254744.pdf
65,Biological_structure,above the the the corpus callosum,0.9999276995658875,1,/content/drive/MyDrive/MACROBATT/INPUT_PDF_FILES/21254744.pdf
66,Biological_structure,right pericallosal,0.9972081184387207,1,/content/drive/MyDrive/MACROBATT/INPUT_PDF_FILES/21254744.pdf
67,Biological_structure,gyrus cinguli,0.9669287204742432,1,/content/drive/MyDrive/MACROBATT/INPUT_PDF_FILES/21254744.pdf
68,Color,yellow–gray,0.823514461517334,1,/content/drive/MyDrive/MACROBATT/INPUT_PDF_FILES/21254744.pdf
69,Detailed_description,infiltrative,0.9881569743156433,1,/content/drive/MyDrive/MACROBATT/INPUT_PDF_FILES/21254744.pdf
70,Severity,moderate,0.9997854828834534,1,/content/drive/MyDrive/MACROBATT/INPUT_PDF_FILES/21254744.pdf
71,Detailed_description,vascularisation,0.9727920293807983,1,/content/drive/MyDrive/MACROBATT/INPUT_PDF_FILES/21254744.pdf
72,Diagnostic_procedure,anatomo–pathological analysis,0.999951958656311,1,/content/drive/MyDrive/MACROBATT/INPUT_PDF_FILES/21254744.pdf
73,Lab_value,grade Ⅱ,0.8994312286376953,1,/content/drive/MyDrive/MACROBATT/INPUT_PDF_FILES/21254744.pdf
74,Sign_symptom,astrocytoma,0.5548824667930603,1,/content/drive/MyDrive/MACROBATT/INPUT_PDF_FILES/21254744.pdf
75,Sign_symptom,recovered,0.9995813965797424,1,/content/drive/MyDrive/MACROBATT/INPUT_PDF_FILES/21254744.pdf
76,Sign_symptom,deficits,0.9796926975250244,1,/content/drive/MyDrive/MACROBATT/INPUT_PDF_FILES/21254744.pdf
77,Sign_symptom,epileptic,0.9994484782218933,1,/content/drive/MyDrive/MACROBATT/INPUT_PDF_FILES/21254744.pdf
78,Date,three months after,0.9977430701255798,1,/content/drive/MyDrive/MACROBATT/INPUT_PDF_FILES/21254744.pdf
79,Sign_symptom,tumor,0.9997932314872742,1,/content/drive/MyDrive/MACROBATT/INPUT_PDF_FILES/21254744.pdf
