,Entity Group,Value,Score,Page,Pdf File
0,Age,3-year-old,0.9974647760391235,1,/content/drive/MyDrive/MACROBATT/INPUT_PDF_FILES/21308977.pdf
1,Sex,girl,0.9993540644645691,1,/content/drive/MyDrive/MACROBATT/INPUT_PDF_FILES/21308977.pdf
2,Diagnostic_procedure,VACTERL,0.9789412021636963,1,/content/drive/MyDrive/MACROBATT/INPUT_PDF_FILES/21308977.pdf
3,Lab_value,absent,0.9620052576065063,1,/content/drive/MyDrive/MACROBATT/INPUT_PDF_FILES/21308977.pdf
4,Biological_structure,supernumerary,0.6886271238327026,1,/content/drive/MyDrive/MACROBATT/INPUT_PDF_FILES/21308977.pdf
5,Detailed_description,fatty,0.9150190949440002,1,/content/drive/MyDrive/MACROBATT/INPUT_PDF_FILES/21308977.pdf
6,Biological_structure,lumbar filum terminale,0.9249458312988281,1,/content/drive/MyDrive/MACROBATT/INPUT_PDF_FILES/21308977.pdf
7,Detailed_description,tethered,0.9491509795188904,1,/content/drive/MyDrive/MACROBATT/INPUT_PDF_FILES/21308977.pdf
8,Biological_structure,spinal,0.9648509621620178,1,/content/drive/MyDrive/MACROBATT/INPUT_PDF_FILES/21308977.pdf
9,Disease_disorder,and an anorectal and and,0.9998859167098999,1,/content/drive/MyDrive/MACROBATT/INPUT_PDF_FILES/21308977.pdf
10,Disease_disorder,anorectal malformation,0.9868993163108826,1,/content/drive/MyDrive/MACROBATT/INPUT_PDF_FILES/21308977.pdf
11,Biological_structure,including cloaca,0.9979123473167419,1,/content/drive/MyDrive/MACROBATT/INPUT_PDF_FILES/21308977.pdf
12,Biological_structure,cloaca,0.9515120983123779,1,/content/drive/MyDrive/MACROBATT/INPUT_PDF_FILES/21308977.pdf
13,Detailed_description,common,0.9999094009399414,1,/content/drive/MyDrive/MACROBATT/INPUT_PDF_FILES/21308977.pdf
14,Biological_structure,urogenital,0.9768654704093933,1,/content/drive/MyDrive/MACROBATT/INPUT_PDF_FILES/21308977.pdf
15,Biological_structure,fused sinus,0.7603425979614258,1,/content/drive/MyDrive/MACROBATT/INPUT_PDF_FILES/21308977.pdf
16,Detailed_description,duplex,0.9989141225814819,1,/content/drive/MyDrive/MACROBATT/INPUT_PDF_FILES/21308977.pdf
17,Biological_structure,vagina,0.9995976090431213,1,/content/drive/MyDrive/MACROBATT/INPUT_PDF_FILES/21308977.pdf
18,Detailed_description,midline,0.99972003698349,1,/content/drive/MyDrive/MACROBATT/INPUT_PDF_FILES/21308977.pdf
19,Detailed_description,type,0.9947369694709778,1,/content/drive/MyDrive/MACROBATT/INPUT_PDF_FILES/21308977.pdf
20,Disease_disorder,VACTERL TE fistula,0.99611896276474,1,/content/drive/MyDrive/MACROBATT/INPUT_PDF_FILES/21308977.pdf
21,Biological_structure,right renal,0.9825218319892883,1,/content/drive/MyDrive/MACROBATT/INPUT_PDF_FILES/21308977.pdf
22,Disease_disorder,agenesis,0.9995535016059875,1,/content/drive/MyDrive/MACROBATT/INPUT_PDF_FILES/21308977.pdf
23,Severity,moderate,0.9997673630714417,1,/content/drive/MyDrive/MACROBATT/INPUT_PDF_FILES/21308977.pdf
24,Detailed_description,left,0.9528012275695801,1,/content/drive/MyDrive/MACROBATT/INPUT_PDF_FILES/21308977.pdf
25,Disease_disorder,hydronephrosis,0.9856721758842468,1,/content/drive/MyDrive/MACROBATT/INPUT_PDF_FILES/21308977.pdf
26,Disease_disorder,vertebra vertebrae vesicoureteral,0.9744524359703064,1,/content/drive/MyDrive/MACROBATT/INPUT_PDF_FILES/21308977.pdf
27,Disease_disorder,vesicoureteral,0.6785251498222351,1,/content/drive/MyDrive/MACROBATT/INPUT_PDF_FILES/21308977.pdf
28,Other_entity,she,0.8617373704910278,1,/content/drive/MyDrive/MACROBATT/INPUT_PDF_FILES/21308977.pdf
29,Subject,her father otherwise father,0.9504421353340149,1,/content/drive/MyDrive/MACROBATT/INPUT_PDF_FILES/21308977.pdf
30,Detailed_description,hypermobile type,0.9998428225517273,1,/content/drive/MyDrive/MACROBATT/INPUT_PDF_FILES/21308977.pdf
31,Disease_disorder,Ehlers–Danlos,0.9977947473526001,1,/content/drive/MyDrive/MACROBATT/INPUT_PDF_FILES/21308977.pdf
32,Disease_disorder,hypermobile hypermobility hypermobility,0.9995419979095459,1,/content/drive/MyDrive/MACROBATT/INPUT_PDF_FILES/21308977.pdf
33,Disease_disorder,hypermobility hypermobility,0.974333643913269,1,/content/drive/MyDrive/MACROBATT/INPUT_PDF_FILES/21308977.pdf
34,Lab_value,9/9,0.9099299907684326,1,/content/drive/MyDrive/MACROBATT/INPUT_PDF_FILES/21308977.pdf
35,Lab_value,very,0.942656934261322,1,/content/drive/MyDrive/MACROBATT/INPUT_PDF_FILES/21308977.pdf
36,Texture,soft,0.9956119060516357,1,/content/drive/MyDrive/MACROBATT/INPUT_PDF_FILES/21308977.pdf
37,Texture,fragile,0.9941564798355103,1,/content/drive/MyDrive/MACROBATT/INPUT_PDF_FILES/21308977.pdf
38,Biological_structure,skin skin,0.9986693859100342,1,/content/drive/MyDrive/MACROBATT/INPUT_PDF_FILES/21308977.pdf
39,Detailed_description,unusual scarring,0.8423795700073242,1,/content/drive/MyDrive/MACROBATT/INPUT_PDF_FILES/21308977.pdf
40,Lab_value,poor,0.996950626373291,1,/content/drive/MyDrive/MACROBATT/INPUT_PDF_FILES/21308977.pdf
41,Biological_structure,Skin,0.999953031539917,1,/content/drive/MyDrive/MACROBATT/INPUT_PDF_FILES/21308977.pdf
42,Diagnostic_procedure,biopsy,0.9986217617988586,1,/content/drive/MyDrive/MACROBATT/INPUT_PDF_FILES/21308977.pdf
43,Diagnostic_procedure,testing,0.9999016523361206,1,/content/drive/MyDrive/MACROBATT/INPUT_PDF_FILES/21308977.pdf
44,Biological_structure,peripheral blood,0.9999407529830933,1,/content/drive/MyDrive/MACROBATT/INPUT_PDF_FILES/21308977.pdf
45,Diagnostic_procedure,mutations,0.9987670183181763,1,/content/drive/MyDrive/MACROBATT/INPUT_PDF_FILES/21308977.pdf
46,Detailed_description,other,0.9997795224189758,1,/content/drive/MyDrive/MACROBATT/INPUT_PDF_FILES/21308977.pdf
47,Diagnostic_procedure,Microarray analysis,0.999954342842102,1,/content/drive/MyDrive/MACROBATT/INPUT_PDF_FILES/21308977.pdf
48,Detailed_description,maternally-inherited,0.9783093333244324,1,/content/drive/MyDrive/MACROBATT/INPUT_PDF_FILES/21308977.pdf
49,Diagnostic_procedure,deletion,0.9999690055847168,1,/content/drive/MyDrive/MACROBATT/INPUT_PDF_FILES/21308977.pdf
50,Biological_structure,4q35.1,0.7586053013801575,1,/content/drive/MyDrive/MACROBATT/INPUT_PDF_FILES/21308977.pdf
51,Diagnostic_procedure,one clone clone,0.9999476075172424,1,/content/drive/MyDrive/MACROBATT/INPUT_PDF_FILES/21308977.pdf
52,Diagnostic_procedure,FISH,0.9999189376831055,1,/content/drive/MyDrive/MACROBATT/INPUT_PDF_FILES/21308977.pdf
53,Diagnostic_procedure,RP11-173M11,0.7963870167732239,1,/content/drive/MyDrive/MACROBATT/INPUT_PDF_FILES/21308977.pdf
54,Diagnostic_procedure,180K,0.9999252557754517,1,/content/drive/MyDrive/MACROBATT/INPUT_PDF_FILES/21308977.pdf
55,Diagnostic_procedure,custom oligonucleotide microarray,0.9999461770057678,1,/content/drive/MyDrive/MACROBATT/INPUT_PDF_FILES/21308977.pdf
56,Nonbiological_location,Baylor College of of of Medicine,0.8877131342887878,1,/content/drive/MyDrive/MACROBATT/INPUT_PDF_FILES/21308977.pdf
57,Detailed_description,deleted region,0.9999394416809082,1,/content/drive/MyDrive/MACROBATT/INPUT_PDF_FILES/21308977.pdf
58,Diagnostic_procedure,karyotype,0.9998784065246582,1,/content/drive/MyDrive/MACROBATT/INPUT_PDF_FILES/21308977.pdf
59,Biological_structure,"46 4q35.1q35.2 187,321-768-188,694-589",0.9987350106239319,1,/content/drive/MyDrive/MACROBATT/INPUT_PDF_FILES/21308977.pdf
60,Biological_structure,"180K 1.37 4q35.1q35.2 187,321-768-188,694-589 1",0.6249188184738159,1,/content/drive/MyDrive/MACROBATT/INPUT_PDF_FILES/21308977.pdf
61,Diagnostic_procedure,Genes,0.9996342658996582,1,/content/drive/MyDrive/MACROBATT/INPUT_PDF_FILES/21308977.pdf
62,Detailed_description,deleted,0.9959927201271057,1,/content/drive/MyDrive/MACROBATT/INPUT_PDF_FILES/21308977.pdf
63,Diagnostic_procedure,CNVs,0.6269776821136475,1,/content/drive/MyDrive/MACROBATT/INPUT_PDF_FILES/21308977.pdf
64,Lab_value,normal,0.9998944997787476,1,/content/drive/MyDrive/MACROBATT/INPUT_PDF_FILES/21308977.pdf
65,Diagnostic_procedure,CYP4V2,0.9914320707321167,1,/content/drive/MyDrive/MACROBATT/INPUT_PDF_FILES/21308977.pdf
66,Diagnostic_procedure,KLKB2,0.9264883995056152,1,/content/drive/MyDrive/MACROBATT/INPUT_PDF_FILES/21308977.pdf
67,Diagnostic_procedure,MTRNR1A,0.9000220894813538,1,/content/drive/MyDrive/MACROBATT/INPUT_PDF_FILES/21308977.pdf
68,Diagnostic_procedure,FAT1,0.9802769422531128,1,/content/drive/MyDrive/MACROBATT/INPUT_PDF_FILES/21308977.pdf
69,Subject,mother,0.597149133682251,1,/content/drive/MyDrive/MACROBATT/INPUT_PDF_FILES/21308977.pdf
70,Diagnostic_procedure,deleted deletion,0.9994243383407593,1,/content/drive/MyDrive/MACROBATT/INPUT_PDF_FILES/21308977.pdf
71,Disease_disorder,mitochondrial dysfunction dysfunction,0.9916583299636841,1,/content/drive/MyDrive/MACROBATT/INPUT_PDF_FILES/21308977.pdf
72,Age,13 months of of age,0.8722198009490967,1,/content/drive/MyDrive/MACROBATT/INPUT_PDF_FILES/21308977.pdf
73,Biological_structure,muscle,0.8849397897720337,1,/content/drive/MyDrive/MACROBATT/INPUT_PDF_FILES/21308977.pdf
74,History,autonomic dysregulation,0.9090037941932678,1,/content/drive/MyDrive/MACROBATT/INPUT_PDF_FILES/21308977.pdf
75,History,hypoglycemic episodes,0.8857764005661011,1,/content/drive/MyDrive/MACROBATT/INPUT_PDF_FILES/21308977.pdf
76,History,exocrine pancreatic,0.8498676419258118,1,/content/drive/MyDrive/MACROBATT/INPUT_PDF_FILES/21308977.pdf
77,Severity,total,0.9980857372283936,1,/content/drive/MyDrive/MACROBATT/INPUT_PDF_FILES/21308977.pdf
78,Detailed_description,parenteral,0.9036922454833984,1,/content/drive/MyDrive/MACROBATT/INPUT_PDF_FILES/21308977.pdf
79,Disease_disorder,dependency,0.7119680643081665,1,/content/drive/MyDrive/MACROBATT/INPUT_PDF_FILES/21308977.pdf
80,Biological_structure,visceral,0.9998192191123962,1,/content/drive/MyDrive/MACROBATT/INPUT_PDF_FILES/21308977.pdf
81,Biological_structure,Muscle,0.9999575614929199,1,/content/drive/MyDrive/MACROBATT/INPUT_PDF_FILES/21308977.pdf
82,Severity,mild,0.9998136162757874,1,/content/drive/MyDrive/MACROBATT/INPUT_PDF_FILES/21308977.pdf
83,Lab_value,increase,0.9998304843902588,1,/content/drive/MyDrive/MACROBATT/INPUT_PDF_FILES/21308977.pdf
84,Diagnostic_procedure,fiber size variability,0.9999530911445618,1,/content/drive/MyDrive/MACROBATT/INPUT_PDF_FILES/21308977.pdf
85,Diagnostic_procedure,other findings,0.999880850315094,1,/content/drive/MyDrive/MACROBATT/INPUT_PDF_FILES/21308977.pdf
86,Biological_structure,mitochondrial,0.9050153493881226,1,/content/drive/MyDrive/MACROBATT/INPUT_PDF_FILES/21308977.pdf
87,Diagnostic_procedure,electron transport chain,0.9999478459358215,1,/content/drive/MyDrive/MACROBATT/INPUT_PDF_FILES/21308977.pdf
88,Diagnostic_procedure,( (,0.9998987913131714,1,/content/drive/MyDrive/MACROBATT/INPUT_PDF_FILES/21308977.pdf
89,Diagnostic_procedure,ETC,0.9996860027313232,1,/content/drive/MyDrive/MACROBATT/INPUT_PDF_FILES/21308977.pdf
90,Diagnostic_procedure,activity activity activity,0.9999260902404785,1,/content/drive/MyDrive/MACROBATT/INPUT_PDF_FILES/21308977.pdf
91,Diagnostic_procedure,complexes,0.9977214932441711,1,/content/drive/MyDrive/MACROBATT/INPUT_PDF_FILES/21308977.pdf
92,Diagnostic_procedure,complexes complex,0.5363235473632812,1,/content/drive/MyDrive/MACROBATT/INPUT_PDF_FILES/21308977.pdf
93,Lab_value,45.4 lmol/min/g lmol/min/g,0.9992460608482361,1,/content/drive/MyDrive/MACROBATT/INPUT_PDF_FILES/21308977.pdf
94,Detailed_description,well below the control range,0.9975471496582031,1,/content/drive/MyDrive/MACROBATT/INPUT_PDF_FILES/21308977.pdf
95,Detailed_description,Repeat,0.9998924732208252,1,/content/drive/MyDrive/MACROBATT/INPUT_PDF_FILES/21308977.pdf
96,Diagnostic_procedure,ETC analysis,0.9999388456344604,1,/content/drive/MyDrive/MACROBATT/INPUT_PDF_FILES/21308977.pdf
97,Detailed_description,isolated,0.9999048709869385,1,/content/drive/MyDrive/MACROBATT/INPUT_PDF_FILES/21308977.pdf
98,Biological_structure,mitochondria,0.9994303584098816,1,/content/drive/MyDrive/MACROBATT/INPUT_PDF_FILES/21308977.pdf
99,Severity,profound,0.9997686743736267,1,/content/drive/MyDrive/MACROBATT/INPUT_PDF_FILES/21308977.pdf
100,Detailed_description,reproducible,0.9994612336158752,1,/content/drive/MyDrive/MACROBATT/INPUT_PDF_FILES/21308977.pdf
101,Diagnostic_procedure,complex IV,0.962683379650116,1,/content/drive/MyDrive/MACROBATT/INPUT_PDF_FILES/21308977.pdf
102,Diagnostic_procedure,Citrate,0.999948263168335,1,/content/drive/MyDrive/MACROBATT/INPUT_PDF_FILES/21308977.pdf
103,Diagnostic_procedure,Citrate synthase activity,0.9997849464416504,1,/content/drive/MyDrive/MACROBATT/INPUT_PDF_FILES/21308977.pdf
104,Coreference,both ETC analyses,0.9955733418464661,1,/content/drive/MyDrive/MACROBATT/INPUT_PDF_FILES/21308977.pdf
105,Lab_value,good,0.9997435212135315,1,/content/drive/MyDrive/MACROBATT/INPUT_PDF_FILES/21308977.pdf
106,Diagnostic_procedure,sample quality,0.9997761249542236,1,/content/drive/MyDrive/MACROBATT/INPUT_PDF_FILES/21308977.pdf
107,Lab_value,normal normal,0.999606192111969,1,/content/drive/MyDrive/MACROBATT/INPUT_PDF_FILES/21308977.pdf
108,Detailed_description,Whole,0.9973502159118652,1,/content/drive/MyDrive/MACROBATT/INPUT_PDF_FILES/21308977.pdf
109,Diagnostic_procedure,sequencing sequencing,0.9998502731323242,1,/content/drive/MyDrive/MACROBATT/INPUT_PDF_FILES/21308977.pdf
110,Diagnostic_procedure,DNA Polymerase Gamma 1 POLG1,0.9996318817138672,1,/content/drive/MyDrive/MACROBATT/INPUT_PDF_FILES/21308977.pdf
111,Detailed_description,POLG1 POLG2,0.9975653886795044,1,/content/drive/MyDrive/MACROBATT/INPUT_PDF_FILES/21308977.pdf
112,Diagnostic_procedure,Thymidine Phosphorylase,0.9998966455459595,1,/content/drive/MyDrive/MACROBATT/INPUT_PDF_FILES/21308977.pdf
