,Entity Group,Value,Score,Page,Pdf File
0,Age,75–year–old,0.9976575970649719,1,/content/drive/MyDrive/MACROBATT/INPUT_PDF_FILES/21505579.pdf
1,Sex,female,0.9997109770774841,1,/content/drive/MyDrive/MACROBATT/INPUT_PDF_FILES/21505579.pdf
2,Clinical_event,presented,0.9997790455818176,1,/content/drive/MyDrive/MACROBATT/INPUT_PDF_FILES/21505579.pdf
3,Nonbiological_location,"Emergency Department of Ilfov Clinical Hospital , , , , , , Bucharest , , , , , , Romania",0.9993626475334167,1,/content/drive/MyDrive/MACROBATT/INPUT_PDF_FILES/21505579.pdf
4,Sign_symptom,75–year–old presented dyspnea,0.999924898147583,1,/content/drive/MyDrive/MACROBATT/INPUT_PDF_FILES/21505579.pdf
5,Sign_symptom,dyspnea,0.9058459401130676,1,/content/drive/MyDrive/MACROBATT/INPUT_PDF_FILES/21505579.pdf
6,Sign_symptom,orthopnea,0.8794960975646973,1,/content/drive/MyDrive/MACROBATT/INPUT_PDF_FILES/21505579.pdf
7,Biological_structure,lower extremities,0.9998992085456848,1,/content/drive/MyDrive/MACROBATT/INPUT_PDF_FILES/21505579.pdf
8,Duration,3 years,0.9996247291564941,1,/content/drive/MyDrive/MACROBATT/INPUT_PDF_FILES/21505579.pdf
9,Sign_symptom,atrial fibrillation,0.9998079538345337,1,/content/drive/MyDrive/MACROBATT/INPUT_PDF_FILES/21505579.pdf
10,Subject,family doctor,0.9967869520187378,1,/content/drive/MyDrive/MACROBATT/INPUT_PDF_FILES/21505579.pdf
11,Duration,one-year,0.9987051486968994,1,/content/drive/MyDrive/MACROBATT/INPUT_PDF_FILES/21505579.pdf
12,Disease_disorder,cardiac failure,0.9998010396957397,1,/content/drive/MyDrive/MACROBATT/INPUT_PDF_FILES/21505579.pdf
13,Lab_value,NYHA ( New York Heart Association ) class,0.9506818056106567,1,/content/drive/MyDrive/MACROBATT/INPUT_PDF_FILES/21505579.pdf
14,Diagnostic_procedure,Physical examination,0.999790608882904,1,/content/drive/MyDrive/MACROBATT/INPUT_PDF_FILES/21505579.pdf
15,Sign_symptom,irregular pulse,0.9998809099197388,1,/content/drive/MyDrive/MACROBATT/INPUT_PDF_FILES/21505579.pdf
16,Lab_value,80 beats/min,0.9999387860298157,1,/content/drive/MyDrive/MACROBATT/INPUT_PDF_FILES/21505579.pdf
17,Diagnostic_procedure,blood pressure,0.999954342842102,1,/content/drive/MyDrive/MACROBATT/INPUT_PDF_FILES/21505579.pdf
18,Lab_value,100/60,0.9999480247497559,1,/content/drive/MyDrive/MACROBATT/INPUT_PDF_FILES/21505579.pdf
19,Lab_value,100/60 mmHg,0.9945608973503113,1,/content/drive/MyDrive/MACROBATT/INPUT_PDF_FILES/21505579.pdf
20,Sign_symptom,bi–basal crackles,0.9995347857475281,1,/content/drive/MyDrive/MACROBATT/INPUT_PDF_FILES/21505579.pdf
21,Biological_structure,chest,0.9999631643295288,1,/content/drive/MyDrive/MACROBATT/INPUT_PDF_FILES/21505579.pdf
22,Diagnostic_procedure,auscultation,0.9561786651611328,1,/content/drive/MyDrive/MACROBATT/INPUT_PDF_FILES/21505579.pdf
23,Diagnostic_procedure,Heart sounds examination,0.9999311566352844,1,/content/drive/MyDrive/MACROBATT/INPUT_PDF_FILES/21505579.pdf
24,Lab_value,IVth degree,0.9997829794883728,1,/content/drive/MyDrive/MACROBATT/INPUT_PDF_FILES/21505579.pdf
25,Sign_symptom,pansystolic,0.9999264478683472,1,/content/drive/MyDrive/MACROBATT/INPUT_PDF_FILES/21505579.pdf
26,Sign_symptom,pansystolic murmur,0.9990465641021729,1,/content/drive/MyDrive/MACROBATT/INPUT_PDF_FILES/21505579.pdf
27,Biological_structure,jugular veins,0.9994864463806152,1,/content/drive/MyDrive/MACROBATT/INPUT_PDF_FILES/21505579.pdf
28,Sign_symptom,dilated,0.8216720819473267,1,/content/drive/MyDrive/MACROBATT/INPUT_PDF_FILES/21505579.pdf
29,Sign_symptom,pain,0.999970555305481,1,/content/drive/MyDrive/MACROBATT/INPUT_PDF_FILES/21505579.pdf
30,Biological_structure,upper right abdominal,0.9887296557426453,1,/content/drive/MyDrive/MACROBATT/INPUT_PDF_FILES/21505579.pdf
31,Detailed_description,enhanced,0.9994482398033142,1,/content/drive/MyDrive/MACROBATT/INPUT_PDF_FILES/21505579.pdf
32,Detailed_description,patient palpation,0.8982123136520386,1,/content/drive/MyDrive/MACROBATT/INPUT_PDF_FILES/21505579.pdf
33,Diagnostic_procedure,liver liver,0.5657817721366882,1,/content/drive/MyDrive/MACROBATT/INPUT_PDF_FILES/21505579.pdf
34,Texture,tender,0.9774293899536133,1,/content/drive/MyDrive/MACROBATT/INPUT_PDF_FILES/21505579.pdf
35,Shape,round,0.5100262761116028,1,/content/drive/MyDrive/MACROBATT/INPUT_PDF_FILES/21505579.pdf
36,Distance,6 cm,0.9989473819732666,1,/content/drive/MyDrive/MACROBATT/INPUT_PDF_FILES/21505579.pdf
37,Biological_structure,below,0.9805330038070679,1,/content/drive/MyDrive/MACROBATT/INPUT_PDF_FILES/21505579.pdf
38,Texture,smooth,0.9968045949935913,1,/content/drive/MyDrive/MACROBATT/INPUT_PDF_FILES/21505579.pdf
39,Diagnostic_procedure,EKG,0.9999239444732666,1,/content/drive/MyDrive/MACROBATT/INPUT_PDF_FILES/21505579.pdf
40,Lab_value,80/min,0.997289776802063,1,/content/drive/MyDrive/MACROBATT/INPUT_PDF_FILES/21505579.pdf
41,Biological_structure,right,0.9804968237876892,1,/content/drive/MyDrive/MACROBATT/INPUT_PDF_FILES/21505579.pdf
42,Biological_structure,80/min infero-,0.9998699426651001,1,/content/drive/MyDrive/MACROBATT/INPUT_PDF_FILES/21505579.pdf
43,Biological_structure,infero-,0.9528560638427734,1,/content/drive/MyDrive/MACROBATT/INPUT_PDF_FILES/21505579.pdf
44,Biological_structure,Transabdominal,0.9997411966323853,1,/content/drive/MyDrive/MACROBATT/INPUT_PDF_FILES/21505579.pdf
45,Diagnostic_procedure,ultrasound,0.9999662637710571,1,/content/drive/MyDrive/MACROBATT/INPUT_PDF_FILES/21505579.pdf
46,Detailed_description,homogenous,0.9996631145477295,1,/content/drive/MyDrive/MACROBATT/INPUT_PDF_FILES/21505579.pdf
47,Sign_symptom,enlarged,0.9996637105941772,1,/content/drive/MyDrive/MACROBATT/INPUT_PDF_FILES/21505579.pdf
48,Biological_structure,suprahepatic veins,0.9996802806854248,1,/content/drive/MyDrive/MACROBATT/INPUT_PDF_FILES/21505579.pdf
49,Biological_structure,inferior vena cava,0.999907374382019,1,/content/drive/MyDrive/MACROBATT/INPUT_PDF_FILES/21505579.pdf
50,Diagnostic_procedure,Transthoracic echocardiography,0.9981648325920105,1,/content/drive/MyDrive/MACROBATT/INPUT_PDF_FILES/21505579.pdf
51,Sign_symptom,dilated dilated dilated dilated,0.9999136924743652,1,/content/drive/MyDrive/MACROBATT/INPUT_PDF_FILES/21505579.pdf
52,Biological_structure,right right atrium atrium,0.9999242424964905,1,/content/drive/MyDrive/MACROBATT/INPUT_PDF_FILES/21505579.pdf
53,Lab_value,"74,2 mm mm mm mm",0.9993138909339905,1,/content/drive/MyDrive/MACROBATT/INPUT_PDF_FILES/21505579.pdf
54,Biological_structure,left left atrium atrium,0.999930739402771,1,/content/drive/MyDrive/MACROBATT/INPUT_PDF_FILES/21505579.pdf
55,Lab_value,"55,2",0.8423072695732117,1,/content/drive/MyDrive/MACROBATT/INPUT_PDF_FILES/21505579.pdf
56,Biological_structure,left left ventricle ventricle,0.9998852610588074,1,/content/drive/MyDrive/MACROBATT/INPUT_PDF_FILES/21505579.pdf
57,Lab_value,"64/72,3 mm mm mm mm",0.990193784236908,1,/content/drive/MyDrive/MACROBATT/INPUT_PDF_FILES/21505579.pdf
58,Biological_structure,right right ventricle ventricle,0.9998952150344849,1,/content/drive/MyDrive/MACROBATT/INPUT_PDF_FILES/21505579.pdf
59,Lab_value,"44,4",0.8254638314247131,1,/content/drive/MyDrive/MACROBATT/INPUT_PDF_FILES/21505579.pdf
60,Disease_disorder,Atrial septal defect,0.9998109936714172,1,/content/drive/MyDrive/MACROBATT/INPUT_PDF_FILES/21505579.pdf
61,Detailed_description,ostium,0.9999314546585083,1,/content/drive/MyDrive/MACROBATT/INPUT_PDF_FILES/21505579.pdf
62,Detailed_description,ostium secundum,0.9997110366821289,1,/content/drive/MyDrive/MACROBATT/INPUT_PDF_FILES/21505579.pdf
63,Sign_symptom,left–,0.9909359812736511,1,/content/drive/MyDrive/MACROBATT/INPUT_PDF_FILES/21505579.pdf
64,Detailed_description,left– to–right,0.9144641160964966,1,/content/drive/MyDrive/MACROBATT/INPUT_PDF_FILES/21505579.pdf
65,Detailed_description,to–right,0.7460382580757141,1,/content/drive/MyDrive/MACROBATT/INPUT_PDF_FILES/21505579.pdf
66,Severity,Severe,0.9997640252113342,1,/content/drive/MyDrive/MACROBATT/INPUT_PDF_FILES/21505579.pdf
67,Disease_disorder,tricuspid insufficiency,0.9988356828689575,1,/content/drive/MyDrive/MACROBATT/INPUT_PDF_FILES/21505579.pdf
68,Disease_disorder,insufficiency,0.9992803931236267,1,/content/drive/MyDrive/MACROBATT/INPUT_PDF_FILES/21505579.pdf
69,Lab_value,"55,4 mm",0.9997643232345581,1,/content/drive/MyDrive/MACROBATT/INPUT_PDF_FILES/21505579.pdf
70,Lab_value,4th degree,0.9990760087966919,1,/content/drive/MyDrive/MACROBATT/INPUT_PDF_FILES/21505579.pdf
71,Disease_disorder,mitral,0.9746297597885132,1,/content/drive/MyDrive/MACROBATT/INPUT_PDF_FILES/21505579.pdf
72,Biological_structure,pulmonary,0.9999325275421143,1,/content/drive/MyDrive/MACROBATT/INPUT_PDF_FILES/21505579.pdf
73,Sign_symptom,hypertension,0.9999550580978394,1,/content/drive/MyDrive/MACROBATT/INPUT_PDF_FILES/21505579.pdf
74,Lab_value,75 mm,0.9999282360076904,1,/content/drive/MyDrive/MACROBATT/INPUT_PDF_FILES/21505579.pdf
75,Diagnostic_procedure,The ejection,0.9999665021896362,1,/content/drive/MyDrive/MACROBATT/INPUT_PDF_FILES/21505579.pdf
76,Diagnostic_procedure,ejection fraction,0.970696747303009,1,/content/drive/MyDrive/MACROBATT/INPUT_PDF_FILES/21505579.pdf
77,Biological_structure,Interventricular sept,0.9994309544563293,1,/content/drive/MyDrive/MACROBATT/INPUT_PDF_FILES/21505579.pdf
78,Sign_symptom,Flattening,0.9258432984352112,1,/content/drive/MyDrive/MACROBATT/INPUT_PDF_FILES/21505579.pdf
79,Biological_structure,interventricular septum,0.9999175071716309,1,/content/drive/MyDrive/MACROBATT/INPUT_PDF_FILES/21505579.pdf
80,Disease_disorder,chronic heart failure,0.9997413158416748,1,/content/drive/MyDrive/MACROBATT/INPUT_PDF_FILES/21505579.pdf
81,Detailed_description,ostium secundum type,0.9978382587432861,1,/content/drive/MyDrive/MACROBATT/INPUT_PDF_FILES/21505579.pdf
82,Sign_symptom,left–to–right,0.9990453124046326,1,/content/drive/MyDrive/MACROBATT/INPUT_PDF_FILES/21505579.pdf
83,Disease_disorder,tricuspid,0.9698504209518433,1,/content/drive/MyDrive/MACROBATT/INPUT_PDF_FILES/21505579.pdf
