,Entity Group,Value,Score,Page,Pdf File
0,Age,81-year-old,0.9979391098022461,1,/content/drive/MyDrive/MACROBATT/INPUT_PDF_FILES/21527041.pdf
1,Sex,female,0.9997437596321106,1,/content/drive/MyDrive/MACROBATT/INPUT_PDF_FILES/21527041.pdf
2,History,hypertension,0.99810791015625,1,/content/drive/MyDrive/MACROBATT/INPUT_PDF_FILES/21527041.pdf
3,History,gout,0.7791668176651001,1,/content/drive/MyDrive/MACROBATT/INPUT_PDF_FILES/21527041.pdf
4,Clinical_event,admitted,0.9998843669891357,1,/content/drive/MyDrive/MACROBATT/INPUT_PDF_FILES/21527041.pdf
5,Nonbiological_location,Taichung Veterans General Hospital,0.9993590712547302,1,/content/drive/MyDrive/MACROBATT/INPUT_PDF_FILES/21527041.pdf
6,Biological_structure,abdominal,0.9999083280563354,1,/content/drive/MyDrive/MACROBATT/INPUT_PDF_FILES/21527041.pdf
7,Sign_symptom,pain,0.999966025352478,1,/content/drive/MyDrive/MACROBATT/INPUT_PDF_FILES/21527041.pdf
8,Sign_symptom,hematemesis,0.9999392032623291,1,/content/drive/MyDrive/MACROBATT/INPUT_PDF_FILES/21527041.pdf
9,Detailed_description,intermittent,0.9983287453651428,1,/content/drive/MyDrive/MACROBATT/INPUT_PDF_FILES/21527041.pdf
10,Sign_symptom,epigastralgia,0.9999220371246338,1,/content/drive/MyDrive/MACROBATT/INPUT_PDF_FILES/21527041.pdf
11,Date,more than 10 years,0.998324990272522,1,/content/drive/MyDrive/MACROBATT/INPUT_PDF_FILES/21527041.pdf
12,Distance,4 cm,0.9993107318878174,1,/content/drive/MyDrive/MACROBATT/INPUT_PDF_FILES/21527041.pdf
13,Biological_structure,epigastralgia gastric,0.9999314546585083,1,/content/drive/MyDrive/MACROBATT/INPUT_PDF_FILES/21527041.pdf
14,Biological_structure,gastric,0.9972372055053711,1,/content/drive/MyDrive/MACROBATT/INPUT_PDF_FILES/21527041.pdf
15,Coreference,tumor,0.9996371269226074,1,/content/drive/MyDrive/MACROBATT/INPUT_PDF_FILES/21527041.pdf
16,Biological_structure,abdominal abdominal,0.9999549388885498,1,/content/drive/MyDrive/MACROBATT/INPUT_PDF_FILES/21527041.pdf
17,Lab_value,got worse,0.999744713306427,1,/content/drive/MyDrive/MACROBATT/INPUT_PDF_FILES/21527041.pdf
18,Date,2 years before,0.9998908042907715,1,/content/drive/MyDrive/MACROBATT/INPUT_PDF_FILES/21527041.pdf
19,Clinical_event,went,0.9997709393501282,1,/content/drive/MyDrive/MACROBATT/INPUT_PDF_FILES/21527041.pdf
20,Nonbiological_location,local hospital,0.9280039072036743,1,/content/drive/MyDrive/MACROBATT/INPUT_PDF_FILES/21527041.pdf
21,Distance,6 cm,0.9991494417190552,1,/content/drive/MyDrive/MACROBATT/INPUT_PDF_FILES/21527041.pdf
22,Detailed_description,well-circumscribed,0.9988686442375183,1,/content/drive/MyDrive/MACROBATT/INPUT_PDF_FILES/21527041.pdf
23,Sign_symptom,calcification,0.9998305439949036,1,/content/drive/MyDrive/MACROBATT/INPUT_PDF_FILES/21527041.pdf
24,Therapeutic_procedure,Surgical intervention,0.9998771548271179,1,/content/drive/MyDrive/MACROBATT/INPUT_PDF_FILES/21527041.pdf
25,Date,10 days before,0.9998676180839539,1,/content/drive/MyDrive/MACROBATT/INPUT_PDF_FILES/21527041.pdf
26,Sign_symptom,tarry,0.999922513961792,1,/content/drive/MyDrive/MACROBATT/INPUT_PDF_FILES/21527041.pdf
27,Sign_symptom,tarry stool,0.999781608581543,1,/content/drive/MyDrive/MACROBATT/INPUT_PDF_FILES/21527041.pdf
28,Sign_symptom,bloody vomitus,0.9999157786369324,1,/content/drive/MyDrive/MACROBATT/INPUT_PDF_FILES/21527041.pdf
29,Date,10 1 days day,0.9998745322227478,1,/content/drive/MyDrive/MACROBATT/INPUT_PDF_FILES/21527041.pdf
30,Diagnostic_procedure,UGI scope,0.9998035430908203,1,/content/drive/MyDrive/MACROBATT/INPUT_PDF_FILES/21527041.pdf
31,Biological_structure,submucosal,0.9772341251373291,1,/content/drive/MyDrive/MACROBATT/INPUT_PDF_FILES/21527041.pdf
32,Detailed_description,central ulceration,0.9999488592147827,1,/content/drive/MyDrive/MACROBATT/INPUT_PDF_FILES/21527041.pdf
33,Clinical_event,transferred,0.9998704195022583,1,/content/drive/MyDrive/MACROBATT/INPUT_PDF_FILES/21527041.pdf
34,Diagnostic_procedure,Physical examination,0.9996083974838257,1,/content/drive/MyDrive/MACROBATT/INPUT_PDF_FILES/21527041.pdf
35,Sign_symptom,tenderness,0.9999475479125977,1,/content/drive/MyDrive/MACROBATT/INPUT_PDF_FILES/21527041.pdf
36,Severity,mild,0.999840497970581,1,/content/drive/MyDrive/MACROBATT/INPUT_PDF_FILES/21527041.pdf
37,Biological_structure,muscle,0.9999210834503174,1,/content/drive/MyDrive/MACROBATT/INPUT_PDF_FILES/21527041.pdf
38,Detailed_description,plain,0.9999487400054932,1,/content/drive/MyDrive/MACROBATT/INPUT_PDF_FILES/21527041.pdf
39,Diagnostic_procedure,radiography,0.9994908571243286,1,/content/drive/MyDrive/MACROBATT/INPUT_PDF_FILES/21527041.pdf
40,Shape,irregular shape,0.9936510324478149,1,/content/drive/MyDrive/MACROBATT/INPUT_PDF_FILES/21527041.pdf
41,Sign_symptom,ulcer,0.997643232345581,1,/content/drive/MyDrive/MACROBATT/INPUT_PDF_FILES/21527041.pdf
42,Sign_symptom,foreign,0.9999496936798096,1,/content/drive/MyDrive/MACROBATT/INPUT_PDF_FILES/21527041.pdf
43,Shape,irregularly shaped,0.9821779727935791,1,/content/drive/MyDrive/MACROBATT/INPUT_PDF_FILES/21527041.pdf
44,Detailed_description,space-occupying,0.9985933303833008,1,/content/drive/MyDrive/MACROBATT/INPUT_PDF_FILES/21527041.pdf
45,Sign_symptom,lesion,0.9998326301574707,1,/content/drive/MyDrive/MACROBATT/INPUT_PDF_FILES/21527041.pdf
46,Sign_symptom,lesion calcifications,0.9993081092834473,1,/content/drive/MyDrive/MACROBATT/INPUT_PDF_FILES/21527041.pdf
47,Biological_structure,stomach,0.9998955726623535,1,/content/drive/MyDrive/MACROBATT/INPUT_PDF_FILES/21527041.pdf
48,Sign_symptom,calcifications localized,0.9999504089355469,1,/content/drive/MyDrive/MACROBATT/INPUT_PDF_FILES/21527041.pdf
49,Sign_symptom,calcifications,0.8555700182914734,1,/content/drive/MyDrive/MACROBATT/INPUT_PDF_FILES/21527041.pdf
50,Detailed_description,localized,0.999966025352478,1,/content/drive/MyDrive/MACROBATT/INPUT_PDF_FILES/21527041.pdf
51,Sign_symptom,free air,0.9998986721038818,1,/content/drive/MyDrive/MACROBATT/INPUT_PDF_FILES/21527041.pdf
52,Detailed_description,emergent,0.9999750852584839,1,/content/drive/MyDrive/MACROBATT/INPUT_PDF_FILES/21527041.pdf
53,Diagnostic_procedure,laparotomy,0.7719257473945618,1,/content/drive/MyDrive/MACROBATT/INPUT_PDF_FILES/21527041.pdf
54,Detailed_description,infiltrative,0.9792312383651733,1,/content/drive/MyDrive/MACROBATT/INPUT_PDF_FILES/21527041.pdf
55,Sign_symptom,mass,0.9999520778656006,1,/content/drive/MyDrive/MACROBATT/INPUT_PDF_FILES/21527041.pdf
56,Biological_structure,transverse colon,0.9999465346336365,1,/content/drive/MyDrive/MACROBATT/INPUT_PDF_FILES/21527041.pdf
57,Detailed_description,sharp,0.9997205138206482,1,/content/drive/MyDrive/MACROBATT/INPUT_PDF_FILES/21527041.pdf
58,Detailed_description,bone-like,0.9869150519371033,1,/content/drive/MyDrive/MACROBATT/INPUT_PDF_FILES/21527041.pdf
59,Detailed_description,thick,0.999365508556366,1,/content/drive/MyDrive/MACROBATT/INPUT_PDF_FILES/21527041.pdf
60,Coreference,calcified plate,0.9791682958602905,1,/content/drive/MyDrive/MACROBATT/INPUT_PDF_FILES/21527041.pdf
61,Biological_structure,mucosa,0.9899156093597412,1,/content/drive/MyDrive/MACROBATT/INPUT_PDF_FILES/21527041.pdf
62,Biological_structure,pericolic,0.9999184608459473,1,/content/drive/MyDrive/MACROBATT/INPUT_PDF_FILES/21527041.pdf
63,Biological_structure,pericolic soft tissue,0.9975098371505737,1,/content/drive/MyDrive/MACROBATT/INPUT_PDF_FILES/21527041.pdf
64,Biological_structure,submucosal calcified also,0.9997605681419373,1,/content/drive/MyDrive/MACROBATT/INPUT_PDF_FILES/21527041.pdf
65,Distance,2.3 cm,0.9992126226425171,1,/content/drive/MyDrive/MACROBATT/INPUT_PDF_FILES/21527041.pdf
66,Detailed_description,Distal,0.9999747276306152,1,/content/drive/MyDrive/MACROBATT/INPUT_PDF_FILES/21527041.pdf
67,Detailed_description,subtotal,0.9999637603759766,1,/content/drive/MyDrive/MACROBATT/INPUT_PDF_FILES/21527041.pdf
68,Therapeutic_procedure,gastrectomy,0.9959543943405151,1,/content/drive/MyDrive/MACROBATT/INPUT_PDF_FILES/21527041.pdf
69,Detailed_description,partial,0.9999644756317139,1,/content/drive/MyDrive/MACROBATT/INPUT_PDF_FILES/21527041.pdf
70,Therapeutic_procedure,colectomy,0.9934021830558777,1,/content/drive/MyDrive/MACROBATT/INPUT_PDF_FILES/21527041.pdf
71,Clinical_event,discharged,0.9996598958969116,1,/content/drive/MyDrive/MACROBATT/INPUT_PDF_FILES/21527041.pdf
72,Date,13 days after,0.9998802542686462,1,/content/drive/MyDrive/MACROBATT/INPUT_PDF_FILES/21527041.pdf
73,Shape,spindle-shaped,0.9988179802894592,1,/content/drive/MyDrive/MACROBATT/INPUT_PDF_FILES/21527041.pdf
74,Lab_value,low,0.9999401569366455,1,/content/drive/MyDrive/MACROBATT/INPUT_PDF_FILES/21527041.pdf
75,Diagnostic_procedure,mitotic frequency,0.8915554881095886,1,/content/drive/MyDrive/MACROBATT/INPUT_PDF_FILES/21527041.pdf
76,Diagnostic_procedure,Immunohistochemical,0.9999510049819946,1,/content/drive/MyDrive/MACROBATT/INPUT_PDF_FILES/21527041.pdf
77,Diagnostic_procedure,Immunohistochemical staining,0.9940696954727173,1,/content/drive/MyDrive/MACROBATT/INPUT_PDF_FILES/21527041.pdf
78,Lab_value,positive positive,0.9999395608901978,1,/content/drive/MyDrive/MACROBATT/INPUT_PDF_FILES/21527041.pdf
79,Diagnostic_procedure,CD CD34,0.9977031350135803,1,/content/drive/MyDrive/MACROBATT/INPUT_PDF_FILES/21527041.pdf
80,Lab_value,negative,0.9999403953552246,1,/content/drive/MyDrive/MACROBATT/INPUT_PDF_FILES/21527041.pdf
81,Diagnostic_procedure,S100,0.9451779127120972,1,/content/drive/MyDrive/MACROBATT/INPUT_PDF_FILES/21527041.pdf
82,Disease_disorder,GIST,0.993860125541687,1,/content/drive/MyDrive/MACROBATT/INPUT_PDF_FILES/21527041.pdf
83,Disease_disorder,GIST GIST GIST,0.9951484203338623,1,/content/drive/MyDrive/MACROBATT/INPUT_PDF_FILES/21527041.pdf
