,Entity Group,Value,Score,Page,Pdf File
0,Age,33 - year old,0.9985767006874084,1,/content/drive/MyDrive/MACROBATT/INPUT_PDF_FILES/21672201.pdf
1,Sex,woman,0.9998112320899963,1,/content/drive/MyDrive/MACROBATT/INPUT_PDF_FILES/21672201.pdf
2,Clinical_event,presented,0.9997133612632751,1,/content/drive/MyDrive/MACROBATT/INPUT_PDF_FILES/21672201.pdf
3,Detailed_description,congestive,0.9998002648353577,1,/content/drive/MyDrive/MACROBATT/INPUT_PDF_FILES/21672201.pdf
4,History,history,0.9514259099960327,1,/content/drive/MyDrive/MACROBATT/INPUT_PDF_FILES/21672201.pdf
5,History,unremarkable,0.9572038650512695,1,/content/drive/MyDrive/MACROBATT/INPUT_PDF_FILES/21672201.pdf
6,History,medical was unremarkable a year ago and after had admitted another hospital acute pulmonary oedema after labor year ago,0.9649336934089661,1,/content/drive/MyDrive/MACROBATT/INPUT_PDF_FILES/21672201.pdf
7,Clinical_event,admitted,0.9997608065605164,1,/content/drive/MyDrive/MACROBATT/INPUT_PDF_FILES/21672201.pdf
8,Nonbiological_location,hospital,0.9992438554763794,1,/content/drive/MyDrive/MACROBATT/INPUT_PDF_FILES/21672201.pdf
9,Disease_disorder,acute pulmonary oedema,0.9997860789299011,1,/content/drive/MyDrive/MACROBATT/INPUT_PDF_FILES/21672201.pdf
10,Disease_disorder,Cor triatriatum,0.9995300769805908,1,/content/drive/MyDrive/MACROBATT/INPUT_PDF_FILES/21672201.pdf
11,Sign_symptom,pulmonary hypertension,0.9998003840446472,1,/content/drive/MyDrive/MACROBATT/INPUT_PDF_FILES/21672201.pdf
12,Biological_structure,left ventricle,0.9999157190322876,1,/content/drive/MyDrive/MACROBATT/INPUT_PDF_FILES/21672201.pdf
13,Clinical_event,surgey,0.9995365142822266,1,/content/drive/MyDrive/MACROBATT/INPUT_PDF_FILES/21672201.pdf
14,Clinical_event,discharged,0.999782383441925,1,/content/drive/MyDrive/MACROBATT/INPUT_PDF_FILES/21672201.pdf
15,Disease_disorder,NYHA functional class,0.9951033592224121,1,/content/drive/MyDrive/MACROBATT/INPUT_PDF_FILES/21672201.pdf
16,Disease_disorder,heart failure,0.9997772574424744,1,/content/drive/MyDrive/MACROBATT/INPUT_PDF_FILES/21672201.pdf
17,Sign_symptom,palpittions,0.999921441078186,1,/content/drive/MyDrive/MACROBATT/INPUT_PDF_FILES/21672201.pdf
18,Diagnostic_procedure,physical examination,0.9998846054077148,1,/content/drive/MyDrive/MACROBATT/INPUT_PDF_FILES/21672201.pdf
19,Biological_structure,mitral,0.9999454021453857,1,/content/drive/MyDrive/MACROBATT/INPUT_PDF_FILES/21672201.pdf
20,Detailed_description,right-sided,0.9999791383743286,1,/content/drive/MyDrive/MACROBATT/INPUT_PDF_FILES/21672201.pdf
21,Diagnostic_procedure,transthoracic echocardiography,0.9979697465896606,1,/content/drive/MyDrive/MACROBATT/INPUT_PDF_FILES/21672201.pdf
22,Severity,moderately,0.9989718198776245,1,/content/drive/MyDrive/MACROBATT/INPUT_PDF_FILES/21672201.pdf
23,Shape,dilated,0.6934705972671509,1,/content/drive/MyDrive/MACROBATT/INPUT_PDF_FILES/21672201.pdf
24,Lab_value,dilated estimated,0.5604949593544006,1,/content/drive/MyDrive/MACROBATT/INPUT_PDF_FILES/21672201.pdf
25,Detailed_description,severely impaired,0.7898063659667969,1,/content/drive/MyDrive/MACROBATT/INPUT_PDF_FILES/21672201.pdf
26,Disease_disorder,systolic function,0.8631789684295654,1,/content/drive/MyDrive/MACROBATT/INPUT_PDF_FILES/21672201.pdf
27,Biological_structure,Left atrium,0.9999494552612305,1,/content/drive/MyDrive/MACROBATT/INPUT_PDF_FILES/21672201.pdf
28,Detailed_description,mobile,0.998450756072998,1,/content/drive/MyDrive/MACROBATT/INPUT_PDF_FILES/21672201.pdf
29,Detailed_description,membrane-like,0.702686071395874,1,/content/drive/MyDrive/MACROBATT/INPUT_PDF_FILES/21672201.pdf
30,Biological_structure,echogenic structure,0.9835920333862305,1,/content/drive/MyDrive/MACROBATT/INPUT_PDF_FILES/21672201.pdf
31,Diagnostic_procedure,Transesophageal echocardiogram,0.9868426322937012,1,/content/drive/MyDrive/MACROBATT/INPUT_PDF_FILES/21672201.pdf
32,Biological_structure,fibromuscular,0.9999271631240845,1,/content/drive/MyDrive/MACROBATT/INPUT_PDF_FILES/21672201.pdf
33,Biological_structure,membrane,0.9976396560668945,1,/content/drive/MyDrive/MACROBATT/INPUT_PDF_FILES/21672201.pdf
34,Biological_structure,left atrial appendage,0.9979569911956787,1,/content/drive/MyDrive/MACROBATT/INPUT_PDF_FILES/21672201.pdf
35,Biological_structure,chambers,0.9999426603317261,1,/content/drive/MyDrive/MACROBATT/INPUT_PDF_FILES/21672201.pdf
36,Biological_structure,mitral valve,0.9991644024848938,1,/content/drive/MyDrive/MACROBATT/INPUT_PDF_FILES/21672201.pdf
37,Biological_structure,Mitral valve,0.9998011589050293,1,/content/drive/MyDrive/MACROBATT/INPUT_PDF_FILES/21672201.pdf
38,Disease_disorder,Patent foramen ovale,0.9997940063476562,1,/content/drive/MyDrive/MACROBATT/INPUT_PDF_FILES/21672201.pdf
39,Disease_disorder,atrial septal defect,0.9997497797012329,1,/content/drive/MyDrive/MACROBATT/INPUT_PDF_FILES/21672201.pdf
40,Disease_disorder,ASD,0.9359880685806274,1,/content/drive/MyDrive/MACROBATT/INPUT_PDF_FILES/21672201.pdf
41,Disease_disorder,cor triatriatum,0.9996905326843262,1,/content/drive/MyDrive/MACROBATT/INPUT_PDF_FILES/21672201.pdf
42,Diagnostic_procedure,Magnetic resonance imaging,0.9999396204948425,1,/content/drive/MyDrive/MACROBATT/INPUT_PDF_FILES/21672201.pdf
43,Diagnostic_procedure,MRI,0.9998453855514526,1,/content/drive/MyDrive/MACROBATT/INPUT_PDF_FILES/21672201.pdf
44,Biological_structure,fibromuscular figure,0.9999444484710693,1,/content/drive/MyDrive/MACROBATT/INPUT_PDF_FILES/21672201.pdf
45,Biological_structure,fibromuscular septum,0.9995418787002563,1,/content/drive/MyDrive/MACROBATT/INPUT_PDF_FILES/21672201.pdf
46,Biological_structure,left left atrium,0.9999483227729797,1,/content/drive/MyDrive/MACROBATT/INPUT_PDF_FILES/21672201.pdf
47,Lab_value,ventricular,0.9952179789543152,1,/content/drive/MyDrive/MACROBATT/INPUT_PDF_FILES/21672201.pdf
48,Lab_value,fibromuscular ventricular ejection fraction,0.8340557217597961,1,/content/drive/MyDrive/MACROBATT/INPUT_PDF_FILES/21672201.pdf
49,Lab_value,cardiac cardiac index,0.8771895170211792,1,/content/drive/MyDrive/MACROBATT/INPUT_PDF_FILES/21672201.pdf
50,Lab_value,"1,6 1",0.9997019171714783,1,/content/drive/MyDrive/MACROBATT/INPUT_PDF_FILES/21672201.pdf
51,Lab_value,"1,6 LVEF L/min/m2 L/min",0.8292446732521057,1,/content/drive/MyDrive/MACROBATT/INPUT_PDF_FILES/21672201.pdf
52,Lab_value,cardiac cardiac output,0.7781422138214111,1,/content/drive/MyDrive/MACROBATT/INPUT_PDF_FILES/21672201.pdf
53,Lab_value,"L/min/m2 2,7",0.9879515767097473,1,/content/drive/MyDrive/MACROBATT/INPUT_PDF_FILES/21672201.pdf
54,Diagnostic_procedure,Coronary angiography,0.994830310344696,1,/content/drive/MyDrive/MACROBATT/INPUT_PDF_FILES/21672201.pdf
55,Biological_structure,coronary,0.9989762306213379,1,/content/drive/MyDrive/MACROBATT/INPUT_PDF_FILES/21672201.pdf
56,Clinical_event,scheduled,0.9996501207351685,1,/content/drive/MyDrive/MACROBATT/INPUT_PDF_FILES/21672201.pdf
57,Outcome,achieved,0.9900936484336853,1,/content/drive/MyDrive/MACROBATT/INPUT_PDF_FILES/21672201.pdf
58,Clinical_event,administration,0.8589360117912292,1,/content/drive/MyDrive/MACROBATT/INPUT_PDF_FILES/21672201.pdf
59,Medication,sodium,0.996547520160675,1,/content/drive/MyDrive/MACROBATT/INPUT_PDF_FILES/21672201.pdf
60,Medication,sevofluorane,0.8581006526947021,1,/content/drive/MyDrive/MACROBATT/INPUT_PDF_FILES/21672201.pdf
61,Medication,fentanyl,0.9888427257537842,1,/content/drive/MyDrive/MACROBATT/INPUT_PDF_FILES/21672201.pdf
62,Medication,muscle,0.9941844344139099,1,/content/drive/MyDrive/MACROBATT/INPUT_PDF_FILES/21672201.pdf
63,Other_entity,right radial arterial lines,0.8818821310997009,1,/content/drive/MyDrive/MACROBATT/INPUT_PDF_FILES/21672201.pdf
64,Other_entity,pulmonary artery catheter catheter,0.9779189825057983,1,/content/drive/MyDrive/MACROBATT/INPUT_PDF_FILES/21672201.pdf
65,Other_entity,foley catheter catheter,0.970527172088623,1,/content/drive/MyDrive/MACROBATT/INPUT_PDF_FILES/21672201.pdf
66,Other_entity,temperature temperature temperature probe,0.9710304141044617,1,/content/drive/MyDrive/MACROBATT/INPUT_PDF_FILES/21672201.pdf
67,Diagnostic_procedure,Transesophageal echocardiography,0.9864220023155212,1,/content/drive/MyDrive/MACROBATT/INPUT_PDF_FILES/21672201.pdf
68,Therapeutic_procedure,TEE,0.5306388139724731,1,/content/drive/MyDrive/MACROBATT/INPUT_PDF_FILES/21672201.pdf
69,Therapeutic_procedure,median,0.8753740787506104,1,/content/drive/MyDrive/MACROBATT/INPUT_PDF_FILES/21672201.pdf
70,Sign_symptom,hypothermic established,0.9994632601737976,1,/content/drive/MyDrive/MACROBATT/INPUT_PDF_FILES/21672201.pdf
71,Sign_symptom,hypothermic,0.9918332099914551,1,/content/drive/MyDrive/MACROBATT/INPUT_PDF_FILES/21672201.pdf
72,Lab_value,32°C,0.8971516489982605,1,/content/drive/MyDrive/MACROBATT/INPUT_PDF_FILES/21672201.pdf
73,Biological_structure,left atrium,0.999854564666748,1,/content/drive/MyDrive/MACROBATT/INPUT_PDF_FILES/21672201.pdf
74,Biological_structure,pulmonary pulmonary,0.9999454021453857,1,/content/drive/MyDrive/MACROBATT/INPUT_PDF_FILES/21672201.pdf
75,Biological_structure,diaphragm,0.9995266199111938,1,/content/drive/MyDrive/MACROBATT/INPUT_PDF_FILES/21672201.pdf
76,Biological_structure,pulmonary veins,0.999839186668396,1,/content/drive/MyDrive/MACROBATT/INPUT_PDF_FILES/21672201.pdf
77,Disease_disorder,atrial septum septum,0.9993016123771667,2,/content/drive/MyDrive/MACROBATT/INPUT_PDF_FILES/21672201.pdf
78,Biological_structure,right atrium atrium,0.999866247177124,2,/content/drive/MyDrive/MACROBATT/INPUT_PDF_FILES/21672201.pdf
79,Other_entity,curved clamp,0.9768126010894775,2,/content/drive/MyDrive/MACROBATT/INPUT_PDF_FILES/21672201.pdf
80,Disease_disorder,atrial septal defect,0.9995771646499634,2,/content/drive/MyDrive/MACROBATT/INPUT_PDF_FILES/21672201.pdf
81,Disease_disorder,patent,0.9990857839584351,2,/content/drive/MyDrive/MACROBATT/INPUT_PDF_FILES/21672201.pdf
82,Biological_structure,diaphragm,0.917238712310791,2,/content/drive/MyDrive/MACROBATT/INPUT_PDF_FILES/21672201.pdf
83,Biological_structure,mitral valve,0.9998326897621155,2,/content/drive/MyDrive/MACROBATT/INPUT_PDF_FILES/21672201.pdf
84,Biological_structure,left left atrial appendage,0.9999151825904846,2,/content/drive/MyDrive/MACROBATT/INPUT_PDF_FILES/21672201.pdf
85,Biological_structure,left left atrium,0.9999395608901978,2,/content/drive/MyDrive/MACROBATT/INPUT_PDF_FILES/21672201.pdf
86,Sign_symptom,the thrombus,0.951514482498169,2,/content/drive/MyDrive/MACROBATT/INPUT_PDF_FILES/21672201.pdf
87,Therapeutic_procedure,atriotomy,0.9997542500495911,2,/content/drive/MyDrive/MACROBATT/INPUT_PDF_FILES/21672201.pdf
88,Therapeutic_procedure,atriotomy incisions,0.9800556302070618,2,/content/drive/MyDrive/MACROBATT/INPUT_PDF_FILES/21672201.pdf
89,Other_entity,aortic cross-clamp,0.9637428522109985,2,/content/drive/MyDrive/MACROBATT/INPUT_PDF_FILES/21672201.pdf
90,Clinical_event,discharged,0.999664306640625,2,/content/drive/MyDrive/MACROBATT/INPUT_PDF_FILES/21672201.pdf
91,Nonbiological_location,hospital,0.999518871307373,2,/content/drive/MyDrive/MACROBATT/INPUT_PDF_FILES/21672201.pdf
92,Outcome,was asymptomatic class,0.982990026473999,2,/content/drive/MyDrive/MACROBATT/INPUT_PDF_FILES/21672201.pdf
93,Outcome,asymptomatic,0.9686053991317749,2,/content/drive/MyDrive/MACROBATT/INPUT_PDF_FILES/21672201.pdf
94,Diagnostic_procedure,TTE,0.9998737573623657,2,/content/drive/MyDrive/MACROBATT/INPUT_PDF_FILES/21672201.pdf
95,Diagnostic_procedure,MRI,0.9999700784683228,2,/content/drive/MyDrive/MACROBATT/INPUT_PDF_FILES/21672201.pdf
96,Shape,dilated,0.9969871640205383,2,/content/drive/MyDrive/MACROBATT/INPUT_PDF_FILES/21672201.pdf
97,Shape,dilated estimated,0.9900583624839783,2,/content/drive/MyDrive/MACROBATT/INPUT_PDF_FILES/21672201.pdf
98,Biological_structure,LV LVEF,0.9998297691345215,2,/content/drive/MyDrive/MACROBATT/INPUT_PDF_FILES/21672201.pdf
99,Disease_disorder,systolic function,0.9972872734069824,2,/content/drive/MyDrive/MACROBATT/INPUT_PDF_FILES/21672201.pdf
100,Diagnostic_procedure,LVEF,0.8517847657203674,2,/content/drive/MyDrive/MACROBATT/INPUT_PDF_FILES/21672201.pdf
