,Entity Group,Value,Score,Page,Pdf File
0,Date,2010,0.9964995384216309,1,/content/drive/MyDrive/MACROBATT/INPUT_PDF_FILES/21720478.pdf
1,Age,77-year-old,0.9981138110160828,1,/content/drive/MyDrive/MACROBATT/INPUT_PDF_FILES/21720478.pdf
2,Sex,man,0.9997966885566711,1,/content/drive/MyDrive/MACROBATT/INPUT_PDF_FILES/21720478.pdf
3,History,stroke,0.5859233140945435,1,/content/drive/MyDrive/MACROBATT/INPUT_PDF_FILES/21720478.pdf
4,Disease_disorder,peripheral,0.831807017326355,1,/content/drive/MyDrive/MACROBATT/INPUT_PDF_FILES/21720478.pdf
5,History,vascular disease,0.9799613952636719,1,/content/drive/MyDrive/MACROBATT/INPUT_PDF_FILES/21720478.pdf
6,Clinical_event,presented,0.9996464252471924,1,/content/drive/MyDrive/MACROBATT/INPUT_PDF_FILES/21720478.pdf
7,Nonbiological_location,emergency department,0.998167872428894,1,/content/drive/MyDrive/MACROBATT/INPUT_PDF_FILES/21720478.pdf
8,Detailed_description,florid,0.9997155070304871,1,/content/drive/MyDrive/MACROBATT/INPUT_PDF_FILES/21720478.pdf
9,Biological_structure,pulmonary,0.9999399185180664,1,/content/drive/MyDrive/MACROBATT/INPUT_PDF_FILES/21720478.pdf
10,Duration,6-month history,0.9996897578239441,1,/content/drive/MyDrive/MACROBATT/INPUT_PDF_FILES/21720478.pdf
11,Sign_symptom,had dyspnea dyspnea and edema,0.9999109506607056,1,/content/drive/MyDrive/MACROBATT/INPUT_PDF_FILES/21720478.pdf
12,Sign_symptom,dyspnea dyspnea,0.989945113658905,1,/content/drive/MyDrive/MACROBATT/INPUT_PDF_FILES/21720478.pdf
13,Activity,exertion,0.935973584651947,1,/content/drive/MyDrive/MACROBATT/INPUT_PDF_FILES/21720478.pdf
14,Detailed_description,paroxysmal,0.9995627999305725,1,/content/drive/MyDrive/MACROBATT/INPUT_PDF_FILES/21720478.pdf
15,Detailed_description,nocturnal,0.9987168312072754,1,/content/drive/MyDrive/MACROBATT/INPUT_PDF_FILES/21720478.pdf
16,Biological_structure,leg,0.9997044205665588,1,/content/drive/MyDrive/MACROBATT/INPUT_PDF_FILES/21720478.pdf
17,Detailed_description,diffuse,0.9999507665634155,1,/content/drive/MyDrive/MACROBATT/INPUT_PDF_FILES/21720478.pdf
18,Sign_symptom,rales,0.9997740387916565,1,/content/drive/MyDrive/MACROBATT/INPUT_PDF_FILES/21720478.pdf
19,Sign_symptom,murmur,0.9985644221305847,1,/content/drive/MyDrive/MACROBATT/INPUT_PDF_FILES/21720478.pdf
20,Sign_symptom,aortic,0.9727125763893127,1,/content/drive/MyDrive/MACROBATT/INPUT_PDF_FILES/21720478.pdf
21,Detailed_description,2-dimensional Doppler,0.9999332427978516,1,/content/drive/MyDrive/MACROBATT/INPUT_PDF_FILES/21720478.pdf
22,Biological_structure,transthoracic,0.9840810894966125,1,/content/drive/MyDrive/MACROBATT/INPUT_PDF_FILES/21720478.pdf
23,Diagnostic_procedure,echocardiogram,0.9915381073951721,1,/content/drive/MyDrive/MACROBATT/INPUT_PDF_FILES/21720478.pdf
24,Severity,severe severe severely,0.9997649788856506,1,/content/drive/MyDrive/MACROBATT/INPUT_PDF_FILES/21720478.pdf
25,Biological_structure,aortic aortic,0.8156259059906006,1,/content/drive/MyDrive/MACROBATT/INPUT_PDF_FILES/21720478.pdf
26,Disease_disorder,valve valve,0.8764325976371765,1,/content/drive/MyDrive/MACROBATT/INPUT_PDF_FILES/21720478.pdf
27,Disease_disorder,stenosis,0.888327956199646,1,/content/drive/MyDrive/MACROBATT/INPUT_PDF_FILES/21720478.pdf
28,Diagnostic_procedure,peak gradient gradient,0.9999380111694336,1,/content/drive/MyDrive/MACROBATT/INPUT_PDF_FILES/21720478.pdf
29,Lab_value,70 mmHg mmHg,0.9979205131530762,1,/content/drive/MyDrive/MACROBATT/INPUT_PDF_FILES/21720478.pdf
30,Diagnostic_procedure,mean gradient gradient,0.9999412298202515,1,/content/drive/MyDrive/MACROBATT/INPUT_PDF_FILES/21720478.pdf
31,Lab_value,45 mmHg mmHg,0.9996463060379028,1,/content/drive/MyDrive/MACROBATT/INPUT_PDF_FILES/21720478.pdf
32,Biological_structure,aortic aortic valve valve,0.8410780429840088,1,/content/drive/MyDrive/MACROBATT/INPUT_PDF_FILES/21720478.pdf
33,Lab_value,0.7 cm2,0.9997327923774719,1,/content/drive/MyDrive/MACROBATT/INPUT_PDF_FILES/21720478.pdf
34,Disease_disorder,mitral,0.9991027116775513,1,/content/drive/MyDrive/MACROBATT/INPUT_PDF_FILES/21720478.pdf
35,Severity,severely,0.9996024966239929,1,/content/drive/MyDrive/MACROBATT/INPUT_PDF_FILES/21720478.pdf
36,Sign_symptom,dilated,0.951433539390564,1,/content/drive/MyDrive/MACROBATT/INPUT_PDF_FILES/21720478.pdf
37,Sign_symptom,calculated dilated,0.9284425973892212,1,/content/drive/MyDrive/MACROBATT/INPUT_PDF_FILES/21720478.pdf
38,Biological_structure,left ventricle,0.9997473359107971,1,/content/drive/MyDrive/MACROBATT/INPUT_PDF_FILES/21720478.pdf
39,Diagnostic_procedure,ejection fraction,0.8866971731185913,1,/content/drive/MyDrive/MACROBATT/INPUT_PDF_FILES/21720478.pdf
40,Sign_symptom,edema resolved confirmed showed,0.9998800754547119,1,/content/drive/MyDrive/MACROBATT/INPUT_PDF_FILES/21720478.pdf
41,Sign_symptom,edema,0.9988542795181274,1,/content/drive/MyDrive/MACROBATT/INPUT_PDF_FILES/21720478.pdf
42,Biological_structure,cardiac,0.8873885273933411,1,/content/drive/MyDrive/MACROBATT/INPUT_PDF_FILES/21720478.pdf
43,Diagnostic_procedure,catheterization,0.9925715327262878,1,/content/drive/MyDrive/MACROBATT/INPUT_PDF_FILES/21720478.pdf
44,Coreference,echocardiographic,0.9962359070777893,1,/content/drive/MyDrive/MACROBATT/INPUT_PDF_FILES/21720478.pdf
45,Coreference,echocardiographic findings,0.8834310173988342,1,/content/drive/MyDrive/MACROBATT/INPUT_PDF_FILES/21720478.pdf
46,Biological_structure,coronary,0.869764506816864,1,/content/drive/MyDrive/MACROBATT/INPUT_PDF_FILES/21720478.pdf
47,Detailed_description,minimally,0.9993492960929871,1,/content/drive/MyDrive/MACROBATT/INPUT_PDF_FILES/21720478.pdf
48,Therapeutic_procedure,placed,0.9996812343597412,1,/content/drive/MyDrive/MACROBATT/INPUT_PDF_FILES/21720478.pdf
49,Therapeutic_procedure,supine position,0.9922733902931213,1,/content/drive/MyDrive/MACROBATT/INPUT_PDF_FILES/21720478.pdf
50,Medication,and anesthetic and and,0.9997405409812927,1,/content/drive/MyDrive/MACROBATT/INPUT_PDF_FILES/21720478.pdf
51,Medication,anesthetic,0.9933739900588989,1,/content/drive/MyDrive/MACROBATT/INPUT_PDF_FILES/21720478.pdf
52,Therapeutic_procedure,intubation,0.9996293783187866,1,/content/drive/MyDrive/MACROBATT/INPUT_PDF_FILES/21720478.pdf
53,Detailed_description,single-lumen,0.9998682737350464,1,/content/drive/MyDrive/MACROBATT/INPUT_PDF_FILES/21720478.pdf
54,Detailed_description,endotracheal,0.9901889562606812,1,/content/drive/MyDrive/MACROBATT/INPUT_PDF_FILES/21720478.pdf
55,Therapeutic_procedure,tube,0.6660261750221252,1,/content/drive/MyDrive/MACROBATT/INPUT_PDF_FILES/21720478.pdf
56,Detailed_description,bronchial,0.9999369382858276,1,/content/drive/MyDrive/MACROBATT/INPUT_PDF_FILES/21720478.pdf
57,Detailed_description,bronchial blocker,0.9993705749511719,1,/content/drive/MyDrive/MACROBATT/INPUT_PDF_FILES/21720478.pdf
58,Detailed_description,Intraoperative,0.6823214888572693,1,/content/drive/MyDrive/MACROBATT/INPUT_PDF_FILES/21720478.pdf
59,Biological_structure,transesophageal,0.7156018614768982,1,/content/drive/MyDrive/MACROBATT/INPUT_PDF_FILES/21720478.pdf
60,Diagnostic_procedure,echocardiography,0.9759462475776672,1,/content/drive/MyDrive/MACROBATT/INPUT_PDF_FILES/21720478.pdf
61,Biological_structure,mitral mitral mitral,0.9999459981918335,1,/content/drive/MyDrive/MACROBATT/INPUT_PDF_FILES/21720478.pdf
62,Disease_disorder,significant disease,0.9473552703857422,1,/content/drive/MyDrive/MACROBATT/INPUT_PDF_FILES/21720478.pdf
63,Disease_disorder,mitral mitral mitral regurgitation,0.9995324015617371,1,/content/drive/MyDrive/MACROBATT/INPUT_PDF_FILES/21720478.pdf
64,Biological_structure,A2–P2 portion,0.9989957809448242,1,/content/drive/MyDrive/MACROBATT/INPUT_PDF_FILES/21720478.pdf
65,Biological_structure,mitral mitral mitral valve valve,0.9998624920845032,1,/content/drive/MyDrive/MACROBATT/INPUT_PDF_FILES/21720478.pdf
66,Disease_disorder,mitral mitral,0.9999029636383057,1,/content/drive/MyDrive/MACROBATT/INPUT_PDF_FILES/21720478.pdf
67,Disease_disorder,mitral mitral regurgitation,0.9900147914886475,1,/content/drive/MyDrive/MACROBATT/INPUT_PDF_FILES/21720478.pdf
68,Sign_symptom,mitral mitral annular dilation,0.9996022582054138,1,/content/drive/MyDrive/MACROBATT/INPUT_PDF_FILES/21720478.pdf
69,Sign_symptom,tethering dilated,0.9999551773071289,1,/content/drive/MyDrive/MACROBATT/INPUT_PDF_FILES/21720478.pdf
70,Sign_symptom,tethering,0.9982099533081055,1,/content/drive/MyDrive/MACROBATT/INPUT_PDF_FILES/21720478.pdf
71,Biological_structure,papillary,0.9999045133590698,1,/content/drive/MyDrive/MACROBATT/INPUT_PDF_FILES/21720478.pdf
72,Biological_structure,papillary muscles,0.8444576263427734,1,/content/drive/MyDrive/MACROBATT/INPUT_PDF_FILES/21720478.pdf
73,Sign_symptom,dilation dilated,0.9974398612976074,1,/content/drive/MyDrive/MACROBATT/INPUT_PDF_FILES/21720478.pdf
74,Detailed_description,edge-to-edge,0.9999654293060303,1,/content/drive/MyDrive/MACROBATT/INPUT_PDF_FILES/21720478.pdf
75,Detailed_description,to edge-to-edge,0.9997372031211853,1,/content/drive/MyDrive/MACROBATT/INPUT_PDF_FILES/21720478.pdf
76,Therapeutic_procedure,repair,0.9994933605194092,1,/content/drive/MyDrive/MACROBATT/INPUT_PDF_FILES/21720478.pdf
77,Biological_structure,mitral valve,0.9998786449432373,1,/content/drive/MyDrive/MACROBATT/INPUT_PDF_FILES/21720478.pdf
78,Detailed_description,transaortic,0.9962806105613708,1,/content/drive/MyDrive/MACROBATT/INPUT_PDF_FILES/21720478.pdf
79,Therapeutic_procedure,femoral,0.9998278617858887,1,/content/drive/MyDrive/MACROBATT/INPUT_PDF_FILES/21720478.pdf
80,Therapeutic_procedure,femoral platform,0.9890216588973999,1,/content/drive/MyDrive/MACROBATT/INPUT_PDF_FILES/21720478.pdf
81,Distance,2- to 3-cm,0.9977800250053406,1,/content/drive/MyDrive/MACROBATT/INPUT_PDF_FILES/21720478.pdf
82,Therapeutic_procedure,incision,0.999757707118988,1,/content/drive/MyDrive/MACROBATT/INPUT_PDF_FILES/21720478.pdf
83,Biological_structure,inguinal,0.983930766582489,1,/content/drive/MyDrive/MACROBATT/INPUT_PDF_FILES/21720478.pdf
84,Detailed_description,5–0,0.9978601336479187,1,/content/drive/MyDrive/MACROBATT/INPUT_PDF_FILES/21720478.pdf
85,Detailed_description,purse-string,0.9999110698699951,1,/content/drive/MyDrive/MACROBATT/INPUT_PDF_FILES/21720478.pdf
86,Therapeutic_procedure,suture,0.9998444318771362,1,/content/drive/MyDrive/MACROBATT/INPUT_PDF_FILES/21720478.pdf
87,Biological_structure,femoral artery,0.9881238341331482,1,/content/drive/MyDrive/MACROBATT/INPUT_PDF_FILES/21720478.pdf
88,Biological_structure,left femoral artery,0.9997275471687317,1,/content/drive/MyDrive/MACROBATT/INPUT_PDF_FILES/21720478.pdf
89,Therapeutic_procedure,cannulated cannula,0.966819703578949,1,/content/drive/MyDrive/MACROBATT/INPUT_PDF_FILES/21720478.pdf
90,Therapeutic_procedure,cannulated,0.8620833158493042,1,/content/drive/MyDrive/MACROBATT/INPUT_PDF_FILES/21720478.pdf
91,Detailed_description,16F–18F arterial,0.9945707321166992,1,/content/drive/MyDrive/MACROBATT/INPUT_PDF_FILES/21720478.pdf
92,Biological_structure,left femoral femoral vein,0.9998785257339478,1,/content/drive/MyDrive/MACROBATT/INPUT_PDF_FILES/21720478.pdf
93,Detailed_description,25F Bio-Medicus® femoral femoral venous cannulated cannula,0.9993881583213806,1,/content/drive/MyDrive/MACROBATT/INPUT_PDF_FILES/21720478.pdf
94,Biological_structure,superior vena cava,0.9997364282608032,1,/content/drive/MyDrive/MACROBATT/INPUT_PDF_FILES/21720478.pdf
95,Distance,4- to costochondral to 5-cm,0.9990348815917969,1,/content/drive/MyDrive/MACROBATT/INPUT_PDF_FILES/21720478.pdf
96,Detailed_description,transverse,0.9992167949676514,1,/content/drive/MyDrive/MACROBATT/INPUT_PDF_FILES/21720478.pdf
97,Biological_structure,parasternal,0.9978602528572083,1,/content/drive/MyDrive/MACROBATT/INPUT_PDF_FILES/21720478.pdf
98,Biological_structure,3rd intercostal space,0.9998798370361328,1,/content/drive/MyDrive/MACROBATT/INPUT_PDF_FILES/21720478.pdf
99,Biological_structure,4th costochondral cartilage,0.9998913407325745,1,/content/drive/MyDrive/MACROBATT/INPUT_PDF_FILES/21720478.pdf
100,Biological_structure,pericardium,0.8707185983657837,1,/content/drive/MyDrive/MACROBATT/INPUT_PDF_FILES/21720478.pdf
101,Therapeutic_procedure,opened,0.9994829893112183,1,/content/drive/MyDrive/MACROBATT/INPUT_PDF_FILES/21720478.pdf
102,Biological_structure,above the the phrenic nerve,0.9999046325683594,1,/content/drive/MyDrive/MACROBATT/INPUT_PDF_FILES/21720478.pdf
103,Biological_structure,aorta,0.999626874923706,1,/content/drive/MyDrive/MACROBATT/INPUT_PDF_FILES/21720478.pdf
104,Detailed_description,retrograde,0.9997438788414001,1,/content/drive/MyDrive/MACROBATT/INPUT_PDF_FILES/21720478.pdf
105,Biological_structure,coronary sinus,0.9997697472572327,1,/content/drive/MyDrive/MACROBATT/INPUT_PDF_FILES/21720478.pdf
106,Therapeutic_procedure,catheter,0.9997896552085876,1,/content/drive/MyDrive/MACROBATT/INPUT_PDF_FILES/21720478.pdf
107,Therapeutic_procedure,vent,0.9998570680618286,1,/content/drive/MyDrive/MACROBATT/INPUT_PDF_FILES/21720478.pdf
108,Therapeutic_procedure,suture superior,0.999675989151001,1,/content/drive/MyDrive/MACROBATT/INPUT_PDF_FILES/21720478.pdf
109,Biological_structure,right superior pulmonary,0.9972081780433655,1,/content/drive/MyDrive/MACROBATT/INPUT_PDF_FILES/21720478.pdf
110,Therapeutic_procedure,aortotomy aortic,0.9993259906768799,1,/content/drive/MyDrive/MACROBATT/INPUT_PDF_FILES/21720478.pdf
111,Therapeutic_procedure,aortotomy,0.969840943813324,1,/content/drive/MyDrive/MACROBATT/INPUT_PDF_FILES/21720478.pdf
112,Therapeutic_procedure,expose,0.9437016248703003,1,/content/drive/MyDrive/MACROBATT/INPUT_PDF_FILES/21720478.pdf
113,Therapeutic_procedure,removed,0.9985079169273376,1,/content/drive/MyDrive/MACROBATT/INPUT_PDF_FILES/21720478.pdf
114,Biological_structure,A2 and and P2 segments,0.9998917579650879,1,/content/drive/MyDrive/MACROBATT/INPUT_PDF_FILES/21720478.pdf
115,Biological_structure,mitral mitral valve valve,0.9997835159301758,1,/content/drive/MyDrive/MACROBATT/INPUT_PDF_FILES/21720478.pdf
116,Detailed_description,edge- to-edge,0.9995239973068237,1,/content/drive/MyDrive/MACROBATT/INPUT_PDF_FILES/21720478.pdf
117,Detailed_description,5–0 Prolene mattress,0.9998293519020081,1,/content/drive/MyDrive/MACROBATT/INPUT_PDF_FILES/21720478.pdf
118,Detailed_description,reinforced with with pericardial pledgets,0.9999054670333862,1,/content/drive/MyDrive/MACROBATT/INPUT_PDF_FILES/21720478.pdf
119,Biological_structure,ventricular,0.9323822855949402,1,/content/drive/MyDrive/MACROBATT/INPUT_PDF_FILES/21720478.pdf
120,Detailed_description,27-mm Hancock® II,0.9996955990791321,1,/content/drive/MyDrive/MACROBATT/INPUT_PDF_FILES/21720478.pdf
121,Biological_structure,aortic valve,0.9997541904449463,1,/content/drive/MyDrive/MACROBATT/INPUT_PDF_FILES/21720478.pdf
122,Detailed_description,Medtronic,0.9326585531234741,1,/content/drive/MyDrive/MACROBATT/INPUT_PDF_FILES/21720478.pdf
123,Therapeutic_procedure,implanted,0.8013500571250916,1,/content/drive/MyDrive/MACROBATT/INPUT_PDF_FILES/21720478.pdf
124,Therapeutic_procedure,closed,0.9994301199913025,1,/content/drive/MyDrive/MACROBATT/INPUT_PDF_FILES/21720478.pdf
125,Detailed_description,2-layer,0.9996862411499023,1,/content/drive/MyDrive/MACROBATT/INPUT_PDF_FILES/21720478.pdf
126,Biological_structure,rib,0.9999216794967651,2,/content/drive/MyDrive/MACROBATT/INPUT_PDF_FILES/21720478.pdf
127,Therapeutic_procedure,reattached wire figure-,0.9998573064804077,2,/content/drive/MyDrive/MACROBATT/INPUT_PDF_FILES/21720478.pdf
128,Therapeutic_procedure,reattached,0.9080944061279297,2,/content/drive/MyDrive/MACROBATT/INPUT_PDF_FILES/21720478.pdf
129,Biological_structure,sternum,0.9998008012771606,2,/content/drive/MyDrive/MACROBATT/INPUT_PDF_FILES/21720478.pdf
130,Detailed_description,1-cm metal plate,0.9998718500137329,2,/content/drive/MyDrive/MACROBATT/INPUT_PDF_FILES/21720478.pdf
131,Detailed_description,fiber wire,0.994583010673523,2,/content/drive/MyDrive/MACROBATT/INPUT_PDF_FILES/21720478.pdf
132,Therapeutic_procedure,placed,0.9763261675834656,2,/content/drive/MyDrive/MACROBATT/INPUT_PDF_FILES/21720478.pdf
133,Quantitative_concept,single,0.9862952828407288,2,/content/drive/MyDrive/MACROBATT/INPUT_PDF_FILES/21720478.pdf
134,Detailed_description,chest tube,0.9995942115783691,2,/content/drive/MyDrive/MACROBATT/INPUT_PDF_FILES/21720478.pdf
135,Therapeutic_procedure,left,0.9991713762283325,2,/content/drive/MyDrive/MACROBATT/INPUT_PDF_FILES/21720478.pdf
136,Biological_structure,pleural,0.9999382495880127,2,/content/drive/MyDrive/MACROBATT/INPUT_PDF_FILES/21720478.pdf
137,Therapeutic_procedure,thoracotomy,0.9934007525444031,2,/content/drive/MyDrive/MACROBATT/INPUT_PDF_FILES/21720478.pdf
138,Therapeutic_procedure,closed,0.9992212057113647,2,/content/drive/MyDrive/MACROBATT/INPUT_PDF_FILES/21720478.pdf
139,Diagnostic_procedure,TEE,0.999920129776001,2,/content/drive/MyDrive/MACROBATT/INPUT_PDF_FILES/21720478.pdf
140,Disease_disorder,mitral mitral regurgitation,0.9996935725212097,2,/content/drive/MyDrive/MACROBATT/INPUT_PDF_FILES/21720478.pdf
141,Activity,elbowing,0.7879743576049805,2,/content/drive/MyDrive/MACROBATT/INPUT_PDF_FILES/21720478.pdf
142,Biological_structure,anterior anterior leaflet leaflet leaflet,0.9999075531959534,2,/content/drive/MyDrive/MACROBATT/INPUT_PDF_FILES/21720478.pdf
143,Sign_symptom,anterior tethering anterior posterior resulted,0.999852180480957,2,/content/drive/MyDrive/MACROBATT/INPUT_PDF_FILES/21720478.pdf
144,Sign_symptom,tethering,0.9942368268966675,2,/content/drive/MyDrive/MACROBATT/INPUT_PDF_FILES/21720478.pdf
145,Biological_structure,posterior leaflet leaflet leaflet,0.9999262690544128,2,/content/drive/MyDrive/MACROBATT/INPUT_PDF_FILES/21720478.pdf
146,Sign_symptom,double-orifice,0.9989726543426514,2,/content/drive/MyDrive/MACROBATT/INPUT_PDF_FILES/21720478.pdf
147,Biological_structure,anterior anterior posterior double-orifice,0.8853912353515625,2,/content/drive/MyDrive/MACROBATT/INPUT_PDF_FILES/21720478.pdf
148,Biological_structure,mitral mitral valve,0.9995465278625488,2,/content/drive/MyDrive/MACROBATT/INPUT_PDF_FILES/21720478.pdf
149,Detailed_description,edge-to-edge,0.9999569654464722,2,/content/drive/MyDrive/MACROBATT/INPUT_PDF_FILES/21720478.pdf
150,Detailed_description,Postoperative mid-diastole to to edge-to-edge,0.999860405921936,2,/content/drive/MyDrive/MACROBATT/INPUT_PDF_FILES/21720478.pdf
151,Therapeutic_procedure,repair,0.9996206760406494,2,/content/drive/MyDrive/MACROBATT/INPUT_PDF_FILES/21720478.pdf
152,Sign_symptom,did,0.6467764973640442,2,/content/drive/MyDrive/MACROBATT/INPUT_PDF_FILES/21720478.pdf
153,Sign_symptom,shortness of breath,0.9998904466629028,2,/content/drive/MyDrive/MACROBATT/INPUT_PDF_FILES/21720478.pdf
154,Clinical_event,discharged,0.999798595905304,2,/content/drive/MyDrive/MACROBATT/INPUT_PDF_FILES/21720478.pdf
155,Nonbiological_location,hospital,0.9997981190681458,2,/content/drive/MyDrive/MACROBATT/INPUT_PDF_FILES/21720478.pdf
156,Date,postoperative,0.889440655708313,2,/content/drive/MyDrive/MACROBATT/INPUT_PDF_FILES/21720478.pdf
157,Date,day 6,0.9605358839035034,2,/content/drive/MyDrive/MACROBATT/INPUT_PDF_FILES/21720478.pdf
158,Clinical_event,follow-up,0.9928379654884338,2,/content/drive/MyDrive/MACROBATT/INPUT_PDF_FILES/21720478.pdf
159,Diagnostic_procedure,echocardiography,0.9157565236091614,2,/content/drive/MyDrive/MACROBATT/INPUT_PDF_FILES/21720478.pdf
160,Lab_value,grade,0.9991512298583984,2,/content/drive/MyDrive/MACROBATT/INPUT_PDF_FILES/21720478.pdf
