,Entity Group,Value,Score,Page,Pdf File
0,Age,59-year-old,0.9928761720657349,1,/content/drive/MyDrive/MACROBATT/INPUT_PDF_FILES/21923918.pdf
1,Sex,man,0.9995788931846619,1,/content/drive/MyDrive/MACROBATT/INPUT_PDF_FILES/21923918.pdf
2,Clinical_event,referred,0.999813973903656,1,/content/drive/MyDrive/MACROBATT/INPUT_PDF_FILES/21923918.pdf
3,Nonbiological_location,general surgery department,0.9995934367179871,1,/content/drive/MyDrive/MACROBATT/INPUT_PDF_FILES/21923918.pdf
4,Nonbiological_location,hospital,0.9995046854019165,1,/content/drive/MyDrive/MACROBATT/INPUT_PDF_FILES/21923918.pdf
5,Duration,one-month history,0.9997962117195129,1,/content/drive/MyDrive/MACROBATT/INPUT_PDF_FILES/21923918.pdf
6,Detailed_description,progressive,0.9999630451202393,1,/content/drive/MyDrive/MACROBATT/INPUT_PDF_FILES/21923918.pdf
7,Sign_symptom,59-year-old referred department dysphagia solids associated,0.9999556541442871,1,/content/drive/MyDrive/MACROBATT/INPUT_PDF_FILES/21923918.pdf
8,Sign_symptom,dysphagia,0.9999203681945801,1,/content/drive/MyDrive/MACROBATT/INPUT_PDF_FILES/21923918.pdf
9,Disease_disorder,malnutrition,0.8018897771835327,1,/content/drive/MyDrive/MACROBATT/INPUT_PDF_FILES/21923918.pdf
10,Diagnostic_procedure,esophagogastroduodenoscopy esophagus,0.9837644100189209,1,/content/drive/MyDrive/MACROBATT/INPUT_PDF_FILES/21923918.pdf
11,Diagnostic_procedure,had esophagogastroduodenoscopy esophagus had,0.9857816100120544,1,/content/drive/MyDrive/MACROBATT/INPUT_PDF_FILES/21923918.pdf
12,Diagnostic_procedure,undergone esophagogastroduodenoscopy,0.9997788071632385,1,/content/drive/MyDrive/MACROBATT/INPUT_PDF_FILES/21923918.pdf
13,Diagnostic_procedure,esophagogastroduodenoscopy,0.976250946521759,1,/content/drive/MyDrive/MACROBATT/INPUT_PDF_FILES/21923918.pdf
14,Detailed_description,ulcerative,0.9846587181091309,1,/content/drive/MyDrive/MACROBATT/INPUT_PDF_FILES/21923918.pdf
15,Sign_symptom,lesion,0.9998646974563599,1,/content/drive/MyDrive/MACROBATT/INPUT_PDF_FILES/21923918.pdf
16,Detailed_description,middle third,0.9996191263198853,1,/content/drive/MyDrive/MACROBATT/INPUT_PDF_FILES/21923918.pdf
17,Diagnostic_procedure,biopsy,0.9998250603675842,1,/content/drive/MyDrive/MACROBATT/INPUT_PDF_FILES/21923918.pdf
18,History,COPD,0.9992897510528564,1,/content/drive/MyDrive/MACROBATT/INPUT_PDF_FILES/21923918.pdf
19,Date,1999,0.9992395639419556,1,/content/drive/MyDrive/MACROBATT/INPUT_PDF_FILES/21923918.pdf
20,History,myocardial,0.9993036985397339,1,/content/drive/MyDrive/MACROBATT/INPUT_PDF_FILES/21923918.pdf
21,History,myocardial infarction,0.9742425680160522,1,/content/drive/MyDrive/MACROBATT/INPUT_PDF_FILES/21923918.pdf
22,Activity,smoked,0.9991390705108643,1,/content/drive/MyDrive/MACROBATT/INPUT_PDF_FILES/21923918.pdf
23,Detailed_description,25 cigarettes per day,0.9995517134666443,1,/content/drive/MyDrive/MACROBATT/INPUT_PDF_FILES/21923918.pdf
24,Diagnostic_procedure,Physical examination,0.9998635053634644,1,/content/drive/MyDrive/MACROBATT/INPUT_PDF_FILES/21923918.pdf
25,Diagnostic_procedure,Computed tomography,0.9999321103096008,1,/content/drive/MyDrive/MACROBATT/INPUT_PDF_FILES/21923918.pdf
26,Biological_structure,chest,0.9999576807022095,1,/content/drive/MyDrive/MACROBATT/INPUT_PDF_FILES/21923918.pdf
27,Biological_structure,abdomen,0.9999597072601318,1,/content/drive/MyDrive/MACROBATT/INPUT_PDF_FILES/21923918.pdf
28,Sign_symptom,stenosis,0.9995805025100708,1,/content/drive/MyDrive/MACROBATT/INPUT_PDF_FILES/21923918.pdf
29,Distance,5-cm,0.9816207885742188,1,/content/drive/MyDrive/MACROBATT/INPUT_PDF_FILES/21923918.pdf
30,Biological_structure,esophagus,0.9986359477043152,1,/content/drive/MyDrive/MACROBATT/INPUT_PDF_FILES/21923918.pdf
31,Sign_symptom,lesions,0.9999532699584961,1,/content/drive/MyDrive/MACROBATT/INPUT_PDF_FILES/21923918.pdf
32,Biological_structure,abdominal,0.9995476603507996,1,/content/drive/MyDrive/MACROBATT/INPUT_PDF_FILES/21923918.pdf
33,Diagnostic_procedure,Barium studies,0.9991464018821716,1,/content/drive/MyDrive/MACROBATT/INPUT_PDF_FILES/21923918.pdf
34,Sign_symptom,swelling,0.9999611377716064,1,/content/drive/MyDrive/MACROBATT/INPUT_PDF_FILES/21923918.pdf
35,Biological_structure,esophageal wall,0.9998981952667236,1,/content/drive/MyDrive/MACROBATT/INPUT_PDF_FILES/21923918.pdf
36,Distance,7 cm,0.9993458986282349,1,/content/drive/MyDrive/MACROBATT/INPUT_PDF_FILES/21923918.pdf
37,Biological_structure,above the the the the cardia,0.999908447265625,1,/content/drive/MyDrive/MACROBATT/INPUT_PDF_FILES/21923918.pdf
38,Detailed_description,ulcerative pattern,0.9968572854995728,1,/content/drive/MyDrive/MACROBATT/INPUT_PDF_FILES/21923918.pdf
39,Lab_value,reduced,0.9816700220108032,1,/content/drive/MyDrive/MACROBATT/INPUT_PDF_FILES/21923918.pdf
40,Diagnostic_procedure,diameter,0.9996508359909058,1,/content/drive/MyDrive/MACROBATT/INPUT_PDF_FILES/21923918.pdf
41,Biological_structure,lumen,0.9996601343154907,1,/content/drive/MyDrive/MACROBATT/INPUT_PDF_FILES/21923918.pdf
42,Detailed_description,endoscopic,0.9999480247497559,1,/content/drive/MyDrive/MACROBATT/INPUT_PDF_FILES/21923918.pdf
43,Biological_structure,oesophageal,0.9961746335029602,1,/content/drive/MyDrive/MACROBATT/INPUT_PDF_FILES/21923918.pdf
44,Sign_symptom,mass,0.9999617338180542,1,/content/drive/MyDrive/MACROBATT/INPUT_PDF_FILES/21923918.pdf
45,Detailed_description,poorly differentiated,0.9999457001686096,1,/content/drive/MyDrive/MACROBATT/INPUT_PDF_FILES/21923918.pdf
46,Detailed_description,Mid-distal,0.9970282912254333,1,/content/drive/MyDrive/MACROBATT/INPUT_PDF_FILES/21923918.pdf
47,Therapeutic_procedure,esophagectomy oesophagogastric,0.9765489101409912,1,/content/drive/MyDrive/MACROBATT/INPUT_PDF_FILES/21923918.pdf
48,Therapeutic_procedure,esophagectomy,0.8951578140258789,1,/content/drive/MyDrive/MACROBATT/INPUT_PDF_FILES/21923918.pdf
49,Therapeutic_procedure,esophagectomy performed oesophagogastric anastomosis reconstruction,0.9999343156814575,1,/content/drive/MyDrive/MACROBATT/INPUT_PDF_FILES/21923918.pdf
50,Therapeutic_procedure,oesophagogastric anastomosis,0.980401337146759,1,/content/drive/MyDrive/MACROBATT/INPUT_PDF_FILES/21923918.pdf
51,Biological_structure,oesophagogastric gastric,0.999029278755188,1,/content/drive/MyDrive/MACROBATT/INPUT_PDF_FILES/21923918.pdf
52,Diagnostic_procedure,Pathological examination,0.9999368786811829,1,/content/drive/MyDrive/MACROBATT/INPUT_PDF_FILES/21923918.pdf
53,Coreference,surgical specimen,0.9983311295509338,1,/content/drive/MyDrive/MACROBATT/INPUT_PDF_FILES/21923918.pdf
54,Disease_disorder,SCC,0.9998605251312256,1,/content/drive/MyDrive/MACROBATT/INPUT_PDF_FILES/21923918.pdf
55,Coreference,tumor,0.9998127818107605,1,/content/drive/MyDrive/MACROBATT/INPUT_PDF_FILES/21923918.pdf
56,Distance,3 cm,0.998796820640564,1,/content/drive/MyDrive/MACROBATT/INPUT_PDF_FILES/21923918.pdf
57,Sign_symptom,infiltrated,0.9977255463600159,1,/content/drive/MyDrive/MACROBATT/INPUT_PDF_FILES/21923918.pdf
58,Biological_structure,oesophageal wall,0.9986991882324219,1,/content/drive/MyDrive/MACROBATT/INPUT_PDF_FILES/21923918.pdf
59,Biological_structure,paraesophageal,0.9137904047966003,1,/content/drive/MyDrive/MACROBATT/INPUT_PDF_FILES/21923918.pdf
60,Diagnostic_procedure,Surgical margins,0.9999333620071411,1,/content/drive/MyDrive/MACROBATT/INPUT_PDF_FILES/21923918.pdf
61,Quantitative_concept,seven,0.8899831175804138,1,/content/drive/MyDrive/MACROBATT/INPUT_PDF_FILES/21923918.pdf
62,Biological_structure,perigastric limph-nodes,0.9996098279953003,1,/content/drive/MyDrive/MACROBATT/INPUT_PDF_FILES/21923918.pdf
63,Diagnostic_procedure,dissected,0.903983473777771,1,/content/drive/MyDrive/MACROBATT/INPUT_PDF_FILES/21923918.pdf
64,Diagnostic_procedure,postoperative period,0.9983332753181458,1,/content/drive/MyDrive/MACROBATT/INPUT_PDF_FILES/21923918.pdf
65,Detailed_description,contrast enhanced,0.9999072551727295,1,/content/drive/MyDrive/MACROBATT/INPUT_PDF_FILES/21923918.pdf
66,Diagnostic_procedure,x-ray,0.999972939491272,1,/content/drive/MyDrive/MACROBATT/INPUT_PDF_FILES/21923918.pdf
67,Date,9th POD,0.9998012781143188,1,/content/drive/MyDrive/MACROBATT/INPUT_PDF_FILES/21923918.pdf
68,Lab_value,normal,0.9997838139533997,1,/content/drive/MyDrive/MACROBATT/INPUT_PDF_FILES/21923918.pdf
69,Biological_structure,esophageal,0.9889737367630005,1,/content/drive/MyDrive/MACROBATT/INPUT_PDF_FILES/21923918.pdf
70,Biological_structure,gastric,0.9538776278495789,1,/content/drive/MyDrive/MACROBATT/INPUT_PDF_FILES/21923918.pdf
71,Date,14th,0.9957139492034912,1,/content/drive/MyDrive/MACROBATT/INPUT_PDF_FILES/21923918.pdf
72,Clinical_event,discharged,0.9997794032096863,1,/content/drive/MyDrive/MACROBATT/INPUT_PDF_FILES/21923918.pdf
73,Nonbiological_location,oncology,0.9977483153343201,1,/content/drive/MyDrive/MACROBATT/INPUT_PDF_FILES/21923918.pdf
74,Clinical_event,referral,0.9577252268791199,1,/content/drive/MyDrive/MACROBATT/INPUT_PDF_FILES/21923918.pdf
75,Date,Nine months after,0.9998786449432373,1,/content/drive/MyDrive/MACROBATT/INPUT_PDF_FILES/21923918.pdf
76,Diagnostic_procedure,operation esophagogastroduodenoscopy,0.8293259739875793,1,/content/drive/MyDrive/MACROBATT/INPUT_PDF_FILES/21923918.pdf
77,Diagnostic_procedure,imaging study,0.999796986579895,1,/content/drive/MyDrive/MACROBATT/INPUT_PDF_FILES/21923918.pdf
78,Severity,mild,0.9996610879898071,1,/content/drive/MyDrive/MACROBATT/INPUT_PDF_FILES/21923918.pdf
79,Sign_symptom,splenomegaly nonspecific,0.9999475479125977,1,/content/drive/MyDrive/MACROBATT/INPUT_PDF_FILES/21923918.pdf
80,Sign_symptom,splenomegaly,0.9871295094490051,1,/content/drive/MyDrive/MACROBATT/INPUT_PDF_FILES/21923918.pdf
81,Quantitative_concept,multiple,0.9952101111412048,1,/content/drive/MyDrive/MACROBATT/INPUT_PDF_FILES/21923918.pdf
82,Sign_symptom,nodules,0.9998152852058411,1,/content/drive/MyDrive/MACROBATT/INPUT_PDF_FILES/21923918.pdf
83,Biological_structure,organ,0.9999127388000488,1,/content/drive/MyDrive/MACROBATT/INPUT_PDF_FILES/21923918.pdf
84,Sign_symptom,was asymptomatic,0.9993724226951599,1,/content/drive/MyDrive/MACROBATT/INPUT_PDF_FILES/21923918.pdf
85,Sign_symptom,asymptomatic,0.9992576241493225,1,/content/drive/MyDrive/MACROBATT/INPUT_PDF_FILES/21923918.pdf
86,Sign_symptom,asymptomatic exception,0.9991626739501953,1,/content/drive/MyDrive/MACROBATT/INPUT_PDF_FILES/21923918.pdf
87,Sign_symptom,discomfort,0.999955415725708,1,/content/drive/MyDrive/MACROBATT/INPUT_PDF_FILES/21923918.pdf
88,Diagnostic_procedure,FNAC,0.9990952014923096,1,/content/drive/MyDrive/MACROBATT/INPUT_PDF_FILES/21923918.pdf
89,Biological_structure,spleen displaying,0.99994957447052,1,/content/drive/MyDrive/MACROBATT/INPUT_PDF_FILES/21923918.pdf
90,Biological_structure,spleen,0.6237155199050903,1,/content/drive/MyDrive/MACROBATT/INPUT_PDF_FILES/21923918.pdf
91,Detailed_description,inflammatory,0.9997702240943909,1,/content/drive/MyDrive/MACROBATT/INPUT_PDF_FILES/21923918.pdf
92,Lab_value,positivity,0.9104693531990051,1,/content/drive/MyDrive/MACROBATT/INPUT_PDF_FILES/21923918.pdf
93,Diagnostic_procedure,cytokeratins,0.9926770329475403,1,/content/drive/MyDrive/MACROBATT/INPUT_PDF_FILES/21923918.pdf
94,Biological_structure,bone-marrow,0.999957799911499,1,/content/drive/MyDrive/MACROBATT/INPUT_PDF_FILES/21923918.pdf
95,Lab_value,negative,0.9999377727508545,1,/content/drive/MyDrive/MACROBATT/INPUT_PDF_FILES/21923918.pdf
96,Diagnostic_procedure,metastatic,0.9996412992477417,1,/content/drive/MyDrive/MACROBATT/INPUT_PDF_FILES/21923918.pdf
97,Disease_disorder,metastases,0.9999325275421143,1,/content/drive/MyDrive/MACROBATT/INPUT_PDF_FILES/21923918.pdf
98,Detailed_description,necrotic,0.9816526770591736,1,/content/drive/MyDrive/MACROBATT/INPUT_PDF_FILES/21923918.pdf
99,Nonbiological_location,centre,0.9962097406387329,1,/content/drive/MyDrive/MACROBATT/INPUT_PDF_FILES/21923918.pdf
100,Detailed_description,spontaneous,0.9989603757858276,1,/content/drive/MyDrive/MACROBATT/INPUT_PDF_FILES/21923918.pdf
101,Sign_symptom,rupture,0.9997904896736145,1,/content/drive/MyDrive/MACROBATT/INPUT_PDF_FILES/21923918.pdf
102,Sign_symptom,procedure rupture,0.9979856014251709,1,/content/drive/MyDrive/MACROBATT/INPUT_PDF_FILES/21923918.pdf
103,Date,12th December 2007,0.980560839176178,1,/content/drive/MyDrive/MACROBATT/INPUT_PDF_FILES/21923918.pdf
104,Detailed_description,transabdominal,0.905855655670166,1,/content/drive/MyDrive/MACROBATT/INPUT_PDF_FILES/21923918.pdf
105,Detailed_description,total,0.999947190284729,1,/content/drive/MyDrive/MACROBATT/INPUT_PDF_FILES/21923918.pdf
106,Therapeutic_procedure,splenectomy splenic,0.999873161315918,1,/content/drive/MyDrive/MACROBATT/INPUT_PDF_FILES/21923918.pdf
107,Therapeutic_procedure,splenectomy,0.9564450979232788,1,/content/drive/MyDrive/MACROBATT/INPUT_PDF_FILES/21923918.pdf
108,Biological_structure,splenic,0.9946030378341675,1,/content/drive/MyDrive/MACROBATT/INPUT_PDF_FILES/21923918.pdf
109,Biological_structure,celiac artery,0.9997828602790833,1,/content/drive/MyDrive/MACROBATT/INPUT_PDF_FILES/21923918.pdf
110,Biological_structure,lymph node,0.9738273024559021,1,/content/drive/MyDrive/MACROBATT/INPUT_PDF_FILES/21923918.pdf
111,Diagnostic_procedure,postoperative course,0.9953464269638062,1,/content/drive/MyDrive/MACROBATT/INPUT_PDF_FILES/21923918.pdf
112,Date,7th postoperative,0.9977196455001831,1,/content/drive/MyDrive/MACROBATT/INPUT_PDF_FILES/21923918.pdf
113,Detailed_description,Doppler,0.9998611807823181,1,/content/drive/MyDrive/MACROBATT/INPUT_PDF_FILES/21923918.pdf
114,Diagnostic_procedure,ultrasonography,0.9999176859855652,1,/content/drive/MyDrive/MACROBATT/INPUT_PDF_FILES/21923918.pdf
115,Detailed_description,portal- tree,0.9714281558990479,1,/content/drive/MyDrive/MACROBATT/INPUT_PDF_FILES/21923918.pdf
116,Sign_symptom,patency,0.9580158591270447,1,/content/drive/MyDrive/MACROBATT/INPUT_PDF_FILES/21923918.pdf
117,Date,Ten days later,0.9993022084236145,1,/content/drive/MyDrive/MACROBATT/INPUT_PDF_FILES/21923918.pdf
118,Lab_value,stable,0.9999436140060425,1,/content/drive/MyDrive/MACROBATT/INPUT_PDF_FILES/21923918.pdf
119,Diagnostic_procedure,platelet count count,0.9999370574951172,1,/content/drive/MyDrive/MACROBATT/INPUT_PDF_FILES/21923918.pdf
120,Lab_value,10.9,0.747623860836029,1,/content/drive/MyDrive/MACROBATT/INPUT_PDF_FILES/21923918.pdf
121,Diagnostic_procedure,WBC count count,0.999915599822998,1,/content/drive/MyDrive/MACROBATT/INPUT_PDF_FILES/21923918.pdf
122,Detailed_description,medium,0.9978627562522888,1,/content/drive/MyDrive/MACROBATT/INPUT_PDF_FILES/21923918.pdf
123,Detailed_description,some,0.9969052672386169,1,/content/drive/MyDrive/MACROBATT/INPUT_PDF_FILES/21923918.pdf
124,Texture,mostly solid,0.9934490323066711,1,/content/drive/MyDrive/MACROBATT/INPUT_PDF_FILES/21923918.pdf
125,Detailed_description,areas of central necrosis,0.9990535974502563,1,/content/drive/MyDrive/MACROBATT/INPUT_PDF_FILES/21923918.pdf
126,Clinical_event,referred,0.9998791217803955,2,/content/drive/MyDrive/MACROBATT/INPUT_PDF_FILES/21923918.pdf
127,Nonbiological_location,oncology on,0.9995619654655457,2,/content/drive/MyDrive/MACROBATT/INPUT_PDF_FILES/21923918.pdf
128,Nonbiological_location,oncology,0.9950311183929443,2,/content/drive/MyDrive/MACROBATT/INPUT_PDF_FILES/21923918.pdf
129,Dosage,two 3-day cycles,0.9995846748352051,2,/content/drive/MyDrive/MACROBATT/INPUT_PDF_FILES/21923918.pdf
130,Detailed_description,systemic,0.9999439716339111,2,/content/drive/MyDrive/MACROBATT/INPUT_PDF_FILES/21923918.pdf
131,Medication,chemotherapy,0.9998773336410522,2,/content/drive/MyDrive/MACROBATT/INPUT_PDF_FILES/21923918.pdf
132,Medication,5-fluorouracil,0.9998689889907837,2,/content/drive/MyDrive/MACROBATT/INPUT_PDF_FILES/21923918.pdf
133,Medication,3-day 3-week 5-fluorouracil,0.6614261269569397,2,/content/drive/MyDrive/MACROBATT/INPUT_PDF_FILES/21923918.pdf
134,Dosage,800,0.9801142811775208,2,/content/drive/MyDrive/MACROBATT/INPUT_PDF_FILES/21923918.pdf
135,Medication,cisplatin,0.930661678314209,2,/content/drive/MyDrive/MACROBATT/INPUT_PDF_FILES/21923918.pdf
136,Date,Three months after,0.999857485294342,2,/content/drive/MyDrive/MACROBATT/INPUT_PDF_FILES/21923918.pdf
137,Therapeutic_procedure,splenectomy,0.9960082769393921,2,/content/drive/MyDrive/MACROBATT/INPUT_PDF_FILES/21923918.pdf
138,Quantitative_concept,multiple,0.9566017389297485,2,/content/drive/MyDrive/MACROBATT/INPUT_PDF_FILES/21923918.pdf
139,Biological_structure,liver,0.999935507774353,2,/content/drive/MyDrive/MACROBATT/INPUT_PDF_FILES/21923918.pdf
140,Disease_disorder,metastases metastases,0.998325526714325,2,/content/drive/MyDrive/MACROBATT/INPUT_PDF_FILES/21923918.pdf
141,Biological_structure,cutaneous,0.9999121427536011,2,/content/drive/MyDrive/MACROBATT/INPUT_PDF_FILES/21923918.pdf
142,Outcome,died,0.9951282739639282,2,/content/drive/MyDrive/MACROBATT/INPUT_PDF_FILES/21923918.pdf
143,Date,9 months,0.9998029470443726,2,/content/drive/MyDrive/MACROBATT/INPUT_PDF_FILES/21923918.pdf
