,Entity Group,Value,Score,Page,Pdf File
0,Age,70–year–old,0.9975573420524597,1,/content/drive/MyDrive/MACROBATT/INPUT_PDF_FILES/22514576.pdf
1,Sex,female,0.9997465014457703,1,/content/drive/MyDrive/MACROBATT/INPUT_PDF_FILES/22514576.pdf
2,Clinical_event,presented,0.9998488426208496,1,/content/drive/MyDrive/MACROBATT/INPUT_PDF_FILES/22514576.pdf
3,Nonbiological_location,Emergency Department,0.9997798204421997,1,/content/drive/MyDrive/MACROBATT/INPUT_PDF_FILES/22514576.pdf
4,Sign_symptom,palpitations,0.9347963333129883,1,/content/drive/MyDrive/MACROBATT/INPUT_PDF_FILES/22514576.pdf
5,Sign_symptom,70–year–old presented dyspnea and,0.9999531507492065,1,/content/drive/MyDrive/MACROBATT/INPUT_PDF_FILES/22514576.pdf
6,Sign_symptom,dyspnea,0.9990922808647156,1,/content/drive/MyDrive/MACROBATT/INPUT_PDF_FILES/22514576.pdf
7,Detailed_description,anterior,0.9998180270195007,1,/content/drive/MyDrive/MACROBATT/INPUT_PDF_FILES/22514576.pdf
8,Sign_symptom,Department epistaxis,0.9999381303787231,1,/content/drive/MyDrive/MACROBATT/INPUT_PDF_FILES/22514576.pdf
9,Sign_symptom,epistaxis,0.9993300437927246,1,/content/drive/MyDrive/MACROBATT/INPUT_PDF_FILES/22514576.pdf
10,Duration,3 years,0.9995044469833374,1,/content/drive/MyDrive/MACROBATT/INPUT_PDF_FILES/22514576.pdf
11,Disease_disorder,atrial fibrillation,0.9997690320014954,1,/content/drive/MyDrive/MACROBATT/INPUT_PDF_FILES/22514576.pdf
12,Detailed_description,chronic,0.9999516010284424,1,/content/drive/MyDrive/MACROBATT/INPUT_PDF_FILES/22514576.pdf
13,Disease_disorder,heart failure,0.9998129606246948,1,/content/drive/MyDrive/MACROBATT/INPUT_PDF_FILES/22514576.pdf
14,Lab_value,NYHA class III,0.9975283145904541,1,/content/drive/MyDrive/MACROBATT/INPUT_PDF_FILES/22514576.pdf
15,Medication,was aspirin,0.9998868703842163,1,/content/drive/MyDrive/MACROBATT/INPUT_PDF_FILES/22514576.pdf
16,Medication,aspirin,0.9915478229522705,1,/content/drive/MyDrive/MACROBATT/INPUT_PDF_FILES/22514576.pdf
17,Dosage,100 mg/day,0.8605166077613831,1,/content/drive/MyDrive/MACROBATT/INPUT_PDF_FILES/22514576.pdf
18,Diagnostic_procedure,Physical examination,0.9996583461761475,1,/content/drive/MyDrive/MACROBATT/INPUT_PDF_FILES/22514576.pdf
19,Lab_value,irregular,0.99989914894104,1,/content/drive/MyDrive/MACROBATT/INPUT_PDF_FILES/22514576.pdf
20,Diagnostic_procedure,pulse,0.9999256134033203,1,/content/drive/MyDrive/MACROBATT/INPUT_PDF_FILES/22514576.pdf
21,Lab_value,148 beats/min,0.9999392628669739,1,/content/drive/MyDrive/MACROBATT/INPUT_PDF_FILES/22514576.pdf
22,Diagnostic_procedure,blood pressure,0.9999637603759766,1,/content/drive/MyDrive/MACROBATT/INPUT_PDF_FILES/22514576.pdf
23,Lab_value,130/100 mmHg,0.9150211811065674,1,/content/drive/MyDrive/MACROBATT/INPUT_PDF_FILES/22514576.pdf
24,Detailed_description,pansystolic,0.9999719858169556,1,/content/drive/MyDrive/MACROBATT/INPUT_PDF_FILES/22514576.pdf
25,Biological_structure,mitral,0.9512089490890503,1,/content/drive/MyDrive/MACROBATT/INPUT_PDF_FILES/22514576.pdf
26,Sign_symptom,murmur murmur,0.999931812286377,1,/content/drive/MyDrive/MACROBATT/INPUT_PDF_FILES/22514576.pdf
27,Lab_value,2/6,0.9999158382415771,1,/content/drive/MyDrive/MACROBATT/INPUT_PDF_FILES/22514576.pdf
28,Lab_value,2/6 3/6,0.9056551456451416,1,/content/drive/MyDrive/MACROBATT/INPUT_PDF_FILES/22514576.pdf
29,Biological_structure,tricuspid,0.9997400641441345,1,/content/drive/MyDrive/MACROBATT/INPUT_PDF_FILES/22514576.pdf
30,Lab_value,irregular regurgitation,0.9002996683120728,1,/content/drive/MyDrive/MACROBATT/INPUT_PDF_FILES/22514576.pdf
31,Lab_value,3/6,0.9861187934875488,1,/content/drive/MyDrive/MACROBATT/INPUT_PDF_FILES/22514576.pdf
32,Biological_structure,lower extremities,0.9999143481254578,1,/content/drive/MyDrive/MACROBATT/INPUT_PDF_FILES/22514576.pdf
33,Diagnostic_procedure,oto-rhino-laryngology exam,0.995324432849884,1,/content/drive/MyDrive/MACROBATT/INPUT_PDF_FILES/22514576.pdf
34,Detailed_description,12–lead,0.9989505410194397,1,/content/drive/MyDrive/MACROBATT/INPUT_PDF_FILES/22514576.pdf
35,Diagnostic_procedure,electrocardiogram,0.9998929500579834,1,/content/drive/MyDrive/MACROBATT/INPUT_PDF_FILES/22514576.pdf
36,Detailed_description,inferior,0.9996013045310974,1,/content/drive/MyDrive/MACROBATT/INPUT_PDF_FILES/22514576.pdf
37,Diagnostic_procedure,International Normalized Ratio,0.9996207356452942,1,/content/drive/MyDrive/MACROBATT/INPUT_PDF_FILES/22514576.pdf
38,Diagnostic_procedure,INR,0.9999260902404785,1,/content/drive/MyDrive/MACROBATT/INPUT_PDF_FILES/22514576.pdf
39,Lab_value,"1,24",0.7416040301322937,1,/content/drive/MyDrive/MACROBATT/INPUT_PDF_FILES/22514576.pdf
40,Detailed_description,two–dimensional,0.9999195337295532,1,/content/drive/MyDrive/MACROBATT/INPUT_PDF_FILES/22514576.pdf
41,Biological_structure,transthoracic,0.9983499050140381,1,/content/drive/MyDrive/MACROBATT/INPUT_PDF_FILES/22514576.pdf
42,Biological_structure,transthoracic attached,0.7143667936325073,1,/content/drive/MyDrive/MACROBATT/INPUT_PDF_FILES/22514576.pdf
43,Diagnostic_procedure,echocardiography,0.9805195331573486,1,/content/drive/MyDrive/MACROBATT/INPUT_PDF_FILES/22514576.pdf
44,Biological_structure,mitral mitral,0.999951958656311,1,/content/drive/MyDrive/MACROBATT/INPUT_PDF_FILES/22514576.pdf
45,Severity,moderate,0.9997637867927551,1,/content/drive/MyDrive/MACROBATT/INPUT_PDF_FILES/22514576.pdf
46,Detailed_description,mobile,0.9997392296791077,1,/content/drive/MyDrive/MACROBATT/INPUT_PDF_FILES/22514576.pdf
47,Shape,round,0.9980296492576599,1,/content/drive/MyDrive/MACROBATT/INPUT_PDF_FILES/22514576.pdf
48,Sign_symptom,mass,0.9996283054351807,1,/content/drive/MyDrive/MACROBATT/INPUT_PDF_FILES/22514576.pdf
49,Biological_structure,left,0.9997696280479431,1,/content/drive/MyDrive/MACROBATT/INPUT_PDF_FILES/22514576.pdf
50,Detailed_description,heterogeneous,0.6259185671806335,1,/content/drive/MyDrive/MACROBATT/INPUT_PDF_FILES/22514576.pdf
51,Distance,18 mm,0.9993865489959717,1,/content/drive/MyDrive/MACROBATT/INPUT_PDF_FILES/22514576.pdf
52,Detailed_description,attached with with two–dimensional transthoracic echocardiography mitral valves a moderate mitral and a mass atrium attached a narrow stalk interatrial narrow stalk,0.9179655909538269,1,/content/drive/MyDrive/MACROBATT/INPUT_PDF_FILES/22514576.pdf
53,Biological_structure,interatrial,0.9240769147872925,1,/content/drive/MyDrive/MACROBATT/INPUT_PDF_FILES/22514576.pdf
54,Detailed_description,tumor–like movement with a a cardiac reaching mitral annular plane cardiac,0.9993690848350525,1,/content/drive/MyDrive/MACROBATT/INPUT_PDF_FILES/22514576.pdf
55,Diagnostic_procedure,maximum gradient,0.8142068386077881,1,/content/drive/MyDrive/MACROBATT/INPUT_PDF_FILES/22514576.pdf
56,Sign_symptom,akinesia,0.9999377727508545,1,/content/drive/MyDrive/MACROBATT/INPUT_PDF_FILES/22514576.pdf
57,Diagnostic_procedure,echocardiography showed insufficiency gradient interatrial septum akinesia inferior ejection,0.9999701976776123,1,/content/drive/MyDrive/MACROBATT/INPUT_PDF_FILES/22514576.pdf
58,Diagnostic_procedure,ejection fraction,0.9156318306922913,1,/content/drive/MyDrive/MACROBATT/INPUT_PDF_FILES/22514576.pdf
59,Biological_structure,left atrial,0.9979498386383057,1,/content/drive/MyDrive/MACROBATT/INPUT_PDF_FILES/22514576.pdf
60,Biological_structure,transesophageal,0.9509665966033936,1,/content/drive/MyDrive/MACROBATT/INPUT_PDF_FILES/22514576.pdf
61,Biological_structure,intraatrial,0.9946275353431702,1,/content/drive/MyDrive/MACROBATT/INPUT_PDF_FILES/22514576.pdf
62,Sign_symptom,Epistaxis,0.9999593496322632,1,/content/drive/MyDrive/MACROBATT/INPUT_PDF_FILES/22514576.pdf
63,Lab_value,increased,0.9905701875686646,1,/content/drive/MyDrive/MACROBATT/INPUT_PDF_FILES/22514576.pdf
64,Sign_symptom,venous,0.8622998595237732,1,/content/drive/MyDrive/MACROBATT/INPUT_PDF_FILES/22514576.pdf
65,Clinical_event,referred,0.9998701810836792,1,/content/drive/MyDrive/MACROBATT/INPUT_PDF_FILES/22514576.pdf
66,Therapeutic_procedure,Anticoagulation,0.9983962774276733,1,/content/drive/MyDrive/MACROBATT/INPUT_PDF_FILES/22514576.pdf
67,Medication,fraxiparine,0.9998959302902222,1,/content/drive/MyDrive/MACROBATT/INPUT_PDF_FILES/22514576.pdf
68,Dosage,"0,6 ml/day",0.9995940327644348,1,/content/drive/MyDrive/MACROBATT/INPUT_PDF_FILES/22514576.pdf
69,Duration,for 3 weeks,0.9297149777412415,1,/content/drive/MyDrive/MACROBATT/INPUT_PDF_FILES/22514576.pdf
70,Therapeutic_procedure,nasal tamponament,0.9897781610488892,1,/content/drive/MyDrive/MACROBATT/INPUT_PDF_FILES/22514576.pdf
71,Date,After 3 weeks,0.9998705983161926,1,/content/drive/MyDrive/MACROBATT/INPUT_PDF_FILES/22514576.pdf
72,Sign_symptom,that the thrombus that,0.9999591112136841,1,/content/drive/MyDrive/MACROBATT/INPUT_PDF_FILES/22514576.pdf
73,Sign_symptom,thrombus,0.7933837175369263,1,/content/drive/MyDrive/MACROBATT/INPUT_PDF_FILES/22514576.pdf
74,Biological_structure,intraatrial atrial fibrillation,0.9975237250328064,1,/content/drive/MyDrive/MACROBATT/INPUT_PDF_FILES/22514576.pdf
75,Sign_symptom,this the thrombus the,0.9999338388442993,1,/content/drive/MyDrive/MACROBATT/INPUT_PDF_FILES/22514576.pdf
