,Entity Group,Value,Score,Page,Pdf File
0,Age,53 year old,0.9990412592887878,1,/content/drive/MyDrive/MACROBATT/INPUT_PDF_FILES/22515939.pdf
1,Sex,female,0.9997461438179016,1,/content/drive/MyDrive/MACROBATT/INPUT_PDF_FILES/22515939.pdf
2,History,without significant past medical history,0.9998284578323364,1,/content/drive/MyDrive/MACROBATT/INPUT_PDF_FILES/22515939.pdf
3,Severity,severe,0.9996311664581299,1,/content/drive/MyDrive/MACROBATT/INPUT_PDF_FILES/22515939.pdf
4,Detailed_description,viral,0.9999325275421143,1,/content/drive/MyDrive/MACROBATT/INPUT_PDF_FILES/22515939.pdf
5,Detailed_description,rapid,0.9953503608703613,1,/content/drive/MyDrive/MACROBATT/INPUT_PDF_FILES/22515939.pdf
6,Detailed_description,progressive,0.999937891960144,1,/content/drive/MyDrive/MACROBATT/INPUT_PDF_FILES/22515939.pdf
7,Lab_value,deterioration,0.999679684638977,1,/content/drive/MyDrive/MACROBATT/INPUT_PDF_FILES/22515939.pdf
8,Diagnostic_procedure,respiratory,0.5188935995101929,1,/content/drive/MyDrive/MACROBATT/INPUT_PDF_FILES/22515939.pdf
9,Disease_disorder,ARDS ARDS,0.9878771305084229,1,/content/drive/MyDrive/MACROBATT/INPUT_PDF_FILES/22515939.pdf
10,Therapeutic_procedure,mechanical ventilatory management,0.9997450709342957,1,/content/drive/MyDrive/MACROBATT/INPUT_PDF_FILES/22515939.pdf
11,Detailed_description,bedside,0.9999274015426636,1,/content/drive/MyDrive/MACROBATT/INPUT_PDF_FILES/22515939.pdf
12,Detailed_description,VV-ECMO,0.9824765920639038,1,/content/drive/MyDrive/MACROBATT/INPUT_PDF_FILES/22515939.pdf
13,Diagnostic_procedure,Transesophageal,0.9948384165763855,1,/content/drive/MyDrive/MACROBATT/INPUT_PDF_FILES/22515939.pdf
14,Diagnostic_procedure,Transesophageal echocardiography,0.9349955916404724,1,/content/drive/MyDrive/MACROBATT/INPUT_PDF_FILES/22515939.pdf
15,Therapeutic_procedure,positioning of the guidewire,0.9760692119598389,1,/content/drive/MyDrive/MACROBATT/INPUT_PDF_FILES/22515939.pdf
16,Detailed_description,Seldinger,0.9472024440765381,1,/content/drive/MyDrive/MACROBATT/INPUT_PDF_FILES/22515939.pdf
17,Biological_structure,right internal jugular vein,0.9993640780448914,1,/content/drive/MyDrive/MACROBATT/INPUT_PDF_FILES/22515939.pdf
18,Coreference,Placement of of the the the the guidewire guidewire,0.997467041015625,1,/content/drive/MyDrive/MACROBATT/INPUT_PDF_FILES/22515939.pdf
19,Biological_structure,IVC,0.9790037870407104,1,/content/drive/MyDrive/MACROBATT/INPUT_PDF_FILES/22515939.pdf
20,Detailed_description,migration of of the the the the guidewire guidewire,0.9969058036804199,1,/content/drive/MyDrive/MACROBATT/INPUT_PDF_FILES/22515939.pdf
21,Biological_structure,right,0.9783167243003845,1,/content/drive/MyDrive/MACROBATT/INPUT_PDF_FILES/22515939.pdf
22,Biological_structure,ventricle,0.564769446849823,1,/content/drive/MyDrive/MACROBATT/INPUT_PDF_FILES/22515939.pdf
23,Detailed_description,bolus,0.8581352233886719,1,/content/drive/MyDrive/MACROBATT/INPUT_PDF_FILES/22515939.pdf
24,Dosage,5000 units,0.9995036125183105,1,/content/drive/MyDrive/MACROBATT/INPUT_PDF_FILES/22515939.pdf
25,Administration,intravenous,0.999618411064148,1,/content/drive/MyDrive/MACROBATT/INPUT_PDF_FILES/22515939.pdf
26,Administration,intravenous given venous,0.844603419303894,1,/content/drive/MyDrive/MACROBATT/INPUT_PDF_FILES/22515939.pdf
27,Medication,heparin,0.9963883757591248,1,/content/drive/MyDrive/MACROBATT/INPUT_PDF_FILES/22515939.pdf
28,Biological_structure,right internal jugular intravenous venous,0.9997586607933044,1,/content/drive/MyDrive/MACROBATT/INPUT_PDF_FILES/22515939.pdf
29,Therapeutic_procedure,dilator exchange,0.9747979044914246,1,/content/drive/MyDrive/MACROBATT/INPUT_PDF_FILES/22515939.pdf
30,Detailed_description,Avalon,0.6988645195960999,1,/content/drive/MyDrive/MACROBATT/INPUT_PDF_FILES/22515939.pdf
31,Detailed_description,Multiple,0.9988012313842773,1,/content/drive/MyDrive/MACROBATT/INPUT_PDF_FILES/22515939.pdf
32,Sign_symptom,premature ventricular beats,0.999919593334198,1,/content/drive/MyDrive/MACROBATT/INPUT_PDF_FILES/22515939.pdf
33,Detailed_description,rapidly,0.9944834113121033,1,/content/drive/MyDrive/MACROBATT/INPUT_PDF_FILES/22515939.pdf
34,Detailed_description,ventricular enlarging,0.854814350605011,1,/content/drive/MyDrive/MACROBATT/INPUT_PDF_FILES/22515939.pdf
35,Disease_disorder,pericardial effusion,0.9995387196540833,1,/content/drive/MyDrive/MACROBATT/INPUT_PDF_FILES/22515939.pdf
36,Therapeutic_procedure,surgical decompression,0.9989074468612671,1,/content/drive/MyDrive/MACROBATT/INPUT_PDF_FILES/22515939.pdf
37,Biological_structure,pericardial,0.997929573059082,1,/content/drive/MyDrive/MACROBATT/INPUT_PDF_FILES/22515939.pdf
38,Lab_value,lost,0.9995197057723999,1,/content/drive/MyDrive/MACROBATT/INPUT_PDF_FILES/22515939.pdf
39,Diagnostic_procedure,blood pressure,0.9998936057090759,1,/content/drive/MyDrive/MACROBATT/INPUT_PDF_FILES/22515939.pdf
40,Detailed_description,acute,0.9999531507492065,1,/content/drive/MyDrive/MACROBATT/INPUT_PDF_FILES/22515939.pdf
41,Coreference,cannula,0.999683141708374,1,/content/drive/MyDrive/MACROBATT/INPUT_PDF_FILES/22515939.pdf
42,Detailed_description,clamped immediately at,0.9300139546394348,1,/content/drive/MyDrive/MACROBATT/INPUT_PDF_FILES/22515939.pdf
43,Detailed_description,end,0.9875823259353638,1,/content/drive/MyDrive/MACROBATT/INPUT_PDF_FILES/22515939.pdf
44,Biological_structure,subxiphoid,0.9977878928184509,1,/content/drive/MyDrive/MACROBATT/INPUT_PDF_FILES/22515939.pdf
45,Therapeutic_procedure,pericardial window,0.8336785435676575,1,/content/drive/MyDrive/MACROBATT/INPUT_PDF_FILES/22515939.pdf
46,Sign_symptom,drainage,0.9998608827590942,1,/content/drive/MyDrive/MACROBATT/INPUT_PDF_FILES/22515939.pdf
47,Biological_structure,venous blood blood,0.9873315691947937,1,/content/drive/MyDrive/MACROBATT/INPUT_PDF_FILES/22515939.pdf
48,Lab_value,restoration,0.9998524188995361,1,/content/drive/MyDrive/MACROBATT/INPUT_PDF_FILES/22515939.pdf
49,Therapeutic_procedure,Transfusion,0.9972286224365234,1,/content/drive/MyDrive/MACROBATT/INPUT_PDF_FILES/22515939.pdf
50,Clinical_event,transported,0.9998003840446472,1,/content/drive/MyDrive/MACROBATT/INPUT_PDF_FILES/22515939.pdf
51,Nonbiological_location,operating room,0.9994825124740601,1,/content/drive/MyDrive/MACROBATT/INPUT_PDF_FILES/22515939.pdf
52,Disease_disorder,perforated,0.9998466968536377,1,/content/drive/MyDrive/MACROBATT/INPUT_PDF_FILES/22515939.pdf
53,Biological_structure,right ventricle,0.9058972597122192,1,/content/drive/MyDrive/MACROBATT/INPUT_PDF_FILES/22515939.pdf
54,Coreference,injury,0.9996640682220459,1,/content/drive/MyDrive/MACROBATT/INPUT_PDF_FILES/22515939.pdf
55,Therapeutic_procedure,repaired,0.9998643398284912,1,/content/drive/MyDrive/MACROBATT/INPUT_PDF_FILES/22515939.pdf
56,Diagnostic_procedure,oxygenation,0.9968462586402893,1,/content/drive/MyDrive/MACROBATT/INPUT_PDF_FILES/22515939.pdf
57,Biological_structure,sternum,0.9999076128005981,1,/content/drive/MyDrive/MACROBATT/INPUT_PDF_FILES/22515939.pdf
58,Therapeutic_procedure,left open,0.999346911907196,1,/content/drive/MyDrive/MACROBATT/INPUT_PDF_FILES/22515939.pdf
59,Therapeutic_procedure,closed,0.9997490048408508,1,/content/drive/MyDrive/MACROBATT/INPUT_PDF_FILES/22515939.pdf
60,Biological_structure,cardiac,0.9997194409370422,1,/content/drive/MyDrive/MACROBATT/INPUT_PDF_FILES/22515939.pdf
61,Detailed_description,infectious,0.9998946189880371,1,/content/drive/MyDrive/MACROBATT/INPUT_PDF_FILES/22515939.pdf
62,Sign_symptom,complications,0.9999008178710938,1,/content/drive/MyDrive/MACROBATT/INPUT_PDF_FILES/22515939.pdf
63,Diagnostic_procedure,pulmonary condition,0.9999321103096008,1,/content/drive/MyDrive/MACROBATT/INPUT_PDF_FILES/22515939.pdf
64,Date,day day 9,0.9688912630081177,1,/content/drive/MyDrive/MACROBATT/INPUT_PDF_FILES/22515939.pdf
65,Clinical_event,discharged,0.9995633959770203,1,/content/drive/MyDrive/MACROBATT/INPUT_PDF_FILES/22515939.pdf
66,Nonbiological_location,home home,0.9996300935745239,1,/content/drive/MyDrive/MACROBATT/INPUT_PDF_FILES/22515939.pdf
67,Date,day day 24,0.9994630813598633,1,/content/drive/MyDrive/MACROBATT/INPUT_PDF_FILES/22515939.pdf
68,Lab_value,full,0.9992918968200684,1,/content/drive/MyDrive/MACROBATT/INPUT_PDF_FILES/22515939.pdf
69,Diagnostic_procedure,physical functions,0.9998998641967773,1,/content/drive/MyDrive/MACROBATT/INPUT_PDF_FILES/22515939.pdf
70,Nonbiological_location,home,0.9993529915809631,1,/content/drive/MyDrive/MACROBATT/INPUT_PDF_FILES/22515939.pdf
71,Lab_value,normal,0.9997714161872864,1,/content/drive/MyDrive/MACROBATT/INPUT_PDF_FILES/22515939.pdf
72,Diagnostic_procedure,pulmonary functions function,0.9995508790016174,1,/content/drive/MyDrive/MACROBATT/INPUT_PDF_FILES/22515939.pdf
73,Date,3 months,0.9998731017112732,1,/content/drive/MyDrive/MACROBATT/INPUT_PDF_FILES/22515939.pdf
74,Clinical_event,discharge,0.9997733235359192,1,/content/drive/MyDrive/MACROBATT/INPUT_PDF_FILES/22515939.pdf
