,Entity Group,Value,Score,Page,Pdf File
0,Age,60-year-old,0.9974920153617859,1,/content/drive/MyDrive/MACROBATT/INPUT_PDF_FILES/22520024.pdf
1,Sex,male,0.999016284942627,1,/content/drive/MyDrive/MACROBATT/INPUT_PDF_FILES/22520024.pdf
2,Detailed_description,radical,0.9999674558639526,1,/content/drive/MyDrive/MACROBATT/INPUT_PDF_FILES/22520024.pdf
3,Therapeutic_procedure,resection,0.9996959567070007,1,/content/drive/MyDrive/MACROBATT/INPUT_PDF_FILES/22520024.pdf
4,Detailed_description,T2bN0M0G3,0.7285009622573853,1,/content/drive/MyDrive/MACROBATT/INPUT_PDF_FILES/22520024.pdf
5,Detailed_description,T2bN0M0G3 Stage III,0.964909553527832,1,/content/drive/MyDrive/MACROBATT/INPUT_PDF_FILES/22520024.pdf
6,Biological_structure,retroperitoneal,0.9999535083770752,1,/content/drive/MyDrive/MACROBATT/INPUT_PDF_FILES/22520024.pdf
7,Biological_structure,60-year-old male previously radical retroperitoneal including cholecystectomy,0.9688183665275574,1,/content/drive/MyDrive/MACROBATT/INPUT_PDF_FILES/22520024.pdf
8,Detailed_description,right,0.9999263286590576,1,/content/drive/MyDrive/MACROBATT/INPUT_PDF_FILES/22520024.pdf
9,Therapeutic_procedure,undergone retroperitoneal nephrectomy,0.9984461665153503,1,/content/drive/MyDrive/MACROBATT/INPUT_PDF_FILES/22520024.pdf
10,Therapeutic_procedure,nephrectomy,0.7827726006507874,1,/content/drive/MyDrive/MACROBATT/INPUT_PDF_FILES/22520024.pdf
11,Therapeutic_procedure,cholecystectomy,0.92732173204422,1,/content/drive/MyDrive/MACROBATT/INPUT_PDF_FILES/22520024.pdf
12,Therapeutic_procedure,male cholecystectomy,0.7307478785514832,1,/content/drive/MyDrive/MACROBATT/INPUT_PDF_FILES/22520024.pdf
13,Diagnostic_procedure,Pathologic evaluation,0.9546654224395752,1,/content/drive/MyDrive/MACROBATT/INPUT_PDF_FILES/22520024.pdf
14,Distance,25 cm,0.9995577931404114,1,/content/drive/MyDrive/MACROBATT/INPUT_PDF_FILES/22520024.pdf
15,Severity,high-grade,0.9995027780532837,1,/content/drive/MyDrive/MACROBATT/INPUT_PDF_FILES/22520024.pdf
16,Disease_disorder,liposarcoma,0.9941821098327637,1,/content/drive/MyDrive/MACROBATT/INPUT_PDF_FILES/22520024.pdf
17,Detailed_description,different differentiated histologic,0.7564940452575684,1,/content/drive/MyDrive/MACROBATT/INPUT_PDF_FILES/22520024.pdf
18,Detailed_description,Pathologic histologic,0.9095561504364014,1,/content/drive/MyDrive/MACROBATT/INPUT_PDF_FILES/22520024.pdf
19,Detailed_description,myxoid,0.9962500333786011,1,/content/drive/MyDrive/MACROBATT/INPUT_PDF_FILES/22520024.pdf
20,Detailed_description,"round cell , , , ,",0.8935423493385315,1,/content/drive/MyDrive/MACROBATT/INPUT_PDF_FILES/22520024.pdf
21,Detailed_description,well- differentiated,0.9822301864624023,1,/content/drive/MyDrive/MACROBATT/INPUT_PDF_FILES/22520024.pdf
22,Detailed_description,sclerosing,0.8584544658660889,1,/content/drive/MyDrive/MACROBATT/INPUT_PDF_FILES/22520024.pdf
23,Detailed_description,pleomorphic,0.9993748068809509,1,/content/drive/MyDrive/MACROBATT/INPUT_PDF_FILES/22520024.pdf
24,Diagnostic_procedure,Surgical margins,0.999943733215332,1,/content/drive/MyDrive/MACROBATT/INPUT_PDF_FILES/22520024.pdf
25,Lab_value,negative,0.9999459981918335,1,/content/drive/MyDrive/MACROBATT/INPUT_PDF_FILES/22520024.pdf
26,Sign_symptom,tumor tumor,0.999946117401123,1,/content/drive/MyDrive/MACROBATT/INPUT_PDF_FILES/22520024.pdf
27,Sign_symptom,invade,0.9996942281723022,1,/content/drive/MyDrive/MACROBATT/INPUT_PDF_FILES/22520024.pdf
28,Biological_structure,renal vein,0.9997776746749878,1,/content/drive/MyDrive/MACROBATT/INPUT_PDF_FILES/22520024.pdf
29,Biological_structure,ureter,0.9999158382415771,1,/content/drive/MyDrive/MACROBATT/INPUT_PDF_FILES/22520024.pdf
30,Detailed_description,Surveillance,0.9896021485328674,1,/content/drive/MyDrive/MACROBATT/INPUT_PDF_FILES/22520024.pdf
31,Diagnostic_procedure,magnetic resonance imaging,0.9876907467842102,1,/content/drive/MyDrive/MACROBATT/INPUT_PDF_FILES/22520024.pdf
32,Date,2007,0.9997605681419373,1,/content/drive/MyDrive/MACROBATT/INPUT_PDF_FILES/22520024.pdf
33,Detailed_description,isolated,0.9999417066574097,1,/content/drive/MyDrive/MACROBATT/INPUT_PDF_FILES/22520024.pdf
34,Sign_symptom,tumor,0.999804675579071,1,/content/drive/MyDrive/MACROBATT/INPUT_PDF_FILES/22520024.pdf
35,Sign_symptom,recurrence,0.9986492991447449,1,/content/drive/MyDrive/MACROBATT/INPUT_PDF_FILES/22520024.pdf
36,Biological_structure,retroperitoneum,0.9999066591262817,1,/content/drive/MyDrive/MACROBATT/INPUT_PDF_FILES/22520024.pdf
37,Detailed_description,exploratory,0.9996439218521118,1,/content/drive/MyDrive/MACROBATT/INPUT_PDF_FILES/22520024.pdf
38,Diagnostic_procedure,celiotomy,0.999957799911499,1,/content/drive/MyDrive/MACROBATT/INPUT_PDF_FILES/22520024.pdf
39,Sign_symptom,involvement,0.9999431371688843,1,/content/drive/MyDrive/MACROBATT/INPUT_PDF_FILES/22520024.pdf
40,Biological_structure,duodenum,0.9998397827148438,1,/content/drive/MyDrive/MACROBATT/INPUT_PDF_FILES/22520024.pdf
41,Biological_structure,head,0.9978384375572205,1,/content/drive/MyDrive/MACROBATT/INPUT_PDF_FILES/22520024.pdf
42,Biological_structure,pancreas,0.6075260639190674,1,/content/drive/MyDrive/MACROBATT/INPUT_PDF_FILES/22520024.pdf
43,Biological_structure,superior mesenteric,0.9798224568367004,1,/content/drive/MyDrive/MACROBATT/INPUT_PDF_FILES/22520024.pdf
44,Biological_structure,vena cava,0.9958077669143677,1,/content/drive/MyDrive/MACROBATT/INPUT_PDF_FILES/22520024.pdf
45,Biological_structure,renal vein vein,0.8536643385887146,1,/content/drive/MyDrive/MACROBATT/INPUT_PDF_FILES/22520024.pdf
46,Severity,severe,0.9923721551895142,1,/content/drive/MyDrive/MACROBATT/INPUT_PDF_FILES/22520024.pdf
47,Detailed_description,stereotactic body,0.9263342618942261,1,/content/drive/MyDrive/MACROBATT/INPUT_PDF_FILES/22520024.pdf
48,Therapeutic_procedure,radiation,0.9997429251670837,1,/content/drive/MyDrive/MACROBATT/INPUT_PDF_FILES/22520024.pdf
49,Dosage,five fractions,0.9992992877960205,1,/content/drive/MyDrive/MACROBATT/INPUT_PDF_FILES/22520024.pdf
50,Dosage,total dose,0.9987562894821167,1,/content/drive/MyDrive/MACROBATT/INPUT_PDF_FILES/22520024.pdf
51,Dosage,30 Gy,0.9985407590866089,1,/content/drive/MyDrive/MACROBATT/INPUT_PDF_FILES/22520024.pdf
52,Diagnostic_procedure,Postradiation,0.8909017443656921,1,/content/drive/MyDrive/MACROBATT/INPUT_PDF_FILES/22520024.pdf
53,Diagnostic_procedure,imaging,0.9939046502113342,1,/content/drive/MyDrive/MACROBATT/INPUT_PDF_FILES/22520024.pdf
54,Biological_structure,near retroperitoneal,0.9995235204696655,1,/content/drive/MyDrive/MACROBATT/INPUT_PDF_FILES/22520024.pdf
55,Date,One year later,0.8911617398262024,1,/content/drive/MyDrive/MACROBATT/INPUT_PDF_FILES/22520024.pdf
56,Clinical_event,presented,0.8515762090682983,1,/content/drive/MyDrive/MACROBATT/INPUT_PDF_FILES/22520024.pdf
57,Sign_symptom,weight,0.9731976985931396,1,/content/drive/MyDrive/MACROBATT/INPUT_PDF_FILES/22520024.pdf
58,Detailed_description,postprandial,0.8306639194488525,1,/content/drive/MyDrive/MACROBATT/INPUT_PDF_FILES/22520024.pdf
59,Biological_structure,abdominal,0.9999058246612549,1,/content/drive/MyDrive/MACROBATT/INPUT_PDF_FILES/22520024.pdf
60,Sign_symptom,nausea,0.9974441528320312,1,/content/drive/MyDrive/MACROBATT/INPUT_PDF_FILES/22520024.pdf
61,Distance,7 cm,0.9996064901351929,1,/content/drive/MyDrive/MACROBATT/INPUT_PDF_FILES/22520024.pdf
62,Sign_symptom,mass,0.9999589920043945,1,/content/drive/MyDrive/MACROBATT/INPUT_PDF_FILES/22520024.pdf
63,Biological_structure,pancreatic,0.9999542236328125,1,/content/drive/MyDrive/MACROBATT/INPUT_PDF_FILES/22520024.pdf
64,Biological_structure,pancreatic head,0.9998226761817932,1,/content/drive/MyDrive/MACROBATT/INPUT_PDF_FILES/22520024.pdf
65,Biological_structure,other structures,0.9998964667320251,1,/content/drive/MyDrive/MACROBATT/INPUT_PDF_FILES/22520024.pdf
66,Therapeutic_procedure,resection resection,0.8000411987304688,1,/content/drive/MyDrive/MACROBATT/INPUT_PDF_FILES/22520024.pdf
67,Therapeutic_procedure,pancreatoduodenectomy,0.9911625385284424,1,/content/drive/MyDrive/MACROBATT/INPUT_PDF_FILES/22520024.pdf
68,Therapeutic_procedure,pancreatoduodenectomy retroperitoneal necessary,0.9648635983467102,1,/content/drive/MyDrive/MACROBATT/INPUT_PDF_FILES/22520024.pdf
69,Therapeutic_procedure,elected resection pancreatoduodenectomy resection,0.6597721576690674,1,/content/drive/MyDrive/MACROBATT/INPUT_PDF_FILES/22520024.pdf
70,Detailed_description,intraduodenal,0.995964765548706,1,/content/drive/MyDrive/MACROBATT/INPUT_PDF_FILES/22520024.pdf
71,Detailed_description,residual intraduodenal pedunculated duodenal duodenal,0.6770874261856079,1,/content/drive/MyDrive/MACROBATT/INPUT_PDF_FILES/22520024.pdf
72,Detailed_description,pedunculated,0.993012011051178,1,/content/drive/MyDrive/MACROBATT/INPUT_PDF_FILES/22520024.pdf
73,Biological_structure,intraduodenal duodenal duodenal,0.998881995677948,1,/content/drive/MyDrive/MACROBATT/INPUT_PDF_FILES/22520024.pdf
74,Therapeutic_procedure,duodenotomy,0.9992834329605103,1,/content/drive/MyDrive/MACROBATT/INPUT_PDF_FILES/22520024.pdf
75,Therapeutic_procedure,stalk transection,0.9998071789741516,1,/content/drive/MyDrive/MACROBATT/INPUT_PDF_FILES/22520024.pdf
76,Detailed_description,polypoid,0.9997279047966003,1,/content/drive/MyDrive/MACROBATT/INPUT_PDF_FILES/22520024.pdf
77,Detailed_description,partial,0.9998552799224854,1,/content/drive/MyDrive/MACROBATT/INPUT_PDF_FILES/22520024.pdf
78,Biological_structure,duodenal,0.8647879958152771,1,/content/drive/MyDrive/MACROBATT/INPUT_PDF_FILES/22520024.pdf
79,Detailed_description,hand-sewn,0.9770888686180115,1,/content/drive/MyDrive/MACROBATT/INPUT_PDF_FILES/22520024.pdf
80,Biological_structure,duodenotomy duodenal duodenojejunal,0.9999401569366455,1,/content/drive/MyDrive/MACROBATT/INPUT_PDF_FILES/22520024.pdf
81,Biological_structure,duodenojejunal,0.9931284189224243,1,/content/drive/MyDrive/MACROBATT/INPUT_PDF_FILES/22520024.pdf
82,Therapeutic_procedure,anastomosis,0.9185808897018433,1,/content/drive/MyDrive/MACROBATT/INPUT_PDF_FILES/22520024.pdf
83,Diagnostic_procedure,Surgical pathology examination,0.9999093413352966,1,/content/drive/MyDrive/MACROBATT/INPUT_PDF_FILES/22520024.pdf
84,Distance,9.5 cm,0.998913049697876,1,/content/drive/MyDrive/MACROBATT/INPUT_PDF_FILES/22520024.pdf
85,Detailed_description,recurrent,0.9999542236328125,1,/content/drive/MyDrive/MACROBATT/INPUT_PDF_FILES/22520024.pdf
86,Detailed_description,high-grade well-differentiated,0.9372121095657349,1,/content/drive/MyDrive/MACROBATT/INPUT_PDF_FILES/22520024.pdf
87,Detailed_description,well-differentiated,0.9994972944259644,1,/content/drive/MyDrive/MACROBATT/INPUT_PDF_FILES/22520024.pdf
88,Detailed_description,focally pleomorphic,0.9342414736747742,1,/content/drive/MyDrive/MACROBATT/INPUT_PDF_FILES/22520024.pdf
89,Distance,within within 0.1 cm,0.9991148710250854,1,/content/drive/MyDrive/MACROBATT/INPUT_PDF_FILES/22520024.pdf
90,Biological_structure,stalk margins margin,0.9999164342880249,1,/content/drive/MyDrive/MACROBATT/INPUT_PDF_FILES/22520024.pdf
91,Sign_symptom,neoplastic components,0.9995832443237305,1,/content/drive/MyDrive/MACROBATT/INPUT_PDF_FILES/22520024.pdf
92,Therapeutic_procedure,postoperative course,0.9996654391288757,1,/content/drive/MyDrive/MACROBATT/INPUT_PDF_FILES/22520024.pdf
93,Date,30 months,0.9992648959159851,1,/content/drive/MyDrive/MACROBATT/INPUT_PDF_FILES/22520024.pdf
