,Entity Group,Value,Score,Page,Pdf File
0,Age,5-year-old,0.9949603080749512,1,/content/drive/MyDrive/MACROBATT/INPUT_PDF_FILES/22665582.pdf
1,Personal_background,Caucasian,0.9979043006896973,1,/content/drive/MyDrive/MACROBATT/INPUT_PDF_FILES/22665582.pdf
2,Age,male,0.9769533276557922,1,/content/drive/MyDrive/MACROBATT/INPUT_PDF_FILES/22665582.pdf
3,Clinical_event,presented,0.9997879862785339,1,/content/drive/MyDrive/MACROBATT/INPUT_PDF_FILES/22665582.pdf
4,Nonbiological_location,Children ’ Caucasian presented s epistaxis site widespread rash secondary Emergency Department,0.9997502565383911,1,/content/drive/MyDrive/MACROBATT/INPUT_PDF_FILES/22665582.pdf
5,Sign_symptom,Department epistaxis,0.999883770942688,1,/content/drive/MyDrive/MACROBATT/INPUT_PDF_FILES/22665582.pdf
6,Sign_symptom,epistaxis,0.9960008263587952,1,/content/drive/MyDrive/MACROBATT/INPUT_PDF_FILES/22665582.pdf
7,Sign_symptom,bleeding,0.9927828311920166,1,/content/drive/MyDrive/MACROBATT/INPUT_PDF_FILES/22665582.pdf
8,Therapeutic_procedure,dental extraction,0.9994800090789795,1,/content/drive/MyDrive/MACROBATT/INPUT_PDF_FILES/22665582.pdf
9,Biological_structure,site,0.999671220779419,1,/content/drive/MyDrive/MACROBATT/INPUT_PDF_FILES/22665582.pdf
10,Detailed_description,widespread,0.9996763467788696,1,/content/drive/MyDrive/MACROBATT/INPUT_PDF_FILES/22665582.pdf
11,Detailed_description,purpuric,0.9992619156837463,1,/content/drive/MyDrive/MACROBATT/INPUT_PDF_FILES/22665582.pdf
12,Detailed_description,Caucasian Emergency extraction purpuric secondary acute idiopathic thrombocytopenia,0.6254827976226807,1,/content/drive/MyDrive/MACROBATT/INPUT_PDF_FILES/22665582.pdf
13,Detailed_description,acute,0.9537551999092102,1,/content/drive/MyDrive/MACROBATT/INPUT_PDF_FILES/22665582.pdf
14,Detailed_description,widespread idiopathic,0.9999301433563232,1,/content/drive/MyDrive/MACROBATT/INPUT_PDF_FILES/22665582.pdf
15,Sign_symptom,the with the idiopathic thrombocytopenia,0.9959503412246704,1,/content/drive/MyDrive/MACROBATT/INPUT_PDF_FILES/22665582.pdf
16,Sign_symptom,thrombocytopenia,0.9540745615959167,1,/content/drive/MyDrive/MACROBATT/INPUT_PDF_FILES/22665582.pdf
17,Date,Two days prior,0.9998521208763123,1,/content/drive/MyDrive/MACROBATT/INPUT_PDF_FILES/22665582.pdf
18,Detailed_description,generalised,0.9999505281448364,1,/content/drive/MyDrive/MACROBATT/INPUT_PDF_FILES/22665582.pdf
19,Diagnostic_procedure,heart rate,0.9999601244926453,1,/content/drive/MyDrive/MACROBATT/INPUT_PDF_FILES/22665582.pdf
20,Lab_value,between 50 and and 60 beats per,0.9986427426338196,1,/content/drive/MyDrive/MACROBATT/INPUT_PDF_FILES/22665582.pdf
21,Sign_symptom,haemo-dynamically stable,0.9996929168701172,1,/content/drive/MyDrive/MACROBATT/INPUT_PDF_FILES/22665582.pdf
22,Lab_value,normal,0.9998880624771118,1,/content/drive/MyDrive/MACROBATT/INPUT_PDF_FILES/22665582.pdf
23,Diagnostic_procedure,blood pressure,0.9999090433120728,1,/content/drive/MyDrive/MACROBATT/INPUT_PDF_FILES/22665582.pdf
24,Diagnostic_procedure,oxygen saturations,0.9997548460960388,1,/content/drive/MyDrive/MACROBATT/INPUT_PDF_FILES/22665582.pdf
25,Detailed_description,short,0.9999767541885376,1,/content/drive/MyDrive/MACROBATT/INPUT_PDF_FILES/22665582.pdf
26,Detailed_description,systolic,0.9999748468399048,1,/content/drive/MyDrive/MACROBATT/INPUT_PDF_FILES/22665582.pdf
27,Sign_symptom,murmur,0.9999443292617798,1,/content/drive/MyDrive/MACROBATT/INPUT_PDF_FILES/22665582.pdf
28,Lab_value,grade 2/6,0.9994820356369019,1,/content/drive/MyDrive/MACROBATT/INPUT_PDF_FILES/22665582.pdf
29,Biological_structure,left sternal,0.9999306797981262,1,/content/drive/MyDrive/MACROBATT/INPUT_PDF_FILES/22665582.pdf
30,Disease_disorder,myocarditis,0.9997561573982239,1,/content/drive/MyDrive/MACROBATT/INPUT_PDF_FILES/22665582.pdf
31,Severity,extensive,0.9993189573287964,1,/content/drive/MyDrive/MACROBATT/INPUT_PDF_FILES/22665582.pdf
32,Sign_symptom,petechiae,0.999954342842102,1,/content/drive/MyDrive/MACROBATT/INPUT_PDF_FILES/22665582.pdf
33,Sign_symptom,rash,0.9999496936798096,1,/content/drive/MyDrive/MACROBATT/INPUT_PDF_FILES/22665582.pdf
34,Disease_disorder,varicella,0.9967148900032043,1,/content/drive/MyDrive/MACROBATT/INPUT_PDF_FILES/22665582.pdf
35,Sign_symptom,healthy,0.999833345413208,1,/content/drive/MyDrive/MACROBATT/INPUT_PDF_FILES/22665582.pdf
36,Family_history,no history of maternal lupus,0.9965256452560425,1,/content/drive/MyDrive/MACROBATT/INPUT_PDF_FILES/22665582.pdf
37,Diagnostic_procedure,ECG,0.9995671510696411,1,/content/drive/MyDrive/MACROBATT/INPUT_PDF_FILES/22665582.pdf
38,Severity,complete,0.999402642250061,1,/content/drive/MyDrive/MACROBATT/INPUT_PDF_FILES/22665582.pdf
39,Sign_symptom,heart block,0.9502188563346863,1,/content/drive/MyDrive/MACROBATT/INPUT_PDF_FILES/22665582.pdf
40,Clinical_event,admitted,0.9997876286506653,1,/content/drive/MyDrive/MACROBATT/INPUT_PDF_FILES/22665582.pdf
41,Nonbiological_location,high dependency unit,0.9994481205940247,1,/content/drive/MyDrive/MACROBATT/INPUT_PDF_FILES/22665582.pdf
42,Detailed_description,close,0.9996830224990845,1,/content/drive/MyDrive/MACROBATT/INPUT_PDF_FILES/22665582.pdf
43,Duration,overnight,0.9924885034561157,1,/content/drive/MyDrive/MACROBATT/INPUT_PDF_FILES/22665582.pdf
44,Disease_disorder,varicella infection.1,0.9895143508911133,1,/content/drive/MyDrive/MACROBATT/INPUT_PDF_FILES/22665582.pdf
45,Diagnostic_procedure,electrolytes,0.9997891783714294,1,/content/drive/MyDrive/MACROBATT/INPUT_PDF_FILES/22665582.pdf
46,Diagnostic_procedure,calcium,0.9998670816421509,1,/content/drive/MyDrive/MACROBATT/INPUT_PDF_FILES/22665582.pdf
47,Diagnostic_procedure,phosphate,0.999213695526123,1,/content/drive/MyDrive/MACROBATT/INPUT_PDF_FILES/22665582.pdf
48,Diagnostic_procedure,glucose,0.999796450138092,1,/content/drive/MyDrive/MACROBATT/INPUT_PDF_FILES/22665582.pdf
49,Diagnostic_procedure,magnesium,0.9998854398727417,1,/content/drive/MyDrive/MACROBATT/INPUT_PDF_FILES/22665582.pdf
50,Diagnostic_procedure,full blood count count,0.9999505877494812,1,/content/drive/MyDrive/MACROBATT/INPUT_PDF_FILES/22665582.pdf
51,Diagnostic_procedure,haemoglobin,0.9999673366546631,1,/content/drive/MyDrive/MACROBATT/INPUT_PDF_FILES/22665582.pdf
52,Diagnostic_procedure,white,0.99994957447052,1,/content/drive/MyDrive/MACROBATT/INPUT_PDF_FILES/22665582.pdf
53,Diagnostic_procedure,platelet count,0.9999472498893738,1,/content/drive/MyDrive/MACROBATT/INPUT_PDF_FILES/22665582.pdf
54,Lab_value,low,0.9999449253082275,1,/content/drive/MyDrive/MACROBATT/INPUT_PDF_FILES/22665582.pdf
55,Lab_value,13×109/l,0.7834751605987549,1,/content/drive/MyDrive/MACROBATT/INPUT_PDF_FILES/22665582.pdf
56,Lab_value,normalised,0.9999303817749023,1,/content/drive/MyDrive/MACROBATT/INPUT_PDF_FILES/22665582.pdf
57,Date,within 10 days,0.9997420907020569,1,/content/drive/MyDrive/MACROBATT/INPUT_PDF_FILES/22665582.pdf
58,Diagnostic_procedure,antinuclear antibody,0.9998804330825806,1,/content/drive/MyDrive/MACROBATT/INPUT_PDF_FILES/22665582.pdf
59,Diagnostic_procedure,autoimmune,0.9881637096405029,1,/content/drive/MyDrive/MACROBATT/INPUT_PDF_FILES/22665582.pdf
60,Diagnostic_procedure,autoimmune screen,0.836086094379425,1,/content/drive/MyDrive/MACROBATT/INPUT_PDF_FILES/22665582.pdf
61,Subject,Maternal,0.9979891777038574,1,/content/drive/MyDrive/MACROBATT/INPUT_PDF_FILES/22665582.pdf
62,Diagnostic_procedure,echocardiogram,0.9999629259109497,1,/content/drive/MyDrive/MACROBATT/INPUT_PDF_FILES/22665582.pdf
63,Biological_structure,heart heart,0.9997935891151428,1,/content/drive/MyDrive/MACROBATT/INPUT_PDF_FILES/22665582.pdf
64,Clinical_event,follow-up,0.5779211521148682,1,/content/drive/MyDrive/MACROBATT/INPUT_PDF_FILES/22665582.pdf
65,Date,24 The echocardiogram showed heart h showed heart,0.7759799361228943,1,/content/drive/MyDrive/MACROBATT/INPUT_PDF_FILES/22665582.pdf
66,Detailed_description,congenital,0.9960642457008362,1,/content/drive/MyDrive/MACROBATT/INPUT_PDF_FILES/22665582.pdf
67,Disease_disorder,complete heart block,0.8865824341773987,1,/content/drive/MyDrive/MACROBATT/INPUT_PDF_FILES/22665582.pdf
68,Date,after 6 60 months,0.998586893081665,1,/content/drive/MyDrive/MACROBATT/INPUT_PDF_FILES/22665582.pdf
69,Lab_value,between 50 and 60 beats per,0.9942412376403809,1,/content/drive/MyDrive/MACROBATT/INPUT_PDF_FILES/22665582.pdf
70,Sign_symptom,asymptomatic,0.9973310232162476,1,/content/drive/MyDrive/MACROBATT/INPUT_PDF_FILES/22665582.pdf
71,Therapeutic_procedure,pacemaker,0.9996961951255798,1,/content/drive/MyDrive/MACROBATT/INPUT_PDF_FILES/22665582.pdf
72,Disease_disorder,varicella infection,0.9996689558029175,1,/content/drive/MyDrive/MACROBATT/INPUT_PDF_FILES/22665582.pdf
73,Sign_symptom,case asymptomatic as asymptomatic,0.9998588562011719,1,/content/drive/MyDrive/MACROBATT/INPUT_PDF_FILES/22665582.pdf
74,Sign_symptom,asymptomatic asymptomatic,0.9996590614318848,1,/content/drive/MyDrive/MACROBATT/INPUT_PDF_FILES/22665582.pdf
