,Entity Group,Value,Score,Page,Pdf File
0,Date,January 2009,0.996368944644928,1,/content/drive/MyDrive/MACROBATT/INPUT_PDF_FILES/22719160.pdf
1,Age,57-year-old,0.9974848031997681,1,/content/drive/MyDrive/MACROBATT/INPUT_PDF_FILES/22719160.pdf
2,Sex,woman,0.9998143315315247,1,/content/drive/MyDrive/MACROBATT/INPUT_PDF_FILES/22719160.pdf
3,Clinical_event,presented,0.9996293783187866,1,/content/drive/MyDrive/MACROBATT/INPUT_PDF_FILES/22719160.pdf
4,Detailed_description,acute,0.999969482421875,1,/content/drive/MyDrive/MACROBATT/INPUT_PDF_FILES/22719160.pdf
5,Sign_symptom,shortness,0.9812204837799072,1,/content/drive/MyDrive/MACROBATT/INPUT_PDF_FILES/22719160.pdf
6,Duration,1-month,0.999699056148529,1,/content/drive/MyDrive/MACROBATT/INPUT_PDF_FILES/22719160.pdf
7,Detailed_description,progressive,0.99997878074646,1,/content/drive/MyDrive/MACROBATT/INPUT_PDF_FILES/22719160.pdf
8,Sign_symptom,shortness of of breath,0.9999412298202515,1,/content/drive/MyDrive/MACROBATT/INPUT_PDF_FILES/22719160.pdf
9,Lab_value,gradual decrease,0.9999093413352966,1,/content/drive/MyDrive/MACROBATT/INPUT_PDF_FILES/22719160.pdf
10,Diagnostic_procedure,exercise capacity,0.9999145269393921,1,/content/drive/MyDrive/MACROBATT/INPUT_PDF_FILES/22719160.pdf
11,Severity,mild,0.9997913241386414,1,/content/drive/MyDrive/MACROBATT/INPUT_PDF_FILES/22719160.pdf
12,Sign_symptom,had and gradual decrease secondary mild dyspnea,0.9993840456008911,1,/content/drive/MyDrive/MACROBATT/INPUT_PDF_FILES/22719160.pdf
13,Clinical_event,diagnosed,0.9968229532241821,1,/content/drive/MyDrive/MACROBATT/INPUT_PDF_FILES/22719160.pdf
14,Lab_value,stage IIA,0.9486194849014282,1,/content/drive/MyDrive/MACROBATT/INPUT_PDF_FILES/22719160.pdf
15,Lab_value,T1bN1,0.6554442644119263,1,/content/drive/MyDrive/MACROBATT/INPUT_PDF_FILES/22719160.pdf
16,Detailed_description,left-sided,0.9996688365936279,1,/content/drive/MyDrive/MACROBATT/INPUT_PDF_FILES/22719160.pdf
17,Therapeutic_procedure,lumpectomy,0.9999289512634277,1,/content/drive/MyDrive/MACROBATT/INPUT_PDF_FILES/22719160.pdf
18,Biological_structure,axillary,0.9998903274536133,1,/content/drive/MyDrive/MACROBATT/INPUT_PDF_FILES/22719160.pdf
19,Dosage,4 cycles cycles,0.9993908405303955,1,/content/drive/MyDrive/MACROBATT/INPUT_PDF_FILES/22719160.pdf
20,Medication,DOX,0.9058200120925903,1,/content/drive/MyDrive/MACROBATT/INPUT_PDF_FILES/22719160.pdf
21,Dosage,8 cycles cycles,0.9995996952056885,1,/content/drive/MyDrive/MACROBATT/INPUT_PDF_FILES/22719160.pdf
22,Medication,cycles cycles cyclophosphamide,0.9491100907325745,1,/content/drive/MyDrive/MACROBATT/INPUT_PDF_FILES/22719160.pdf
23,Medication,cyclophosphamide,0.7230236530303955,1,/content/drive/MyDrive/MACROBATT/INPUT_PDF_FILES/22719160.pdf
24,Medication,methotrexate,0.9889019131660461,1,/content/drive/MyDrive/MACROBATT/INPUT_PDF_FILES/22719160.pdf
25,Medication,75 5-fluorouracil,0.9988724589347839,1,/content/drive/MyDrive/MACROBATT/INPUT_PDF_FILES/22719160.pdf
26,Medication,5-fluorouracil,0.9980862140655518,1,/content/drive/MyDrive/MACROBATT/INPUT_PDF_FILES/22719160.pdf
27,Diagnostic_procedure,Multigated,0.9999721050262451,1,/content/drive/MyDrive/MACROBATT/INPUT_PDF_FILES/22719160.pdf
28,Diagnostic_procedure,Multigated acquisition scans,0.9948566555976868,1,/content/drive/MyDrive/MACROBATT/INPUT_PDF_FILES/22719160.pdf
29,Medication,chemotherapy,0.9992813467979431,1,/content/drive/MyDrive/MACROBATT/INPUT_PDF_FILES/22719160.pdf
30,Lab_value,normal,0.9998928308486938,1,/content/drive/MyDrive/MACROBATT/INPUT_PDF_FILES/22719160.pdf
31,Biological_structure,left whole-breast,0.9998117685317993,1,/content/drive/MyDrive/MACROBATT/INPUT_PDF_FILES/22719160.pdf
32,Biological_structure,whole-breast,0.907738447189331,1,/content/drive/MyDrive/MACROBATT/INPUT_PDF_FILES/22719160.pdf
33,Therapeutic_procedure,radiation,0.9999294281005859,1,/content/drive/MyDrive/MACROBATT/INPUT_PDF_FILES/22719160.pdf
34,Sign_symptom,tumor,0.999895453453064,1,/content/drive/MyDrive/MACROBATT/INPUT_PDF_FILES/22719160.pdf
35,Medication,anti-estrogen,0.9967045187950134,1,/content/drive/MyDrive/MACROBATT/INPUT_PDF_FILES/22719160.pdf
36,Medication,estrogen anti-estrogen,0.9244013428688049,1,/content/drive/MyDrive/MACROBATT/INPUT_PDF_FILES/22719160.pdf
37,Medication,tamoxifen,0.9086911678314209,1,/content/drive/MyDrive/MACROBATT/INPUT_PDF_FILES/22719160.pdf
38,Medication,letrozole,0.9998332262039185,1,/content/drive/MyDrive/MACROBATT/INPUT_PDF_FILES/22719160.pdf
39,Medication,aromatase letrozole,0.9933300614356995,1,/content/drive/MyDrive/MACROBATT/INPUT_PDF_FILES/22719160.pdf
40,Duration,17 years after,0.9454810619354248,1,/content/drive/MyDrive/MACROBATT/INPUT_PDF_FILES/22719160.pdf
41,Sign_symptom,active,0.9991965889930725,1,/content/drive/MyDrive/MACROBATT/INPUT_PDF_FILES/22719160.pdf
42,Sign_symptom,tachycardia tachypnea,0.9948295950889587,1,/content/drive/MyDrive/MACROBATT/INPUT_PDF_FILES/22719160.pdf
43,Sign_symptom,tachypnea,0.8598875999450684,1,/content/drive/MyDrive/MACROBATT/INPUT_PDF_FILES/22719160.pdf
44,Biological_structure,jugular,0.9997208714485168,1,/content/drive/MyDrive/MACROBATT/INPUT_PDF_FILES/22719160.pdf
45,Biological_structure,jugular venous,0.9063445925712585,1,/content/drive/MyDrive/MACROBATT/INPUT_PDF_FILES/22719160.pdf
46,Diagnostic_procedure,laboratory values,0.9999505281448364,1,/content/drive/MyDrive/MACROBATT/INPUT_PDF_FILES/22719160.pdf
47,Lab_value,elevated,0.9995800852775574,1,/content/drive/MyDrive/MACROBATT/INPUT_PDF_FILES/22719160.pdf
48,Diagnostic_procedure,N-terminal,0.999953031539917,1,/content/drive/MyDrive/MACROBATT/INPUT_PDF_FILES/22719160.pdf
49,Diagnostic_procedure,N-terminal pro-brain natriuretic peptide,0.9999309182167053,1,/content/drive/MyDrive/MACROBATT/INPUT_PDF_FILES/22719160.pdf
50,Disease_disorder,cardiomyopathy,0.9455146193504333,1,/content/drive/MyDrive/MACROBATT/INPUT_PDF_FILES/22719160.pdf
51,Lab_value,normal normal,0.9995552897453308,1,/content/drive/MyDrive/MACROBATT/INPUT_PDF_FILES/22719160.pdf
52,Diagnostic_procedure,cardiac enzyme,0.9999069571495056,1,/content/drive/MyDrive/MACROBATT/INPUT_PDF_FILES/22719160.pdf
53,Diagnostic_procedure,electrocardiogram,0.9989653825759888,1,/content/drive/MyDrive/MACROBATT/INPUT_PDF_FILES/22719160.pdf
54,Diagnostic_procedure,ECG,0.9998942613601685,1,/content/drive/MyDrive/MACROBATT/INPUT_PDF_FILES/22719160.pdf
55,Sign_symptom,ischemic,0.932746410369873,1,/content/drive/MyDrive/MACROBATT/INPUT_PDF_FILES/22719160.pdf
56,Biological_structure,coronary,0.8424128890037537,1,/content/drive/MyDrive/MACROBATT/INPUT_PDF_FILES/22719160.pdf
57,Diagnostic_procedure,angiogram,0.9147470593452454,1,/content/drive/MyDrive/MACROBATT/INPUT_PDF_FILES/22719160.pdf
58,Detailed_description,sinus,0.9804686307907104,1,/content/drive/MyDrive/MACROBATT/INPUT_PDF_FILES/22719160.pdf
59,Sign_symptom,tachycardia low-voltage,0.9999591112136841,1,/content/drive/MyDrive/MACROBATT/INPUT_PDF_FILES/22719160.pdf
60,Sign_symptom,tachycardia,0.9995132088661194,1,/content/drive/MyDrive/MACROBATT/INPUT_PDF_FILES/22719160.pdf
61,Frequency,frequent,0.9912896156311035,1,/content/drive/MyDrive/MACROBATT/INPUT_PDF_FILES/22719160.pdf
62,Sign_symptom,premature,0.8743904232978821,1,/content/drive/MyDrive/MACROBATT/INPUT_PDF_FILES/22719160.pdf
63,Detailed_description,left-axis left,0.8661200404167175,1,/content/drive/MyDrive/MACROBATT/INPUT_PDF_FILES/22719160.pdf
64,Biological_structure,left-axis left atrial,0.999923050403595,1,/content/drive/MyDrive/MACROBATT/INPUT_PDF_FILES/22719160.pdf
65,Detailed_description,low-voltage,0.9771933555603027,1,/content/drive/MyDrive/MACROBATT/INPUT_PDF_FILES/22719160.pdf
66,Sign_symptom,QRS complexes complexes,0.9999387860298157,1,/content/drive/MyDrive/MACROBATT/INPUT_PDF_FILES/22719160.pdf
67,Detailed_description,nonspecific,0.977905809879303,1,/content/drive/MyDrive/MACROBATT/INPUT_PDF_FILES/22719160.pdf
68,Sign_symptom,ST changes,0.9999117255210876,1,/content/drive/MyDrive/MACROBATT/INPUT_PDF_FILES/22719160.pdf
69,Detailed_description,2-dimensional,0.9997085928916931,1,/content/drive/MyDrive/MACROBATT/INPUT_PDF_FILES/22719160.pdf
70,Diagnostic_procedure,echocardiogram,0.9998812675476074,1,/content/drive/MyDrive/MACROBATT/INPUT_PDF_FILES/22719160.pdf
71,Diagnostic_procedure,left left left,0.9989173412322998,1,/content/drive/MyDrive/MACROBATT/INPUT_PDF_FILES/22719160.pdf
72,Diagnostic_procedure,ventricular ventricular ejection fraction,0.8623419404029846,1,/content/drive/MyDrive/MACROBATT/INPUT_PDF_FILES/22719160.pdf
73,Diagnostic_procedure,LVEF LV,0.9998144507408142,1,/content/drive/MyDrive/MACROBATT/INPUT_PDF_FILES/22719160.pdf
74,Diagnostic_procedure,LVEF,0.8247159719467163,1,/content/drive/MyDrive/MACROBATT/INPUT_PDF_FILES/22719160.pdf
75,Lab_value,0.20,0.7187891602516174,1,/content/drive/MyDrive/MACROBATT/INPUT_PDF_FILES/22719160.pdf
76,Severity,severe,0.9997794032096863,1,/content/drive/MyDrive/MACROBATT/INPUT_PDF_FILES/22719160.pdf
77,Detailed_description,diffuse,0.9999039173126221,1,/content/drive/MyDrive/MACROBATT/INPUT_PDF_FILES/22719160.pdf
78,Biological_structure,left left left ventricular ventricular,0.9909091591835022,1,/content/drive/MyDrive/MACROBATT/INPUT_PDF_FILES/22719160.pdf
79,Severity,mildly,0.9996798038482666,1,/content/drive/MyDrive/MACROBATT/INPUT_PDF_FILES/22719160.pdf
80,Sign_symptom,dilated,0.8881284594535828,1,/content/drive/MyDrive/MACROBATT/INPUT_PDF_FILES/22719160.pdf
81,Diagnostic_procedure,cardiovascular,0.6680126190185547,1,/content/drive/MyDrive/MACROBATT/INPUT_PDF_FILES/22719160.pdf
82,Diagnostic_procedure,CMR,0.9212121963500977,1,/content/drive/MyDrive/MACROBATT/INPUT_PDF_FILES/22719160.pdf
83,Diagnostic_procedure,T2-weighted sequence,0.9999368786811829,1,/content/drive/MyDrive/MACROBATT/INPUT_PDF_FILES/22719160.pdf
84,Lab_value,slow,0.9998929500579834,1,/content/drive/MyDrive/MACROBATT/INPUT_PDF_FILES/22719160.pdf
85,Diagnostic_procedure,flow,0.9999408721923828,1,/content/drive/MyDrive/MACROBATT/INPUT_PDF_FILES/22719160.pdf
86,Biological_structure,myocardial,0.9999635219573975,1,/content/drive/MyDrive/MACROBATT/INPUT_PDF_FILES/22719160.pdf
87,Sign_symptom,T2-weighted showed edema,0.9999154806137085,1,/content/drive/MyDrive/MACROBATT/INPUT_PDF_FILES/22719160.pdf
88,Sign_symptom,edema,0.9940921664237976,1,/content/drive/MyDrive/MACROBATT/INPUT_PDF_FILES/22719160.pdf
89,Detailed_description,Late,0.9999690055847168,1,/content/drive/MyDrive/MACROBATT/INPUT_PDF_FILES/22719160.pdf
90,Diagnostic_procedure,gadolinium enhancement,0.9998018145561218,1,/content/drive/MyDrive/MACROBATT/INPUT_PDF_FILES/22719160.pdf
91,Sign_symptom,thinning,0.9999501705169678,1,/content/drive/MyDrive/MACROBATT/INPUT_PDF_FILES/22719160.pdf
92,Sign_symptom,scarring,0.9696999192237854,1,/content/drive/MyDrive/MACROBATT/INPUT_PDF_FILES/22719160.pdf
93,Sign_symptom,symptoms,0.5632048845291138,1,/content/drive/MyDrive/MACROBATT/INPUT_PDF_FILES/22719160.pdf
94,Medication,β-blocker,0.9994617104530334,1,/content/drive/MyDrive/MACROBATT/INPUT_PDF_FILES/22719160.pdf
95,Medication,angiotensin-converting,0.9868438839912415,1,/content/drive/MyDrive/MACROBATT/INPUT_PDF_FILES/22719160.pdf
96,Medication,during angiotensin-converting inhibitor digoxin,0.6051391959190369,1,/content/drive/MyDrive/MACROBATT/INPUT_PDF_FILES/22719160.pdf
97,Medication,enzyme,0.5048580169677734,1,/content/drive/MyDrive/MACROBATT/INPUT_PDF_FILES/22719160.pdf
98,Medication,digoxin,0.999207079410553,1,/content/drive/MyDrive/MACROBATT/INPUT_PDF_FILES/22719160.pdf
99,Lab_value,increased,0.5300013422966003,1,/content/drive/MyDrive/MACROBATT/INPUT_PDF_FILES/22719160.pdf
100,Lab_value,0.20 0.55,0.9999526739120483,1,/content/drive/MyDrive/MACROBATT/INPUT_PDF_FILES/22719160.pdf
101,Lab_value,0.55,0.9830974340438843,1,/content/drive/MyDrive/MACROBATT/INPUT_PDF_FILES/22719160.pdf
102,Duration,8-month,0.5418523550033569,1,/content/drive/MyDrive/MACROBATT/INPUT_PDF_FILES/22719160.pdf
103,Medication,medications,0.9997872710227966,1,/content/drive/MyDrive/MACROBATT/INPUT_PDF_FILES/22719160.pdf
104,Dosage,low-dose,0.9899842143058777,1,/content/drive/MyDrive/MACROBATT/INPUT_PDF_FILES/22719160.pdf
105,Medication,metoprolol,0.9998502731323242,1,/content/drive/MyDrive/MACROBATT/INPUT_PDF_FILES/22719160.pdf
106,Lab_value,discontinued,0.9980819225311279,1,/content/drive/MyDrive/MACROBATT/INPUT_PDF_FILES/22719160.pdf
107,Sign_symptom,asymptomatic,0.6687048077583313,1,/content/drive/MyDrive/MACROBATT/INPUT_PDF_FILES/22719160.pdf
