,Entity Group,Value,Score,Page,Pdf File
0,Age,16-year-old,0.9962925910949707,1,/content/drive/MyDrive/MACROBATT/INPUT_PDF_FILES/22781096.pdf
1,Sex,boy,0.9995667338371277,1,/content/drive/MyDrive/MACROBATT/INPUT_PDF_FILES/22781096.pdf
2,Family_history,non-consanguineous,0.9014676809310913,1,/content/drive/MyDrive/MACROBATT/INPUT_PDF_FILES/22781096.pdf
3,Family_history,His parents and two younger siblings,0.993695080280304,1,/content/drive/MyDrive/MACROBATT/INPUT_PDF_FILES/22781096.pdf
4,Date,7 years of age,0.9998416900634766,1,/content/drive/MyDrive/MACROBATT/INPUT_PDF_FILES/22781096.pdf
5,Sign_symptom,short,0.999855637550354,1,/content/drive/MyDrive/MACROBATT/INPUT_PDF_FILES/22781096.pdf
6,Sign_symptom,myopic,0.8470778465270996,1,/content/drive/MyDrive/MACROBATT/INPUT_PDF_FILES/22781096.pdf
7,Sign_symptom,astigmatic,0.9943732619285583,1,/content/drive/MyDrive/MACROBATT/INPUT_PDF_FILES/22781096.pdf
8,Detailed_description,subnormal,0.9971275925636292,1,/content/drive/MyDrive/MACROBATT/INPUT_PDF_FILES/22781096.pdf
9,Diagnostic_procedure,Endocrinological investigations,0.9999198913574219,1,/content/drive/MyDrive/MACROBATT/INPUT_PDF_FILES/22781096.pdf
10,Lab_value,borderline values,0.9998891949653625,1,/content/drive/MyDrive/MACROBATT/INPUT_PDF_FILES/22781096.pdf
11,Therapeutic_procedure,treated,0.7698942422866821,1,/content/drive/MyDrive/MACROBATT/INPUT_PDF_FILES/22781096.pdf
12,Medication,GH GH,0.9863533973693848,1,/content/drive/MyDrive/MACROBATT/INPUT_PDF_FILES/22781096.pdf
13,Sign_symptom,beneficiary,0.8416982889175415,1,/content/drive/MyDrive/MACROBATT/INPUT_PDF_FILES/22781096.pdf
14,Sign_symptom,beneficiary effect,0.8174731135368347,1,/content/drive/MyDrive/MACROBATT/INPUT_PDF_FILES/22781096.pdf
15,Sign_symptom,height and standardized weight was −3 SD below the mean,0.9993430376052856,1,/content/drive/MyDrive/MACROBATT/INPUT_PDF_FILES/22781096.pdf
16,Diagnostic_procedure,Ophthalmological investigations,0.9998164176940918,1,/content/drive/MyDrive/MACROBATT/INPUT_PDF_FILES/22781096.pdf
17,Date,10 years of age,0.9998580813407898,1,/content/drive/MyDrive/MACROBATT/INPUT_PDF_FILES/22781096.pdf
18,Sign_symptom,pigmentary retinopathy,0.9999094009399414,1,/content/drive/MyDrive/MACROBATT/INPUT_PDF_FILES/22781096.pdf
19,Sign_symptom,optic investigations at retinopathy atrophy,0.9963752627372742,1,/content/drive/MyDrive/MACROBATT/INPUT_PDF_FILES/22781096.pdf
20,Diagnostic_procedure,electroretinogram,0.9998579621315002,1,/content/drive/MyDrive/MACROBATT/INPUT_PDF_FILES/22781096.pdf
21,Severity,severe,0.9997250437736511,1,/content/drive/MyDrive/MACROBATT/INPUT_PDF_FILES/22781096.pdf
22,Sign_symptom,rod cone,0.9998226165771484,1,/content/drive/MyDrive/MACROBATT/INPUT_PDF_FILES/22781096.pdf
23,Lab_value,decreased,0.9177282452583313,1,/content/drive/MyDrive/MACROBATT/INPUT_PDF_FILES/22781096.pdf
24,Sign_symptom,Nystagmus,0.9999010562896729,1,/content/drive/MyDrive/MACROBATT/INPUT_PDF_FILES/22781096.pdf
25,Date,14 years,0.9996446371078491,1,/content/drive/MyDrive/MACROBATT/INPUT_PDF_FILES/22781096.pdf
26,Date,A year,0.9993988275527954,1,/content/drive/MyDrive/MACROBATT/INPUT_PDF_FILES/22781096.pdf
27,Sign_symptom,photophobia,0.9978010654449463,1,/content/drive/MyDrive/MACROBATT/INPUT_PDF_FILES/22781096.pdf
28,Detailed_description,bilateral,0.9998972415924072,1,/content/drive/MyDrive/MACROBATT/INPUT_PDF_FILES/22781096.pdf
29,Sign_symptom,cataracts,0.8116734623908997,1,/content/drive/MyDrive/MACROBATT/INPUT_PDF_FILES/22781096.pdf
30,Therapeutic_procedure,cataracts were operated on,0.9997922778129578,1,/content/drive/MyDrive/MACROBATT/INPUT_PDF_FILES/22781096.pdf
31,Date,16 years,0.999688982963562,1,/content/drive/MyDrive/MACROBATT/INPUT_PDF_FILES/22781096.pdf
32,Date,14 years of,0.9499964714050293,1,/content/drive/MyDrive/MACROBATT/INPUT_PDF_FILES/22781096.pdf
33,Detailed_description,neurological,0.909514844417572,1,/content/drive/MyDrive/MACROBATT/INPUT_PDF_FILES/22781096.pdf
34,Diagnostic_procedure,clinical examination,0.9989540576934814,1,/content/drive/MyDrive/MACROBATT/INPUT_PDF_FILES/22781096.pdf
35,Severity,mild mild,0.9997817873954773,1,/content/drive/MyDrive/MACROBATT/INPUT_PDF_FILES/22781096.pdf
36,Sign_symptom,ataxia,0.9998243451118469,1,/content/drive/MyDrive/MACROBATT/INPUT_PDF_FILES/22781096.pdf
37,Sign_symptom,tremor,0.951215386390686,1,/content/drive/MyDrive/MACROBATT/INPUT_PDF_FILES/22781096.pdf
38,Sign_symptom,dysmetria,0.999882161617279,1,/content/drive/MyDrive/MACROBATT/INPUT_PDF_FILES/22781096.pdf
39,Sign_symptom,gait,0.9998642206192017,1,/content/drive/MyDrive/MACROBATT/INPUT_PDF_FILES/22781096.pdf
40,Sign_symptom,with gait instability with extremities instability,0.9995036125183105,1,/content/drive/MyDrive/MACROBATT/INPUT_PDF_FILES/22781096.pdf
41,Severity,weakness weak together to to intolerance absent,0.9670602679252625,1,/content/drive/MyDrive/MACROBATT/INPUT_PDF_FILES/22781096.pdf
42,Sign_symptom,tendon reflexes,0.8604995012283325,1,/content/drive/MyDrive/MACROBATT/INPUT_PDF_FILES/22781096.pdf
43,Biological_structure,lower examination reflexes extremities exercise,0.9844480156898499,1,/content/drive/MyDrive/MACROBATT/INPUT_PDF_FILES/22781096.pdf
44,Sign_symptom,exercise,0.9890262484550476,1,/content/drive/MyDrive/MACROBATT/INPUT_PDF_FILES/22781096.pdf
45,Diagnostic_procedure,Audiometric investigations,0.9999430775642395,1,/content/drive/MyDrive/MACROBATT/INPUT_PDF_FILES/22781096.pdf
46,Severity,mild,0.9998394250869751,1,/content/drive/MyDrive/MACROBATT/INPUT_PDF_FILES/22781096.pdf
47,Date,15 years of,0.9908187389373779,1,/content/drive/MyDrive/MACROBATT/INPUT_PDF_FILES/22781096.pdf
48,Detailed_description,unprovoked,0.9999301433563232,1,/content/drive/MyDrive/MACROBATT/INPUT_PDF_FILES/22781096.pdf
49,Sign_symptom,epileptic seizure,0.9948363900184631,1,/content/drive/MyDrive/MACROBATT/INPUT_PDF_FILES/22781096.pdf
50,Lab_value,Decreased,0.999900221824646,1,/content/drive/MyDrive/MACROBATT/INPUT_PDF_FILES/22781096.pdf
51,Diagnostic_procedure,renal function,0.9999468326568604,1,/content/drive/MyDrive/MACROBATT/INPUT_PDF_FILES/22781096.pdf
52,Lab_value,increased,0.9999326467514038,1,/content/drive/MyDrive/MACROBATT/INPUT_PDF_FILES/22781096.pdf
53,Diagnostic_procedure,serum creatinine albumine/creatinine,0.9999433755874634,1,/content/drive/MyDrive/MACROBATT/INPUT_PDF_FILES/22781096.pdf
54,Lab_value,145 μmol/l μmol/l,0.9999321103096008,1,/content/drive/MyDrive/MACROBATT/INPUT_PDF_FILES/22781096.pdf
55,Sign_symptom,proteinuria,0.9944453239440918,1,/content/drive/MyDrive/MACROBATT/INPUT_PDF_FILES/22781096.pdf
56,Diagnostic_procedure,urine urine albumine albumine/creatinine,0.9998781681060791,1,/content/drive/MyDrive/MACROBATT/INPUT_PDF_FILES/22781096.pdf
57,Lab_value,244–538 mg/l mg/l,0.9999219179153442,1,/content/drive/MyDrive/MACROBATT/INPUT_PDF_FILES/22781096.pdf
58,Diagnostic_procedure,Decreased increased creatinine albumine/creatinine,0.9906823635101318,1,/content/drive/MyDrive/MACROBATT/INPUT_PDF_FILES/22781096.pdf
59,Diagnostic_procedure,creatinine albumine/creatinine,0.9916349649429321,1,/content/drive/MyDrive/MACROBATT/INPUT_PDF_FILES/22781096.pdf
60,Diagnostic_procedure,ratio,0.8685945272445679,1,/content/drive/MyDrive/MACROBATT/INPUT_PDF_FILES/22781096.pdf
61,Lab_value,44–59 g/mol g/mol,0.9999305605888367,1,/content/drive/MyDrive/MACROBATT/INPUT_PDF_FILES/22781096.pdf
62,Biological_structure,renal,0.9999452829360962,1,/content/drive/MyDrive/MACROBATT/INPUT_PDF_FILES/22781096.pdf
63,Diagnostic_procedure,scintigraphy,0.9998876452445984,1,/content/drive/MyDrive/MACROBATT/INPUT_PDF_FILES/22781096.pdf
64,Sign_symptom,reduced kidney,0.9968432784080505,1,/content/drive/MyDrive/MACROBATT/INPUT_PDF_FILES/22781096.pdf
65,Diagnostic_procedure,Cr51-EDTA clearance,0.9998965263366699,1,/content/drive/MyDrive/MACROBATT/INPUT_PDF_FILES/22781096.pdf
66,Diagnostic_procedure,glomerular,0.9929580688476562,1,/content/drive/MyDrive/MACROBATT/INPUT_PDF_FILES/22781096.pdf
67,Diagnostic_procedure,glomerular filtration,0.9902721047401428,1,/content/drive/MyDrive/MACROBATT/INPUT_PDF_FILES/22781096.pdf
68,Diagnostic_procedure,filtration,0.9999738931655884,1,/content/drive/MyDrive/MACROBATT/INPUT_PDF_FILES/22781096.pdf
69,Diagnostic_procedure,filtration rate,0.993983268737793,1,/content/drive/MyDrive/MACROBATT/INPUT_PDF_FILES/22781096.pdf
70,Lab_value,normal,0.9999426603317261,1,/content/drive/MyDrive/MACROBATT/INPUT_PDF_FILES/22781096.pdf
71,Diagnostic_procedure,cardiac investigations,0.9966787099838257,1,/content/drive/MyDrive/MACROBATT/INPUT_PDF_FILES/22781096.pdf
72,Sign_symptom,hypertrophy,0.9999644756317139,1,/content/drive/MyDrive/MACROBATT/INPUT_PDF_FILES/22781096.pdf
73,Biological_structure,walls of of of of the the the left ventricle,0.999933123588562,1,/content/drive/MyDrive/MACROBATT/INPUT_PDF_FILES/22781096.pdf
74,Lab_value,normal normal,0.9999122619628906,1,/content/drive/MyDrive/MACROBATT/INPUT_PDF_FILES/22781096.pdf
75,Sign_symptom,systolic and and diastolic function,0.9565551280975342,1,/content/drive/MyDrive/MACROBATT/INPUT_PDF_FILES/22781096.pdf
76,Sign_symptom,obstruction,0.9999352693557739,1,/content/drive/MyDrive/MACROBATT/INPUT_PDF_FILES/22781096.pdf
77,Diagnostic_procedure,Mitochondrial investigations,0.9999389052391052,1,/content/drive/MyDrive/MACROBATT/INPUT_PDF_FILES/22781096.pdf
78,Diagnostic_procedure,Blood levels levels,0.99994957447052,1,/content/drive/MyDrive/MACROBATT/INPUT_PDF_FILES/22781096.pdf
79,Diagnostic_procedure,lactate lactate lactate,0.9999342560768127,1,/content/drive/MyDrive/MACROBATT/INPUT_PDF_FILES/22781096.pdf
80,Diagnostic_procedure,pyruvate pyruvate pyruvate,0.9947465658187866,1,/content/drive/MyDrive/MACROBATT/INPUT_PDF_FILES/22781096.pdf
81,Lab_value,1.6,0.9827136993408203,1,/content/drive/MyDrive/MACROBATT/INPUT_PDF_FILES/22781096.pdf
82,Lab_value,0.096 20 0.137,0.9999548196792603,1,/content/drive/MyDrive/MACROBATT/INPUT_PDF_FILES/22781096.pdf
83,Lab_value,1.6 0.096 3.6 0.137 .,0.9984453320503235,1,/content/drive/MyDrive/MACROBATT/INPUT_PDF_FILES/22781096.pdf
84,Lab_value,0.096 mmol/l mmol/l,0.8803797364234924,1,/content/drive/MyDrive/MACROBATT/INPUT_PDF_FILES/22781096.pdf
85,Diagnostic_procedure,ratio ratio,0.9999407529830933,1,/content/drive/MyDrive/MACROBATT/INPUT_PDF_FILES/22781096.pdf
86,Diagnostic_procedure,reference cerebrospinal,0.9999551773071289,1,/content/drive/MyDrive/MACROBATT/INPUT_PDF_FILES/22781096.pdf
87,Diagnostic_procedure,were respectively reference cerebrospinal were respectively,0.9998270869255066,1,/content/drive/MyDrive/MACROBATT/INPUT_PDF_FILES/22781096.pdf
88,Diagnostic_procedure,cerebrospinal fluid,0.9982304573059082,1,/content/drive/MyDrive/MACROBATT/INPUT_PDF_FILES/22781096.pdf
89,Diagnostic_procedure,CSF,0.9994515776634216,1,/content/drive/MyDrive/MACROBATT/INPUT_PDF_FILES/22781096.pdf
90,Lab_value,3.6,0.9935382008552551,1,/content/drive/MyDrive/MACROBATT/INPUT_PDF_FILES/22781096.pdf
91,Lab_value,0.137 mmol/l mmol/l,0.9709742069244385,1,/content/drive/MyDrive/MACROBATT/INPUT_PDF_FILES/22781096.pdf
92,Diagnostic_procedure,pyruvate respectively cerebrospinal pyruvate respectively pyruvate,0.9999479055404663,1,/content/drive/MyDrive/MACROBATT/INPUT_PDF_FILES/22781096.pdf
93,Diagnostic_procedure,lactate,0.999847412109375,1,/content/drive/MyDrive/MACROBATT/INPUT_PDF_FILES/22781096.pdf
94,Diagnostic_procedure,CSF CSF/plasma,0.9998035430908203,1,/content/drive/MyDrive/MACROBATT/INPUT_PDF_FILES/22781096.pdf
95,Lab_value,increased increased,0.999954104423523,1,/content/drive/MyDrive/MACROBATT/INPUT_PDF_FILES/22781096.pdf
96,Lab_value,258 mg/l mg/l,0.9999338388442993,1,/content/drive/MyDrive/MACROBATT/INPUT_PDF_FILES/22781096.pdf
97,Diagnostic_procedure,CSF/plasma albumin albumin,0.9957716464996338,1,/content/drive/MyDrive/MACROBATT/INPUT_PDF_FILES/22781096.pdf
98,Lab_value,7.4,0.9999127388000488,1,/content/drive/MyDrive/MACROBATT/INPUT_PDF_FILES/22781096.pdf
99,Diagnostic_procedure,serum acyl carnitine carnitine profile,0.9998986124992371,1,/content/drive/MyDrive/MACROBATT/INPUT_PDF_FILES/22781096.pdf
100,Diagnostic_procedure,muscle carnitine carnitine levels,0.9999041557312012,1,/content/drive/MyDrive/MACROBATT/INPUT_PDF_FILES/22781096.pdf
101,Diagnostic_procedure,serum creatine kinase activity,0.9999394416809082,1,/content/drive/MyDrive/MACROBATT/INPUT_PDF_FILES/22781096.pdf
102,Lab_value,5.4 μkat/l μkat/l,0.9999096989631653,1,/content/drive/MyDrive/MACROBATT/INPUT_PDF_FILES/22781096.pdf
