,Entity Group,Value,Score,Page,Pdf File
0,Age,51-year-old,0.9982414245605469,1,/content/drive/MyDrive/MACROBATT/INPUT_PDF_FILES/22791498.pdf
1,Sex,man,0.9998043179512024,1,/content/drive/MyDrive/MACROBATT/INPUT_PDF_FILES/22791498.pdf
2,Clinical_event,referred,0.9998745918273926,1,/content/drive/MyDrive/MACROBATT/INPUT_PDF_FILES/22791498.pdf
3,Biological_structure,hospital,0.9972773194313049,1,/content/drive/MyDrive/MACROBATT/INPUT_PDF_FILES/22791498.pdf
4,Severity,severe,0.9998538494110107,1,/content/drive/MyDrive/MACROBATT/INPUT_PDF_FILES/22791498.pdf
5,Detailed_description,congestive,0.9999431371688843,1,/content/drive/MyDrive/MACROBATT/INPUT_PDF_FILES/22791498.pdf
6,Disease_disorder,heart failure,0.9998846054077148,1,/content/drive/MyDrive/MACROBATT/INPUT_PDF_FILES/22791498.pdf
7,Biological_structure,ventricular,0.9982051849365234,1,/content/drive/MyDrive/MACROBATT/INPUT_PDF_FILES/22791498.pdf
8,Disease_disorder,arrhythmias,0.9492946863174438,1,/content/drive/MyDrive/MACROBATT/INPUT_PDF_FILES/22791498.pdf
9,Sign_symptom,tachycardia potassium,0.9997496008872986,1,/content/drive/MyDrive/MACROBATT/INPUT_PDF_FILES/22791498.pdf
10,Sign_symptom,tachycardia,0.8226659297943115,1,/content/drive/MyDrive/MACROBATT/INPUT_PDF_FILES/22791498.pdf
11,Duration,for years,0.9995709657669067,1,/content/drive/MyDrive/MACROBATT/INPUT_PDF_FILES/22791498.pdf
12,Therapeutic_procedure,conventional treatment,0.9998197555541992,1,/content/drive/MyDrive/MACROBATT/INPUT_PDF_FILES/22791498.pdf
13,Medication,furosemide,0.9998780488967896,1,/content/drive/MyDrive/MACROBATT/INPUT_PDF_FILES/22791498.pdf
14,Medication,lisinopril,0.9998119473457336,1,/content/drive/MyDrive/MACROBATT/INPUT_PDF_FILES/22791498.pdf
15,Medication,despite pimobendan,0.9998005032539368,1,/content/drive/MyDrive/MACROBATT/INPUT_PDF_FILES/22791498.pdf
16,Medication,pimobendan,0.9994090795516968,1,/content/drive/MyDrive/MACROBATT/INPUT_PDF_FILES/22791498.pdf
17,Medication,warfarin,0.9862648844718933,1,/content/drive/MyDrive/MACROBATT/INPUT_PDF_FILES/22791498.pdf
18,Medication,carvedilol,0.9998679161071777,1,/content/drive/MyDrive/MACROBATT/INPUT_PDF_FILES/22791498.pdf
19,Medication,metildigoxin,0.9998905658721924,1,/content/drive/MyDrive/MACROBATT/INPUT_PDF_FILES/22791498.pdf
20,Medication,failure lisinopril carvedilol metildigoxin,0.998458981513977,1,/content/drive/MyDrive/MACROBATT/INPUT_PDF_FILES/22791498.pdf
21,Medication,tachycardia carvedilol metildigoxin,0.9984384179115295,1,/content/drive/MyDrive/MACROBATT/INPUT_PDF_FILES/22791498.pdf
22,Medication,amiodarone hydrochloride,0.9941056370735168,1,/content/drive/MyDrive/MACROBATT/INPUT_PDF_FILES/22791498.pdf
23,Height,161 cm,0.9634664058685303,1,/content/drive/MyDrive/MACROBATT/INPUT_PDF_FILES/22791498.pdf
24,Diagnostic_procedure,Blood pressure,0.9999602437019348,1,/content/drive/MyDrive/MACROBATT/INPUT_PDF_FILES/22791498.pdf
25,Lab_value,110/60 mm Hg,0.9998906254768372,1,/content/drive/MyDrive/MACROBATT/INPUT_PDF_FILES/22791498.pdf
26,Diagnostic_procedure,fasting blood glucose,0.9999467134475708,1,/content/drive/MyDrive/MACROBATT/INPUT_PDF_FILES/22791498.pdf
27,Lab_value,107 mg/dl,0.9999275207519531,1,/content/drive/MyDrive/MACROBATT/INPUT_PDF_FILES/22791498.pdf
28,Diagnostic_procedure,HbA1c,0.9168342351913452,1,/content/drive/MyDrive/MACROBATT/INPUT_PDF_FILES/22791498.pdf
29,Lab_value,6.3,0.6640711426734924,1,/content/drive/MyDrive/MACROBATT/INPUT_PDF_FILES/22791498.pdf
30,Biological_structure,chest,0.9998834133148193,1,/content/drive/MyDrive/MACROBATT/INPUT_PDF_FILES/22791498.pdf
31,Diagnostic_procedure,x-ray,0.9999217987060547,1,/content/drive/MyDrive/MACROBATT/INPUT_PDF_FILES/22791498.pdf
32,Sign_symptom,cardiomegaly cardiothoracic,0.999961256980896,1,/content/drive/MyDrive/MACROBATT/INPUT_PDF_FILES/22791498.pdf
33,Sign_symptom,cardiomegaly,0.9539206027984619,1,/content/drive/MyDrive/MACROBATT/INPUT_PDF_FILES/22791498.pdf
34,Diagnostic_procedure,cardiothoracic ratio,0.9995317459106445,1,/content/drive/MyDrive/MACROBATT/INPUT_PDF_FILES/22791498.pdf
35,Lab_value,0.67,0.9992703795433044,1,/content/drive/MyDrive/MACROBATT/INPUT_PDF_FILES/22791498.pdf
36,Diagnostic_procedure,ECG,0.9999165534973145,1,/content/drive/MyDrive/MACROBATT/INPUT_PDF_FILES/22791498.pdf
37,Detailed_description,diffused,0.9999350309371948,1,/content/drive/MyDrive/MACROBATT/INPUT_PDF_FILES/22791498.pdf
38,Sign_symptom,shown hypokinetic with,0.9998779296875,1,/content/drive/MyDrive/MACROBATT/INPUT_PDF_FILES/22791498.pdf
39,Sign_symptom,hypokinetic left left ventricle ventricle,0.9536718130111694,1,/content/drive/MyDrive/MACROBATT/INPUT_PDF_FILES/22791498.pdf
40,Lab_value,markedly dilated,0.9997735023498535,1,/content/drive/MyDrive/MACROBATT/INPUT_PDF_FILES/22791498.pdf
41,Diagnostic_procedure,left left ventricle ventricle dimension,0.9998720288276672,1,/content/drive/MyDrive/MACROBATT/INPUT_PDF_FILES/22791498.pdf
42,Lab_value,reduced,0.9999210834503174,1,/content/drive/MyDrive/MACROBATT/INPUT_PDF_FILES/22791498.pdf
43,Biological_structure,coronary,0.9968163967132568,1,/content/drive/MyDrive/MACROBATT/INPUT_PDF_FILES/22791498.pdf
44,Diagnostic_procedure,angiogram,0.898891270160675,1,/content/drive/MyDrive/MACROBATT/INPUT_PDF_FILES/22791498.pdf
45,Biological_structure,myocardial,0.9964382648468018,1,/content/drive/MyDrive/MACROBATT/INPUT_PDF_FILES/22791498.pdf
46,Diagnostic_procedure,biopsy,0.9998611211776733,1,/content/drive/MyDrive/MACROBATT/INPUT_PDF_FILES/22791498.pdf
47,Lab_value,over 50 % of cardiomyocytes,0.9998205900192261,1,/content/drive/MyDrive/MACROBATT/INPUT_PDF_FILES/22791498.pdf
48,Sign_symptom,fibrosis figure,0.9999487400054932,1,/content/drive/MyDrive/MACROBATT/INPUT_PDF_FILES/22791498.pdf
49,Sign_symptom,fibrosis,0.9985588192939758,1,/content/drive/MyDrive/MACROBATT/INPUT_PDF_FILES/22791498.pdf
50,Detailed_description,implantable,0.9983312487602234,1,/content/drive/MyDrive/MACROBATT/INPUT_PDF_FILES/22791498.pdf
51,Therapeutic_procedure,cardioverter-defibrillator,0.9984107613563538,1,/content/drive/MyDrive/MACROBATT/INPUT_PDF_FILES/22791498.pdf
52,Lab_value,typical,0.9993643164634705,1,/content/drive/MyDrive/MACROBATT/INPUT_PDF_FILES/22791498.pdf
53,Diagnostic_procedure,facial appearance,0.9985892176628113,1,/content/drive/MyDrive/MACROBATT/INPUT_PDF_FILES/22791498.pdf
54,Sign_symptom,thickening,0.9973114728927612,1,/content/drive/MyDrive/MACROBATT/INPUT_PDF_FILES/22791498.pdf
55,Nonbiological_location,endocrinology,0.9447903037071228,1,/content/drive/MyDrive/MACROBATT/INPUT_PDF_FILES/22791498.pdf
56,Diagnostic_procedure,plasma level of GH,0.9999399185180664,1,/content/drive/MyDrive/MACROBATT/INPUT_PDF_FILES/22791498.pdf
57,Lab_value,8.2 ng/ml ng/ml,0.9999165534973145,1,/content/drive/MyDrive/MACROBATT/INPUT_PDF_FILES/22791498.pdf
58,Diagnostic_procedure,IGF-1,0.9998735785484314,1,/content/drive/MyDrive/MACROBATT/INPUT_PDF_FILES/22791498.pdf
59,Lab_value,504 ng/ml ng/ml,0.9220854043960571,1,/content/drive/MyDrive/MACROBATT/INPUT_PDF_FILES/22791498.pdf
60,Diagnostic_procedure,MRI,0.9999362230300903,1,/content/drive/MyDrive/MACROBATT/INPUT_PDF_FILES/22791498.pdf
61,Disease_disorder,macroadenoma,0.8890777826309204,1,/content/drive/MyDrive/MACROBATT/INPUT_PDF_FILES/22791498.pdf
62,Disease_disorder,acromegaly,0.9917011857032776,1,/content/drive/MyDrive/MACROBATT/INPUT_PDF_FILES/22791498.pdf
63,Medication,octreotide,0.9868544936180115,1,/content/drive/MyDrive/MACROBATT/INPUT_PDF_FILES/22791498.pdf
64,Detailed_description,long-acting-release,0.910146176815033,1,/content/drive/MyDrive/MACROBATT/INPUT_PDF_FILES/22791498.pdf
65,Therapeutic_procedure,LAR,0.637683093547821,1,/content/drive/MyDrive/MACROBATT/INPUT_PDF_FILES/22791498.pdf
66,Detailed_description,trans-sphenoidal,0.6414521932601929,1,/content/drive/MyDrive/MACROBATT/INPUT_PDF_FILES/22791498.pdf
67,Coreference,surgery,0.9903227686882019,1,/content/drive/MyDrive/MACROBATT/INPUT_PDF_FILES/22791498.pdf
68,Date,January 2009,0.999782145023346,1,/content/drive/MyDrive/MACROBATT/INPUT_PDF_FILES/22791498.pdf
69,Diagnostic_procedure,plasma plasma plasma levels levels levels of of GH GH,0.9999480247497559,1,/content/drive/MyDrive/MACROBATT/INPUT_PDF_FILES/22791498.pdf
70,Diagnostic_procedure,IGF-1 IGF-1,0.9987668991088867,1,/content/drive/MyDrive/MACROBATT/INPUT_PDF_FILES/22791498.pdf
71,Lab_value,decreased,0.9999532699584961,1,/content/drive/MyDrive/MACROBATT/INPUT_PDF_FILES/22791498.pdf
72,Medication,were decreased octreotide were more were figure,0.8544293642044067,1,/content/drive/MyDrive/MACROBATT/INPUT_PDF_FILES/22791498.pdf
73,Lab_value,more than 4 ng/ml,0.9999328255653381,1,/content/drive/MyDrive/MACROBATT/INPUT_PDF_FILES/22791498.pdf
74,Lab_value,above the appropriate age range,0.9998941421508789,1,/content/drive/MyDrive/MACROBATT/INPUT_PDF_FILES/22791498.pdf
75,Diagnostic_procedure,plasma levels of GH,0.9999544024467468,1,/content/drive/MyDrive/MACROBATT/INPUT_PDF_FILES/22791498.pdf
76,Diagnostic_procedure,plasma levels levels of GH,0.9999434351921082,1,/content/drive/MyDrive/MACROBATT/INPUT_PDF_FILES/22791498.pdf
77,Lab_value,mostly less than 0.5 ng/ml,0.99990314245224,1,/content/drive/MyDrive/MACROBATT/INPUT_PDF_FILES/22791498.pdf
78,Lab_value,normal,0.999896764755249,1,/content/drive/MyDrive/MACROBATT/INPUT_PDF_FILES/22791498.pdf
79,Diagnostic_procedure,cardiac function,0.9998824596405029,1,/content/drive/MyDrive/MACROBATT/INPUT_PDF_FILES/22791498.pdf
80,Lab_value,improved partially,0.9998244643211365,1,/content/drive/MyDrive/MACROBATT/INPUT_PDF_FILES/22791498.pdf
81,Diagnostic_procedure,cardiac cardiothoracic,0.9995026588439941,1,/content/drive/MyDrive/MACROBATT/INPUT_PDF_FILES/22791498.pdf
82,Lab_value,ratio=0.58 EF=0.20 2008,0.9927090406417847,1,/content/drive/MyDrive/MACROBATT/INPUT_PDF_FILES/22791498.pdf
83,Diagnostic_procedure,EF=0.20,0.99996018409729,1,/content/drive/MyDrive/MACROBATT/INPUT_PDF_FILES/22791498.pdf
84,Lab_value,improved drastically,0.9997683763504028,1,/content/drive/MyDrive/MACROBATT/INPUT_PDF_FILES/22791498.pdf
85,Diagnostic_procedure,cardiothoracic ratio=0.47,0.7856237888336182,1,/content/drive/MyDrive/MACROBATT/INPUT_PDF_FILES/22791498.pdf
86,Lab_value,ratio=0.47 EF=0.55 2009,0.9989286065101624,1,/content/drive/MyDrive/MACROBATT/INPUT_PDF_FILES/22791498.pdf
87,Diagnostic_procedure,EF=0.55,0.9950442314147949,1,/content/drive/MyDrive/MACROBATT/INPUT_PDF_FILES/22791498.pdf
