,Entity Group,Value,Score,Page,Pdf File
0,Age,26-year-old,0.99775630235672,1,/content/drive/MyDrive/MACROBATT/INPUT_PDF_FILES/22814979.pdf
1,Sex,woman,0.999811589717865,1,/content/drive/MyDrive/MACROBATT/INPUT_PDF_FILES/22814979.pdf
2,Clinical_event,seen,0.9996896982192993,1,/content/drive/MyDrive/MACROBATT/INPUT_PDF_FILES/22814979.pdf
3,Nonbiological_location,emergency department,0.9997233152389526,1,/content/drive/MyDrive/MACROBATT/INPUT_PDF_FILES/22814979.pdf
4,Biological_structure,chest,0.999861478805542,1,/content/drive/MyDrive/MACROBATT/INPUT_PDF_FILES/22814979.pdf
5,Sign_symptom,pain,0.9999674558639526,1,/content/drive/MyDrive/MACROBATT/INPUT_PDF_FILES/22814979.pdf
6,Biological_structure,urinary diuretic,0.9250558614730835,1,/content/drive/MyDrive/MACROBATT/INPUT_PDF_FILES/22814979.pdf
7,Biological_structure,urinary tract,0.8131733536720276,1,/content/drive/MyDrive/MACROBATT/INPUT_PDF_FILES/22814979.pdf
8,Disease_disorder,infection,0.9995248317718506,1,/content/drive/MyDrive/MACROBATT/INPUT_PDF_FILES/22814979.pdf
9,Nonbiological_location,home,0.9994152784347534,1,/content/drive/MyDrive/MACROBATT/INPUT_PDF_FILES/22814979.pdf
10,Medication,antibiotic,0.9991117715835571,1,/content/drive/MyDrive/MACROBATT/INPUT_PDF_FILES/22814979.pdf
11,Medication,with thiazide,0.999875545501709,1,/content/drive/MyDrive/MACROBATT/INPUT_PDF_FILES/22814979.pdf
12,Medication,thiazide,0.9791342616081238,1,/content/drive/MyDrive/MACROBATT/INPUT_PDF_FILES/22814979.pdf
13,Date,Two days later,0.9991233944892883,1,/content/drive/MyDrive/MACROBATT/INPUT_PDF_FILES/22814979.pdf
14,Clinical_event,returned,0.9983533620834351,1,/content/drive/MyDrive/MACROBATT/INPUT_PDF_FILES/22814979.pdf
15,Biological_structure,epigastric,0.9943510890007019,1,/content/drive/MyDrive/MACROBATT/INPUT_PDF_FILES/22814979.pdf
16,Sign_symptom,emesis,0.9993550777435303,1,/content/drive/MyDrive/MACROBATT/INPUT_PDF_FILES/22814979.pdf
17,Sign_symptom,myalgias,0.9999531507492065,1,/content/drive/MyDrive/MACROBATT/INPUT_PDF_FILES/22814979.pdf
18,History,no significant medical history,0.9998215436935425,1,/content/drive/MyDrive/MACROBATT/INPUT_PDF_FILES/22814979.pdf
19,Sign_symptom,cardio- respiratory symptoms,0.9948596954345703,1,/content/drive/MyDrive/MACROBATT/INPUT_PDF_FILES/22814979.pdf
20,Sign_symptom,low exercise tolerance,0.9998963475227356,1,/content/drive/MyDrive/MACROBATT/INPUT_PDF_FILES/22814979.pdf
21,Family_history,no family history of of cardiac cardiac history or or pulmonary disease history or or of of sudden cardiac cardiac death,0.9990517497062683,1,/content/drive/MyDrive/MACROBATT/INPUT_PDF_FILES/22814979.pdf
22,Personal_background,born in the neither USA,0.9932765960693359,1,/content/drive/MyDrive/MACROBATT/INPUT_PDF_FILES/22814979.pdf
23,History,neither travelled recently nor had had any sick,0.9881415367126465,1,/content/drive/MyDrive/MACROBATT/INPUT_PDF_FILES/22814979.pdf
24,Sign_symptom,hypertensive,0.9999314546585083,1,/content/drive/MyDrive/MACROBATT/INPUT_PDF_FILES/22814979.pdf
25,Lab_value,170/105,0.5318253040313721,1,/content/drive/MyDrive/MACROBATT/INPUT_PDF_FILES/22814979.pdf
26,Sign_symptom,tachycardic,0.9999326467514038,1,/content/drive/MyDrive/MACROBATT/INPUT_PDF_FILES/22814979.pdf
27,Lab_value,125,0.9997280240058899,1,/content/drive/MyDrive/MACROBATT/INPUT_PDF_FILES/22814979.pdf
28,Sign_symptom,dry,0.9994552731513977,1,/content/drive/MyDrive/MACROBATT/INPUT_PDF_FILES/22814979.pdf
29,Biological_structure,mucous,0.9999269247055054,1,/content/drive/MyDrive/MACROBATT/INPUT_PDF_FILES/22814979.pdf
30,Biological_structure,mucous membranes,0.9134079217910767,1,/content/drive/MyDrive/MACROBATT/INPUT_PDF_FILES/22814979.pdf
31,Diagnostic_procedure,appeared,0.9928929209709167,1,/content/drive/MyDrive/MACROBATT/INPUT_PDF_FILES/22814979.pdf
32,Lab_value,ill,0.9948166012763977,1,/content/drive/MyDrive/MACROBATT/INPUT_PDF_FILES/22814979.pdf
33,Lab_value,elevated,0.9999116659164429,1,/content/drive/MyDrive/MACROBATT/INPUT_PDF_FILES/22814979.pdf
34,Diagnostic_procedure,serum creatinine,0.9916345477104187,1,/content/drive/MyDrive/MACROBATT/INPUT_PDF_FILES/22814979.pdf
35,Lab_value,160 μmol/l μmol/l,0.9998881220817566,1,/content/drive/MyDrive/MACROBATT/INPUT_PDF_FILES/22814979.pdf
36,Volume,1.5 l fluids volume depletion prerenal,0.8208938837051392,1,/content/drive/MyDrive/MACROBATT/INPUT_PDF_FILES/22814979.pdf
37,Administration,intravenous,0.9996229410171509,1,/content/drive/MyDrive/MACROBATT/INPUT_PDF_FILES/22814979.pdf
38,Medication,fluids,0.9995575547218323,1,/content/drive/MyDrive/MACROBATT/INPUT_PDF_FILES/22814979.pdf
39,Disease_disorder,volume depletion,0.9996447563171387,1,/content/drive/MyDrive/MACROBATT/INPUT_PDF_FILES/22814979.pdf
40,Detailed_description,presumed prerenal,0.9999270439147949,1,/content/drive/MyDrive/MACROBATT/INPUT_PDF_FILES/22814979.pdf
41,History,prerenal,0.5582977533340454,1,/content/drive/MyDrive/MACROBATT/INPUT_PDF_FILES/22814979.pdf
42,Sign_symptom,azotaemia,0.9999268054962158,1,/content/drive/MyDrive/MACROBATT/INPUT_PDF_FILES/22814979.pdf
43,Sign_symptom,Crackles,0.9997842311859131,1,/content/drive/MyDrive/MACROBATT/INPUT_PDF_FILES/22814979.pdf
44,Diagnostic_procedure,auscultation,0.9999206066131592,1,/content/drive/MyDrive/MACROBATT/INPUT_PDF_FILES/22814979.pdf
45,Biological_structure,chest chest,0.9998791217803955,1,/content/drive/MyDrive/MACROBATT/INPUT_PDF_FILES/22814979.pdf
46,Detailed_description,portable,0.8962626457214355,1,/content/drive/MyDrive/MACROBATT/INPUT_PDF_FILES/22814979.pdf
47,Diagnostic_procedure,film,0.9994001388549805,1,/content/drive/MyDrive/MACROBATT/INPUT_PDF_FILES/22814979.pdf
48,Detailed_description,hazy,0.9976546764373779,1,/content/drive/MyDrive/MACROBATT/INPUT_PDF_FILES/22814979.pdf
49,Sign_symptom,infiltrates,0.9991195797920227,1,/content/drive/MyDrive/MACROBATT/INPUT_PDF_FILES/22814979.pdf
50,Sign_symptom,She then hypotension with the,0.9999510049819946,1,/content/drive/MyDrive/MACROBATT/INPUT_PDF_FILES/22814979.pdf
51,Sign_symptom,hypotension,0.9999414682388306,1,/content/drive/MyDrive/MACROBATT/INPUT_PDF_FILES/22814979.pdf
52,Detailed_description,systolic pressures,0.9398891925811768,1,/content/drive/MyDrive/MACROBATT/INPUT_PDF_FILES/22814979.pdf
53,Detailed_description,Non-invasive,0.9977562427520752,1,/content/drive/MyDrive/MACROBATT/INPUT_PDF_FILES/22814979.pdf
54,Detailed_description,positive pressure,0.9999516010284424,1,/content/drive/MyDrive/MACROBATT/INPUT_PDF_FILES/22814979.pdf
55,Therapeutic_procedure,ventilation,0.999813973903656,1,/content/drive/MyDrive/MACROBATT/INPUT_PDF_FILES/22814979.pdf
56,Diagnostic_procedure,ECG,0.9997107982635498,1,/content/drive/MyDrive/MACROBATT/INPUT_PDF_FILES/22814979.pdf
57,Detailed_description,sinus,0.9880353212356567,1,/content/drive/MyDrive/MACROBATT/INPUT_PDF_FILES/22814979.pdf
58,Sign_symptom,tachycardia,0.9999523162841797,1,/content/drive/MyDrive/MACROBATT/INPUT_PDF_FILES/22814979.pdf
59,Diagnostic_procedure,demonstrated rate,0.9999492168426514,1,/content/drive/MyDrive/MACROBATT/INPUT_PDF_FILES/22814979.pdf
60,Lab_value,130 bpm,0.9998874664306641,1,/content/drive/MyDrive/MACROBATT/INPUT_PDF_FILES/22814979.pdf
61,Severity,minimal,0.9997348189353943,1,/content/drive/MyDrive/MACROBATT/INPUT_PDF_FILES/22814979.pdf
62,Sign_symptom,ST depression,0.9999064207077026,1,/content/drive/MyDrive/MACROBATT/INPUT_PDF_FILES/22814979.pdf
63,Dosage,40 mg,0.999428391456604,1,/content/drive/MyDrive/MACROBATT/INPUT_PDF_FILES/22814979.pdf
64,Medication,furosemide,0.925582766532898,1,/content/drive/MyDrive/MACROBATT/INPUT_PDF_FILES/22814979.pdf
65,Diagnostic_procedure,echocardiogram,0.9998933672904968,1,/content/drive/MyDrive/MACROBATT/INPUT_PDF_FILES/22814979.pdf
66,Detailed_description,global,0.9999150037765503,1,/content/drive/MyDrive/MACROBATT/INPUT_PDF_FILES/22814979.pdf
67,Sign_symptom,echocardiogram hypokinesis with,0.999951958656311,1,/content/drive/MyDrive/MACROBATT/INPUT_PDF_FILES/22814979.pdf
68,Sign_symptom,hypokinesis,0.9999152421951294,1,/content/drive/MyDrive/MACROBATT/INPUT_PDF_FILES/22814979.pdf
69,Diagnostic_procedure,left-ventricular ejection fraction,0.9999232888221741,1,/content/drive/MyDrive/MACROBATT/INPUT_PDF_FILES/22814979.pdf
70,Lab_value,< 10 %,0.9992907047271729,1,/content/drive/MyDrive/MACROBATT/INPUT_PDF_FILES/22814979.pdf
71,Clinical_event,transferred,0.9998691082000732,1,/content/drive/MyDrive/MACROBATT/INPUT_PDF_FILES/22814979.pdf
72,Nonbiological_location,intensive care unit,0.9997897148132324,1,/content/drive/MyDrive/MACROBATT/INPUT_PDF_FILES/22814979.pdf
73,Sign_symptom,anxious,0.9999226331710815,1,/content/drive/MyDrive/MACROBATT/INPUT_PDF_FILES/22814979.pdf
74,Lab_value,170 bpm,0.9993343949317932,1,/content/drive/MyDrive/MACROBATT/INPUT_PDF_FILES/22814979.pdf
75,Therapeutic_procedure,intubated,0.9997722506523132,1,/content/drive/MyDrive/MACROBATT/INPUT_PDF_FILES/22814979.pdf
76,Medication,sedated,0.9996988773345947,1,/content/drive/MyDrive/MACROBATT/INPUT_PDF_FILES/22814979.pdf
77,Detailed_description,Foley,0.9999122619628906,1,/content/drive/MyDrive/MACROBATT/INPUT_PDF_FILES/22814979.pdf
78,Therapeutic_procedure,catheter,0.8798642158508301,1,/content/drive/MyDrive/MACROBATT/INPUT_PDF_FILES/22814979.pdf
79,Sign_symptom,and anuric,0.9998170733451843,1,/content/drive/MyDrive/MACROBATT/INPUT_PDF_FILES/22814979.pdf
80,Sign_symptom,anuric,0.992913544178009,1,/content/drive/MyDrive/MACROBATT/INPUT_PDF_FILES/22814979.pdf
81,Duration,first 12 the catheter she the h hospitalisation,0.9993093609809875,1,/content/drive/MyDrive/MACROBATT/INPUT_PDF_FILES/22814979.pdf
82,Detailed_description,acute,0.9998262524604797,1,/content/drive/MyDrive/MACROBATT/INPUT_PDF_FILES/22814979.pdf
83,Disease_disorder,kidney injury,0.9997414350509644,1,/content/drive/MyDrive/MACROBATT/INPUT_PDF_FILES/22814979.pdf
84,Diagnostic_procedure,creatinine,0.9641982316970825,1,/content/drive/MyDrive/MACROBATT/INPUT_PDF_FILES/22814979.pdf
85,Lab_value,increased,0.9999258518218994,1,/content/drive/MyDrive/MACROBATT/INPUT_PDF_FILES/22814979.pdf
86,Lab_value,350 μmol/l,0.9998568892478943,1,/content/drive/MyDrive/MACROBATT/INPUT_PDF_FILES/22814979.pdf
87,Time,within the first 24 She with that within the h hospitalisation,0.9986253976821899,1,/content/drive/MyDrive/MACROBATT/INPUT_PDF_FILES/22814979.pdf
88,Medication,norepinephrine,0.9998388290405273,1,/content/drive/MyDrive/MACROBATT/INPUT_PDF_FILES/22814979.pdf
89,Medication,milrinone,0.9971003532409668,1,/content/drive/MyDrive/MACROBATT/INPUT_PDF_FILES/22814979.pdf
90,Date,second day,0.9998307228088379,1,/content/drive/MyDrive/MACROBATT/INPUT_PDF_FILES/22814979.pdf
91,Diagnostic_procedure,evaluated,0.9997661709785461,1,/content/drive/MyDrive/MACROBATT/INPUT_PDF_FILES/22814979.pdf
92,Subject,cardiologist,0.9792241454124451,1,/content/drive/MyDrive/MACROBATT/INPUT_PDF_FILES/22814979.pdf
93,Subject,cardiothoracic surgeon,0.9601799249649048,1,/content/drive/MyDrive/MACROBATT/INPUT_PDF_FILES/22814979.pdf
94,Detailed_description,emergent,0.7954110503196716,1,/content/drive/MyDrive/MACROBATT/INPUT_PDF_FILES/22814979.pdf
95,Therapeutic_procedure,cardiothoracic circulatory acidosis,0.9991777539253235,1,/content/drive/MyDrive/MACROBATT/INPUT_PDF_FILES/22814979.pdf
96,Therapeutic_procedure,circulatory,0.9980816841125488,1,/content/drive/MyDrive/MACROBATT/INPUT_PDF_FILES/22814979.pdf
97,Therapeutic_procedure,circulatory support,0.997724711894989,1,/content/drive/MyDrive/MACROBATT/INPUT_PDF_FILES/22814979.pdf
98,Sign_symptom,poor tissue perfusion,0.9995999932289124,1,/content/drive/MyDrive/MACROBATT/INPUT_PDF_FILES/22814979.pdf
99,Sign_symptom,lactic acidosis,0.9999028444290161,1,/content/drive/MyDrive/MACROBATT/INPUT_PDF_FILES/22814979.pdf
100,Sign_symptom,transaminitis transaminase,0.9927812814712524,1,/content/drive/MyDrive/MACROBATT/INPUT_PDF_FILES/22814979.pdf
101,Sign_symptom,transaminitis,0.7400286793708801,1,/content/drive/MyDrive/MACROBATT/INPUT_PDF_FILES/22814979.pdf
102,Diagnostic_procedure,aspartate aminotransferase/alanine,0.9899234771728516,1,/content/drive/MyDrive/MACROBATT/INPUT_PDF_FILES/22814979.pdf
103,Diagnostic_procedure,aminotransferase/alanine transaminase,0.9998523592948914,1,/content/drive/MyDrive/MACROBATT/INPUT_PDF_FILES/22814979.pdf
104,Lab_value,150 IU/l,0.9998315572738647,1,/content/drive/MyDrive/MACROBATT/INPUT_PDF_FILES/22814979.pdf
105,Clinical_event,taken,0.9998490810394287,1,/content/drive/MyDrive/MACROBATT/INPUT_PDF_FILES/22814979.pdf
106,Therapeutic_procedure,catheterisation catheterisation,0.8062624931335449,1,/content/drive/MyDrive/MACROBATT/INPUT_PDF_FILES/22814979.pdf
107,Detailed_description,right,0.9993069171905518,1,/content/drive/MyDrive/MACROBATT/INPUT_PDF_FILES/22814979.pdf
108,Diagnostic_procedure,biopsy,0.9997024536132812,1,/content/drive/MyDrive/MACROBATT/INPUT_PDF_FILES/22814979.pdf
109,Duration,Over,0.521386444568634,1,/content/drive/MyDrive/MACROBATT/INPUT_PDF_FILES/22814979.pdf
110,Detailed_description,gently,0.9994995594024658,1,/content/drive/MyDrive/MACROBATT/INPUT_PDF_FILES/22814979.pdf
111,Therapeutic_procedure,fluid resuscitated,0.9996188282966614,1,/content/drive/MyDrive/MACROBATT/INPUT_PDF_FILES/22814979.pdf
112,Medication,pressors,0.9979681968688965,1,/content/drive/MyDrive/MACROBATT/INPUT_PDF_FILES/22814979.pdf
113,Lab_value,slowly regained,0.9997792840003967,1,/content/drive/MyDrive/MACROBATT/INPUT_PDF_FILES/22814979.pdf
114,Diagnostic_procedure,renal function,0.9999181628227234,1,/content/drive/MyDrive/MACROBATT/INPUT_PDF_FILES/22814979.pdf
115,Diagnostic_procedure,organ perfusion,0.9999089241027832,1,/content/drive/MyDrive/MACROBATT/INPUT_PDF_FILES/22814979.pdf
116,Lab_value,improved,0.9998971223831177,1,/content/drive/MyDrive/MACROBATT/INPUT_PDF_FILES/22814979.pdf
117,Lab_value,decrease,0.9999282360076904,1,/content/drive/MyDrive/MACROBATT/INPUT_PDF_FILES/22814979.pdf
118,Diagnostic_procedure,liver,0.9713342785835266,1,/content/drive/MyDrive/MACROBATT/INPUT_PDF_FILES/22814979.pdf
119,Date,day 5,0.9997521638870239,1,/content/drive/MyDrive/MACROBATT/INPUT_PDF_FILES/22814979.pdf
120,Nonbiological_location,medical ward,0.9991629123687744,1,/content/drive/MyDrive/MACROBATT/INPUT_PDF_FILES/22814979.pdf
121,Clinical_event,discharged,0.9998396635055542,1,/content/drive/MyDrive/MACROBATT/INPUT_PDF_FILES/22814979.pdf
122,Detailed_description,non-selective,0.9995498061180115,1,/content/drive/MyDrive/MACROBATT/INPUT_PDF_FILES/22814979.pdf
123,Medication,ACE inhibitor,0.9996622800827026,1,/content/drive/MyDrive/MACROBATT/INPUT_PDF_FILES/22814979.pdf
124,Medication,nitrate,0.9997338652610779,1,/content/drive/MyDrive/MACROBATT/INPUT_PDF_FILES/22814979.pdf
125,Clinical_event,follow-up,0.9984660148620605,1,/content/drive/MyDrive/MACROBATT/INPUT_PDF_FILES/22814979.pdf
126,Date,4 days later,0.9998908042907715,1,/content/drive/MyDrive/MACROBATT/INPUT_PDF_FILES/22814979.pdf
127,Diagnostic_procedure,blood,0.9930180311203003,1,/content/drive/MyDrive/MACROBATT/INPUT_PDF_FILES/22814979.pdf
128,Sign_symptom,nausea,0.9999110698699951,1,/content/drive/MyDrive/MACROBATT/INPUT_PDF_FILES/22814979.pdf
129,Biological_structure,abdominal,0.9999494552612305,1,/content/drive/MyDrive/MACROBATT/INPUT_PDF_FILES/22814979.pdf
130,Diagnostic_procedure,contrast scan,0.9999405145645142,1,/content/drive/MyDrive/MACROBATT/INPUT_PDF_FILES/22814979.pdf
131,Biological_structure,abdomen,0.999948263168335,1,/content/drive/MyDrive/MACROBATT/INPUT_PDF_FILES/22814979.pdf
132,Disease_disorder,pancreatitis,0.990005373954773,1,/content/drive/MyDrive/MACROBATT/INPUT_PDF_FILES/22814979.pdf
133,Biological_structure,adrenal,0.9999362230300903,1,/content/drive/MyDrive/MACROBATT/INPUT_PDF_FILES/22814979.pdf
134,Biological_structure,revealed adrenal,0.999606192111969,1,/content/drive/MyDrive/MACROBATT/INPUT_PDF_FILES/22814979.pdf
135,Therapeutic_procedure,treatment,0.9986016154289246,1,/content/drive/MyDrive/MACROBATT/INPUT_PDF_FILES/22814979.pdf
136,Sign_symptom,paroxysms,0.9999315738677979,1,/content/drive/MyDrive/MACROBATT/INPUT_PDF_FILES/22814979.pdf
137,Sign_symptom,headaches,0.9997194409370422,1,/content/drive/MyDrive/MACROBATT/INPUT_PDF_FILES/22814979.pdf
138,Sign_symptom,hypertension,0.9996453523635864,2,/content/drive/MyDrive/MACROBATT/INPUT_PDF_FILES/22814979.pdf
139,Lab_value,220s,0.9812414050102234,2,/content/drive/MyDrive/MACROBATT/INPUT_PDF_FILES/22814979.pdf
140,Detailed_description,systolic systolic,0.9999346733093262,2,/content/drive/MyDrive/MACROBATT/INPUT_PDF_FILES/22814979.pdf
141,Sign_symptom,tachycardia,0.9999133348464966,2,/content/drive/MyDrive/MACROBATT/INPUT_PDF_FILES/22814979.pdf
142,Lab_value,120s,0.9989699125289917,2,/content/drive/MyDrive/MACROBATT/INPUT_PDF_FILES/22814979.pdf
143,Lab_value,90–110 mm Hg,0.9998700022697449,2,/content/drive/MyDrive/MACROBATT/INPUT_PDF_FILES/22814979.pdf
144,Detailed_description,urinary,0.9999512434005737,2,/content/drive/MyDrive/MACROBATT/INPUT_PDF_FILES/22814979.pdf
145,Detailed_description,plasma,0.9999412298202515,2,/content/drive/MyDrive/MACROBATT/INPUT_PDF_FILES/22814979.pdf
146,Diagnostic_procedure,catecholamines,0.999955415725708,2,/content/drive/MyDrive/MACROBATT/INPUT_PDF_FILES/22814979.pdf
147,Lab_value,elevated,0.9997897744178772,2,/content/drive/MyDrive/MACROBATT/INPUT_PDF_FILES/22814979.pdf
148,Detailed_description,aggressive,0.999739944934845,2,/content/drive/MyDrive/MACROBATT/INPUT_PDF_FILES/22814979.pdf
149,Therapeutic_procedure,fluid rehydration,0.9994848370552063,2,/content/drive/MyDrive/MACROBATT/INPUT_PDF_FILES/22814979.pdf
150,Medication,β blockade,0.9997078776359558,2,/content/drive/MyDrive/MACROBATT/INPUT_PDF_FILES/22814979.pdf
151,Therapeutic_procedure,blockade adrenalectomy,0.9897627830505371,2,/content/drive/MyDrive/MACROBATT/INPUT_PDF_FILES/22814979.pdf
152,Therapeutic_procedure,adrenalectomy,0.8974902629852295,2,/content/drive/MyDrive/MACROBATT/INPUT_PDF_FILES/22814979.pdf
153,Coreference,surgery,0.9997277855873108,2,/content/drive/MyDrive/MACROBATT/INPUT_PDF_FILES/22814979.pdf
154,Diagnostic_procedure,left-ventricular ejection fraction,0.999943733215332,2,/content/drive/MyDrive/MACROBATT/INPUT_PDF_FILES/22814979.pdf
155,Lab_value,improved,0.999891996383667,2,/content/drive/MyDrive/MACROBATT/INPUT_PDF_FILES/22814979.pdf
156,Lab_value,55 %,0.9999251365661621,2,/content/drive/MyDrive/MACROBATT/INPUT_PDF_FILES/22814979.pdf
157,Therapeutic_procedure,medical management,0.9997158050537109,2,/content/drive/MyDrive/MACROBATT/INPUT_PDF_FILES/22814979.pdf
158,Diagnostic_procedure,Pathology,0.9999284744262695,2,/content/drive/MyDrive/MACROBATT/INPUT_PDF_FILES/22814979.pdf
159,Biological_structure,adrenal,0.9998156428337097,2,/content/drive/MyDrive/MACROBATT/INPUT_PDF_FILES/22814979.pdf
160,Biological_structure,adrenal non-malignant,0.6540198922157288,2,/content/drive/MyDrive/MACROBATT/INPUT_PDF_FILES/22814979.pdf
161,Detailed_description,non-malignant,0.9999607801437378,2,/content/drive/MyDrive/MACROBATT/INPUT_PDF_FILES/22814979.pdf
162,Disease_disorder,pheochromocytoma,0.9990925192832947,2,/content/drive/MyDrive/MACROBATT/INPUT_PDF_FILES/22814979.pdf
