,Entity Group,Value,Score,Page,Pdf File
0,Age,37-year-old,0.9972684979438782,1,/content/drive/MyDrive/MACROBATT/INPUT_PDF_FILES/23035161.pdf
1,Personal_background,Caucasian,0.998799204826355,1,/content/drive/MyDrive/MACROBATT/INPUT_PDF_FILES/23035161.pdf
2,Sex,man,0.9997727274894714,1,/content/drive/MyDrive/MACROBATT/INPUT_PDF_FILES/23035161.pdf
3,Clinical_event,referred,0.9998639822006226,1,/content/drive/MyDrive/MACROBATT/INPUT_PDF_FILES/23035161.pdf
4,Nonbiological_location,department,0.9996703863143921,1,/content/drive/MyDrive/MACROBATT/INPUT_PDF_FILES/23035161.pdf
5,Nonbiological_location,from Caucasian man an external hospital,0.9994925260543823,1,/content/drive/MyDrive/MACROBATT/INPUT_PDF_FILES/23035161.pdf
6,Severity,severe,0.9998212456703186,1,/content/drive/MyDrive/MACROBATT/INPUT_PDF_FILES/23035161.pdf
7,Biological_structure,abdominal,0.9999527931213379,1,/content/drive/MyDrive/MACROBATT/INPUT_PDF_FILES/23035161.pdf
8,Sign_symptom,pain,0.9999663829803467,1,/content/drive/MyDrive/MACROBATT/INPUT_PDF_FILES/23035161.pdf
9,Qualitative_concept,unclear,0.8714635372161865,1,/content/drive/MyDrive/MACROBATT/INPUT_PDF_FILES/23035161.pdf
10,Disease_disorder,Friedreich,0.9953553676605225,1,/content/drive/MyDrive/MACROBATT/INPUT_PDF_FILES/23035161.pdf
11,Disease_disorder,ataxia.1,0.946085512638092,1,/content/drive/MyDrive/MACROBATT/INPUT_PDF_FILES/23035161.pdf
12,Biological_structure,transthoracic,0.9627462029457092,1,/content/drive/MyDrive/MACROBATT/INPUT_PDF_FILES/23035161.pdf
13,Diagnostic_procedure,echocardiography,0.9582449793815613,1,/content/drive/MyDrive/MACROBATT/INPUT_PDF_FILES/23035161.pdf
14,Detailed_description,dilated,0.9834640622138977,1,/content/drive/MyDrive/MACROBATT/INPUT_PDF_FILES/23035161.pdf
15,Lab_value,impaired,0.9996466636657715,1,/content/drive/MyDrive/MACROBATT/INPUT_PDF_FILES/23035161.pdf
16,Diagnostic_procedure,left ventricular function,0.9998736381530762,1,/content/drive/MyDrive/MACROBATT/INPUT_PDF_FILES/23035161.pdf
17,Diagnostic_procedure,ejection fraction,0.9998071789741516,1,/content/drive/MyDrive/MACROBATT/INPUT_PDF_FILES/23035161.pdf
18,Lab_value,30 %,0.9999309182167053,1,/content/drive/MyDrive/MACROBATT/INPUT_PDF_FILES/23035161.pdf
19,Diagnostic_procedure,pulmonary artery pressure,0.9989233016967773,1,/content/drive/MyDrive/MACROBATT/INPUT_PDF_FILES/23035161.pdf
20,Lab_value,55 mm His Hg,0.9974939227104187,1,/content/drive/MyDrive/MACROBATT/INPUT_PDF_FILES/23035161.pdf
21,Activity,lived,0.9816222190856934,1,/content/drive/MyDrive/MACROBATT/INPUT_PDF_FILES/23035161.pdf
22,Detailed_description,alone,0.818162739276886,1,/content/drive/MyDrive/MACROBATT/INPUT_PDF_FILES/23035161.pdf
23,Nonbiological_location,residential home,0.9988937377929688,1,/content/drive/MyDrive/MACROBATT/INPUT_PDF_FILES/23035161.pdf
24,Activity,mobile,0.9811326861381531,1,/content/drive/MyDrive/MACROBATT/INPUT_PDF_FILES/23035161.pdf
25,Clinical_event,arrival,0.9997015595436096,1,/content/drive/MyDrive/MACROBATT/INPUT_PDF_FILES/23035161.pdf
26,Sign_symptom,somnolent disoriented,0.9998936653137207,1,/content/drive/MyDrive/MACROBATT/INPUT_PDF_FILES/23035161.pdf
27,Sign_symptom,emergency department somnolent,0.9998736381530762,1,/content/drive/MyDrive/MACROBATT/INPUT_PDF_FILES/23035161.pdf
28,Sign_symptom,somnolent,0.9942594766616821,1,/content/drive/MyDrive/MACROBATT/INPUT_PDF_FILES/23035161.pdf
29,Sign_symptom,disoriented,0.9998637437820435,1,/content/drive/MyDrive/MACROBATT/INPUT_PDF_FILES/23035161.pdf
30,Biological_structure,axillary,0.999951958656311,1,/content/drive/MyDrive/MACROBATT/INPUT_PDF_FILES/23035161.pdf
31,Diagnostic_procedure,body temperature,0.9999157190322876,1,/content/drive/MyDrive/MACROBATT/INPUT_PDF_FILES/23035161.pdf
32,Lab_value,35.7 °C,0.9998838901519775,1,/content/drive/MyDrive/MACROBATT/INPUT_PDF_FILES/23035161.pdf
33,Biological_structure,arterial,0.9999550580978394,1,/content/drive/MyDrive/MACROBATT/INPUT_PDF_FILES/23035161.pdf
34,Diagnostic_procedure,blood pressure,0.9999468326568604,1,/content/drive/MyDrive/MACROBATT/INPUT_PDF_FILES/23035161.pdf
35,Lab_value,125/89 mm His Hg,0.9994991421699524,1,/content/drive/MyDrive/MACROBATT/INPUT_PDF_FILES/23035161.pdf
36,Diagnostic_procedure,pulse rate,0.9999650716781616,1,/content/drive/MyDrive/MACROBATT/INPUT_PDF_FILES/23035161.pdf
37,Lab_value,84 rhythmic beats/min,0.999934196472168,1,/content/drive/MyDrive/MACROBATT/INPUT_PDF_FILES/23035161.pdf
38,Lab_value,increasing,0.6295517086982727,1,/content/drive/MyDrive/MACROBATT/INPUT_PDF_FILES/23035161.pdf
39,Detailed_description,diffuse,0.9999144077301025,1,/content/drive/MyDrive/MACROBATT/INPUT_PDF_FILES/23035161.pdf
40,Detailed_description,during,0.9754365682601929,1,/content/drive/MyDrive/MACROBATT/INPUT_PDF_FILES/23035161.pdf
41,Sign_symptom,absence of of appetite,0.9999057650566101,1,/content/drive/MyDrive/MACROBATT/INPUT_PDF_FILES/23035161.pdf
42,Sign_symptom,vomiting,0.9999631643295288,1,/content/drive/MyDrive/MACROBATT/INPUT_PDF_FILES/23035161.pdf
43,Dosage,daily,0.998001754283905,1,/content/drive/MyDrive/MACROBATT/INPUT_PDF_FILES/23035161.pdf
44,Medication,medication,0.9998613595962524,1,/content/drive/MyDrive/MACROBATT/INPUT_PDF_FILES/23035161.pdf
45,Medication,perindopril,0.9999003410339355,1,/content/drive/MyDrive/MACROBATT/INPUT_PDF_FILES/23035161.pdf
46,Dosage,2.5,0.9986565709114075,1,/content/drive/MyDrive/MACROBATT/INPUT_PDF_FILES/23035161.pdf
47,Medication,torasemide,0.9992084503173828,1,/content/drive/MyDrive/MACROBATT/INPUT_PDF_FILES/23035161.pdf
48,Dosage,7.5 mg mg mg.,0.9993310570716858,1,/content/drive/MyDrive/MACROBATT/INPUT_PDF_FILES/23035161.pdf
49,Medication,esomeprazole,0.9998892545700073,1,/content/drive/MyDrive/MACROBATT/INPUT_PDF_FILES/23035161.pdf
50,Sign_symptom,tender,0.9992948770523071,1,/content/drive/MyDrive/MACROBATT/INPUT_PDF_FILES/23035161.pdf
51,Biological_structure,abdomen,0.9999125003814697,1,/content/drive/MyDrive/MACROBATT/INPUT_PDF_FILES/23035161.pdf
52,Detailed_description,painful,0.9916390776634216,1,/content/drive/MyDrive/MACROBATT/INPUT_PDF_FILES/23035161.pdf
53,Biological_structure,esomeprazole epigastric,0.9999622106552124,1,/content/drive/MyDrive/MACROBATT/INPUT_PDF_FILES/23035161.pdf
54,Biological_structure,epigastric,0.5377934575080872,1,/content/drive/MyDrive/MACROBATT/INPUT_PDF_FILES/23035161.pdf
55,Lab_value,Normal,0.9997318387031555,1,/content/drive/MyDrive/MACROBATT/INPUT_PDF_FILES/23035161.pdf
56,Diagnostic_procedure,bowel sounds,0.9994127154350281,1,/content/drive/MyDrive/MACROBATT/INPUT_PDF_FILES/23035161.pdf
57,Diagnostic_procedure,auscultated,0.9996760487556458,1,/content/drive/MyDrive/MACROBATT/INPUT_PDF_FILES/23035161.pdf
58,Biological_structure,upper right,0.8480601906776428,1,/content/drive/MyDrive/MACROBATT/INPUT_PDF_FILES/23035161.pdf
59,Biological_structure,lower left,0.8162444829940796,1,/content/drive/MyDrive/MACROBATT/INPUT_PDF_FILES/23035161.pdf
60,Biological_structure,renal bed,0.9998149871826172,1,/content/drive/MyDrive/MACROBATT/INPUT_PDF_FILES/23035161.pdf
61,Biological_structure,cardiac,0.9999305009841919,1,/content/drive/MyDrive/MACROBATT/INPUT_PDF_FILES/23035161.pdf
62,Diagnostic_procedure,auscultation,0.9960587024688721,1,/content/drive/MyDrive/MACROBATT/INPUT_PDF_FILES/23035161.pdf
63,Lab_value,2/6,0.9998257160186768,1,/content/drive/MyDrive/MACROBATT/INPUT_PDF_FILES/23035161.pdf
64,Detailed_description,systolic,0.9999057054519653,1,/content/drive/MyDrive/MACROBATT/INPUT_PDF_FILES/23035161.pdf
65,Sign_symptom,murmur,0.9998759031295776,1,/content/drive/MyDrive/MACROBATT/INPUT_PDF_FILES/23035161.pdf
66,Biological_structure,Lung,0.9999486207962036,1,/content/drive/MyDrive/MACROBATT/INPUT_PDF_FILES/23035161.pdf
67,Lab_value,normal,0.9997832179069519,1,/content/drive/MyDrive/MACROBATT/INPUT_PDF_FILES/23035161.pdf
68,Diagnostic_procedure,Laboratory findings,0.9999539852142334,1,/content/drive/MyDrive/MACROBATT/INPUT_PDF_FILES/23035161.pdf
69,Lab_value,elevated elevated elevated,0.9997909665107727,1,/content/drive/MyDrive/MACROBATT/INPUT_PDF_FILES/23035161.pdf
70,Diagnostic_procedure,C CRP reactive protein ( ( ( (,0.9978855848312378,1,/content/drive/MyDrive/MACROBATT/INPUT_PDF_FILES/23035161.pdf
71,Diagnostic_procedure,CRP,0.9497746229171753,1,/content/drive/MyDrive/MACROBATT/INPUT_PDF_FILES/23035161.pdf
72,Lab_value,16 mg/l mg/l,0.9998705983161926,1,/content/drive/MyDrive/MACROBATT/INPUT_PDF_FILES/23035161.pdf
73,Diagnostic_procedure,troponin-T-hs natriuretic,0.9999520778656006,1,/content/drive/MyDrive/MACROBATT/INPUT_PDF_FILES/23035161.pdf
74,Diagnostic_procedure,troponin-T-hs,0.9493651986122131,1,/content/drive/MyDrive/MACROBATT/INPUT_PDF_FILES/23035161.pdf
75,Lab_value,0.070 µg/l µg/l,0.9999128580093384,1,/content/drive/MyDrive/MACROBATT/INPUT_PDF_FILES/23035161.pdf
76,Diagnostic_procedure,pro-B-type natriuretic peptide,0.9999489784240723,1,/content/drive/MyDrive/MACROBATT/INPUT_PDF_FILES/23035161.pdf
77,Lab_value,7382 pg/ml pg/ml,0.9999294281005859,1,/content/drive/MyDrive/MACROBATT/INPUT_PDF_FILES/23035161.pdf
78,Diagnostic_procedure,Kidney function parameters,0.9999518394470215,1,/content/drive/MyDrive/MACROBATT/INPUT_PDF_FILES/23035161.pdf
79,Diagnostic_procedure,creatinine,0.9951653480529785,1,/content/drive/MyDrive/MACROBATT/INPUT_PDF_FILES/23035161.pdf
80,Lab_value,100 µmol/l,0.9998928904533386,1,/content/drive/MyDrive/MACROBATT/INPUT_PDF_FILES/23035161.pdf
81,Diagnostic_procedure,calculated glomerular filtration rate,0.9999518990516663,1,/content/drive/MyDrive/MACROBATT/INPUT_PDF_FILES/23035161.pdf
82,Lab_value,73 ml/min,0.9994766712188721,1,/content/drive/MyDrive/MACROBATT/INPUT_PDF_FILES/23035161.pdf
83,Diagnostic_procedure,Blood count,0.9999315738677979,1,/content/drive/MyDrive/MACROBATT/INPUT_PDF_FILES/23035161.pdf
84,Sign_symptom,revealed leucocytosis,0.9999525547027588,1,/content/drive/MyDrive/MACROBATT/INPUT_PDF_FILES/23035161.pdf
85,Sign_symptom,leucocytosis,0.9749796986579895,1,/content/drive/MyDrive/MACROBATT/INPUT_PDF_FILES/23035161.pdf
86,Lab_value,15.6×109/litre,0.958185613155365,1,/content/drive/MyDrive/MACROBATT/INPUT_PDF_FILES/23035161.pdf
87,Diagnostic_procedure,function f-T3 f-T4 reference,0.9994845390319824,1,/content/drive/MyDrive/MACROBATT/INPUT_PDF_FILES/23035161.pdf
88,Diagnostic_procedure,f-T3 f-T4,0.9642898440361023,1,/content/drive/MyDrive/MACROBATT/INPUT_PDF_FILES/23035161.pdf
89,Diagnostic_procedure,f-T4,0.8918764591217041,1,/content/drive/MyDrive/MACROBATT/INPUT_PDF_FILES/23035161.pdf
90,Diagnostic_procedure,Urine analysis,0.9999408721923828,1,/content/drive/MyDrive/MACROBATT/INPUT_PDF_FILES/23035161.pdf
91,Biological_structure,kidneys,0.9989244341850281,1,/content/drive/MyDrive/MACROBATT/INPUT_PDF_FILES/23035161.pdf
92,Sign_symptom,free fluid,0.9999145865440369,1,/content/drive/MyDrive/MACROBATT/INPUT_PDF_FILES/23035161.pdf
93,Therapeutic_procedure,analgesia,0.9995805621147156,1,/content/drive/MyDrive/MACROBATT/INPUT_PDF_FILES/23035161.pdf
94,Medication,paracetamol,0.9999078512191772,1,/content/drive/MyDrive/MACROBATT/INPUT_PDF_FILES/23035161.pdf
95,Dosage,1 1,0.9176958203315735,1,/content/drive/MyDrive/MACROBATT/INPUT_PDF_FILES/23035161.pdf
96,Medication,metamizole,0.9840213656425476,1,/content/drive/MyDrive/MACROBATT/INPUT_PDF_FILES/23035161.pdf
97,Dosage,1 1 night analgesia g g µg revealing right although figures,0.8879902362823486,1,/content/drive/MyDrive/MACROBATT/INPUT_PDF_FILES/23035161.pdf
98,Medication,pethidine,0.9968128204345703,1,/content/drive/MyDrive/MACROBATT/INPUT_PDF_FILES/23035161.pdf
99,Dosage,75 µg,0.9611371755599976,1,/content/drive/MyDrive/MACROBATT/INPUT_PDF_FILES/23035161.pdf
100,Detailed_description,contrast-enhanced,0.9997067451477051,1,/content/drive/MyDrive/MACROBATT/INPUT_PDF_FILES/23035161.pdf
101,Disease_disorder,pain pethidine abdominal revealing infarction veins,0.9998090863227844,1,/content/drive/MyDrive/MACROBATT/INPUT_PDF_FILES/23035161.pdf
102,Disease_disorder,infarction,0.9994530081748962,1,/content/drive/MyDrive/MACROBATT/INPUT_PDF_FILES/23035161.pdf
103,Sign_symptom,the night with pethidine contrast-enhanced the right which hypodense although,0.9999569654464722,1,/content/drive/MyDrive/MACROBATT/INPUT_PDF_FILES/23035161.pdf
104,Sign_symptom,hypodense,0.9999405145645142,1,/content/drive/MyDrive/MACROBATT/INPUT_PDF_FILES/23035161.pdf
105,Sign_symptom,hypodense area,0.9997379779815674,1,/content/drive/MyDrive/MACROBATT/INPUT_PDF_FILES/23035161.pdf
106,Biological_structure,kidney kidney arteries and and and veins,0.9998996257781982,1,/content/drive/MyDrive/MACROBATT/INPUT_PDF_FILES/23035161.pdf
107,Sign_symptom,open,0.9998928308486938,1,/content/drive/MyDrive/MACROBATT/INPUT_PDF_FILES/23035161.pdf
108,Disease_disorder,Cardiac dysfunction,0.9998186826705933,1,/content/drive/MyDrive/MACROBATT/INPUT_PDF_FILES/23035161.pdf
109,Outcome,death,0.9953213334083557,1,/content/drive/MyDrive/MACROBATT/INPUT_PDF_FILES/23035161.pdf
110,Detailed_description,congestive,0.9997228980064392,1,/content/drive/MyDrive/MACROBATT/INPUT_PDF_FILES/23035161.pdf
111,Disease_disorder,heart failure,0.9993592500686646,1,/content/drive/MyDrive/MACROBATT/INPUT_PDF_FILES/23035161.pdf
112,Disease_disorder,Cardiac heart arrhythmia,0.9511122107505798,1,/content/drive/MyDrive/MACROBATT/INPUT_PDF_FILES/23035161.pdf
113,Biological_structure,Renal artery,0.9999133348464966,1,/content/drive/MyDrive/MACROBATT/INPUT_PDF_FILES/23035161.pdf
114,Disease_disorder,embolism,0.9996095299720764,1,/content/drive/MyDrive/MACROBATT/INPUT_PDF_FILES/23035161.pdf
115,Detailed_description,non-abdominal,0.9995341300964355,1,/content/drive/MyDrive/MACROBATT/INPUT_PDF_FILES/23035161.pdf
116,Biological_structure,non-abdominal abdominal,0.9997220635414124,1,/content/drive/MyDrive/MACROBATT/INPUT_PDF_FILES/23035161.pdf
117,Disease_disorder,porphyria,0.9967195391654968,1,/content/drive/MyDrive/MACROBATT/INPUT_PDF_FILES/23035161.pdf
118,History,diabetic ketoacidosis,0.8642144203186035,1,/content/drive/MyDrive/MACROBATT/INPUT_PDF_FILES/23035161.pdf
119,Disease_disorder,tocopherol deficiency,0.9440262913703918,1,/content/drive/MyDrive/MACROBATT/INPUT_PDF_FILES/23035161.pdf
120,Lab_value,negative,0.9998847246170044,1,/content/drive/MyDrive/MACROBATT/INPUT_PDF_FILES/23035161.pdf
121,Diagnostic_procedure,cardiolipin test,0.9996641278266907,1,/content/drive/MyDrive/MACROBATT/INPUT_PDF_FILES/23035161.pdf
122,Coreference,tabetic,0.6272023916244507,1,/content/drive/MyDrive/MACROBATT/INPUT_PDF_FILES/23035161.pdf
123,Detailed_description,pre-existing,0.9998781681060791,1,/content/drive/MyDrive/MACROBATT/INPUT_PDF_FILES/23035161.pdf
124,Disease_disorder,porphyria porphobilinogen porphyrin,0.9998496770858765,1,/content/drive/MyDrive/MACROBATT/INPUT_PDF_FILES/23035161.pdf
125,Diagnostic_procedure,δ-aminolevulinic,0.9988492727279663,1,/content/drive/MyDrive/MACROBATT/INPUT_PDF_FILES/23035161.pdf
126,Diagnostic_procedure,porphobilinogen,0.9994769096374512,1,/content/drive/MyDrive/MACROBATT/INPUT_PDF_FILES/23035161.pdf
127,Diagnostic_procedure,porphyria porphyrin,0.9944153428077698,1,/content/drive/MyDrive/MACROBATT/INPUT_PDF_FILES/23035161.pdf
128,Diagnostic_procedure,porphyrin urine,0.8326714634895325,1,/content/drive/MyDrive/MACROBATT/INPUT_PDF_FILES/23035161.pdf
129,Detailed_description,24-h urine,0.9997724890708923,1,/content/drive/MyDrive/MACROBATT/INPUT_PDF_FILES/23035161.pdf
130,Diagnostic_procedure,genetic diagnosis,0.9998589754104614,1,/content/drive/MyDrive/MACROBATT/INPUT_PDF_FILES/23035161.pdf
131,Disease_disorder,Hypovitaminosis,0.999840259552002,1,/content/drive/MyDrive/MACROBATT/INPUT_PDF_FILES/23035161.pdf
132,Disease_disorder,endocrinopathies,0.908629834651947,1,/content/drive/MyDrive/MACROBATT/INPUT_PDF_FILES/23035161.pdf
133,Disease_disorder,diabetes,0.9995482563972473,1,/content/drive/MyDrive/MACROBATT/INPUT_PDF_FILES/23035161.pdf
134,Disease_disorder,The had endocrinopathies hypothyreosis hyperthyreosis,0.9998915195465088,1,/content/drive/MyDrive/MACROBATT/INPUT_PDF_FILES/23035161.pdf
135,Disease_disorder,hypothyreosis,0.983162522315979,1,/content/drive/MyDrive/MACROBATT/INPUT_PDF_FILES/23035161.pdf
136,Disease_disorder,hyperthyreosis,0.7282706499099731,1,/content/drive/MyDrive/MACROBATT/INPUT_PDF_FILES/23035161.pdf
137,Clinical_event,hospitalised,0.9997490048408508,1,/content/drive/MyDrive/MACROBATT/INPUT_PDF_FILES/23035161.pdf
138,Medication,anticoagulation anticoagulation,0.9989322423934937,2,/content/drive/MyDrive/MACROBATT/INPUT_PDF_FILES/23035161.pdf
139,Medication,heparin,0.9974133372306824,2,/content/drive/MyDrive/MACROBATT/INPUT_PDF_FILES/23035161.pdf
140,Duration,lifelong,0.9969000816345215,2,/content/drive/MyDrive/MACROBATT/INPUT_PDF_FILES/23035161.pdf
141,Administration,oral,0.9995865225791931,2,/content/drive/MyDrive/MACROBATT/INPUT_PDF_FILES/23035161.pdf
142,Medication,phenprocoumon,0.896997332572937,2,/content/drive/MyDrive/MACROBATT/INPUT_PDF_FILES/23035161.pdf
143,Duration,11 days,0.999194324016571,2,/content/drive/MyDrive/MACROBATT/INPUT_PDF_FILES/23035161.pdf
144,Disease_disorder,complications,0.9998376369476318,2,/content/drive/MyDrive/MACROBATT/INPUT_PDF_FILES/23035161.pdf
145,Diagnostic_procedure,Kidney function parameters,0.9999410510063171,2,/content/drive/MyDrive/MACROBATT/INPUT_PDF_FILES/23035161.pdf
146,Biological_structure,Transoesophageal,0.9999465942382812,2,/content/drive/MyDrive/MACROBATT/INPUT_PDF_FILES/23035161.pdf
147,Diagnostic_procedure,echocardiography,0.9999641180038452,2,/content/drive/MyDrive/MACROBATT/INPUT_PDF_FILES/23035161.pdf
148,Diagnostic_procedure,echocardiography cardiac,0.9956595301628113,2,/content/drive/MyDrive/MACROBATT/INPUT_PDF_FILES/23035161.pdf
149,Date,fifth day,0.999738872051239,2,/content/drive/MyDrive/MACROBATT/INPUT_PDF_FILES/23035161.pdf
150,Biological_structure,cardiac,0.9999315738677979,2,/content/drive/MyDrive/MACROBATT/INPUT_PDF_FILES/23035161.pdf
151,Disease_disorder,the fifth thrombus,0.9980442523956299,2,/content/drive/MyDrive/MACROBATT/INPUT_PDF_FILES/23035161.pdf
152,Disease_disorder,thrombus,0.9520449042320251,2,/content/drive/MyDrive/MACROBATT/INPUT_PDF_FILES/23035161.pdf
153,Disease_disorder,patent,0.9990803003311157,2,/content/drive/MyDrive/MACROBATT/INPUT_PDF_FILES/23035161.pdf
154,Disease_disorder,foramen,0.9690086245536804,2,/content/drive/MyDrive/MACROBATT/INPUT_PDF_FILES/23035161.pdf
155,Disease_disorder,Deep vein thrombosis,0.9998621344566345,2,/content/drive/MyDrive/MACROBATT/INPUT_PDF_FILES/23035161.pdf
156,Detailed_description,duplex,0.9999791383743286,2,/content/drive/MyDrive/MACROBATT/INPUT_PDF_FILES/23035161.pdf
157,Diagnostic_procedure,Anticardiolipin antibody testing testing,0.9999400973320007,2,/content/drive/MyDrive/MACROBATT/INPUT_PDF_FILES/23035161.pdf
158,Diagnostic_procedure,genetic testing testing,0.9999507069587708,2,/content/drive/MyDrive/MACROBATT/INPUT_PDF_FILES/23035161.pdf
159,Disease_disorder,clotting,0.9999120235443115,2,/content/drive/MyDrive/MACROBATT/INPUT_PDF_FILES/23035161.pdf
160,Disease_disorder,clotting disorders,0.9439831376075745,2,/content/drive/MyDrive/MACROBATT/INPUT_PDF_FILES/23035161.pdf
161,Diagnostic_procedure,Urine tests,0.9999256730079651,2,/content/drive/MyDrive/MACROBATT/INPUT_PDF_FILES/23035161.pdf
162,Disease_disorder,porphyria,0.9687280058860779,2,/content/drive/MyDrive/MACROBATT/INPUT_PDF_FILES/23035161.pdf
163,Clinical_event,hospitalisation,0.9997063279151917,2,/content/drive/MyDrive/MACROBATT/INPUT_PDF_FILES/23035161.pdf
164,Lab_value,stable,0.9977982044219971,2,/content/drive/MyDrive/MACROBATT/INPUT_PDF_FILES/23035161.pdf
165,Medication,regarding cardiological diuretics according,0.9998351335525513,2,/content/drive/MyDrive/MACROBATT/INPUT_PDF_FILES/23035161.pdf
166,Medication,diuretics,0.9989110231399536,2,/content/drive/MyDrive/MACROBATT/INPUT_PDF_FILES/23035161.pdf
167,Medication,levofloxacin,0.9998661279678345,2,/content/drive/MyDrive/MACROBATT/INPUT_PDF_FILES/23035161.pdf
168,Biological_structure,patient pneumonic prior hospitalisation,0.9999465942382812,2,/content/drive/MyDrive/MACROBATT/INPUT_PDF_FILES/23035161.pdf
169,Biological_structure,pneumonic,0.9994705319404602,2,/content/drive/MyDrive/MACROBATT/INPUT_PDF_FILES/23035161.pdf
170,Disease_disorder,infection,0.9997856020927429,2,/content/drive/MyDrive/MACROBATT/INPUT_PDF_FILES/23035161.pdf
171,Coreference,antibiotic treatment,0.9413051009178162,2,/content/drive/MyDrive/MACROBATT/INPUT_PDF_FILES/23035161.pdf
172,Lab_value,increasing,0.9999268054962158,2,/content/drive/MyDrive/MACROBATT/INPUT_PDF_FILES/23035161.pdf
173,Diagnostic_procedure,inflammatory parameters,0.9999512434005737,2,/content/drive/MyDrive/MACROBATT/INPUT_PDF_FILES/23035161.pdf
174,Diagnostic_procedure,CRP,0.9999235272407532,2,/content/drive/MyDrive/MACROBATT/INPUT_PDF_FILES/23035161.pdf
175,Lab_value,increase,0.9999102354049683,2,/content/drive/MyDrive/MACROBATT/INPUT_PDF_FILES/23035161.pdf
176,Lab_value,200 mg/l,0.9998804330825806,2,/content/drive/MyDrive/MACROBATT/INPUT_PDF_FILES/23035161.pdf
177,Diagnostic_procedure,laboratory parameters,0.9999560713768005,2,/content/drive/MyDrive/MACROBATT/INPUT_PDF_FILES/23035161.pdf
