,Entity Group,Value,Score,Page,Pdf File
0,Age,31-year-old,0.9958379864692688,1,/content/drive/MyDrive/MACROBATT/INPUT_PDF_FILES/23033875.pdf
1,Personal_background,white,0.9977535605430603,1,/content/drive/MyDrive/MACROBATT/INPUT_PDF_FILES/23033875.pdf
2,History,primipara with with twin pregnancy,0.9993472099304199,1,/content/drive/MyDrive/MACROBATT/INPUT_PDF_FILES/23033875.pdf
3,Clinical_event,admitted,0.9998606443405151,1,/content/drive/MyDrive/MACROBATT/INPUT_PDF_FILES/23033875.pdf
4,Nonbiological_location,hospital,0.9998641014099121,1,/content/drive/MyDrive/MACROBATT/INPUT_PDF_FILES/23033875.pdf
5,Date,38th week of gestation,0.9998642802238464,1,/content/drive/MyDrive/MACROBATT/INPUT_PDF_FILES/23033875.pdf
6,Lab_value,elevated,0.9966660141944885,1,/content/drive/MyDrive/MACROBATT/INPUT_PDF_FILES/23033875.pdf
7,Diagnostic_procedure,blood pressure,0.9999186396598816,1,/content/drive/MyDrive/MACROBATT/INPUT_PDF_FILES/23033875.pdf
8,Therapeutic_procedure,antihypertensive,0.9992424249649048,1,/content/drive/MyDrive/MACROBATT/INPUT_PDF_FILES/23033875.pdf
9,Therapeutic_procedure,antihypertensive treatment,0.961715042591095,1,/content/drive/MyDrive/MACROBATT/INPUT_PDF_FILES/23033875.pdf
10,Lab_value,120/80,0.9999324083328247,1,/content/drive/MyDrive/MACROBATT/INPUT_PDF_FILES/23033875.pdf
11,Time,Few hours after,0.9987298846244812,1,/content/drive/MyDrive/MACROBATT/INPUT_PDF_FILES/23033875.pdf
12,Sign_symptom,contractions,0.9998453855514526,1,/content/drive/MyDrive/MACROBATT/INPUT_PDF_FILES/23033875.pdf
13,Therapeutic_procedure,caesarean section,0.9997561573982239,1,/content/drive/MyDrive/MACROBATT/INPUT_PDF_FILES/23033875.pdf
14,Sign_symptom,vertex-transverse presentation,0.9242032766342163,1,/content/drive/MyDrive/MACROBATT/INPUT_PDF_FILES/23033875.pdf
15,Subject,Liveborn female and female male,0.9237949252128601,1,/content/drive/MyDrive/MACROBATT/INPUT_PDF_FILES/23033875.pdf
16,Clinical_event,delivered,0.8989664912223816,1,/content/drive/MyDrive/MACROBATT/INPUT_PDF_FILES/23033875.pdf
17,Detailed_description,postoperative course,0.9666963219642639,1,/content/drive/MyDrive/MACROBATT/INPUT_PDF_FILES/23033875.pdf
18,Time,Four hours postpartum,0.9991186261177063,1,/content/drive/MyDrive/MACROBATT/INPUT_PDF_FILES/23033875.pdf
19,Detailed_description,sudden,0.9999728202819824,1,/content/drive/MyDrive/MACROBATT/INPUT_PDF_FILES/23033875.pdf
20,Sign_symptom,epigastric,0.9944248795509338,1,/content/drive/MyDrive/MACROBATT/INPUT_PDF_FILES/23033875.pdf
21,Lab_value,190/130,0.9991888403892517,1,/content/drive/MyDrive/MACROBATT/INPUT_PDF_FILES/23033875.pdf
22,Diagnostic_procedure,Laboratory findings,0.9999396204948425,1,/content/drive/MyDrive/MACROBATT/INPUT_PDF_FILES/23033875.pdf
23,Coreference,haemolysis,0.9997431635856628,1,/content/drive/MyDrive/MACROBATT/INPUT_PDF_FILES/23033875.pdf
24,Lab_value,increase,0.9998924732208252,1,/content/drive/MyDrive/MACROBATT/INPUT_PDF_FILES/23033875.pdf
25,Diagnostic_procedure,serum creatinine,0.9976113438606262,1,/content/drive/MyDrive/MACROBATT/INPUT_PDF_FILES/23033875.pdf
26,Diagnostic_procedure,aminotransferases,0.9998500943183899,1,/content/drive/MyDrive/MACROBATT/INPUT_PDF_FILES/23033875.pdf
27,Administration,Intravenous,0.9996707439422607,1,/content/drive/MyDrive/MACROBATT/INPUT_PDF_FILES/23033875.pdf
28,Medication,magnesium sulphate,0.9993807673454285,1,/content/drive/MyDrive/MACROBATT/INPUT_PDF_FILES/23033875.pdf
29,Diagnostic_procedure,Abdominal ultrasound,0.9999361634254456,1,/content/drive/MyDrive/MACROBATT/INPUT_PDF_FILES/23033875.pdf
30,Detailed_description,empty,0.9988671541213989,1,/content/drive/MyDrive/MACROBATT/INPUT_PDF_FILES/23033875.pdf
31,Biological_structure,uterine without,0.9999614953994751,1,/content/drive/MyDrive/MACROBATT/INPUT_PDF_FILES/23033875.pdf
32,Biological_structure,uterine cavity,0.8246192336082458,1,/content/drive/MyDrive/MACROBATT/INPUT_PDF_FILES/23033875.pdf
33,Sign_symptom,placenta,0.7823522090911865,1,/content/drive/MyDrive/MACROBATT/INPUT_PDF_FILES/23033875.pdf
34,Time,Five hours postpartum,0.9992005825042725,1,/content/drive/MyDrive/MACROBATT/INPUT_PDF_FILES/23033875.pdf
35,Clinical_event,transferred,0.9998642206192017,1,/content/drive/MyDrive/MACROBATT/INPUT_PDF_FILES/23033875.pdf
36,Nonbiological_location,intensive care unit,0.9997925758361816,1,/content/drive/MyDrive/MACROBATT/INPUT_PDF_FILES/23033875.pdf
37,Diagnostic_procedure,examination,0.9999508857727051,1,/content/drive/MyDrive/MACROBATT/INPUT_PDF_FILES/23033875.pdf
38,Sign_symptom,sleepy,0.9999247789382935,1,/content/drive/MyDrive/MACROBATT/INPUT_PDF_FILES/23033875.pdf
39,Sign_symptom,disoriented,0.9999396800994873,1,/content/drive/MyDrive/MACROBATT/INPUT_PDF_FILES/23033875.pdf
40,Diagnostic_procedure,liver enzymes,0.9998006820678711,1,/content/drive/MyDrive/MACROBATT/INPUT_PDF_FILES/23033875.pdf
41,Disease_disorder,HELLP,0.7872596979141235,1,/content/drive/MyDrive/MACROBATT/INPUT_PDF_FILES/23033875.pdf
42,Therapeutic_procedure,rehydrated treatment fresh red fresh,0.8561127781867981,1,/content/drive/MyDrive/MACROBATT/INPUT_PDF_FILES/23033875.pdf
43,Therapeutic_procedure,treatment,0.9443578720092773,1,/content/drive/MyDrive/MACROBATT/INPUT_PDF_FILES/23033875.pdf
44,Detailed_description,fresh fresh,0.9797571301460266,1,/content/drive/MyDrive/MACROBATT/INPUT_PDF_FILES/23033875.pdf
45,Detailed_description,frozen,0.9847309589385986,1,/content/drive/MyDrive/MACROBATT/INPUT_PDF_FILES/23033875.pdf
46,Detailed_description,red,0.5157038569450378,1,/content/drive/MyDrive/MACROBATT/INPUT_PDF_FILES/23033875.pdf
47,Medication,kybernin P,0.7929888367652893,1,/content/drive/MyDrive/MACROBATT/INPUT_PDF_FILES/23033875.pdf
48,Lab_value,High,0.9983047246932983,1,/content/drive/MyDrive/MACROBATT/INPUT_PDF_FILES/23033875.pdf
49,Diagnostic_procedure,serum,0.9995846152305603,1,/content/drive/MyDrive/MACROBATT/INPUT_PDF_FILES/23033875.pdf
50,Diagnostic_procedure,urea creatinine,0.7462798357009888,1,/content/drive/MyDrive/MACROBATT/INPUT_PDF_FILES/23033875.pdf
51,Detailed_description,persistent,0.9996895790100098,1,/content/drive/MyDrive/MACROBATT/INPUT_PDF_FILES/23033875.pdf
52,Sign_symptom,and anuria,0.9999520778656006,1,/content/drive/MyDrive/MACROBATT/INPUT_PDF_FILES/23033875.pdf
53,Sign_symptom,anuria,0.9999268054962158,1,/content/drive/MyDrive/MACROBATT/INPUT_PDF_FILES/23033875.pdf
54,Detailed_description,acute,0.9565490484237671,1,/content/drive/MyDrive/MACROBATT/INPUT_PDF_FILES/23033875.pdf
55,Dosage,high dose,0.9995868802070618,1,/content/drive/MyDrive/MACROBATT/INPUT_PDF_FILES/23033875.pdf
56,Medication,furosemide,0.9991326332092285,1,/content/drive/MyDrive/MACROBATT/INPUT_PDF_FILES/23033875.pdf
57,Time,Sixteen hours postpartum,0.9991403818130493,1,/content/drive/MyDrive/MACROBATT/INPUT_PDF_FILES/23033875.pdf
58,Lab_value,60/40,0.9999304413795471,1,/content/drive/MyDrive/MACROBATT/INPUT_PDF_FILES/23033875.pdf
59,Diagnostic_procedure,oxygen saturation,0.9999346733093262,1,/content/drive/MyDrive/MACROBATT/INPUT_PDF_FILES/23033875.pdf
60,Time,Few minutes later,0.9991714358329773,1,/content/drive/MyDrive/MACROBATT/INPUT_PDF_FILES/23033875.pdf
61,Therapeutic_procedure,arrest resuscitation,0.9998641014099121,1,/content/drive/MyDrive/MACROBATT/INPUT_PDF_FILES/23033875.pdf
62,Therapeutic_procedure,resuscitation,0.8659037351608276,1,/content/drive/MyDrive/MACROBATT/INPUT_PDF_FILES/23033875.pdf
63,Coreference,Resuscitation,0.99969482421875,1,/content/drive/MyDrive/MACROBATT/INPUT_PDF_FILES/23033875.pdf
64,Coreference,Resuscitation saturation,0.8817915320396423,1,/content/drive/MyDrive/MACROBATT/INPUT_PDF_FILES/23033875.pdf
65,Sign_symptom,normal heart action,0.9997871518135071,1,/content/drive/MyDrive/MACROBATT/INPUT_PDF_FILES/23033875.pdf
66,Coreference,renal failure,0.9978570342063904,1,/content/drive/MyDrive/MACROBATT/INPUT_PDF_FILES/23033875.pdf
67,Detailed_description,urgent,0.9998422861099243,1,/content/drive/MyDrive/MACROBATT/INPUT_PDF_FILES/23033875.pdf
68,Time,Twenty hours postpartum,0.9992830157279968,1,/content/drive/MyDrive/MACROBATT/INPUT_PDF_FILES/23033875.pdf
69,Disease_disorder,cardiopulmonary,0.7209185361862183,1,/content/drive/MyDrive/MACROBATT/INPUT_PDF_FILES/23033875.pdf
70,Coreference,death,0.9973894953727722,1,/content/drive/MyDrive/MACROBATT/INPUT_PDF_FILES/23033875.pdf
71,Time,short time after fact that death hospital a after a surgical a medico-legal autopsy was,0.946842610836029,1,/content/drive/MyDrive/MACROBATT/INPUT_PDF_FILES/23033875.pdf
72,Detailed_description,medico-legal,0.6981950402259827,1,/content/drive/MyDrive/MACROBATT/INPUT_PDF_FILES/23033875.pdf
73,Coreference,autopsy,0.9824192523956299,1,/content/drive/MyDrive/MACROBATT/INPUT_PDF_FILES/23033875.pdf
74,Sign_symptom,autopsy oedema of dilatation of,0.9999731779098511,1,/content/drive/MyDrive/MACROBATT/INPUT_PDF_FILES/23033875.pdf
75,Sign_symptom,oedema,0.7662837505340576,1,/content/drive/MyDrive/MACROBATT/INPUT_PDF_FILES/23033875.pdf
76,Biological_structure,brain,0.9999665021896362,1,/content/drive/MyDrive/MACROBATT/INPUT_PDF_FILES/23033875.pdf
77,Biological_structure,lungs,0.9999544620513916,1,/content/drive/MyDrive/MACROBATT/INPUT_PDF_FILES/23033875.pdf
78,Sign_symptom,dilatation,0.9999428987503052,1,/content/drive/MyDrive/MACROBATT/INPUT_PDF_FILES/23033875.pdf
79,Biological_structure,right,0.999079704284668,1,/content/drive/MyDrive/MACROBATT/INPUT_PDF_FILES/23033875.pdf
80,Biological_structure,left ventricles,0.9980015754699707,1,/content/drive/MyDrive/MACROBATT/INPUT_PDF_FILES/23033875.pdf
81,Sign_symptom,Hydrothorax,0.7224915027618408,1,/content/drive/MyDrive/MACROBATT/INPUT_PDF_FILES/23033875.pdf
82,Volume,900,0.7228188514709473,1,/content/drive/MyDrive/MACROBATT/INPUT_PDF_FILES/23033875.pdf
83,Biological_structure,hydroperitoneum,0.8382394909858704,1,/content/drive/MyDrive/MACROBATT/INPUT_PDF_FILES/23033875.pdf
84,Sign_symptom,hydropericardium,0.6043208837509155,1,/content/drive/MyDrive/MACROBATT/INPUT_PDF_FILES/23033875.pdf
85,Lab_value,200,0.8955653309822083,1,/content/drive/MyDrive/MACROBATT/INPUT_PDF_FILES/23033875.pdf
86,Therapeutic_procedure,caesarean,0.9998667240142822,1,/content/drive/MyDrive/MACROBATT/INPUT_PDF_FILES/23033875.pdf
87,Detailed_description,Petechial,0.9610971808433533,1,/content/drive/MyDrive/MACROBATT/INPUT_PDF_FILES/23033875.pdf
88,Detailed_description,suffusional,0.7347851395606995,1,/content/drive/MyDrive/MACROBATT/INPUT_PDF_FILES/23033875.pdf
89,Sign_symptom,haemorrhages,0.9974223971366882,1,/content/drive/MyDrive/MACROBATT/INPUT_PDF_FILES/23033875.pdf
90,Biological_structure,pleura,0.6265183091163635,1,/content/drive/MyDrive/MACROBATT/INPUT_PDF_FILES/23033875.pdf
91,Biological_structure,endocardium,0.9998470544815063,1,/content/drive/MyDrive/MACROBATT/INPUT_PDF_FILES/23033875.pdf
92,Biological_structure,mucosae,0.9961435794830322,1,/content/drive/MyDrive/MACROBATT/INPUT_PDF_FILES/23033875.pdf
93,Biological_structure,haemorrhages mucosae,0.8622793555259705,1,/content/drive/MyDrive/MACROBATT/INPUT_PDF_FILES/23033875.pdf
94,Biological_structure,renal,0.9998859167098999,1,/content/drive/MyDrive/MACROBATT/INPUT_PDF_FILES/23033875.pdf
95,Biological_structure,peritoneum,0.9997352361679077,1,/content/drive/MyDrive/MACROBATT/INPUT_PDF_FILES/23033875.pdf
96,Biological_structure,small,0.9986974596977234,1,/content/drive/MyDrive/MACROBATT/INPUT_PDF_FILES/23033875.pdf
97,Diagnostic_procedure,Histology,0.7885595560073853,1,/content/drive/MyDrive/MACROBATT/INPUT_PDF_FILES/23033875.pdf
98,Detailed_description,periportal,0.9911291599273682,1,/content/drive/MyDrive/MACROBATT/INPUT_PDF_FILES/23033875.pdf
99,Biological_structure,hepatocellular,0.710120439529419,1,/content/drive/MyDrive/MACROBATT/INPUT_PDF_FILES/23033875.pdf
100,Detailed_description,bloodless,0.9122390747070312,1,/content/drive/MyDrive/MACROBATT/INPUT_PDF_FILES/23033875.pdf
101,Biological_structure,Histology glomeruli haemorrhages,0.989918053150177,1,/content/drive/MyDrive/MACROBATT/INPUT_PDF_FILES/23033875.pdf
102,Biological_structure,glomeruli,0.9996906518936157,1,/content/drive/MyDrive/MACROBATT/INPUT_PDF_FILES/23033875.pdf
103,Detailed_description,swollen,0.9988794922828674,1,/content/drive/MyDrive/MACROBATT/INPUT_PDF_FILES/23033875.pdf
104,Detailed_description,vacuolated,0.9996029734611511,1,/content/drive/MyDrive/MACROBATT/INPUT_PDF_FILES/23033875.pdf
105,Biological_structure,intracapillary,0.9719336628913879,1,/content/drive/MyDrive/MACROBATT/INPUT_PDF_FILES/23033875.pdf
106,Detailed_description,confluent,0.9999556541442871,1,/content/drive/MyDrive/MACROBATT/INPUT_PDF_FILES/23033875.pdf
107,Biological_structure,kidneys,0.9683361649513245,1,/content/drive/MyDrive/MACROBATT/INPUT_PDF_FILES/23033875.pdf
108,Outcome,Death,0.996455192565918,1,/content/drive/MyDrive/MACROBATT/INPUT_PDF_FILES/23033875.pdf
109,Detailed_description,multiple,0.9999219179153442,1,/content/drive/MyDrive/MACROBATT/INPUT_PDF_FILES/23033875.pdf
110,Disease_disorder,organ failure,0.9994934797286987,1,/content/drive/MyDrive/MACROBATT/INPUT_PDF_FILES/23033875.pdf
111,Disease_disorder,DIC,0.9998941421508789,1,/content/drive/MyDrive/MACROBATT/INPUT_PDF_FILES/23033875.pdf
