,Entity Group,Value,Score,Page,Pdf File
0,Age,45-year-old,0.9985825419425964,1,/content/drive/MyDrive/MACROBATT/INPUT_PDF_FILES/23076693.pdf
1,Sex,lady,0.9996539354324341,1,/content/drive/MyDrive/MACROBATT/INPUT_PDF_FILES/23076693.pdf
2,Clinical_event,dermatology consultation,0.7739982604980469,1,/content/drive/MyDrive/MACROBATT/INPUT_PDF_FILES/23076693.pdf
3,Texture,severely tender,0.983322262763977,1,/content/drive/MyDrive/MACROBATT/INPUT_PDF_FILES/23076693.pdf
4,Detailed_description,dermatology severely tender erythematous over,0.9999315738677979,1,/content/drive/MyDrive/MACROBATT/INPUT_PDF_FILES/23076693.pdf
5,Detailed_description,erythematous,0.9991527795791626,1,/content/drive/MyDrive/MACROBATT/INPUT_PDF_FILES/23076693.pdf
6,Coreference,severely vesicles over,0.5691611170768738,1,/content/drive/MyDrive/MACROBATT/INPUT_PDF_FILES/23076693.pdf
7,Sign_symptom,vesicles,0.9859455227851868,1,/content/drive/MyDrive/MACROBATT/INPUT_PDF_FILES/23076693.pdf
8,Coreference,bullae,0.9800551533699036,1,/content/drive/MyDrive/MACROBATT/INPUT_PDF_FILES/23076693.pdf
9,Coreference,These,0.993715226650238,1,/content/drive/MyDrive/MACROBATT/INPUT_PDF_FILES/23076693.pdf
10,Detailed_description,sudden in onset,0.9995576739311218,1,/content/drive/MyDrive/MACROBATT/INPUT_PDF_FILES/23076693.pdf
11,Sign_symptom,nausea,0.9986035227775574,1,/content/drive/MyDrive/MACROBATT/INPUT_PDF_FILES/23076693.pdf
12,Sign_symptom,malaise,0.9984039664268494,1,/content/drive/MyDrive/MACROBATT/INPUT_PDF_FILES/23076693.pdf
13,Sign_symptom,pain,0.9999686479568481,1,/content/drive/MyDrive/MACROBATT/INPUT_PDF_FILES/23076693.pdf
14,Medication,drugs,0.9990589022636414,1,/content/drive/MyDrive/MACROBATT/INPUT_PDF_FILES/23076693.pdf
15,Detailed_description,significant,0.9971100687980652,1,/content/drive/MyDrive/MACROBATT/INPUT_PDF_FILES/23076693.pdf
16,Sign_symptom,weight loss loss,0.9999457001686096,1,/content/drive/MyDrive/MACROBATT/INPUT_PDF_FILES/23076693.pdf
17,Sign_symptom,loss loss,0.9955761432647705,1,/content/drive/MyDrive/MACROBATT/INPUT_PDF_FILES/23076693.pdf
18,Diagnostic_procedure,temperature,0.675177812576294,1,/content/drive/MyDrive/MACROBATT/INPUT_PDF_FILES/23076693.pdf
19,Lab_value,38°C,0.9641164541244507,1,/content/drive/MyDrive/MACROBATT/INPUT_PDF_FILES/23076693.pdf
20,Diagnostic_procedure,pulse rate,0.9999653100967407,1,/content/drive/MyDrive/MACROBATT/INPUT_PDF_FILES/23076693.pdf
21,Lab_value,100/min,0.9999356269836426,1,/content/drive/MyDrive/MACROBATT/INPUT_PDF_FILES/23076693.pdf
22,Diagnostic_procedure,blood pressure,0.9999263882637024,1,/content/drive/MyDrive/MACROBATT/INPUT_PDF_FILES/23076693.pdf
23,Lab_value,126/72 mm,0.9999294281005859,1,/content/drive/MyDrive/MACROBATT/INPUT_PDF_FILES/23076693.pdf
24,Lab_value,multiple,0.9986842274665833,1,/content/drive/MyDrive/MACROBATT/INPUT_PDF_FILES/23076693.pdf
25,Detailed_description,coalescing,0.9999532699584961,1,/content/drive/MyDrive/MACROBATT/INPUT_PDF_FILES/23076693.pdf
26,Biological_structure,chest,0.9997413754463196,1,/content/drive/MyDrive/MACROBATT/INPUT_PDF_FILES/23076693.pdf
27,Biological_structure,arms,0.9997780919075012,1,/content/drive/MyDrive/MACROBATT/INPUT_PDF_FILES/23076693.pdf
28,Detailed_description,distributed symmetrically,0.9997245669364929,1,/content/drive/MyDrive/MACROBATT/INPUT_PDF_FILES/23076693.pdf
29,Sign_symptom,pustulation,0.999929666519165,1,/content/drive/MyDrive/MACROBATT/INPUT_PDF_FILES/23076693.pdf
30,Other_entity,Surrounding,0.9233088493347168,1,/content/drive/MyDrive/MACROBATT/INPUT_PDF_FILES/23076693.pdf
31,Coreference,them,0.9962357878684998,1,/content/drive/MyDrive/MACROBATT/INPUT_PDF_FILES/23076693.pdf
32,Detailed_description,pseudovesicular,0.999885082244873,1,/content/drive/MyDrive/MACROBATT/INPUT_PDF_FILES/23076693.pdf
33,Detailed_description,satellite,0.999455988407135,1,/content/drive/MyDrive/MACROBATT/INPUT_PDF_FILES/23076693.pdf
34,Coreference,papule,0.9995689988136292,1,/content/drive/MyDrive/MACROBATT/INPUT_PDF_FILES/23076693.pdf
35,Diagnostic_procedure,abdominal examination,0.9999400973320007,1,/content/drive/MyDrive/MACROBATT/INPUT_PDF_FILES/23076693.pdf
36,Severity,mild,0.9998013377189636,1,/content/drive/MyDrive/MACROBATT/INPUT_PDF_FILES/23076693.pdf
37,Sign_symptom,tenderness,0.999947190284729,1,/content/drive/MyDrive/MACROBATT/INPUT_PDF_FILES/23076693.pdf
38,Biological_structure,right,0.9979296922683716,1,/content/drive/MyDrive/MACROBATT/INPUT_PDF_FILES/23076693.pdf
39,Biological_structure,hypochondrium,0.5540851950645447,1,/content/drive/MyDrive/MACROBATT/INPUT_PDF_FILES/23076693.pdf
40,Diagnostic_procedure,laboratory investigations,0.9999423623085022,1,/content/drive/MyDrive/MACROBATT/INPUT_PDF_FILES/23076693.pdf
41,Diagnostic_procedure,total leucocyte count,0.9999451041221619,1,/content/drive/MyDrive/MACROBATT/INPUT_PDF_FILES/23076693.pdf
42,Lab_value,12 000 cells/mm3,0.9998839497566223,1,/content/drive/MyDrive/MACROBATT/INPUT_PDF_FILES/23076693.pdf
43,Diagnostic_procedure,haemoglobin,0.9999661445617676,1,/content/drive/MyDrive/MACROBATT/INPUT_PDF_FILES/23076693.pdf
44,Lab_value,14.3 gm %,0.9999316930770874,1,/content/drive/MyDrive/MACROBATT/INPUT_PDF_FILES/23076693.pdf
45,Diagnostic_procedure,erythrocyte sedimentation rate,0.9683691263198853,1,/content/drive/MyDrive/MACROBATT/INPUT_PDF_FILES/23076693.pdf
46,Lab_value,30 mm/h,0.9987801909446716,1,/content/drive/MyDrive/MACROBATT/INPUT_PDF_FILES/23076693.pdf
47,Diagnostic_procedure,Liver function function,0.9999507069587708,1,/content/drive/MyDrive/MACROBATT/INPUT_PDF_FILES/23076693.pdf
48,Diagnostic_procedure,kidney function function test test,0.9999316334724426,1,/content/drive/MyDrive/MACROBATT/INPUT_PDF_FILES/23076693.pdf
49,Diagnostic_procedure,C reactive protein,0.9999499917030334,1,/content/drive/MyDrive/MACROBATT/INPUT_PDF_FILES/23076693.pdf
50,Lab_value,normal,0.9994755387306213,1,/content/drive/MyDrive/MACROBATT/INPUT_PDF_FILES/23076693.pdf
51,Diagnostic_procedure,Gram stain,0.9999625086784363,1,/content/drive/MyDrive/MACROBATT/INPUT_PDF_FILES/23076693.pdf
52,Diagnostic_procedure,purulent exudates,0.9946877360343933,1,/content/drive/MyDrive/MACROBATT/INPUT_PDF_FILES/23076693.pdf
53,Biological_structure,neutrophils,0.9731351137161255,1,/content/drive/MyDrive/MACROBATT/INPUT_PDF_FILES/23076693.pdf
54,Sign_symptom,organisms,0.9998683929443359,1,/content/drive/MyDrive/MACROBATT/INPUT_PDF_FILES/23076693.pdf
55,Diagnostic_procedure,culture,0.9999557733535767,1,/content/drive/MyDrive/MACROBATT/INPUT_PDF_FILES/23076693.pdf
56,Sign_symptom,growth,0.999869704246521,1,/content/drive/MyDrive/MACROBATT/INPUT_PDF_FILES/23076693.pdf
57,Duration,72 showed neutrophils without show growth h of,0.9983944296836853,1,/content/drive/MyDrive/MACROBATT/INPUT_PDF_FILES/23076693.pdf
58,Detailed_description,lesional,0.999974250793457,1,/content/drive/MyDrive/MACROBATT/INPUT_PDF_FILES/23076693.pdf
59,Biological_structure,skin,0.9999611377716064,1,/content/drive/MyDrive/MACROBATT/INPUT_PDF_FILES/23076693.pdf
60,Diagnostic_procedure,biopsy,0.999842643737793,1,/content/drive/MyDrive/MACROBATT/INPUT_PDF_FILES/23076693.pdf
61,Sign_symptom,neutrophilic,0.9999407529830933,1,/content/drive/MyDrive/MACROBATT/INPUT_PDF_FILES/23076693.pdf
62,Sign_symptom,neutrophilic infiltration,0.9995304942131042,1,/content/drive/MyDrive/MACROBATT/INPUT_PDF_FILES/23076693.pdf
63,Biological_structure,dermis,0.9977236986160278,1,/content/drive/MyDrive/MACROBATT/INPUT_PDF_FILES/23076693.pdf
64,Sign_symptom,papillary dermal oedema,0.9997662901878357,1,/content/drive/MyDrive/MACROBATT/INPUT_PDF_FILES/23076693.pdf
65,Sign_symptom,spongiosis,0.9999643564224243,1,/content/drive/MyDrive/MACROBATT/INPUT_PDF_FILES/23076693.pdf
66,Biological_structure,Abdominal,0.99996018409729,1,/content/drive/MyDrive/MACROBATT/INPUT_PDF_FILES/23076693.pdf
67,Diagnostic_procedure,ultrasonography,0.9998726844787598,1,/content/drive/MyDrive/MACROBATT/INPUT_PDF_FILES/23076693.pdf
68,Detailed_description,intraluminal,0.93505859375,1,/content/drive/MyDrive/MACROBATT/INPUT_PDF_FILES/23076693.pdf
69,Biological_structure,gall bladder,0.9999061822891235,1,/content/drive/MyDrive/MACROBATT/INPUT_PDF_FILES/23076693.pdf
70,Sign_symptom,mass,0.9999326467514038,1,/content/drive/MyDrive/MACROBATT/INPUT_PDF_FILES/23076693.pdf
71,Coreference,malignancy,0.9989411234855652,1,/content/drive/MyDrive/MACROBATT/INPUT_PDF_FILES/23076693.pdf
72,Administration,oral,0.999518871307373,1,/content/drive/MyDrive/MACROBATT/INPUT_PDF_FILES/23076693.pdf
73,Coreference,prednisolone,0.9996246099472046,1,/content/drive/MyDrive/MACROBATT/INPUT_PDF_FILES/23076693.pdf
74,Coreference,started prednisolone dose daily,0.9892491102218628,1,/content/drive/MyDrive/MACROBATT/INPUT_PDF_FILES/23076693.pdf
75,Dosage,40 mg,0.9978815317153931,1,/content/drive/MyDrive/MACROBATT/INPUT_PDF_FILES/23076693.pdf
76,Frequency,daily,0.9979509711265564,1,/content/drive/MyDrive/MACROBATT/INPUT_PDF_FILES/23076693.pdf
77,Detailed_description,symptomatic,0.9972399473190308,1,/content/drive/MyDrive/MACROBATT/INPUT_PDF_FILES/23076693.pdf
78,Detailed_description,cutaneous,0.9999294281005859,1,/content/drive/MyDrive/MACROBATT/INPUT_PDF_FILES/23076693.pdf
79,Sign_symptom,lesions,0.9999322891235352,1,/content/drive/MyDrive/MACROBATT/INPUT_PDF_FILES/23076693.pdf
80,Detailed_description,subsided completely,0.9998822212219238,1,/content/drive/MyDrive/MACROBATT/INPUT_PDF_FILES/23076693.pdf
81,Duration,1 week,0.9991334676742554,1,/content/drive/MyDrive/MACROBATT/INPUT_PDF_FILES/23076693.pdf
82,Medication,treatment,0.9991355538368225,1,/content/drive/MyDrive/MACROBATT/INPUT_PDF_FILES/23076693.pdf
83,Coreference,prednisolone tapered and performed,0.9836670160293579,1,/content/drive/MyDrive/MACROBATT/INPUT_PDF_FILES/23076693.pdf
84,Clinical_event,tapered,0.999193012714386,1,/content/drive/MyDrive/MACROBATT/INPUT_PDF_FILES/23076693.pdf
85,Detailed_description,open,0.9999183416366577,1,/content/drive/MyDrive/MACROBATT/INPUT_PDF_FILES/23076693.pdf
86,Therapeutic_procedure,cholecystectomy,0.9999040365219116,1,/content/drive/MyDrive/MACROBATT/INPUT_PDF_FILES/23076693.pdf
87,Diagnostic_procedure,Histopathology,0.9998855590820312,1,/content/drive/MyDrive/MACROBATT/INPUT_PDF_FILES/23076693.pdf
88,Biological_structure,excised,0.999847412109375,1,/content/drive/MyDrive/MACROBATT/INPUT_PDF_FILES/23076693.pdf
89,Biological_structure,excised tissue,0.9993125796318054,1,/content/drive/MyDrive/MACROBATT/INPUT_PDF_FILES/23076693.pdf
90,Detailed_description,well-differentiated,0.9999568462371826,1,/content/drive/MyDrive/MACROBATT/INPUT_PDF_FILES/23076693.pdf
91,Disease_disorder,adenocarcinoma,0.9687673449516296,1,/content/drive/MyDrive/MACROBATT/INPUT_PDF_FILES/23076693.pdf
92,Biological_structure,glands,0.9999113082885742,1,/content/drive/MyDrive/MACROBATT/INPUT_PDF_FILES/23076693.pdf
93,Biological_structure,Histopathology papillae,0.9998944997787476,1,/content/drive/MyDrive/MACROBATT/INPUT_PDF_FILES/23076693.pdf
94,Biological_structure,papillae,0.9722264409065247,1,/content/drive/MyDrive/MACROBATT/INPUT_PDF_FILES/23076693.pdf
95,Sign_symptom,adenocarcinoma forming infiltrating,0.9999140501022339,1,/content/drive/MyDrive/MACROBATT/INPUT_PDF_FILES/23076693.pdf
96,Sign_symptom,infiltrating,0.5208205580711365,1,/content/drive/MyDrive/MACROBATT/INPUT_PDF_FILES/23076693.pdf
97,Biological_structure,muscularis propria,0.9999205470085144,1,/content/drive/MyDrive/MACROBATT/INPUT_PDF_FILES/23076693.pdf
98,Biological_structure,Cystic duct cut margins,0.9998651742935181,1,/content/drive/MyDrive/MACROBATT/INPUT_PDF_FILES/23076693.pdf
99,Sign_symptom,tumour,0.9999533891677856,1,/content/drive/MyDrive/MACROBATT/INPUT_PDF_FILES/23076693.pdf
100,Duration,postoperative period periodically,0.9948034286499023,1,/content/drive/MyDrive/MACROBATT/INPUT_PDF_FILES/23076693.pdf
101,Sign_symptom,uneventful,0.9982631802558899,1,/content/drive/MyDrive/MACROBATT/INPUT_PDF_FILES/23076693.pdf
102,Clinical_event,discharged,0.9997833371162415,1,/content/drive/MyDrive/MACROBATT/INPUT_PDF_FILES/23076693.pdf
103,Dosage,tapering doses,0.9965127110481262,1,/content/drive/MyDrive/MACROBATT/INPUT_PDF_FILES/23076693.pdf
104,Coreference,period and discharged doses prednisolone advice periodically,0.9916862845420837,1,/content/drive/MyDrive/MACROBATT/INPUT_PDF_FILES/23076693.pdf
105,Coreference,uneventful prednisolone,0.9574136734008789,1,/content/drive/MyDrive/MACROBATT/INPUT_PDF_FILES/23076693.pdf
