,Entity Group,Value,Score,Page,Pdf File
0,Age,4-year-old,0.9974042773246765,1,/content/drive/MyDrive/MACROBATT/INPUT_PDF_FILES/23124805.pdf
1,Sex,boy,0.8544403314590454,1,/content/drive/MyDrive/MACROBATT/INPUT_PDF_FILES/23124805.pdf
2,Disease_disorder,Blau,0.9997709393501282,1,/content/drive/MyDrive/MACROBATT/INPUT_PDF_FILES/23124805.pdf
3,Disease_disorder,Blau syndrome,0.9990549087524414,1,/content/drive/MyDrive/MACROBATT/INPUT_PDF_FILES/23124805.pdf
4,Biological_structure,ankle,0.9990599751472473,1,/content/drive/MyDrive/MACROBATT/INPUT_PDF_FILES/23124805.pdf
5,Biological_structure,wrist,0.9998693466186523,1,/content/drive/MyDrive/MACROBATT/INPUT_PDF_FILES/23124805.pdf
6,Diagnostic_procedure,histologic,0.996793806552887,1,/content/drive/MyDrive/MACROBATT/INPUT_PDF_FILES/23124805.pdf
7,Detailed_description,noncaseating,0.9831474423408508,1,/content/drive/MyDrive/MACROBATT/INPUT_PDF_FILES/23124805.pdf
8,Detailed_description,heterozygous,0.9999624490737915,1,/content/drive/MyDrive/MACROBATT/INPUT_PDF_FILES/23124805.pdf
9,Diagnostic_procedure,NOD2 mutation,0.9986987113952637,1,/content/drive/MyDrive/MACROBATT/INPUT_PDF_FILES/23124805.pdf
10,Disease_disorder,Ocular,0.9996886253356934,1,/content/drive/MyDrive/MACROBATT/INPUT_PDF_FILES/23124805.pdf
11,Disease_disorder,Ocular involvement,0.9340099692344666,1,/content/drive/MyDrive/MACROBATT/INPUT_PDF_FILES/23124805.pdf
12,Detailed_description,controlled,0.9994351267814636,1,/content/drive/MyDrive/MACROBATT/INPUT_PDF_FILES/23124805.pdf
13,Administration,topical,0.9996623992919922,1,/content/drive/MyDrive/MACROBATT/INPUT_PDF_FILES/23124805.pdf
14,Administration,oral,0.9995126724243164,1,/content/drive/MyDrive/MACROBATT/INPUT_PDF_FILES/23124805.pdf
15,Medication,controlled corticosteroids,0.9997987151145935,1,/content/drive/MyDrive/MACROBATT/INPUT_PDF_FILES/23124805.pdf
16,Medication,corticosteroids,0.9559383988380432,1,/content/drive/MyDrive/MACROBATT/INPUT_PDF_FILES/23124805.pdf
17,Duration,over the years,0.9996645450592041,1,/content/drive/MyDrive/MACROBATT/INPUT_PDF_FILES/23124805.pdf
18,Disease_disorder,visual impairment,0.9998564720153809,1,/content/drive/MyDrive/MACROBATT/INPUT_PDF_FILES/23124805.pdf
19,Disease_disorder,arthritis,0.9991707801818848,1,/content/drive/MyDrive/MACROBATT/INPUT_PDF_FILES/23124805.pdf
20,Sign_symptom,rash,0.9989751577377319,1,/content/drive/MyDrive/MACROBATT/INPUT_PDF_FILES/23124805.pdf
21,Detailed_description,Bilateral,0.9999440908432007,1,/content/drive/MyDrive/MACROBATT/INPUT_PDF_FILES/23124805.pdf
22,Disease_disorder,panuveitis,0.9998422861099243,1,/content/drive/MyDrive/MACROBATT/INPUT_PDF_FILES/23124805.pdf
23,Detailed_description,progressed,0.9852398633956909,1,/content/drive/MyDrive/MACROBATT/INPUT_PDF_FILES/23124805.pdf
24,Medication,methotrexate,0.8704160451889038,1,/content/drive/MyDrive/MACROBATT/INPUT_PDF_FILES/23124805.pdf
25,Medication,progressed treated methotrexate,0.9935939908027649,1,/content/drive/MyDrive/MACROBATT/INPUT_PDF_FILES/23124805.pdf
26,Biological_structure,However ocular inflammation addition of local steroid injections intravenous bolus methylprednisolone therefore to to,0.9995912909507751,1,/content/drive/MyDrive/MACROBATT/INPUT_PDF_FILES/23124805.pdf
27,Biological_structure,ocular,0.9995434880256653,1,/content/drive/MyDrive/MACROBATT/INPUT_PDF_FILES/23124805.pdf
28,Disease_disorder,inflammation,0.9992140531539917,1,/content/drive/MyDrive/MACROBATT/INPUT_PDF_FILES/23124805.pdf
29,Detailed_description,persisted,0.9992589354515076,1,/content/drive/MyDrive/MACROBATT/INPUT_PDF_FILES/23124805.pdf
30,Detailed_description,local,0.9999427795410156,1,/content/drive/MyDrive/MACROBATT/INPUT_PDF_FILES/23124805.pdf
31,Medication,steroid,0.9807430505752563,1,/content/drive/MyDrive/MACROBATT/INPUT_PDF_FILES/23124805.pdf
32,Administration,injections,0.9996258020401001,1,/content/drive/MyDrive/MACROBATT/INPUT_PDF_FILES/23124805.pdf
33,Detailed_description,repeated,0.9999324083328247,1,/content/drive/MyDrive/MACROBATT/INPUT_PDF_FILES/23124805.pdf
34,Administration,intravenous,0.9293718338012695,1,/content/drive/MyDrive/MACROBATT/INPUT_PDF_FILES/23124805.pdf
35,Medication,( (,0.6406394839286804,1,/content/drive/MyDrive/MACROBATT/INPUT_PDF_FILES/23124805.pdf
36,Medication,bolus,0.9509870409965515,1,/content/drive/MyDrive/MACROBATT/INPUT_PDF_FILES/23124805.pdf
37,Medication,methylprednisolone,0.9836196899414062,1,/content/drive/MyDrive/MACROBATT/INPUT_PDF_FILES/23124805.pdf
38,Date,age 10 10,0.9789549708366394,1,/content/drive/MyDrive/MACROBATT/INPUT_PDF_FILES/23124805.pdf
39,Medication,inflammation injections intravenous infliximab initially increased initiated,0.9998891353607178,1,/content/drive/MyDrive/MACROBATT/INPUT_PDF_FILES/23124805.pdf
40,Medication,inflammation infliximab,0.999762237071991,1,/content/drive/MyDrive/MACROBATT/INPUT_PDF_FILES/23124805.pdf
41,Medication,infliximab,0.9911556243896484,1,/content/drive/MyDrive/MACROBATT/INPUT_PDF_FILES/23124805.pdf
42,Lab_value,increased,0.9997135996818542,1,/content/drive/MyDrive/MACROBATT/INPUT_PDF_FILES/23124805.pdf
43,Administration,IV IV,0.9991626739501953,1,/content/drive/MyDrive/MACROBATT/INPUT_PDF_FILES/23124805.pdf
44,Date,1 12 year years after this treatment was was was started,0.9997033476829529,1,/content/drive/MyDrive/MACROBATT/INPUT_PDF_FILES/23124805.pdf
45,Disease_disorder,uveitis,0.9996508955955505,1,/content/drive/MyDrive/MACROBATT/INPUT_PDF_FILES/23124805.pdf
46,Date,age 12,0.9991387128829956,1,/content/drive/MyDrive/MACROBATT/INPUT_PDF_FILES/23124805.pdf
47,Medication,initial infliximab discontinued,0.9998685121536255,1,/content/drive/MyDrive/MACROBATT/INPUT_PDF_FILES/23124805.pdf
48,Medication,Adalimumab,0.9998615980148315,1,/content/drive/MyDrive/MACROBATT/INPUT_PDF_FILES/23124805.pdf
49,Dosage,24 mg/m2 mg/m2/weekly,0.9981390237808228,1,/content/drive/MyDrive/MACROBATT/INPUT_PDF_FILES/23124805.pdf
50,Dosage,every 24 mg/m2 2 mg/m2/weekly weeks,0.9577301144599915,1,/content/drive/MyDrive/MACROBATT/INPUT_PDF_FILES/23124805.pdf
51,Dosage,15 mg/m2/weekly,0.9207538366317749,1,/content/drive/MyDrive/MACROBATT/INPUT_PDF_FILES/23124805.pdf
52,Biological_structure,However ocular,0.9999237060546875,1,/content/drive/MyDrive/MACROBATT/INPUT_PDF_FILES/23124805.pdf
53,Medication,Mycophenolate,0.9998708963394165,1,/content/drive/MyDrive/MACROBATT/INPUT_PDF_FILES/23124805.pdf
54,Medication,Mycophenolate mofetil,0.9978370070457458,1,/content/drive/MyDrive/MACROBATT/INPUT_PDF_FILES/23124805.pdf
55,Dosage,750,0.8750768303871155,1,/content/drive/MyDrive/MACROBATT/INPUT_PDF_FILES/23124805.pdf
56,Medication,abatacept,0.9972760081291199,1,/content/drive/MyDrive/MACROBATT/INPUT_PDF_FILES/23124805.pdf
57,Date,age 16 years,0.9996615052223206,1,/content/drive/MyDrive/MACROBATT/INPUT_PDF_FILES/23124805.pdf
58,Disease_disorder,granulomatous,0.9995136260986328,1,/content/drive/MyDrive/MACROBATT/INPUT_PDF_FILES/23124805.pdf
59,Biological_structure,retinal retinal,0.9999520778656006,1,/content/drive/MyDrive/MACROBATT/INPUT_PDF_FILES/23124805.pdf
60,Disease_disorder,lesions,0.9997161030769348,1,/content/drive/MyDrive/MACROBATT/INPUT_PDF_FILES/23124805.pdf
61,Biological_structure,anterior chamber,0.9998705387115479,1,/content/drive/MyDrive/MACROBATT/INPUT_PDF_FILES/23124805.pdf
62,Biological_structure,macular,0.9879059791564941,1,/content/drive/MyDrive/MACROBATT/INPUT_PDF_FILES/23124805.pdf
63,Sign_symptom,edema developed led,0.9999327659606934,1,/content/drive/MyDrive/MACROBATT/INPUT_PDF_FILES/23124805.pdf
64,Sign_symptom,edema,0.999245285987854,1,/content/drive/MyDrive/MACROBATT/INPUT_PDF_FILES/23124805.pdf
65,Medication,steroid corticosteroid,0.9819536209106445,1,/content/drive/MyDrive/MACROBATT/INPUT_PDF_FILES/23124805.pdf
66,Medication,corticosteroid,0.8502610325813293,1,/content/drive/MyDrive/MACROBATT/INPUT_PDF_FILES/23124805.pdf
67,Lab_value,an average of,0.99932461977005,1,/content/drive/MyDrive/MACROBATT/INPUT_PDF_FILES/23124805.pdf
68,Dosage,3 boluses/month,0.9729711413383484,1,/content/drive/MyDrive/MACROBATT/INPUT_PDF_FILES/23124805.pdf
69,Medication,IL-1 antibody administration,0.9996453523635864,1,/content/drive/MyDrive/MACROBATT/INPUT_PDF_FILES/23124805.pdf
70,Dosage,2 mg/kg/month,0.8540668487548828,1,/content/drive/MyDrive/MACROBATT/INPUT_PDF_FILES/23124805.pdf
71,Medication,canakinumab,0.9607102870941162,1,/content/drive/MyDrive/MACROBATT/INPUT_PDF_FILES/23124805.pdf
72,Biological_structure,months followed no ocular occurred no steroid,0.9999377727508545,1,/content/drive/MyDrive/MACROBATT/INPUT_PDF_FILES/23124805.pdf
73,Lab_value,low-dose,0.9997476935386658,1,/content/drive/MyDrive/MACROBATT/INPUT_PDF_FILES/23124805.pdf
74,Medication,prednisone,0.9998869895935059,1,/content/drive/MyDrive/MACROBATT/INPUT_PDF_FILES/23124805.pdf
75,Medication,and low-dose prednisone mg/kg/day remained unchanged,0.9191344380378723,1,/content/drive/MyDrive/MACROBATT/INPUT_PDF_FILES/23124805.pdf
76,Diagnostic_procedure,fluorangiograms,0.9999428987503052,1,/content/drive/MyDrive/MACROBATT/INPUT_PDF_FILES/23124805.pdf
77,Medication,The drug,0.9795122742652893,1,/content/drive/MyDrive/MACROBATT/INPUT_PDF_FILES/23124805.pdf
78,Detailed_description,well tolerated with no normal side,0.9517407417297363,1,/content/drive/MyDrive/MACROBATT/INPUT_PDF_FILES/23124805.pdf
79,Diagnostic_procedure,laboratory tests,0.9997824430465698,1,/content/drive/MyDrive/MACROBATT/INPUT_PDF_FILES/23124805.pdf
