,Entity Group,Value,Score,Page,Pdf File
0,Age,57-year-old,0.9963138699531555,1,/content/drive/MyDrive/MACROBATT/INPUT_PDF_FILES/23155491.pdf
1,Personal_background,Jewish,0.9980829954147339,1,/content/drive/MyDrive/MACROBATT/INPUT_PDF_FILES/23155491.pdf
2,Sex,man,0.9997417330741882,1,/content/drive/MyDrive/MACROBATT/INPUT_PDF_FILES/23155491.pdf
3,History,Crohn 's disease ( ( ( CD,0.995308518409729,1,/content/drive/MyDrive/MACROBATT/INPUT_PDF_FILES/23155491.pdf
4,Biological_structure,ileum,0.9997208118438721,1,/content/drive/MyDrive/MACROBATT/INPUT_PDF_FILES/23155491.pdf
5,Date,age of of of of thirteen,0.9997321963310242,1,/content/drive/MyDrive/MACROBATT/INPUT_PDF_FILES/23155491.pdf
6,Clinical_event,presented,0.999674916267395,1,/content/drive/MyDrive/MACROBATT/INPUT_PDF_FILES/23155491.pdf
7,Detailed_description,multiple,0.9997323155403137,1,/content/drive/MyDrive/MACROBATT/INPUT_PDF_FILES/23155491.pdf
8,Disease_disorder,nonmelanoma,0.9964624047279358,1,/content/drive/MyDrive/MACROBATT/INPUT_PDF_FILES/23155491.pdf
9,Disease_disorder,skin cancers,0.999047577381134,1,/content/drive/MyDrive/MACROBATT/INPUT_PDF_FILES/23155491.pdf
10,Disease_disorder,NMSCs,0.9370583295822144,1,/content/drive/MyDrive/MACROBATT/INPUT_PDF_FILES/23155491.pdf
11,Duration,over the the these the the the past 16 years,0.9996601939201355,1,/content/drive/MyDrive/MACROBATT/INPUT_PDF_FILES/23155491.pdf
12,Duration,prolonged,0.6686987280845642,1,/content/drive/MyDrive/MACROBATT/INPUT_PDF_FILES/23155491.pdf
13,Medication,with the the thirteen with these the with the the thiopurine,0.9998811483383179,1,/content/drive/MyDrive/MACROBATT/INPUT_PDF_FILES/23155491.pdf
14,Medication,thiopurine,0.9951550960540771,1,/content/drive/MyDrive/MACROBATT/INPUT_PDF_FILES/23155491.pdf
15,Medication,6-mercaptopurine,0.9985599517822266,1,/content/drive/MyDrive/MACROBATT/INPUT_PDF_FILES/23155491.pdf
16,Medication,6-mercaptopurine mercaptopurine,0.999496340751648,1,/content/drive/MyDrive/MACROBATT/INPUT_PDF_FILES/23155491.pdf
17,Disease_disorder,NMSC NMSC,0.9299486875534058,1,/content/drive/MyDrive/MACROBATT/INPUT_PDF_FILES/23155491.pdf
18,Diagnostic_procedure,biopsy,0.9999269843101501,1,/content/drive/MyDrive/MACROBATT/INPUT_PDF_FILES/23155491.pdf
19,Therapeutic_procedure,removal,0.9999127388000488,1,/content/drive/MyDrive/MACROBATT/INPUT_PDF_FILES/23155491.pdf
20,Therapeutic_procedure,treated,0.9998272061347961,1,/content/drive/MyDrive/MACROBATT/INPUT_PDF_FILES/23155491.pdf
21,Medication,sulfasalazine,0.9999114274978638,1,/content/drive/MyDrive/MACROBATT/INPUT_PDF_FILES/23155491.pdf
22,Frequency,intermittent,0.9983246922492981,1,/content/drive/MyDrive/MACROBATT/INPUT_PDF_FILES/23155491.pdf
23,Medication,steroids,0.9998779296875,1,/content/drive/MyDrive/MACROBATT/INPUT_PDF_FILES/23155491.pdf
24,Duration,for,0.9474563598632812,1,/content/drive/MyDrive/MACROBATT/INPUT_PDF_FILES/23155491.pdf
25,Duration,past 20 years,0.9796786308288574,1,/content/drive/MyDrive/MACROBATT/INPUT_PDF_FILES/23155491.pdf
26,Medication,6-MP,0.9993210434913635,1,/content/drive/MyDrive/MACROBATT/INPUT_PDF_FILES/23155491.pdf
27,Duration,first ten years,0.9994691014289856,1,/content/drive/MyDrive/MACROBATT/INPUT_PDF_FILES/23155491.pdf
28,Disease_disorder,NMSC,0.9974652528762817,1,/content/drive/MyDrive/MACROBATT/INPUT_PDF_FILES/23155491.pdf
29,Disease_disorder,squamous cell cell carcinoma carcinoma,0.9807295203208923,1,/content/drive/MyDrive/MACROBATT/INPUT_PDF_FILES/23155491.pdf
30,Disease_disorder,NMSC SCC,0.9998233914375305,1,/content/drive/MyDrive/MACROBATT/INPUT_PDF_FILES/23155491.pdf
31,Disease_disorder,basal cell cell carcinoma carcinoma,0.9998663067817688,1,/content/drive/MyDrive/MACROBATT/INPUT_PDF_FILES/23155491.pdf
32,Disease_disorder,BCC,0.999907374382019,1,/content/drive/MyDrive/MACROBATT/INPUT_PDF_FILES/23155491.pdf
33,Nonbiological_location,elsewhere,0.9994581341743469,1,/content/drive/MyDrive/MACROBATT/INPUT_PDF_FILES/23155491.pdf
34,Duration,past year,0.9135397672653198,1,/content/drive/MyDrive/MACROBATT/INPUT_PDF_FILES/23155491.pdf
35,Clinical_event,returned,0.9952507019042969,1,/content/drive/MyDrive/MACROBATT/INPUT_PDF_FILES/23155491.pdf
36,Nonbiological_location,clinic,0.9995899796485901,1,/content/drive/MyDrive/MACROBATT/INPUT_PDF_FILES/23155491.pdf
37,Lab_value,100,0.5765672922134399,1,/content/drive/MyDrive/MACROBATT/INPUT_PDF_FILES/23155491.pdf
38,Sign_symptom,lesions,0.9999531507492065,1,/content/drive/MyDrive/MACROBATT/INPUT_PDF_FILES/23155491.pdf
39,Disease_disorder,malignancy,0.9875447154045105,1,/content/drive/MyDrive/MACROBATT/INPUT_PDF_FILES/23155491.pdf
40,Biological_structure,torso,0.999897837638855,1,/content/drive/MyDrive/MACROBATT/INPUT_PDF_FILES/23155491.pdf
41,Diagnostic_procedure,biopsy-proven,0.9982780814170837,1,/content/drive/MyDrive/MACROBATT/INPUT_PDF_FILES/23155491.pdf
42,Disease_disorder,NMCS,0.9977483153343201,1,/content/drive/MyDrive/MACROBATT/INPUT_PDF_FILES/23155491.pdf
43,Disease_disorder,SCC,0.9996200799942017,1,/content/drive/MyDrive/MACROBATT/INPUT_PDF_FILES/23155491.pdf
44,Lab_value,three,0.9998151659965515,1,/content/drive/MyDrive/MACROBATT/INPUT_PDF_FILES/23155491.pdf
45,Disease_disorder,SCCs,0.9985620975494385,1,/content/drive/MyDrive/MACROBATT/INPUT_PDF_FILES/23155491.pdf
46,Lab_value,moderately differentiated differentiated,0.9999083280563354,1,/content/drive/MyDrive/MACROBATT/INPUT_PDF_FILES/23155491.pdf
47,Lab_value,two,0.9998733997344971,1,/content/drive/MyDrive/MACROBATT/INPUT_PDF_FILES/23155491.pdf
48,Lab_value,poorly differentiated differentiated,0.9998762011528015,1,/content/drive/MyDrive/MACROBATT/INPUT_PDF_FILES/23155491.pdf
49,Therapeutic_procedure,Mohs,0.6189589500427246,1,/content/drive/MyDrive/MACROBATT/INPUT_PDF_FILES/23155491.pdf
50,Therapeutic_procedure,surgery,0.9080217480659485,1,/content/drive/MyDrive/MACROBATT/INPUT_PDF_FILES/23155491.pdf
51,Lab_value,largest,0.9987310767173767,1,/content/drive/MyDrive/MACROBATT/INPUT_PDF_FILES/23155491.pdf
52,Biological_structure,pretibial,0.9985685348510742,1,/content/drive/MyDrive/MACROBATT/INPUT_PDF_FILES/23155491.pdf
53,Area,64x53 mm,0.9982299208641052,1,/content/drive/MyDrive/MACROBATT/INPUT_PDF_FILES/23155491.pdf
54,Lab_value,Fitzpatrick II,0.9998701214790344,1,/content/drive/MyDrive/MACROBATT/INPUT_PDF_FILES/23155491.pdf
55,Diagnostic_procedure,skin type,0.9998824596405029,1,/content/drive/MyDrive/MACROBATT/INPUT_PDF_FILES/23155491.pdf
56,Detailed_description,excessive,0.9993749260902405,1,/content/drive/MyDrive/MACROBATT/INPUT_PDF_FILES/23155491.pdf
57,Activity,sun exposure,0.9914566278457642,1,/content/drive/MyDrive/MACROBATT/INPUT_PDF_FILES/23155491.pdf
58,Duration,25 years,0.999699592590332,1,/content/drive/MyDrive/MACROBATT/INPUT_PDF_FILES/23155491.pdf
59,Nonbiological_location,Hawai,0.9638601541519165,1,/content/drive/MyDrive/MACROBATT/INPUT_PDF_FILES/23155491.pdf
60,Nonbiological_location,Hawai ‘,0.9117798805236816,1,/content/drive/MyDrive/MACROBATT/INPUT_PDF_FILES/23155491.pdf
61,Date,Early on,0.9964373707771301,1,/content/drive/MyDrive/MACROBATT/INPUT_PDF_FILES/23155491.pdf
62,Activity,sail,0.9972845315933228,1,/content/drive/MyDrive/MACROBATT/INPUT_PDF_FILES/23155491.pdf
63,Detailed_description,catamaran,0.9998189806938171,1,/content/drive/MyDrive/MACROBATT/INPUT_PDF_FILES/23155491.pdf
64,Detailed_description,during peak,0.9272443056106567,1,/content/drive/MyDrive/MACROBATT/INPUT_PDF_FILES/23155491.pdf
65,Subject,mother,0.9978510141372681,1,/content/drive/MyDrive/MACROBATT/INPUT_PDF_FILES/23155491.pdf
66,Detailed_description,one skin cancer lesion removed,0.9999337196350098,1,/content/drive/MyDrive/MACROBATT/INPUT_PDF_FILES/23155491.pdf
67,Medication,mesalamine,0.9956619739532471,1,/content/drive/MyDrive/MACROBATT/INPUT_PDF_FILES/23155491.pdf
68,Medication,Pentasa,0.9991900324821472,1,/content/drive/MyDrive/MACROBATT/INPUT_PDF_FILES/23155491.pdf
69,Medication,adalimumab,0.9476866722106934,1,/content/drive/MyDrive/MACROBATT/INPUT_PDF_FILES/23155491.pdf
70,Frequency,monthly,0.9986135959625244,1,/content/drive/MyDrive/MACROBATT/INPUT_PDF_FILES/23155491.pdf
71,Diagnostic_procedure,skin,0.9361043572425842,1,/content/drive/MyDrive/MACROBATT/INPUT_PDF_FILES/23155491.pdf
72,Clinical_event,hospitalized,0.9994531273841858,1,/content/drive/MyDrive/MACROBATT/INPUT_PDF_FILES/23155491.pdf
73,Biological_structure,intestinal,0.996543824672699,1,/content/drive/MyDrive/MACROBATT/INPUT_PDF_FILES/23155491.pdf
74,Clinical_event,hospitalization,0.9995998740196228,1,/content/drive/MyDrive/MACROBATT/INPUT_PDF_FILES/23155491.pdf
75,Detailed_description,metastatic,0.7528488039970398,1,/content/drive/MyDrive/MACROBATT/INPUT_PDF_FILES/23155491.pdf
76,Disease_disorder,adenocarcinoma,0.9995507001876831,1,/content/drive/MyDrive/MACROBATT/INPUT_PDF_FILES/23155491.pdf
77,Biological_structure,small,0.9988054037094116,1,/content/drive/MyDrive/MACROBATT/INPUT_PDF_FILES/23155491.pdf
78,Outcome,passed away,0.9408771395683289,1,/content/drive/MyDrive/MACROBATT/INPUT_PDF_FILES/23155491.pdf
