,Entity Group,Value,Score,Page,Pdf File
0,Age,18-year-old,0.9979860186576843,1,/content/drive/MyDrive/MACROBATT/INPUT_PDF_FILES/23242090.pdf
1,Sex,lady,0.999731719493866,1,/content/drive/MyDrive/MACROBATT/INPUT_PDF_FILES/23242090.pdf
2,Clinical_event,presented,0.999123752117157,1,/content/drive/MyDrive/MACROBATT/INPUT_PDF_FILES/23242090.pdf
3,Sign_symptom,swaying,0.9997813105583191,1,/content/drive/MyDrive/MACROBATT/INPUT_PDF_FILES/23242090.pdf
4,Lab_value,worse,0.9581931233406067,1,/content/drive/MyDrive/MACROBATT/INPUT_PDF_FILES/23242090.pdf
5,Time,night,0.9838077425956726,1,/content/drive/MyDrive/MACROBATT/INPUT_PDF_FILES/23242090.pdf
6,Diagnostic_procedure,Speech,0.9999375343322754,1,/content/drive/MyDrive/MACROBATT/INPUT_PDF_FILES/23242090.pdf
7,Lab_value,normal,0.9998189806938171,1,/content/drive/MyDrive/MACROBATT/INPUT_PDF_FILES/23242090.pdf
8,Sign_symptom,tremulousness,0.999962568283081,1,/content/drive/MyDrive/MACROBATT/INPUT_PDF_FILES/23242090.pdf
9,Sign_symptom,weakness,0.999880313873291,1,/content/drive/MyDrive/MACROBATT/INPUT_PDF_FILES/23242090.pdf
10,Sign_symptom,numbness,0.9941376447677612,1,/content/drive/MyDrive/MACROBATT/INPUT_PDF_FILES/23242090.pdf
11,Subject,elder sister,0.9978317022323608,1,/content/drive/MyDrive/MACROBATT/INPUT_PDF_FILES/23242090.pdf
12,Clinical_event,walking,0.9992502331733704,1,/content/drive/MyDrive/MACROBATT/INPUT_PDF_FILES/23242090.pdf
13,Duration,7-year,0.999593198299408,1,/content/drive/MyDrive/MACROBATT/INPUT_PDF_FILES/23242090.pdf
14,Duration,7-year years,0.9995465874671936,1,/content/drive/MyDrive/MACROBATT/INPUT_PDF_FILES/23242090.pdf
15,Outcome,died,0.9973466396331787,1,/content/drive/MyDrive/MACROBATT/INPUT_PDF_FILES/23242090.pdf
16,Lab_value,poorly controlled,0.9998651742935181,1,/content/drive/MyDrive/MACROBATT/INPUT_PDF_FILES/23242090.pdf
17,Disease_disorder,diabetes mellitus,0.9993749856948853,1,/content/drive/MyDrive/MACROBATT/INPUT_PDF_FILES/23242090.pdf
18,Family_history,No other members of of other the there the kin were affected,0.9993652105331421,1,/content/drive/MyDrive/MACROBATT/INPUT_PDF_FILES/23242090.pdf
19,Family_history,no history of of consanguinity,0.9994001388549805,1,/content/drive/MyDrive/MACROBATT/INPUT_PDF_FILES/23242090.pdf
20,Diagnostic_procedure,cognitive function,0.9999517202377319,1,/content/drive/MyDrive/MACROBATT/INPUT_PDF_FILES/23242090.pdf
21,Diagnostic_procedure,Mini Mental Status Score,0.999863862991333,1,/content/drive/MyDrive/MACROBATT/INPUT_PDF_FILES/23242090.pdf
22,Lab_value,30/30,0.9996373653411865,1,/content/drive/MyDrive/MACROBATT/INPUT_PDF_FILES/23242090.pdf
23,Diagnostic_procedure,Visual acuity,0.999957263469696,1,/content/drive/MyDrive/MACROBATT/INPUT_PDF_FILES/23242090.pdf
24,Diagnostic_procedure,fundus examination,0.9998142123222351,1,/content/drive/MyDrive/MACROBATT/INPUT_PDF_FILES/23242090.pdf
25,Diagnostic_procedure,extraocular movements,0.9989859461784363,1,/content/drive/MyDrive/MACROBATT/INPUT_PDF_FILES/23242090.pdf
26,Diagnostic_procedure,saccades saccadic,0.7985638976097107,1,/content/drive/MyDrive/MACROBATT/INPUT_PDF_FILES/23242090.pdf
27,Diagnostic_procedure,pursuits,0.9899770617485046,1,/content/drive/MyDrive/MACROBATT/INPUT_PDF_FILES/23242090.pdf
28,Disease_disorder,saccadic intrusions,0.999481201171875,1,/content/drive/MyDrive/MACROBATT/INPUT_PDF_FILES/23242090.pdf
29,Disease_disorder,nystagmus,0.9998213052749634,1,/content/drive/MyDrive/MACROBATT/INPUT_PDF_FILES/23242090.pdf
30,Diagnostic_procedure,tone,0.9999330043792725,1,/content/drive/MyDrive/MACROBATT/INPUT_PDF_FILES/23242090.pdf
31,Diagnostic_procedure,power,0.9999516010284424,1,/content/drive/MyDrive/MACROBATT/INPUT_PDF_FILES/23242090.pdf
32,Biological_structure,all four,0.7177578210830688,1,/content/drive/MyDrive/MACROBATT/INPUT_PDF_FILES/23242090.pdf
33,Lab_value,exaggeration reflexes extensor,0.9998019337654114,1,/content/drive/MyDrive/MACROBATT/INPUT_PDF_FILES/23242090.pdf
34,Lab_value,exaggeration,0.8475903272628784,1,/content/drive/MyDrive/MACROBATT/INPUT_PDF_FILES/23242090.pdf
35,Diagnostic_procedure,myotatic,0.9999585151672363,1,/content/drive/MyDrive/MACROBATT/INPUT_PDF_FILES/23242090.pdf
36,Diagnostic_procedure,myotatic reflexes,0.9671672582626343,1,/content/drive/MyDrive/MACROBATT/INPUT_PDF_FILES/23242090.pdf
37,Sign_symptom,bilateral exaggeration reflexes extensor,0.9138984680175781,1,/content/drive/MyDrive/MACROBATT/INPUT_PDF_FILES/23242090.pdf
38,Sign_symptom,plantar,0.979776918888092,1,/content/drive/MyDrive/MACROBATT/INPUT_PDF_FILES/23242090.pdf
39,Diagnostic_procedure,Vibration,0.999975323677063,1,/content/drive/MyDrive/MACROBATT/INPUT_PDF_FILES/23242090.pdf
40,Diagnostic_procedure,joint position sense,0.9999608993530273,1,/content/drive/MyDrive/MACROBATT/INPUT_PDF_FILES/23242090.pdf
41,Lab_value,intact,0.9999136924743652,1,/content/drive/MyDrive/MACROBATT/INPUT_PDF_FILES/23242090.pdf
42,Diagnostic_procedure,Romberg,0.8417819738388062,1,/content/drive/MyDrive/MACROBATT/INPUT_PDF_FILES/23242090.pdf
43,Sign_symptom,swayed,0.9997678399085999,1,/content/drive/MyDrive/MACROBATT/INPUT_PDF_FILES/23242090.pdf
44,Detailed_description,to either side,0.9994909167289734,1,/content/drive/MyDrive/MACROBATT/INPUT_PDF_FILES/23242090.pdf
45,Detailed_description,Fasting,0.9999439716339111,1,/content/drive/MyDrive/MACROBATT/INPUT_PDF_FILES/23242090.pdf
46,Detailed_description,postprandial,0.9998787641525269,1,/content/drive/MyDrive/MACROBATT/INPUT_PDF_FILES/23242090.pdf
47,Diagnostic_procedure,blood glucose,0.9998801350593567,1,/content/drive/MyDrive/MACROBATT/INPUT_PDF_FILES/23242090.pdf
48,Diagnostic_procedure,Haemogram,0.9999586343765259,1,/content/drive/MyDrive/MACROBATT/INPUT_PDF_FILES/23242090.pdf
49,Biological_structure,liver,0.9499543309211731,1,/content/drive/MyDrive/MACROBATT/INPUT_PDF_FILES/23242090.pdf
50,Diagnostic_procedure,thyroid function tests,0.9995725750923157,1,/content/drive/MyDrive/MACROBATT/INPUT_PDF_FILES/23242090.pdf
51,Diagnostic_procedure,Serum vitamin B12,0.9999070167541504,1,/content/drive/MyDrive/MACROBATT/INPUT_PDF_FILES/23242090.pdf
52,Diagnostic_procedure,folic acid,0.9995662569999695,1,/content/drive/MyDrive/MACROBATT/INPUT_PDF_FILES/23242090.pdf
53,Diagnostic_procedure,Nerve conduction conduction study,0.9999637007713318,1,/content/drive/MyDrive/MACROBATT/INPUT_PDF_FILES/23242090.pdf
54,Lab_value,absent,0.9995579123497009,1,/content/drive/MyDrive/MACROBATT/INPUT_PDF_FILES/23242090.pdf
55,Diagnostic_procedure,sensory nerve nerves action action potential potential,0.9999412298202515,1,/content/drive/MyDrive/MACROBATT/INPUT_PDF_FILES/23242090.pdf
56,Diagnostic_procedure,distal latency,0.9504284858703613,1,/content/drive/MyDrive/MACROBATT/INPUT_PDF_FILES/23242090.pdf
57,Diagnostic_procedure,conduction conduction velocity,0.9996407628059387,1,/content/drive/MyDrive/MACROBATT/INPUT_PDF_FILES/23242090.pdf
58,Diagnostic_procedure,amplitude of compound muscle action action potential potential (,0.989165723323822,1,/content/drive/MyDrive/MACROBATT/INPUT_PDF_FILES/23242090.pdf
59,Diagnostic_procedure,CMAP,0.9996501207351685,1,/content/drive/MyDrive/MACROBATT/INPUT_PDF_FILES/23242090.pdf
60,Diagnostic_procedure,MRI,0.9999688863754272,1,/content/drive/MyDrive/MACROBATT/INPUT_PDF_FILES/23242090.pdf
61,Severity,marked,0.9996672868728638,1,/content/drive/MyDrive/MACROBATT/INPUT_PDF_FILES/23242090.pdf
62,Sign_symptom,atrophy,0.9999669790267944,1,/content/drive/MyDrive/MACROBATT/INPUT_PDF_FILES/23242090.pdf
63,Biological_structure,cervical cord,0.9999321699142456,1,/content/drive/MyDrive/MACROBATT/INPUT_PDF_FILES/23242090.pdf
64,Biological_structure,cerebellum,0.9866369962692261,1,/content/drive/MyDrive/MACROBATT/INPUT_PDF_FILES/23242090.pdf
65,Diagnostic_procedure,genetic testing,0.9999415278434753,1,/content/drive/MyDrive/MACROBATT/INPUT_PDF_FILES/23242090.pdf
66,Diagnostic_procedure,PCR,0.9994848370552063,1,/content/drive/MyDrive/MACROBATT/INPUT_PDF_FILES/23242090.pdf
67,Sign_symptom,expansion of of GAA repeat,0.9999085664749146,1,/content/drive/MyDrive/MACROBATT/INPUT_PDF_FILES/23242090.pdf
68,Detailed_description,both alleles ( 254 and 298 ) of of FXN,0.9998123645782471,1,/content/drive/MyDrive/MACROBATT/INPUT_PDF_FILES/23242090.pdf
69,Disease_disorder,autosomal recessive ataxias,0.9996167421340942,1,/content/drive/MyDrive/MACROBATT/INPUT_PDF_FILES/23242090.pdf
70,Coreference,FRDA,0.9996172189712524,1,/content/drive/MyDrive/MACROBATT/INPUT_PDF_FILES/23242090.pdf
71,Disease_disorder,Ataxia with vitamin E AVED AVED.4 deficiency,0.9997324347496033,1,/content/drive/MyDrive/MACROBATT/INPUT_PDF_FILES/23242090.pdf
72,Disease_disorder,AVED AVED.4,0.991692066192627,1,/content/drive/MyDrive/MACROBATT/INPUT_PDF_FILES/23242090.pdf
73,Coreference,FRDA FRDA,0.5975656509399414,1,/content/drive/MyDrive/MACROBATT/INPUT_PDF_FILES/23242090.pdf
74,Sign_symptom,titubation,0.9999289512634277,1,/content/drive/MyDrive/MACROBATT/INPUT_PDF_FILES/23242090.pdf
75,Sign_symptom,hyperkinesia,0.9988411664962769,1,/content/drive/MyDrive/MACROBATT/INPUT_PDF_FILES/23242090.pdf
76,Disease_disorder,Ataxia Ataxia with oculomotor apraxia apraxia,0.9994902014732361,1,/content/drive/MyDrive/MACROBATT/INPUT_PDF_FILES/23242090.pdf
77,Disease_disorder,AOA AOA,0.995801568031311,1,/content/drive/MyDrive/MACROBATT/INPUT_PDF_FILES/23242090.pdf
78,Detailed_description,types types 1 1,0.9930485486984253,1,/content/drive/MyDrive/MACROBATT/INPUT_PDF_FILES/23242090.pdf
79,Detailed_description,2 2,0.9476163387298584,1,/content/drive/MyDrive/MACROBATT/INPUT_PDF_FILES/23242090.pdf
80,Sign_symptom,apraxia apraxia,0.9545189738273621,1,/content/drive/MyDrive/MACROBATT/INPUT_PDF_FILES/23242090.pdf
81,Detailed_description,distal,0.9741239547729492,1,/content/drive/MyDrive/MACROBATT/INPUT_PDF_FILES/23242090.pdf
82,Sign_symptom,amyotrophy,0.988187313079834,1,/content/drive/MyDrive/MACROBATT/INPUT_PDF_FILES/23242090.pdf
83,Lab_value,movements.5,0.7246307134628296,1,/content/drive/MyDrive/MACROBATT/INPUT_PDF_FILES/23242090.pdf
84,Disease_disorder,Ataxia Ataxia telengiectesia,0.9997573494911194,1,/content/drive/MyDrive/MACROBATT/INPUT_PDF_FILES/23242090.pdf
85,Biological_structure,sino-pulmonary,0.9967172741889954,1,/content/drive/MyDrive/MACROBATT/INPUT_PDF_FILES/23242090.pdf
86,Sign_symptom,hypogammaglobulinaemia with,0.9997496008872986,1,/content/drive/MyDrive/MACROBATT/INPUT_PDF_FILES/23242090.pdf
87,Sign_symptom,hypogammaglobulinaemia,0.9956722855567932,1,/content/drive/MyDrive/MACROBATT/INPUT_PDF_FILES/23242090.pdf
88,Sign_symptom,radiosensitivity,0.9992750287055969,1,/content/drive/MyDrive/MACROBATT/INPUT_PDF_FILES/23242090.pdf
89,Sign_symptom,neoplasms,0.951664924621582,1,/content/drive/MyDrive/MACROBATT/INPUT_PDF_FILES/23242090.pdf
90,Coreference,ataxia,0.9805412888526917,1,/content/drive/MyDrive/MACROBATT/INPUT_PDF_FILES/23242090.pdf
91,Coreference,telengiectasia,0.9327945709228516,1,/content/drive/MyDrive/MACROBATT/INPUT_PDF_FILES/23242090.pdf
92,Disease_disorder,AOAs,0.7201591730117798,1,/content/drive/MyDrive/MACROBATT/INPUT_PDF_FILES/23242090.pdf
93,Disease_disorder,autosomal autosomal recessive recessive spastic spastic ataxia ataxia,0.9995864033699036,1,/content/drive/MyDrive/MACROBATT/INPUT_PDF_FILES/23242090.pdf
94,Disease_disorder,Charlevoix-,0.9439453482627869,1,/content/drive/MyDrive/MACROBATT/INPUT_PDF_FILES/23242090.pdf
95,Disease_disorder,Saguenay,0.5929710268974304,1,/content/drive/MyDrive/MACROBATT/INPUT_PDF_FILES/23242090.pdf
96,Disease_disorder,Marinesco-Sjögren,0.9896684885025024,1,/content/drive/MyDrive/MACROBATT/INPUT_PDF_FILES/23242090.pdf
97,Disease_disorder,Charcot-Marie-Tooth,0.9561458230018616,1,/content/drive/MyDrive/MACROBATT/INPUT_PDF_FILES/23242090.pdf
98,Detailed_description,inherited,0.9999263286590576,1,/content/drive/MyDrive/MACROBATT/INPUT_PDF_FILES/23242090.pdf
99,Disease_disorder,polyneuropathy,0.8582777380943298,1,/content/drive/MyDrive/MACROBATT/INPUT_PDF_FILES/23242090.pdf
100,Sign_symptom,gait ataxia,0.9998517036437988,1,/content/drive/MyDrive/MACROBATT/INPUT_PDF_FILES/23242090.pdf
101,Disease_disorder,CMT,0.752608060836792,1,/content/drive/MyDrive/MACROBATT/INPUT_PDF_FILES/23242090.pdf
102,Sign_symptom,retained reflexes,0.9765523672103882,1,/content/drive/MyDrive/MACROBATT/INPUT_PDF_FILES/23242090.pdf
103,Sign_symptom,bilaterally extensor plantar,0.9998343586921692,1,/content/drive/MyDrive/MACROBATT/INPUT_PDF_FILES/23242090.pdf
104,Sign_symptom,pure sensory polyneuropathy neuropathy,0.9989895820617676,1,/content/drive/MyDrive/MACROBATT/INPUT_PDF_FILES/23242090.pdf
105,Medication,Idebenone,0.9821879863739014,1,/content/drive/MyDrive/MACROBATT/INPUT_PDF_FILES/23242090.pdf
106,Dosage,450 mg twice was started at a a day antioxidant day,0.9997318983078003,1,/content/drive/MyDrive/MACROBATT/INPUT_PDF_FILES/23242090.pdf
107,Therapeutic_procedure,physiotherapy—Frenkel,0.9672662615776062,1,/content/drive/MyDrive/MACROBATT/INPUT_PDF_FILES/23242090.pdf
108,Diagnostic_procedure,Blood glucose,0.9999043941497803,1,/content/drive/MyDrive/MACROBATT/INPUT_PDF_FILES/23242090.pdf
109,Severity,no significant change,0.9563061594963074,1,/content/drive/MyDrive/MACROBATT/INPUT_PDF_FILES/23242090.pdf
110,Diagnostic_procedure,gait,0.9978023171424866,1,/content/drive/MyDrive/MACROBATT/INPUT_PDF_FILES/23242090.pdf
