,Entity Group,Value,Score,Page,Pdf File
0,Age,23-year-old,0.9979530572891235,1,/content/drive/MyDrive/MACROBATT/INPUT_PDF_FILES/23468586.pdf
1,Sex,woman,0.9998059868812561,1,/content/drive/MyDrive/MACROBATT/INPUT_PDF_FILES/23468586.pdf
2,History,carnitine deficiency,0.9992299675941467,1,/content/drive/MyDrive/MACROBATT/INPUT_PDF_FILES/23468586.pdf
3,Detailed_description,exertional,0.9213659167289734,1,/content/drive/MyDrive/MACROBATT/INPUT_PDF_FILES/23468586.pdf
4,Sign_symptom,23-year-old deficiency presented dyspnea and,0.999948263168335,1,/content/drive/MyDrive/MACROBATT/INPUT_PDF_FILES/23468586.pdf
5,Sign_symptom,dyspnea,0.999537467956543,1,/content/drive/MyDrive/MACROBATT/INPUT_PDF_FILES/23468586.pdf
6,Detailed_description,nonischemic,0.9999150037765503,1,/content/drive/MyDrive/MACROBATT/INPUT_PDF_FILES/23468586.pdf
7,History,cardiomyopathy,0.9984506368637085,1,/content/drive/MyDrive/MACROBATT/INPUT_PDF_FILES/23468586.pdf
8,Date,age 10,0.8086014986038208,1,/content/drive/MyDrive/MACROBATT/INPUT_PDF_FILES/23468586.pdf
9,History,symptoms,0.9566397070884705,1,/content/drive/MyDrive/MACROBATT/INPUT_PDF_FILES/23468586.pdf
10,Detailed_description,congestive,0.9999122619628906,1,/content/drive/MyDrive/MACROBATT/INPUT_PDF_FILES/23468586.pdf
11,Disease_disorder,heart failure,0.9876430630683899,1,/content/drive/MyDrive/MACROBATT/INPUT_PDF_FILES/23468586.pdf
12,History,transthoracic echocardiography,0.9968987703323364,1,/content/drive/MyDrive/MACROBATT/INPUT_PDF_FILES/23468586.pdf
13,Diagnostic_procedure,TTE,0.8632429242134094,1,/content/drive/MyDrive/MACROBATT/INPUT_PDF_FILES/23468586.pdf
14,Severity,severe,0.9995403289794922,1,/content/drive/MyDrive/MACROBATT/INPUT_PDF_FILES/23468586.pdf
15,Biological_structure,left ventricular,0.9998741149902344,1,/content/drive/MyDrive/MACROBATT/INPUT_PDF_FILES/23468586.pdf
16,History,total carnitine carnitine level level,0.9996479749679565,1,/content/drive/MyDrive/MACROBATT/INPUT_PDF_FILES/23468586.pdf
17,Lab_value,< < 3 3 Î¼mol/L Î¼mol/L Î¼mol/L Î¼mol/L,0.9992775321006775,1,/content/drive/MyDrive/MACROBATT/INPUT_PDF_FILES/23468586.pdf
18,Lab_value,normal normal,0.9995710253715515,1,/content/drive/MyDrive/MACROBATT/INPUT_PDF_FILES/23468586.pdf
19,History,free carnitine carnitine level level,0.9996145367622375,1,/content/drive/MyDrive/MACROBATT/INPUT_PDF_FILES/23468586.pdf
20,History,cardiomyopathy carnitine,0.9877648949623108,1,/content/drive/MyDrive/MACROBATT/INPUT_PDF_FILES/23468586.pdf
21,History,carnitine,0.9291750192642212,1,/content/drive/MyDrive/MACROBATT/INPUT_PDF_FILES/23468586.pdf
22,Duration,5 months,0.9990622997283936,1,/content/drive/MyDrive/MACROBATT/INPUT_PDF_FILES/23468586.pdf
23,History,carnitine carnitine carnitine,0.9955794215202332,1,/content/drive/MyDrive/MACROBATT/INPUT_PDF_FILES/23468586.pdf
24,History,carnitine carnitine carnitine shortening,0.6439911127090454,1,/content/drive/MyDrive/MACROBATT/INPUT_PDF_FILES/23468586.pdf
25,History,free carnitine carnitine carnitine levels,0.9506765604019165,1,/content/drive/MyDrive/MACROBATT/INPUT_PDF_FILES/23468586.pdf
26,Lab_value,increased,0.995420515537262,1,/content/drive/MyDrive/MACROBATT/INPUT_PDF_FILES/23468586.pdf
27,Lab_value,86 Î¼mol/L Î¼mol/L,0.946853518486023,1,/content/drive/MyDrive/MACROBATT/INPUT_PDF_FILES/23468586.pdf
28,Lab_value,48 Î¼mol/L Î¼mol/L,0.9230278730392456,1,/content/drive/MyDrive/MACROBATT/INPUT_PDF_FILES/23468586.pdf
29,Diagnostic_procedure,systolic function,0.9958145022392273,1,/content/drive/MyDrive/MACROBATT/INPUT_PDF_FILES/23468586.pdf
30,Lab_value,normalized,0.9984955787658691,1,/content/drive/MyDrive/MACROBATT/INPUT_PDF_FILES/23468586.pdf
31,History,fractional,0.884793221950531,1,/content/drive/MyDrive/MACROBATT/INPUT_PDF_FILES/23468586.pdf
32,History,shortening,0.6861073970794678,1,/content/drive/MyDrive/MACROBATT/INPUT_PDF_FILES/23468586.pdf
33,Duration,over the the the past 10 years,0.9946891665458679,1,/content/drive/MyDrive/MACROBATT/INPUT_PDF_FILES/23468586.pdf
34,Detailed_description,intermittently compliant,0.9989194869995117,1,/content/drive/MyDrive/MACROBATT/INPUT_PDF_FILES/23468586.pdf
35,Medication,carnitine carnitine carnitine supplement regimen,0.9148284792900085,1,/content/drive/MyDrive/MACROBATT/INPUT_PDF_FILES/23468586.pdf
36,Date,6 months before,0.9984790682792664,1,/content/drive/MyDrive/MACROBATT/INPUT_PDF_FILES/23468586.pdf
37,History,free carnitine carnitine carnitine,0.9992155432701111,1,/content/drive/MyDrive/MACROBATT/INPUT_PDF_FILES/23468586.pdf
38,Lab_value,18 Î¼mol/L Î¼mol/L,0.9582306742668152,1,/content/drive/MyDrive/MACROBATT/INPUT_PDF_FILES/23468586.pdf
39,Lab_value,17 Î¼mol/L Î¼mol/L,0.9650058150291443,1,/content/drive/MyDrive/MACROBATT/INPUT_PDF_FILES/23468586.pdf
40,Diagnostic_procedure,cardiac magnetic resonance,0.9995749592781067,1,/content/drive/MyDrive/MACROBATT/INPUT_PDF_FILES/23468586.pdf
41,Diagnostic_procedure,CMR,0.9461630582809448,1,/content/drive/MyDrive/MACROBATT/INPUT_PDF_FILES/23468586.pdf
42,Diagnostic_procedure,gadolinium,0.9322947263717651,1,/content/drive/MyDrive/MACROBATT/INPUT_PDF_FILES/23468586.pdf
43,Lab_value,normal,0.9998520612716675,1,/content/drive/MyDrive/MACROBATT/INPUT_PDF_FILES/23468586.pdf
44,Diagnostic_procedure,LV LV function,0.9999375343322754,1,/content/drive/MyDrive/MACROBATT/INPUT_PDF_FILES/23468586.pdf
45,Severity,mild,0.9842081665992737,1,/content/drive/MyDrive/MACROBATT/INPUT_PDF_FILES/23468586.pdf
46,Detailed_description,concentric,0.9999340772628784,1,/content/drive/MyDrive/MACROBATT/INPUT_PDF_FILES/23468586.pdf
47,Disease_disorder,LV LV hypertrophy,0.9994467496871948,1,/content/drive/MyDrive/MACROBATT/INPUT_PDF_FILES/23468586.pdf
48,Diagnostic_procedure,LV size,0.9999133944511414,1,/content/drive/MyDrive/MACROBATT/INPUT_PDF_FILES/23468586.pdf
49,Detailed_description,focal,0.9999775886535645,1,/content/drive/MyDrive/MACROBATT/INPUT_PDF_FILES/23468586.pdf
50,Diagnostic_procedure,wall wall thickness thickness,0.9999440312385559,1,/content/drive/MyDrive/MACROBATT/INPUT_PDF_FILES/23468586.pdf
51,Biological_structure,mid lateral wall wall,0.9999063611030579,1,/content/drive/MyDrive/MACROBATT/INPUT_PDF_FILES/23468586.pdf
52,Detailed_description,patchy,0.9996280670166016,1,/content/drive/MyDrive/MACROBATT/INPUT_PDF_FILES/23468586.pdf
53,Detailed_description,delayed,0.9999618530273438,1,/content/drive/MyDrive/MACROBATT/INPUT_PDF_FILES/23468586.pdf
54,Diagnostic_procedure,gadolinium enhancement,0.9998660087585449,1,/content/drive/MyDrive/MACROBATT/INPUT_PDF_FILES/23468586.pdf
55,Family_history,sudden sudden cardiac cardiac,0.8803161382675171,1,/content/drive/MyDrive/MACROBATT/INPUT_PDF_FILES/23468586.pdf
56,Family_history,abnormal,0.6071437001228333,1,/content/drive/MyDrive/MACROBATT/INPUT_PDF_FILES/23468586.pdf
57,Detailed_description,dual- chamber,0.8706925511360168,1,/content/drive/MyDrive/MACROBATT/INPUT_PDF_FILES/23468586.pdf
58,Therapeutic_procedure,implantable cardioverter-defibrillator,0.9821239113807678,1,/content/drive/MyDrive/MACROBATT/INPUT_PDF_FILES/23468586.pdf
59,Family_history,sudden sudden cardiac cardiac death death,0.9937939643859863,1,/content/drive/MyDrive/MACROBATT/INPUT_PDF_FILES/23468586.pdf
