,Entity Group,Value,Score,Page,Pdf File
0,Age,14-month-old,0.9981033205986023,1,/content/drive/MyDrive/MACROBATT/INPUT_PDF_FILES/23678274.pdf
1,Sex,boy,0.9995591044425964,1,/content/drive/MyDrive/MACROBATT/INPUT_PDF_FILES/23678274.pdf
2,Clinical_event,referred,0.9998685121536255,1,/content/drive/MyDrive/MACROBATT/INPUT_PDF_FILES/23678274.pdf
3,Nonbiological_location,hospital hospital,0.9981662631034851,1,/content/drive/MyDrive/MACROBATT/INPUT_PDF_FILES/23678274.pdf
4,Sign_symptom,dilated,0.9998451471328735,1,/content/drive/MyDrive/MACROBATT/INPUT_PDF_FILES/23678274.pdf
5,Sign_symptom,hypertrophied,0.9983353614807129,1,/content/drive/MyDrive/MACROBATT/INPUT_PDF_FILES/23678274.pdf
6,Biological_structure,left ventricle,0.9999141693115234,1,/content/drive/MyDrive/MACROBATT/INPUT_PDF_FILES/23678274.pdf
7,Disease_disorder,developmental delay,0.9996213912963867,1,/content/drive/MyDrive/MACROBATT/INPUT_PDF_FILES/23678274.pdf
8,Clinical_event,born,0.999637246131897,1,/content/drive/MyDrive/MACROBATT/INPUT_PDF_FILES/23678274.pdf
9,Detailed_description,full,0.9365671277046204,1,/content/drive/MyDrive/MACROBATT/INPUT_PDF_FILES/23678274.pdf
10,Diagnostic_procedure,body weight,0.9996943473815918,1,/content/drive/MyDrive/MACROBATT/INPUT_PDF_FILES/23678274.pdf
11,Date,Sixteen days after,0.999871551990509,1,/content/drive/MyDrive/MACROBATT/INPUT_PDF_FILES/23678274.pdf
12,Clinical_event,hospitalized,0.9986554384231567,1,/content/drive/MyDrive/MACROBATT/INPUT_PDF_FILES/23678274.pdf
13,Detailed_description,persistent,0.9999284744262695,1,/content/drive/MyDrive/MACROBATT/INPUT_PDF_FILES/23678274.pdf
14,Biological_structure,chest,0.9999456405639648,1,/content/drive/MyDrive/MACROBATT/INPUT_PDF_FILES/23678274.pdf
15,Diagnostic_procedure,radiograph,0.9999210238456726,1,/content/drive/MyDrive/MACROBATT/INPUT_PDF_FILES/23678274.pdf
16,Diagnostic_procedure,echocardiogram,0.999930202960968,1,/content/drive/MyDrive/MACROBATT/INPUT_PDF_FILES/23678274.pdf
17,Lab_value,decreased,0.9999328851699829,1,/content/drive/MyDrive/MACROBATT/INPUT_PDF_FILES/23678274.pdf
18,Therapeutic_procedure,managed,0.9997631907463074,1,/content/drive/MyDrive/MACROBATT/INPUT_PDF_FILES/23678274.pdf
19,Duration,1 yr,0.9995186924934387,1,/content/drive/MyDrive/MACROBATT/INPUT_PDF_FILES/23678274.pdf
20,Clinical_event,presentation,0.9998675584793091,1,/content/drive/MyDrive/MACROBATT/INPUT_PDF_FILES/23678274.pdf
21,Sign_symptom,feeding difficulty,0.9998253583908081,1,/content/drive/MyDrive/MACROBATT/INPUT_PDF_FILES/23678274.pdf
22,Clinical_event,admitted,0.9998666048049927,1,/content/drive/MyDrive/MACROBATT/INPUT_PDF_FILES/23678274.pdf
23,Nonbiological_location,hospitals,0.9987925291061401,1,/content/drive/MyDrive/MACROBATT/INPUT_PDF_FILES/23678274.pdf
24,Frequency,7 times,0.9965690970420837,1,/content/drive/MyDrive/MACROBATT/INPUT_PDF_FILES/23678274.pdf
25,Disease_disorder,infection,0.999760091304779,1,/content/drive/MyDrive/MACROBATT/INPUT_PDF_FILES/23678274.pdf
26,Medication,furosemide,0.9998747110366821,1,/content/drive/MyDrive/MACROBATT/INPUT_PDF_FILES/23678274.pdf
27,Medication,spironolactone,0.9998877048492432,1,/content/drive/MyDrive/MACROBATT/INPUT_PDF_FILES/23678274.pdf
28,Medication,spironolactone enalapril,0.8651843070983887,1,/content/drive/MyDrive/MACROBATT/INPUT_PDF_FILES/23678274.pdf
29,Medication,enalapril,0.9998747110366821,1,/content/drive/MyDrive/MACROBATT/INPUT_PDF_FILES/23678274.pdf
30,Medication,carvedilol,0.9961411356925964,1,/content/drive/MyDrive/MACROBATT/INPUT_PDF_FILES/23678274.pdf
31,Nonbiological_location,hospital,0.9997960925102234,1,/content/drive/MyDrive/MACROBATT/INPUT_PDF_FILES/23678274.pdf
32,Date,14 months old,0.9986669421195984,1,/content/drive/MyDrive/MACROBATT/INPUT_PDF_FILES/23678274.pdf
33,Lab_value,6 kg,0.9992274045944214,1,/content/drive/MyDrive/MACROBATT/INPUT_PDF_FILES/23678274.pdf
34,Diagnostic_procedure,height,0.9966237545013428,1,/content/drive/MyDrive/MACROBATT/INPUT_PDF_FILES/23678274.pdf
35,Lab_value,71 cm,0.8043709993362427,1,/content/drive/MyDrive/MACROBATT/INPUT_PDF_FILES/23678274.pdf
36,Diagnostic_procedure,motor development,0.9999494552612305,1,/content/drive/MyDrive/MACROBATT/INPUT_PDF_FILES/23678274.pdf
37,Subject,mama,0.7973498106002808,1,/content/drive/MyDrive/MACROBATT/INPUT_PDF_FILES/23678274.pdf
38,Diagnostic_procedure,blood pressure,0.9999629259109497,1,/content/drive/MyDrive/MACROBATT/INPUT_PDF_FILES/23678274.pdf
39,Diagnostic_procedure,heart rate,0.9999657273292542,1,/content/drive/MyDrive/MACROBATT/INPUT_PDF_FILES/23678274.pdf
40,Lab_value,94/30 mmHg,0.9999111890792847,1,/content/drive/MyDrive/MACROBATT/INPUT_PDF_FILES/23678274.pdf
41,Lab_value,132 beats per minute,0.9999300241470337,1,/content/drive/MyDrive/MACROBATT/INPUT_PDF_FILES/23678274.pdf
42,Sign_symptom,heart murmur,0.9994974136352539,1,/content/drive/MyDrive/MACROBATT/INPUT_PDF_FILES/23678274.pdf
43,Biological_structure,liver,0.9999399185180664,1,/content/drive/MyDrive/MACROBATT/INPUT_PDF_FILES/23678274.pdf
44,Sign_symptom,neutropenia,0.9803026914596558,1,/content/drive/MyDrive/MACROBATT/INPUT_PDF_FILES/23678274.pdf
45,Clinical_event,stay,0.9990684390068054,1,/content/drive/MyDrive/MACROBATT/INPUT_PDF_FILES/23678274.pdf
46,Diagnostic_procedure,WBC,0.9999109506607056,1,/content/drive/MyDrive/MACROBATT/INPUT_PDF_FILES/23678274.pdf
47,Diagnostic_procedure,neutrophil,0.9999758005142212,1,/content/drive/MyDrive/MACROBATT/INPUT_PDF_FILES/23678274.pdf
48,Lab_value,"8,800/µL",0.9998975396156311,1,/content/drive/MyDrive/MACROBATT/INPUT_PDF_FILES/23678274.pdf
49,Lab_value,2 %,0.9997715353965759,1,/content/drive/MyDrive/MACROBATT/INPUT_PDF_FILES/23678274.pdf
50,Diagnostic_procedure,B-natriuretic peptide,0.9999352693557739,1,/content/drive/MyDrive/MACROBATT/INPUT_PDF_FILES/23678274.pdf
51,Lab_value,"1,045",0.9997312426567078,1,/content/drive/MyDrive/MACROBATT/INPUT_PDF_FILES/23678274.pdf
52,Lab_value,"1,045 pg/mL",0.9717779159545898,1,/content/drive/MyDrive/MACROBATT/INPUT_PDF_FILES/23678274.pdf
53,Severity,mild,0.9997393488883972,1,/content/drive/MyDrive/MACROBATT/INPUT_PDF_FILES/23678274.pdf
54,Sign_symptom,cardiomegaly cardiothoracic electrocardiogram,0.9999550580978394,1,/content/drive/MyDrive/MACROBATT/INPUT_PDF_FILES/23678274.pdf
55,Sign_symptom,cardiomegaly,0.9896516799926758,1,/content/drive/MyDrive/MACROBATT/INPUT_PDF_FILES/23678274.pdf
56,Diagnostic_procedure,electrocardiogram,0.9999502301216125,1,/content/drive/MyDrive/MACROBATT/INPUT_PDF_FILES/23678274.pdf
57,Lab_value,low,0.9998843669891357,1,/content/drive/MyDrive/MACROBATT/INPUT_PDF_FILES/23678274.pdf
58,Diagnostic_procedure,QRS voltage,0.9999365210533142,1,/content/drive/MyDrive/MACROBATT/INPUT_PDF_FILES/23678274.pdf
59,Coreference,limb,0.9704158902168274,1,/content/drive/MyDrive/MACROBATT/INPUT_PDF_FILES/23678274.pdf
60,Sign_symptom,hypertrophied hypertrophied,0.999252438545227,1,/content/drive/MyDrive/MACROBATT/INPUT_PDF_FILES/23678274.pdf
61,Sign_symptom,echocardiogram globular,0.9997897744178772,1,/content/drive/MyDrive/MACROBATT/INPUT_PDF_FILES/23678274.pdf
62,Biological_structure,globular,0.9948232173919678,1,/content/drive/MyDrive/MACROBATT/INPUT_PDF_FILES/23678274.pdf
63,Biological_structure,LV LV,0.9997831583023071,1,/content/drive/MyDrive/MACROBATT/INPUT_PDF_FILES/23678274.pdf
64,Biological_structure,papillary muscle,0.9969797134399414,1,/content/drive/MyDrive/MACROBATT/INPUT_PDF_FILES/23678274.pdf
65,Sign_symptom,hypertrophied hypertrophied hyper-trabeculation,0.9998303651809692,1,/content/drive/MyDrive/MACROBATT/INPUT_PDF_FILES/23678274.pdf
66,Sign_symptom,hyper-trabeculation,0.7339777946472168,1,/content/drive/MyDrive/MACROBATT/INPUT_PDF_FILES/23678274.pdf
67,Diagnostic_procedure,echocardiographic parameters,0.9999370574951172,1,/content/drive/MyDrive/MACROBATT/INPUT_PDF_FILES/23678274.pdf
68,Diagnostic_procedure,internal diameter,0.9998764395713806,1,/content/drive/MyDrive/MACROBATT/INPUT_PDF_FILES/23678274.pdf
69,Detailed_description,diastole,0.9390413761138916,1,/content/drive/MyDrive/MACROBATT/INPUT_PDF_FILES/23678274.pdf
70,Lab_value,37.7 mm,0.9062139987945557,1,/content/drive/MyDrive/MACROBATT/INPUT_PDF_FILES/23678274.pdf
71,Diagnostic_procedure,The other echocardiographic parameters were internal diameter diastole ejection index,0.9996302127838135,1,/content/drive/MyDrive/MACROBATT/INPUT_PDF_FILES/23678274.pdf
72,Diagnostic_procedure,mass index,0.9990966320037842,1,/content/drive/MyDrive/MACROBATT/INPUT_PDF_FILES/23678274.pdf
73,Lab_value,75.6 echocardiographic g Fig.1B,0.9999169111251831,1,/content/drive/MyDrive/MACROBATT/INPUT_PDF_FILES/23678274.pdf
74,Sign_symptom,hypertrophied tomographic,0.5797087550163269,1,/content/drive/MyDrive/MACROBATT/INPUT_PDF_FILES/23678274.pdf
75,Sign_symptom,dilated hypertrophied performed computed,0.9535138607025146,1,/content/drive/MyDrive/MACROBATT/INPUT_PDF_FILES/23678274.pdf
76,Detailed_description,thoraco-abdominal,0.9999440908432007,1,/content/drive/MyDrive/MACROBATT/INPUT_PDF_FILES/23678274.pdf
77,Diagnostic_procedure,computed,0.8774693608283997,1,/content/drive/MyDrive/MACROBATT/INPUT_PDF_FILES/23678274.pdf
78,Diagnostic_procedure,angiography,0.9269450902938843,1,/content/drive/MyDrive/MACROBATT/INPUT_PDF_FILES/23678274.pdf
79,Detailed_description,contrast,0.9999463558197021,1,/content/drive/MyDrive/MACROBATT/INPUT_PDF_FILES/23678274.pdf
80,Sign_symptom,abnormality,0.9995563626289368,1,/content/drive/MyDrive/MACROBATT/INPUT_PDF_FILES/23678274.pdf
81,Biological_structure,kidney,0.9999544620513916,1,/content/drive/MyDrive/MACROBATT/INPUT_PDF_FILES/23678274.pdf
82,Detailed_description,abrupt,0.9999246597290039,1,/content/drive/MyDrive/MACROBATT/INPUT_PDF_FILES/23678274.pdf
83,Severity,high-,0.9983785152435303,1,/content/drive/MyDrive/MACROBATT/INPUT_PDF_FILES/23678274.pdf
84,Detailed_description,high- grade,0.9773621559143066,1,/content/drive/MyDrive/MACROBATT/INPUT_PDF_FILES/23678274.pdf
85,Detailed_description,spiking,0.9999024868011475,1,/content/drive/MyDrive/MACROBATT/INPUT_PDF_FILES/23678274.pdf
86,Sign_symptom,fever,0.9999425411224365,1,/content/drive/MyDrive/MACROBATT/INPUT_PDF_FILES/23678274.pdf
87,Detailed_description,secretory,0.9999207258224487,1,/content/drive/MyDrive/MACROBATT/INPUT_PDF_FILES/23678274.pdf
88,Sign_symptom,diarrhea,0.9449952244758606,1,/content/drive/MyDrive/MACROBATT/INPUT_PDF_FILES/23678274.pdf
89,Lab_value,800 cc,0.9985735416412354,1,/content/drive/MyDrive/MACROBATT/INPUT_PDF_FILES/23678274.pdf
90,Disease_disorder,metabolic,0.7843028903007507,1,/content/drive/MyDrive/MACROBATT/INPUT_PDF_FILES/23678274.pdf
91,Lab_value,"3,290/µL",0.9998757839202881,1,/content/drive/MyDrive/MACROBATT/INPUT_PDF_FILES/23678274.pdf
92,Lab_value,1 %,0.9998985528945923,1,/content/drive/MyDrive/MACROBATT/INPUT_PDF_FILES/23678274.pdf
93,Lab_value,"greater than 4,901 pg/mL",0.9996147155761719,1,/content/drive/MyDrive/MACROBATT/INPUT_PDF_FILES/23678274.pdf
94,Sign_symptom,respiratory,0.7354297041893005,1,/content/drive/MyDrive/MACROBATT/INPUT_PDF_FILES/23678274.pdf
95,Detailed_description,gastrointestinal,0.9999443292617798,1,/content/drive/MyDrive/MACROBATT/INPUT_PDF_FILES/23678274.pdf
96,Diagnostic_procedure,viral studies,0.9997318387031555,1,/content/drive/MyDrive/MACROBATT/INPUT_PDF_FILES/23678274.pdf
97,Detailed_description,blood,0.9998724460601807,1,/content/drive/MyDrive/MACROBATT/INPUT_PDF_FILES/23678274.pdf
98,Detailed_description,stool,0.9997220635414124,1,/content/drive/MyDrive/MACROBATT/INPUT_PDF_FILES/23678274.pdf
99,Diagnostic_procedure,cultures,0.9998242259025574,1,/content/drive/MyDrive/MACROBATT/INPUT_PDF_FILES/23678274.pdf
100,Lab_value,negative negative,0.9999412298202515,1,/content/drive/MyDrive/MACROBATT/INPUT_PDF_FILES/23678274.pdf
101,Diagnostic_procedure,C-reactive protein,0.9997767210006714,1,/content/drive/MyDrive/MACROBATT/INPUT_PDF_FILES/23678274.pdf
102,Lab_value,7.08 mg/dL,0.9995080828666687,1,/content/drive/MyDrive/MACROBATT/INPUT_PDF_FILES/23678274.pdf
103,Clinical_event,care care,0.9997071623802185,1,/content/drive/MyDrive/MACROBATT/INPUT_PDF_FILES/23678274.pdf
104,Administration,intravenous,0.999592125415802,1,/content/drive/MyDrive/MACROBATT/INPUT_PDF_FILES/23678274.pdf
105,Medication,fluid resuscitation,0.9045414924621582,1,/content/drive/MyDrive/MACROBATT/INPUT_PDF_FILES/23678274.pdf
106,Detailed_description,empirical,0.5394273400306702,1,/content/drive/MyDrive/MACROBATT/INPUT_PDF_FILES/23678274.pdf
107,Detailed_description,aggravated,0.9998767375946045,1,/content/drive/MyDrive/MACROBATT/INPUT_PDF_FILES/23678274.pdf
108,Disease_disorder,metabolic acidosis,0.9998838305473328,1,/content/drive/MyDrive/MACROBATT/INPUT_PDF_FILES/23678274.pdf
109,Clinical_event,transfer,0.9997771382331848,1,/content/drive/MyDrive/MACROBATT/INPUT_PDF_FILES/23678274.pdf
110,Nonbiological_location,intensive,0.9471303820610046,1,/content/drive/MyDrive/MACROBATT/INPUT_PDF_FILES/23678274.pdf
111,Nonbiological_location,ICU,0.990871250629425,1,/content/drive/MyDrive/MACROBATT/INPUT_PDF_FILES/23678274.pdf
112,Detailed_description,serum,0.9963802695274353,1,/content/drive/MyDrive/MACROBATT/INPUT_PDF_FILES/23678274.pdf
113,Diagnostic_procedure,bicarbonate,0.9998753070831299,1,/content/drive/MyDrive/MACROBATT/INPUT_PDF_FILES/23678274.pdf
114,Diagnostic_procedure,CO2,0.9959384202957153,1,/content/drive/MyDrive/MACROBATT/INPUT_PDF_FILES/23678274.pdf
115,Lab_value,41.4 mmol/L mm,0.9998469948768616,1,/content/drive/MyDrive/MACROBATT/INPUT_PDF_FILES/23678274.pdf
116,Therapeutic_procedure,ventilator eventually,0.9996178150177002,2,/content/drive/MyDrive/MACROBATT/INPUT_PDF_FILES/23678274.pdf
117,Therapeutic_procedure,ventilator,0.7852744460105896,2,/content/drive/MyDrive/MACROBATT/INPUT_PDF_FILES/23678274.pdf
118,Medication,intensive inotropic,0.9979667663574219,2,/content/drive/MyDrive/MACROBATT/INPUT_PDF_FILES/23678274.pdf
119,Medication,inotropic,0.6645908355712891,2,/content/drive/MyDrive/MACROBATT/INPUT_PDF_FILES/23678274.pdf
120,Clinical_event,care care care,0.9877079129219055,2,/content/drive/MyDrive/MACROBATT/INPUT_PDF_FILES/23678274.pdf
121,Outcome,died,0.9980089068412781,2,/content/drive/MyDrive/MACROBATT/INPUT_PDF_FILES/23678274.pdf
122,Detailed_description,aggravated,0.9998879432678223,2,/content/drive/MyDrive/MACROBATT/INPUT_PDF_FILES/23678274.pdf
123,Disease_disorder,metabolic acidosis,0.9998888969421387,2,/content/drive/MyDrive/MACROBATT/INPUT_PDF_FILES/23678274.pdf
124,Detailed_description,acutely decompensated,0.989628791809082,2,/content/drive/MyDrive/MACROBATT/INPUT_PDF_FILES/23678274.pdf
125,Disease_disorder,heart failure,0.9998536109924316,2,/content/drive/MyDrive/MACROBATT/INPUT_PDF_FILES/23678274.pdf
126,Date,7 days after,0.9998612403869629,2,/content/drive/MyDrive/MACROBATT/INPUT_PDF_FILES/23678274.pdf
127,Nonbiological_location,ICU,0.9994503855705261,2,/content/drive/MyDrive/MACROBATT/INPUT_PDF_FILES/23678274.pdf
128,Clinical_event,stay,0.994482159614563,2,/content/drive/MyDrive/MACROBATT/INPUT_PDF_FILES/23678274.pdf
129,Diagnostic_procedure,genetic analysis,0.9999155402183533,2,/content/drive/MyDrive/MACROBATT/INPUT_PDF_FILES/23678274.pdf
130,Disease_disorder,Barth syndrome,0.9944848418235779,2,/content/drive/MyDrive/MACROBATT/INPUT_PDF_FILES/23678274.pdf
131,Diagnostic_procedure,gene gene sequence analysis,0.999954879283905,2,/content/drive/MyDrive/MACROBATT/INPUT_PDF_FILES/23678274.pdf
132,Detailed_description,TAZ gene gene,0.9998785853385925,2,/content/drive/MyDrive/MACROBATT/INPUT_PDF_FILES/23678274.pdf
133,Detailed_description,hemizygous,0.9999597072601318,2,/content/drive/MyDrive/MACROBATT/INPUT_PDF_FILES/23678274.pdf
134,Detailed_description,frameshift,0.9994633793830872,2,/content/drive/MyDrive/MACROBATT/INPUT_PDF_FILES/23678274.pdf
135,Lab_value,c.227delC,0.9969584345817566,2,/content/drive/MyDrive/MACROBATT/INPUT_PDF_FILES/23678274.pdf
136,Detailed_description,inherited,0.9958775043487549,2,/content/drive/MyDrive/MACROBATT/INPUT_PDF_FILES/23678274.pdf
137,Subject,mother,0.986871600151062,2,/content/drive/MyDrive/MACROBATT/INPUT_PDF_FILES/23678274.pdf
