,Entity Group,Value,Score,Page,Pdf File
0,Age,84-year-old,0.9982155561447144,1,/content/drive/MyDrive/MACROBATT/INPUT_PDF_FILES/23864579.pdf
1,Sex,male,0.9993626475334167,1,/content/drive/MyDrive/MACROBATT/INPUT_PDF_FILES/23864579.pdf
2,History,coronary coronary artery artery disease,0.9753218293190002,1,/content/drive/MyDrive/MACROBATT/INPUT_PDF_FILES/23864579.pdf
3,History,coronary coronary artery artery ( RCA,0.7776137590408325,1,/content/drive/MyDrive/MACROBATT/INPUT_PDF_FILES/23864579.pdf
4,Clinical_event,admitted,0.9998539686203003,1,/content/drive/MyDrive/MACROBATT/INPUT_PDF_FILES/23864579.pdf
5,Nonbiological_location,university,0.9990471005439758,1,/content/drive/MyDrive/MACROBATT/INPUT_PDF_FILES/23864579.pdf
6,Nonbiological_location,hospital,0.7572506666183472,1,/content/drive/MyDrive/MACROBATT/INPUT_PDF_FILES/23864579.pdf
7,Date,February 2012,0.9998610615730286,1,/content/drive/MyDrive/MACROBATT/INPUT_PDF_FILES/23864579.pdf
8,Detailed_description,progressive,0.9999662637710571,1,/content/drive/MyDrive/MACROBATT/INPUT_PDF_FILES/23864579.pdf
9,Sign_symptom,84-year-old disease and admitted dyspnoea and,0.999919056892395,1,/content/drive/MyDrive/MACROBATT/INPUT_PDF_FILES/23864579.pdf
10,Sign_symptom,dyspnoea,0.999408483505249,1,/content/drive/MyDrive/MACROBATT/INPUT_PDF_FILES/23864579.pdf
11,Detailed_description,recurring,0.9999020099639893,1,/content/drive/MyDrive/MACROBATT/INPUT_PDF_FILES/23864579.pdf
12,Sign_symptom,syncopes,0.9997745156288147,1,/content/drive/MyDrive/MACROBATT/INPUT_PDF_FILES/23864579.pdf
13,Diagnostic_procedure,Cardiological work-up,0.9999119639396667,1,/content/drive/MyDrive/MACROBATT/INPUT_PDF_FILES/23864579.pdf
14,Lab_value,grade III,0.999751627445221,1,/content/drive/MyDrive/MACROBATT/INPUT_PDF_FILES/23864579.pdf
15,Severity,severe,0.9997068047523499,1,/content/drive/MyDrive/MACROBATT/INPUT_PDF_FILES/23864579.pdf
16,Detailed_description,symptomatic,0.999911904335022,1,/content/drive/MyDrive/MACROBATT/INPUT_PDF_FILES/23864579.pdf
17,Biological_structure,aortic,0.7968507409095764,1,/content/drive/MyDrive/MACROBATT/INPUT_PDF_FILES/23864579.pdf
18,Biological_structure,femoral,0.9998831748962402,1,/content/drive/MyDrive/MACROBATT/INPUT_PDF_FILES/23864579.pdf
19,Detailed_description,trans-subclavian,0.9649484753608704,1,/content/drive/MyDrive/MACROBATT/INPUT_PDF_FILES/23864579.pdf
20,Coreference,implantation,0.9621288776397705,1,/content/drive/MyDrive/MACROBATT/INPUT_PDF_FILES/23864579.pdf
21,Detailed_description,CoreValve prosthesis,0.9998769760131836,1,/content/drive/MyDrive/MACROBATT/INPUT_PDF_FILES/23864579.pdf
22,Clinical_event,referred,0.9998664855957031,1,/content/drive/MyDrive/MACROBATT/INPUT_PDF_FILES/23864579.pdf
23,Sign_symptom,Medtronic Medtronic World Headquarters Medtronic diameter and discharge referred dyspnoea due,0.9999551773071289,1,/content/drive/MyDrive/MACROBATT/INPUT_PDF_FILES/23864579.pdf
24,Detailed_description,bilateral,0.9999397993087769,1,/content/drive/MyDrive/MACROBATT/INPUT_PDF_FILES/23864579.pdf
25,Disease_disorder,implantation pleural,0.996253490447998,1,/content/drive/MyDrive/MACROBATT/INPUT_PDF_FILES/23864579.pdf
26,Disease_disorder,pleural,0.9731717109680176,1,/content/drive/MyDrive/MACROBATT/INPUT_PDF_FILES/23864579.pdf
27,Diagnostic_procedure,Transoesophageal,0.9745885133743286,1,/content/drive/MyDrive/MACROBATT/INPUT_PDF_FILES/23864579.pdf
28,Diagnostic_procedure,Transoesophageal echocardiography,0.9230586290359497,1,/content/drive/MyDrive/MACROBATT/INPUT_PDF_FILES/23864579.pdf
29,Diagnostic_procedure,TEE,0.9605122804641724,1,/content/drive/MyDrive/MACROBATT/INPUT_PDF_FILES/23864579.pdf
30,Disease_disorder,mitral mitral regurgitation,0.9987102746963501,1,/content/drive/MyDrive/MACROBATT/INPUT_PDF_FILES/23864579.pdf
31,Detailed_description,interventional,0.9968000650405884,1,/content/drive/MyDrive/MACROBATT/INPUT_PDF_FILES/23864579.pdf
32,Therapeutic_procedure,valve repair,0.7881404161453247,1,/content/drive/MyDrive/MACROBATT/INPUT_PDF_FILES/23864579.pdf
33,Biological_structure,MitraClip,0.9953317642211914,1,/content/drive/MyDrive/MACROBATT/INPUT_PDF_FILES/23864579.pdf
34,Disease_disorder,atrial septal defect,0.9934192895889282,1,/content/drive/MyDrive/MACROBATT/INPUT_PDF_FILES/23864579.pdf
35,Disease_disorder,ASD,0.9998356103897095,1,/content/drive/MyDrive/MACROBATT/INPUT_PDF_FILES/23864579.pdf
36,Therapeutic_procedure,closure,0.9995120763778687,1,/content/drive/MyDrive/MACROBATT/INPUT_PDF_FILES/23864579.pdf
37,Detailed_description,AMPLATZER™,0.9998795986175537,1,/content/drive/MyDrive/MACROBATT/INPUT_PDF_FILES/23864579.pdf
38,Detailed_description,AMPLATZER™ PFO Occluder,0.9926716685295105,1,/content/drive/MyDrive/MACROBATT/INPUT_PDF_FILES/23864579.pdf
39,Date,Two weeks after,0.9998103976249695,1,/content/drive/MyDrive/MACROBATT/INPUT_PDF_FILES/23864579.pdf
40,Disease_disorder,heart failure failure,0.9998660683631897,1,/content/drive/MyDrive/MACROBATT/INPUT_PDF_FILES/23864579.pdf
41,Detailed_description,acute,0.9999598264694214,1,/content/drive/MyDrive/MACROBATT/INPUT_PDF_FILES/23864579.pdf
42,Detailed_description,Immediate,0.9999562501907349,1,/content/drive/MyDrive/MACROBATT/INPUT_PDF_FILES/23864579.pdf
43,Diagnostic_procedure,echocardiography,0.9996210932731628,1,/content/drive/MyDrive/MACROBATT/INPUT_PDF_FILES/23864579.pdf
44,Severity,moderate-to-severe,0.9901307225227356,1,/content/drive/MyDrive/MACROBATT/INPUT_PDF_FILES/23864579.pdf
45,Biological_structure,aortic aortic aortic,0.6556301116943359,1,/content/drive/MyDrive/MACROBATT/INPUT_PDF_FILES/23864579.pdf
46,Biological_structure,aortic aortic aortic partial,0.5699894428253174,1,/content/drive/MyDrive/MACROBATT/INPUT_PDF_FILES/23864579.pdf
47,Disease_disorder,echocardiography aortic recurrent defects significant aortic ventricular tract which caused aortic detachment regurgitation,0.9374156594276428,1,/content/drive/MyDrive/MACROBATT/INPUT_PDF_FILES/23864579.pdf
48,Detailed_description,recurrent,0.9925323128700256,1,/content/drive/MyDrive/MACROBATT/INPUT_PDF_FILES/23864579.pdf
49,Severity,moderate-to-severe severe,0.9995982050895691,1,/content/drive/MyDrive/MACROBATT/INPUT_PDF_FILES/23864579.pdf
50,Sign_symptom,MR. Valvular defects,0.9160950779914856,1,/content/drive/MyDrive/MACROBATT/INPUT_PDF_FILES/23864579.pdf
51,Severity,slight but significant,0.9946407675743103,1,/content/drive/MyDrive/MACROBATT/INPUT_PDF_FILES/23864579.pdf
52,Biological_structure,aortic aortic aortic valve,0.9961653351783752,1,/content/drive/MyDrive/MACROBATT/INPUT_PDF_FILES/23864579.pdf
53,Sign_symptom,migration,0.9840032458305359,1,/content/drive/MyDrive/MACROBATT/INPUT_PDF_FILES/23864579.pdf
54,Biological_structure,left ventricular outflow,0.9994492530822754,1,/content/drive/MyDrive/MACROBATT/INPUT_PDF_FILES/23864579.pdf
55,Biological_structure,paravalvular,0.641628623008728,1,/content/drive/MyDrive/MACROBATT/INPUT_PDF_FILES/23864579.pdf
56,Sign_symptom,Valvular ventricular paravalvular leakage,0.930250346660614,1,/content/drive/MyDrive/MACROBATT/INPUT_PDF_FILES/23864579.pdf
57,Detailed_description,partial,0.9998830556869507,1,/content/drive/MyDrive/MACROBATT/INPUT_PDF_FILES/23864579.pdf
58,Biological_structure,posterior mitral leaflet,0.9998300671577454,1,/content/drive/MyDrive/MACROBATT/INPUT_PDF_FILES/23864579.pdf
59,Clinical_event,transferred,0.9998620748519897,1,/content/drive/MyDrive/MACROBATT/INPUT_PDF_FILES/23864579.pdf
60,Nonbiological_location,cardiac,0.9883611798286438,1,/content/drive/MyDrive/MACROBATT/INPUT_PDF_FILES/23864579.pdf
61,Biological_structure,coronary coronary,0.9999442100524902,1,/content/drive/MyDrive/MACROBATT/INPUT_PDF_FILES/23864579.pdf
62,Biological_structure,coronary coronary artery,0.9489100575447083,1,/content/drive/MyDrive/MACROBATT/INPUT_PDF_FILES/23864579.pdf
63,Diagnostic_procedure,angiography,0.9998200535774231,1,/content/drive/MyDrive/MACROBATT/INPUT_PDF_FILES/23864579.pdf
64,Detailed_description,conventional,0.9978523254394531,1,/content/drive/MyDrive/MACROBATT/INPUT_PDF_FILES/23864579.pdf
65,Biological_structure,mitral,0.9999514818191528,1,/content/drive/MyDrive/MACROBATT/INPUT_PDF_FILES/23864579.pdf
66,Biological_structure,valve,0.5612438917160034,1,/content/drive/MyDrive/MACROBATT/INPUT_PDF_FILES/23864579.pdf
67,Lab_value,well,0.7757654190063477,1,/content/drive/MyDrive/MACROBATT/INPUT_PDF_FILES/23864579.pdf
68,Biological_structure,coronary,0.9999297857284546,1,/content/drive/MyDrive/MACROBATT/INPUT_PDF_FILES/23864579.pdf
69,Detailed_description,median,0.9512750506401062,1,/content/drive/MyDrive/MACROBATT/INPUT_PDF_FILES/23864579.pdf
70,Biological_structure,ascending aorta,0.9998882412910461,1,/content/drive/MyDrive/MACROBATT/INPUT_PDF_FILES/23864579.pdf
71,Therapeutic_procedure,opened,0.9973304271697998,1,/content/drive/MyDrive/MACROBATT/INPUT_PDF_FILES/23864579.pdf
72,Biological_structure,aorta aortic,0.9999203681945801,1,/content/drive/MyDrive/MACROBATT/INPUT_PDF_FILES/23864579.pdf
73,Detailed_description,Edwards Perimount,0.9995851516723633,1,/content/drive/MyDrive/MACROBATT/INPUT_PDF_FILES/23864579.pdf
74,Therapeutic_procedure,vein-grafting,0.9988731145858765,1,/content/drive/MyDrive/MACROBATT/INPUT_PDF_FILES/23864579.pdf
75,Detailed_description,explored via the the the the left atrium,0.9997757077217102,1,/content/drive/MyDrive/MACROBATT/INPUT_PDF_FILES/23864579.pdf
76,Therapeutic_procedure,circumflex explored excised,0.9992634654045105,1,/content/drive/MyDrive/MACROBATT/INPUT_PDF_FILES/23864579.pdf
77,Therapeutic_procedure,excised,0.9954795837402344,1,/content/drive/MyDrive/MACROBATT/INPUT_PDF_FILES/23864579.pdf
78,Therapeutic_procedure,atrial,0.9994484782218933,1,/content/drive/MyDrive/MACROBATT/INPUT_PDF_FILES/23864579.pdf
79,Therapeutic_procedure,atrial septal septal occluder was removed,0.9986550807952881,1,/content/drive/MyDrive/MACROBATT/INPUT_PDF_FILES/23864579.pdf
80,Sign_symptom,septal septal defect,0.9998155236244202,1,/content/drive/MyDrive/MACROBATT/INPUT_PDF_FILES/23864579.pdf
81,Detailed_description,single-suture line,0.9997240900993347,1,/content/drive/MyDrive/MACROBATT/INPUT_PDF_FILES/23864579.pdf
82,Detailed_description,Intraoperative,0.9999666213989258,1,/content/drive/MyDrive/MACROBATT/INPUT_PDF_FILES/23864579.pdf
83,Lab_value,adequate function of both prostheses,0.9998581409454346,1,/content/drive/MyDrive/MACROBATT/INPUT_PDF_FILES/23864579.pdf
84,Sign_symptom,recovered,0.9993908405303955,1,/content/drive/MyDrive/MACROBATT/INPUT_PDF_FILES/23864579.pdf
85,Detailed_description,transient,0.9999593496322632,1,/content/drive/MyDrive/MACROBATT/INPUT_PDF_FILES/23864579.pdf
86,Disease_disorder,renal failure,0.9997830986976624,1,/content/drive/MyDrive/MACROBATT/INPUT_PDF_FILES/23864579.pdf
87,Date,After a postoperative care patient was discharged hospital rehabilitation a heart failure month,0.9973470568656921,1,/content/drive/MyDrive/MACROBATT/INPUT_PDF_FILES/23864579.pdf
88,Clinical_event,discharged,0.999839186668396,1,/content/drive/MyDrive/MACROBATT/INPUT_PDF_FILES/23864579.pdf
89,Therapeutic_procedure,rehabilitation,0.9899459481239319,1,/content/drive/MyDrive/MACROBATT/INPUT_PDF_FILES/23864579.pdf
90,Lab_value,good,0.6899333596229553,1,/content/drive/MyDrive/MACROBATT/INPUT_PDF_FILES/23864579.pdf
91,Clinical_event,follow-up,0.9998306035995483,1,/content/drive/MyDrive/MACROBATT/INPUT_PDF_FILES/23864579.pdf
92,Date,three months after,0.999893844127655,1,/content/drive/MyDrive/MACROBATT/INPUT_PDF_FILES/23864579.pdf
93,Lab_value,cardiopulmonary,0.9969360828399658,1,/content/drive/MyDrive/MACROBATT/INPUT_PDF_FILES/23864579.pdf
94,Lab_value,surgery cardiopulmonary stable,0.9283277988433838,1,/content/drive/MyDrive/MACROBATT/INPUT_PDF_FILES/23864579.pdf
