,Entity Group,Value,Score,Page,Pdf File
0,Sex,boy,0.9969449639320374,1,/content/drive/MyDrive/MACROBATT/INPUT_PDF_FILES/24161539.pdf
1,Family_history,healthy,0.5382281541824341,1,/content/drive/MyDrive/MACROBATT/INPUT_PDF_FILES/24161539.pdf
2,Family_history,non-consanguineous,0.8819743990898132,1,/content/drive/MyDrive/MACROBATT/INPUT_PDF_FILES/24161539.pdf
3,Personal_background,white,0.9932583570480347,1,/content/drive/MyDrive/MACROBATT/INPUT_PDF_FILES/24161539.pdf
4,Personal_background,British,0.8250181674957275,1,/content/drive/MyDrive/MACROBATT/INPUT_PDF_FILES/24161539.pdf
5,Clinical_event,born,0.998992383480072,1,/content/drive/MyDrive/MACROBATT/INPUT_PDF_FILES/24161539.pdf
6,Detailed_description,at term,0.9998974800109863,1,/content/drive/MyDrive/MACROBATT/INPUT_PDF_FILES/24161539.pdf
7,Detailed_description,uneventful pregnancy,0.9998782277107239,1,/content/drive/MyDrive/MACROBATT/INPUT_PDF_FILES/24161539.pdf
8,Weight,3132 following pregnancy weighing g,0.8258573412895203,1,/content/drive/MyDrive/MACROBATT/INPUT_PDF_FILES/24161539.pdf
9,Diagnostic_procedure,Early development,0.9992355108261108,1,/content/drive/MyDrive/MACROBATT/INPUT_PDF_FILES/24161539.pdf
10,Date,approximately 6 months of of age,0.9998738169670105,1,/content/drive/MyDrive/MACROBATT/INPUT_PDF_FILES/24161539.pdf
11,Detailed_description,tonic upward,0.9998964667320251,1,/content/drive/MyDrive/MACROBATT/INPUT_PDF_FILES/24161539.pdf
12,Sign_symptom,eye deviation,0.9997342824935913,1,/content/drive/MyDrive/MACROBATT/INPUT_PDF_FILES/24161539.pdf
13,Sign_symptom,flexion,0.9999158382415771,1,/content/drive/MyDrive/MACROBATT/INPUT_PDF_FILES/24161539.pdf
14,Biological_structure,arms,0.9998987913131714,1,/content/drive/MyDrive/MACROBATT/INPUT_PDF_FILES/24161539.pdf
15,Biological_structure,neck,0.9999356269836426,1,/content/drive/MyDrive/MACROBATT/INPUT_PDF_FILES/24161539.pdf
16,Disease_disorder,infantile,0.9904906749725342,1,/content/drive/MyDrive/MACROBATT/INPUT_PDF_FILES/24161539.pdf
17,Diagnostic_procedure,electroencephalograph,0.9985736012458801,1,/content/drive/MyDrive/MACROBATT/INPUT_PDF_FILES/24161539.pdf
18,Diagnostic_procedure,EEG,0.9243058562278748,1,/content/drive/MyDrive/MACROBATT/INPUT_PDF_FILES/24161539.pdf
19,Detailed_description,West,0.5993029475212097,1,/content/drive/MyDrive/MACROBATT/INPUT_PDF_FILES/24161539.pdf
20,Biological_structure,Cranial,0.9098063111305237,1,/content/drive/MyDrive/MACROBATT/INPUT_PDF_FILES/24161539.pdf
21,Diagnostic_procedure,MRI,0.9999682903289795,1,/content/drive/MyDrive/MACROBATT/INPUT_PDF_FILES/24161539.pdf
22,Medication,Prednisolone,0.9991528987884521,1,/content/drive/MyDrive/MACROBATT/INPUT_PDF_FILES/24161539.pdf
23,Medication,Prednisolone prescribed and treated,0.985668420791626,1,/content/drive/MyDrive/MACROBATT/INPUT_PDF_FILES/24161539.pdf
24,Sign_symptom,seizures,0.9999117851257324,1,/content/drive/MyDrive/MACROBATT/INPUT_PDF_FILES/24161539.pdf
25,Medication,Steroids,0.9991357326507568,1,/content/drive/MyDrive/MACROBATT/INPUT_PDF_FILES/24161539.pdf
26,Duration,over 6 6 weeks,0.9997715353965759,1,/content/drive/MyDrive/MACROBATT/INPUT_PDF_FILES/24161539.pdf
27,Sign_symptom,seizure,0.9999322891235352,1,/content/drive/MyDrive/MACROBATT/INPUT_PDF_FILES/24161539.pdf
28,Duration,6 6,0.9173062443733215,1,/content/drive/MyDrive/MACROBATT/INPUT_PDF_FILES/24161539.pdf
29,Diagnostic_procedure,early developmental developmental progress,0.9889740943908691,1,/content/drive/MyDrive/MACROBATT/INPUT_PDF_FILES/24161539.pdf
30,Duration,6–8 month,0.9923427104949951,1,/content/drive/MyDrive/MACROBATT/INPUT_PDF_FILES/24161539.pdf
31,Sign_symptom,Seizures,0.9998586177825928,1,/content/drive/MyDrive/MACROBATT/INPUT_PDF_FILES/24161539.pdf
32,Date,after his his first birthday,0.9993181824684143,1,/content/drive/MyDrive/MACROBATT/INPUT_PDF_FILES/24161539.pdf
33,Detailed_description,frequent,0.9987035989761353,1,/content/drive/MyDrive/MACROBATT/INPUT_PDF_FILES/24161539.pdf
34,Biological_structure,right right,0.6523675918579102,1,/content/drive/MyDrive/MACROBATT/INPUT_PDF_FILES/24161539.pdf
35,Biological_structure,leg,0.9992862343788147,1,/content/drive/MyDrive/MACROBATT/INPUT_PDF_FILES/24161539.pdf
36,Medication,Clonazepam,0.9998264908790588,1,/content/drive/MyDrive/MACROBATT/INPUT_PDF_FILES/24161539.pdf
37,Disease_disorder,Clonazepam epilepsy,0.9999245405197144,1,/content/drive/MyDrive/MACROBATT/INPUT_PDF_FILES/24161539.pdf
38,Disease_disorder,epilepsy,0.9014585018157959,1,/content/drive/MyDrive/MACROBATT/INPUT_PDF_FILES/24161539.pdf
39,Detailed_description,refractory,0.994811475276947,1,/content/drive/MyDrive/MACROBATT/INPUT_PDF_FILES/24161539.pdf
40,Detailed_description,refractory refractory to various combinations,0.9997618198394775,1,/content/drive/MyDrive/MACROBATT/INPUT_PDF_FILES/24161539.pdf
41,Detailed_description,anticonvulsant,0.9893189668655396,1,/content/drive/MyDrive/MACROBATT/INPUT_PDF_FILES/24161539.pdf
42,Lab_value,Prolonged,0.9950218200683594,1,/content/drive/MyDrive/MACROBATT/INPUT_PDF_FILES/24161539.pdf
43,Detailed_description,more than 60 min,0.7750906348228455,1,/content/drive/MyDrive/MACROBATT/INPUT_PDF_FILES/24161539.pdf
44,Sign_symptom,Seizure,0.9999120235443115,1,/content/drive/MyDrive/MACROBATT/INPUT_PDF_FILES/24161539.pdf
45,Disease_disorder,epilepsia,0.9998739957809448,1,/content/drive/MyDrive/MACROBATT/INPUT_PDF_FILES/24161539.pdf
46,Disease_disorder,epilepsia partialis continua,0.9685231447219849,1,/content/drive/MyDrive/MACROBATT/INPUT_PDF_FILES/24161539.pdf
47,Biological_structure,right right right,0.962679922580719,1,/content/drive/MyDrive/MACROBATT/INPUT_PDF_FILES/24161539.pdf
48,Detailed_description,focal,0.9999667406082153,1,/content/drive/MyDrive/MACROBATT/INPUT_PDF_FILES/24161539.pdf
49,Detailed_description,progressive,0.9738935828208923,1,/content/drive/MyDrive/MACROBATT/INPUT_PDF_FILES/24161539.pdf
50,Biological_structure,cranial,0.9999552965164185,1,/content/drive/MyDrive/MACROBATT/INPUT_PDF_FILES/24161539.pdf
51,Date,2 years,0.8754317760467529,1,/content/drive/MyDrive/MACROBATT/INPUT_PDF_FILES/24161539.pdf
52,Detailed_description,symmetrical,0.9999450445175171,1,/content/drive/MyDrive/MACROBATT/INPUT_PDF_FILES/24161539.pdf
53,Biological_structure,subcortical,0.9999412298202515,1,/content/drive/MyDrive/MACROBATT/INPUT_PDF_FILES/24161539.pdf
54,Biological_structure,subcortical white matter,0.9641943573951721,1,/content/drive/MyDrive/MACROBATT/INPUT_PDF_FILES/24161539.pdf
55,Sign_symptom,lesions,0.9998273849487305,1,/content/drive/MyDrive/MACROBATT/INPUT_PDF_FILES/24161539.pdf
56,Sign_symptom,thinning,0.9993958473205566,1,/content/drive/MyDrive/MACROBATT/INPUT_PDF_FILES/24161539.pdf
57,Biological_structure,anterior,0.999895453453064,1,/content/drive/MyDrive/MACROBATT/INPUT_PDF_FILES/24161539.pdf
58,Biological_structure,genu of of the the the corpus callosum,0.9832875728607178,1,/content/drive/MyDrive/MACROBATT/INPUT_PDF_FILES/24161539.pdf
59,Detailed_description,small,0.9864407181739807,1,/content/drive/MyDrive/MACROBATT/INPUT_PDF_FILES/24161539.pdf
60,Shape,round,0.5863863229751587,1,/content/drive/MyDrive/MACROBATT/INPUT_PDF_FILES/24161539.pdf
61,Detailed_description,anteriorly rotated,0.9843547344207764,1,/content/drive/MyDrive/MACROBATT/INPUT_PDF_FILES/24161539.pdf
62,Biological_structure,ears,0.9834977984428406,1,/content/drive/MyDrive/MACROBATT/INPUT_PDF_FILES/24161539.pdf
63,Detailed_description,broad,0.7419346570968628,1,/content/drive/MyDrive/MACROBATT/INPUT_PDF_FILES/24161539.pdf
64,Biological_structure,nasal,0.9790928363800049,1,/content/drive/MyDrive/MACROBATT/INPUT_PDF_FILES/24161539.pdf
65,Sign_symptom,no noise visual awareness,0.8931486010551453,1,/content/drive/MyDrive/MACROBATT/INPUT_PDF_FILES/24161539.pdf
66,Sign_symptom,startled,0.9707058668136597,1,/content/drive/MyDrive/MACROBATT/INPUT_PDF_FILES/24161539.pdf
67,Diagnostic_procedure,Tone,0.9999285936355591,1,/content/drive/MyDrive/MACROBATT/INPUT_PDF_FILES/24161539.pdf
68,Lab_value,increased,0.9997547268867493,1,/content/drive/MyDrive/MACROBATT/INPUT_PDF_FILES/24161539.pdf
69,Biological_structure,all 4 limbs,0.9999172687530518,1,/content/drive/MyDrive/MACROBATT/INPUT_PDF_FILES/24161539.pdf
70,Sign_symptom,internal rotation,0.9999241828918457,1,/content/drive/MyDrive/MACROBATT/INPUT_PDF_FILES/24161539.pdf
71,Biological_structure,legs,0.9008054733276367,1,/content/drive/MyDrive/MACROBATT/INPUT_PDF_FILES/24161539.pdf
72,Diagnostic_procedure,Reflexes,0.9997501969337463,1,/content/drive/MyDrive/MACROBATT/INPUT_PDF_FILES/24161539.pdf
73,Detailed_description,Brief,0.9998911619186401,1,/content/drive/MyDrive/MACROBATT/INPUT_PDF_FILES/24161539.pdf
74,Sign_symptom,myoclonic,0.9920265078544617,1,/content/drive/MyDrive/MACROBATT/INPUT_PDF_FILES/24161539.pdf
75,Sign_symptom,myoclonic jerks,0.9345278739929199,1,/content/drive/MyDrive/MACROBATT/INPUT_PDF_FILES/24161539.pdf
