,Entity Group,Value,Score,Page,Pdf File
0,Age,67-year-old,0.9958584904670715,1,/content/drive/MyDrive/MACROBATT/INPUT_PDF_FILES/24294397.pdf
1,Personal_background,Japanese,0.9983123540878296,1,/content/drive/MyDrive/MACROBATT/INPUT_PDF_FILES/24294397.pdf
2,Sex,female,0.9996678829193115,1,/content/drive/MyDrive/MACROBATT/INPUT_PDF_FILES/24294397.pdf
3,Clinical_event,presented,0.9894290566444397,1,/content/drive/MyDrive/MACROBATT/INPUT_PDF_FILES/24294397.pdf
4,Biological_structure,left buttock,0.9998859763145447,1,/content/drive/MyDrive/MACROBATT/INPUT_PDF_FILES/24294397.pdf
5,Date,1 67-year-old year,0.9996087551116943,1,/content/drive/MyDrive/MACROBATT/INPUT_PDF_FILES/24294397.pdf
6,Diagnostic_procedure,Physical examination,0.9990381598472595,1,/content/drive/MyDrive/MACROBATT/INPUT_PDF_FILES/24294397.pdf
7,Detailed_description,well-circumscribed,0.999954104423523,1,/content/drive/MyDrive/MACROBATT/INPUT_PDF_FILES/24294397.pdf
8,Color,skin-,0.9978994131088257,1,/content/drive/MyDrive/MACROBATT/INPUT_PDF_FILES/24294397.pdf
9,Color,well-circumscribed skin- colored,0.7304434180259705,1,/content/drive/MyDrive/MACROBATT/INPUT_PDF_FILES/24294397.pdf
10,Sign_symptom,tumor,0.9998669624328613,1,/content/drive/MyDrive/MACROBATT/INPUT_PDF_FILES/24294397.pdf
11,Detailed_description,hyperkeratosis,0.9999761581420898,1,/content/drive/MyDrive/MACROBATT/INPUT_PDF_FILES/24294397.pdf
12,Area,43 examination x 38 mm,0.9990715980529785,1,/content/drive/MyDrive/MACROBATT/INPUT_PDF_FILES/24294397.pdf
13,Detailed_description,left,0.5650651454925537,1,/content/drive/MyDrive/MACROBATT/INPUT_PDF_FILES/24294397.pdf
14,Diagnostic_procedure,biopsy,0.9999395608901978,1,/content/drive/MyDrive/MACROBATT/INPUT_PDF_FILES/24294397.pdf
15,Disease_disorder,Bowen ’ biopsy specimen s disease squamous situ subsequently resection was disease,0.9998182058334351,1,/content/drive/MyDrive/MACROBATT/INPUT_PDF_FILES/24294397.pdf
16,Disease_disorder,squamous,0.9997690320014954,1,/content/drive/MyDrive/MACROBATT/INPUT_PDF_FILES/24294397.pdf
17,Disease_disorder,squamous cell carcinoma,0.9595818519592285,1,/content/drive/MyDrive/MACROBATT/INPUT_PDF_FILES/24294397.pdf
18,Detailed_description,total,0.9998947381973267,1,/content/drive/MyDrive/MACROBATT/INPUT_PDF_FILES/24294397.pdf
19,Therapeutic_procedure,resection,0.9985570907592773,1,/content/drive/MyDrive/MACROBATT/INPUT_PDF_FILES/24294397.pdf
20,Diagnostic_procedure,Histopathological study,0.9999082684516907,1,/content/drive/MyDrive/MACROBATT/INPUT_PDF_FILES/24294397.pdf
21,Sign_symptom,proliferation,0.9999445676803589,1,/content/drive/MyDrive/MACROBATT/INPUT_PDF_FILES/24294397.pdf
22,Sign_symptom,atypical,0.7602595090866089,1,/content/drive/MyDrive/MACROBATT/INPUT_PDF_FILES/24294397.pdf
23,Biological_structure,squamous cells,0.999665379524231,1,/content/drive/MyDrive/MACROBATT/INPUT_PDF_FILES/24294397.pdf
24,Sign_symptom,acanthotic accompanied,0.9999302625656128,1,/content/drive/MyDrive/MACROBATT/INPUT_PDF_FILES/24294397.pdf
25,Sign_symptom,acanthotic,0.9675353765487671,1,/content/drive/MyDrive/MACROBATT/INPUT_PDF_FILES/24294397.pdf
26,Biological_structure,epidermis,0.9998990297317505,1,/content/drive/MyDrive/MACROBATT/INPUT_PDF_FILES/24294397.pdf
27,Sign_symptom,hyperparakeratosis,0.9999581575393677,1,/content/drive/MyDrive/MACROBATT/INPUT_PDF_FILES/24294397.pdf
28,Sign_symptom,atypical hyperchromatic multinucleated atypical,0.9676377177238464,1,/content/drive/MyDrive/MACROBATT/INPUT_PDF_FILES/24294397.pdf
29,Biological_structure,squamous squamous cells cells,0.999823808670044,1,/content/drive/MyDrive/MACROBATT/INPUT_PDF_FILES/24294397.pdf
30,Lab_value,enlarged,0.9996333122253418,1,/content/drive/MyDrive/MACROBATT/INPUT_PDF_FILES/24294397.pdf
31,Lab_value,hyperchromatic,0.9859511852264404,1,/content/drive/MyDrive/MACROBATT/INPUT_PDF_FILES/24294397.pdf
32,Diagnostic_procedure,nuclei,0.9997338652610779,1,/content/drive/MyDrive/MACROBATT/INPUT_PDF_FILES/24294397.pdf
33,Sign_symptom,multinucleated,0.9850292801856995,1,/content/drive/MyDrive/MACROBATT/INPUT_PDF_FILES/24294397.pdf
34,Sign_symptom,atypical atypical,0.8015138506889343,1,/content/drive/MyDrive/MACROBATT/INPUT_PDF_FILES/24294397.pdf
35,Sign_symptom,Mitotic figures,0.999607264995575,1,/content/drive/MyDrive/MACROBATT/INPUT_PDF_FILES/24294397.pdf
36,Sign_symptom,mitotic figures,0.9999060034751892,1,/content/drive/MyDrive/MACROBATT/INPUT_PDF_FILES/24294397.pdf
37,Detailed_description,invasive,0.9999462366104126,1,/content/drive/MyDrive/MACROBATT/INPUT_PDF_FILES/24294397.pdf
38,Sign_symptom,neoplastic growth,0.9999068975448608,1,/content/drive/MyDrive/MACROBATT/INPUT_PDF_FILES/24294397.pdf
39,Quantitative_concept,95 %,0.9331709146499634,1,/content/drive/MyDrive/MACROBATT/INPUT_PDF_FILES/24294397.pdf
40,Sign_symptom,lesion lesion,0.9995300769805908,1,/content/drive/MyDrive/MACROBATT/INPUT_PDF_FILES/24294397.pdf
41,Sign_symptom,lesion above-mentioned lesion,0.9785652756690979,1,/content/drive/MyDrive/MACROBATT/INPUT_PDF_FILES/24294397.pdf
42,Disease_disorder,Bowen ’ lesion was composed s disease squamous situ superficial sebaceous was present lesion disease,0.9998191595077515,1,/content/drive/MyDrive/MACROBATT/INPUT_PDF_FILES/24294397.pdf
43,Disease_disorder,squamous cell carcinoma carcinoma,0.9084782004356384,1,/content/drive/MyDrive/MACROBATT/INPUT_PDF_FILES/24294397.pdf
44,Detailed_description,superficial,0.9998356103897095,1,/content/drive/MyDrive/MACROBATT/INPUT_PDF_FILES/24294397.pdf
45,Disease_disorder,sebaceous carcinoma carcinoma,0.998664379119873,1,/content/drive/MyDrive/MACROBATT/INPUT_PDF_FILES/24294397.pdf
46,Sign_symptom,cells with vacuolated clear cytoplasm,0.9995205402374268,1,/content/drive/MyDrive/MACROBATT/INPUT_PDF_FILES/24294397.pdf
47,Disease_disorder,Sebaceous carcinoma,0.9874094724655151,1,/content/drive/MyDrive/MACROBATT/INPUT_PDF_FILES/24294397.pdf
48,Sign_symptom,invaded,0.9997000694274902,1,/content/drive/MyDrive/MACROBATT/INPUT_PDF_FILES/24294397.pdf
49,Sign_symptom,cells containing vacuolated cytoplasm,0.9998651742935181,1,/content/drive/MyDrive/MACROBATT/INPUT_PDF_FILES/24294397.pdf
50,Sign_symptom,lesion,0.9999567270278931,1,/content/drive/MyDrive/MACROBATT/INPUT_PDF_FILES/24294397.pdf
51,Disease_disorder,Bowen ’ cells cytoplasm present lesion s disease sebaceous disease,0.9998972415924072,1,/content/drive/MyDrive/MACROBATT/INPUT_PDF_FILES/24294397.pdf
52,Disease_disorder,sebaceous carcinoma,0.9997763633728027,1,/content/drive/MyDrive/MACROBATT/INPUT_PDF_FILES/24294397.pdf
53,Diagnostic_procedure,Immunohistochemical,0.9999657869338989,1,/content/drive/MyDrive/MACROBATT/INPUT_PDF_FILES/24294397.pdf
54,Diagnostic_procedure,Immunohistochemical studies,0.9998601675033569,1,/content/drive/MyDrive/MACROBATT/INPUT_PDF_FILES/24294397.pdf
55,Detailed_description,autostainer,0.9522649645805359,1,/content/drive/MyDrive/MACROBATT/INPUT_PDF_FILES/24294397.pdf
56,Detailed_description,Ventana,0.6495238542556763,1,/content/drive/MyDrive/MACROBATT/INPUT_PDF_FILES/24294397.pdf
57,Diagnostic_procedure,Epithelial membrane antigen,0.9998351335525513,1,/content/drive/MyDrive/MACROBATT/INPUT_PDF_FILES/24294397.pdf
58,Diagnostic_procedure,EMA,0.9997124075889587,1,/content/drive/MyDrive/MACROBATT/INPUT_PDF_FILES/24294397.pdf
59,Diagnostic_procedure,cytokeratin,0.994484007358551,1,/content/drive/MyDrive/MACROBATT/INPUT_PDF_FILES/24294397.pdf
60,Diagnostic_procedure,adipophilin,0.9853641390800476,1,/content/drive/MyDrive/MACROBATT/INPUT_PDF_FILES/24294397.pdf
61,Lab_value,expressed,0.9999268054962158,1,/content/drive/MyDrive/MACROBATT/INPUT_PDF_FILES/24294397.pdf
62,Lab_value,not,0.9999369382858276,1,/content/drive/MyDrive/MACROBATT/INPUT_PDF_FILES/24294397.pdf
63,Disease_disorder,Bowen ’ expressed sebaceous s disease disease,0.9998792409896851,1,/content/drive/MyDrive/MACROBATT/INPUT_PDF_FILES/24294397.pdf
64,Diagnostic_procedure,Androgen,0.9999704360961914,1,/content/drive/MyDrive/MACROBATT/INPUT_PDF_FILES/24294397.pdf
65,Diagnostic_procedure,Androgen receptor,0.9999340176582336,1,/content/drive/MyDrive/MACROBATT/INPUT_PDF_FILES/24294397.pdf
66,Disease_disorder,sebaceous,0.8097955584526062,1,/content/drive/MyDrive/MACROBATT/INPUT_PDF_FILES/24294397.pdf
67,Sign_symptom,vacuolated,0.999923825263977,1,/content/drive/MyDrive/MACROBATT/INPUT_PDF_FILES/24294397.pdf
68,Sign_symptom,vacuolated cells,0.9965003132820129,1,/content/drive/MyDrive/MACROBATT/INPUT_PDF_FILES/24294397.pdf
69,Disease_disorder,Bowen ’ cells lesion s disease also positive disease,0.999862015247345,1,/content/drive/MyDrive/MACROBATT/INPUT_PDF_FILES/24294397.pdf
70,Lab_value,positive,0.999936580657959,1,/content/drive/MyDrive/MACROBATT/INPUT_PDF_FILES/24294397.pdf
71,Lab_value,Overexpression,0.9528039693832397,1,/content/drive/MyDrive/MACROBATT/INPUT_PDF_FILES/24294397.pdf
72,Diagnostic_procedure,p53 protein,0.9997929930686951,1,/content/drive/MyDrive/MACROBATT/INPUT_PDF_FILES/24294397.pdf
73,Disease_disorder,Bowen ’ Overexpression was observed sebaceous s disease,0.9326606392860413,1,/content/drive/MyDrive/MACROBATT/INPUT_PDF_FILES/24294397.pdf
74,Disease_disorder,Bowen ’ diagnosis sebaceous associated s disease was disease,0.9998145699501038,1,/content/drive/MyDrive/MACROBATT/INPUT_PDF_FILES/24294397.pdf
