,Entity Group,Value,Score,Page,Pdf File
0,Age,44-year-old,0.9928306341171265,1,/content/drive/MyDrive/MACROBATT/INPUT_PDF_FILES/24518095.pdf
1,Personal_background,Chinese,0.9986376166343689,1,/content/drive/MyDrive/MACROBATT/INPUT_PDF_FILES/24518095.pdf
2,Sex,man,0.999711811542511,1,/content/drive/MyDrive/MACROBATT/INPUT_PDF_FILES/24518095.pdf
3,History,7 pack-year,0.880164623260498,1,/content/drive/MyDrive/MACROBATT/INPUT_PDF_FILES/24518095.pdf
4,History,smoking history,0.8090471029281616,1,/content/drive/MyDrive/MACROBATT/INPUT_PDF_FILES/24518095.pdf
5,Clinical_event,referred,0.999871015548706,1,/content/drive/MyDrive/MACROBATT/INPUT_PDF_FILES/24518095.pdf
6,Nonbiological_location,Shanghai Pulmonary Hospital,0.9996797442436218,1,/content/drive/MyDrive/MACROBATT/INPUT_PDF_FILES/24518095.pdf
7,Date,February 2013,0.9998035430908203,1,/content/drive/MyDrive/MACROBATT/INPUT_PDF_FILES/24518095.pdf
8,Biological_structure,left left upper lobe,0.9997642636299133,1,/content/drive/MyDrive/MACROBATT/INPUT_PDF_FILES/24518095.pdf
9,Biological_structure,lung,0.999914288520813,1,/content/drive/MyDrive/MACROBATT/INPUT_PDF_FILES/24518095.pdf
10,Sign_symptom,mass,0.999904990196228,1,/content/drive/MyDrive/MACROBATT/INPUT_PDF_FILES/24518095.pdf
11,Detailed_description,multiple,0.9997945427894592,1,/content/drive/MyDrive/MACROBATT/INPUT_PDF_FILES/24518095.pdf
12,Detailed_description,bilateral,0.9999048709869385,1,/content/drive/MyDrive/MACROBATT/INPUT_PDF_FILES/24518095.pdf
13,Biological_structure,intrapulmonary,0.999461829662323,1,/content/drive/MyDrive/MACROBATT/INPUT_PDF_FILES/24518095.pdf
14,Sign_symptom,metastases,0.824049174785614,1,/content/drive/MyDrive/MACROBATT/INPUT_PDF_FILES/24518095.pdf
15,Detailed_description,left left,0.7812219262123108,1,/content/drive/MyDrive/MACROBATT/INPUT_PDF_FILES/24518095.pdf
16,Lab_value,2R/4R/10L/11L,0.9997832775115967,1,/content/drive/MyDrive/MACROBATT/INPUT_PDF_FILES/24518095.pdf
17,Biological_structure,Pleural fluid,0.8907310962677002,1,/content/drive/MyDrive/MACROBATT/INPUT_PDF_FILES/24518095.pdf
18,Diagnostic_procedure,cytology,0.9997422695159912,1,/content/drive/MyDrive/MACROBATT/INPUT_PDF_FILES/24518095.pdf
19,Disease_disorder,adenocarcinoma,0.9953708648681641,1,/content/drive/MyDrive/MACROBATT/INPUT_PDF_FILES/24518095.pdf
20,Diagnostic_procedure,Scorpion Amplification Refractory Mutation system,0.999908447265625,1,/content/drive/MyDrive/MACROBATT/INPUT_PDF_FILES/24518095.pdf
21,Detailed_description,AmoyDx,0.7036818861961365,1,/content/drive/MyDrive/MACROBATT/INPUT_PDF_FILES/24518095.pdf
22,Sign_symptom,epidermal receptor,0.9967126846313477,1,/content/drive/MyDrive/MACROBATT/INPUT_PDF_FILES/24518095.pdf
23,Sign_symptom,epidermal growth factor receptor,0.8984174728393555,1,/content/drive/MyDrive/MACROBATT/INPUT_PDF_FILES/24518095.pdf
24,Medication,chemotherapy,0.9998503923416138,1,/content/drive/MyDrive/MACROBATT/INPUT_PDF_FILES/24518095.pdf
25,Medication,gemcitabine,0.9999058246612549,1,/content/drive/MyDrive/MACROBATT/INPUT_PDF_FILES/24518095.pdf
26,Medication,cisplatin,0.9998929500579834,1,/content/drive/MyDrive/MACROBATT/INPUT_PDF_FILES/24518095.pdf
27,Sign_symptom,symptoms,0.9998791217803955,1,/content/drive/MyDrive/MACROBATT/INPUT_PDF_FILES/24518095.pdf
28,Detailed_description,progressive,0.9104927182197571,1,/content/drive/MyDrive/MACROBATT/INPUT_PDF_FILES/24518095.pdf
29,Clinical_event,second opinion was was requested,0.9945394992828369,1,/content/drive/MyDrive/MACROBATT/INPUT_PDF_FILES/24518095.pdf
30,Nonbiological_location,University of of Colorado,0.9990277290344238,1,/content/drive/MyDrive/MACROBATT/INPUT_PDF_FILES/24518095.pdf
31,Detailed_description,computed tomography–guided,0.9998195767402649,1,/content/drive/MyDrive/MACROBATT/INPUT_PDF_FILES/24518095.pdf
32,Diagnostic_procedure,biopsy,0.9998027682304382,1,/content/drive/MyDrive/MACROBATT/INPUT_PDF_FILES/24518095.pdf
33,Biological_structure,left upper lobe,0.9999404549598694,1,/content/drive/MyDrive/MACROBATT/INPUT_PDF_FILES/24518095.pdf
34,Sign_symptom,lesion,0.9997979998588562,1,/content/drive/MyDrive/MACROBATT/INPUT_PDF_FILES/24518095.pdf
35,Sign_symptom,opinion lesion additional,0.9998428821563721,1,/content/drive/MyDrive/MACROBATT/INPUT_PDF_FILES/24518095.pdf
36,Medication,pemetrexed,0.9998700618743896,1,/content/drive/MyDrive/MACROBATT/INPUT_PDF_FILES/24518095.pdf
37,Medication,nedaplatin,0.9998835325241089,1,/content/drive/MyDrive/MACROBATT/INPUT_PDF_FILES/24518095.pdf
38,Sign_symptom,shortness of of breath,0.9999415874481201,1,/content/drive/MyDrive/MACROBATT/INPUT_PDF_FILES/24518095.pdf
39,Sign_symptom,progression,0.9999459981918335,1,/content/drive/MyDrive/MACROBATT/INPUT_PDF_FILES/24518095.pdf
40,Diagnostic_procedure,scans,0.99991774559021,1,/content/drive/MyDrive/MACROBATT/INPUT_PDF_FILES/24518095.pdf
41,Sign_symptom,mutations,0.9997242093086243,1,/content/drive/MyDrive/MACROBATT/INPUT_PDF_FILES/24518095.pdf
42,Detailed_description,multiplex,0.877477765083313,1,/content/drive/MyDrive/MACROBATT/INPUT_PDF_FILES/24518095.pdf
43,Diagnostic_procedure,PCR testing testing,0.9998922348022461,1,/content/drive/MyDrive/MACROBATT/INPUT_PDF_FILES/24518095.pdf
44,Detailed_description,Life,0.9953722357749939,1,/content/drive/MyDrive/MACROBATT/INPUT_PDF_FILES/24518095.pdf
45,Detailed_description,ALK break-apart,0.9999135136604309,1,/content/drive/MyDrive/MACROBATT/INPUT_PDF_FILES/24518095.pdf
46,Diagnostic_procedure,FISH test,0.9984704256057739,1,/content/drive/MyDrive/MACROBATT/INPUT_PDF_FILES/24518095.pdf
47,Lab_value,68 % of of of cells cells demonstrated single copies of of of the the 5′ 5′ ALK ALK ALK signal signal signal,0.9999222159385681,1,/content/drive/MyDrive/MACROBATT/INPUT_PDF_FILES/24518095.pdf
48,Lab_value,numerous cells cells with with doublets of of of the the 5′ 5′ ALK ALK ALK signal signal signal combined with with one 3′ ALK ALK ALK signal signal signal,0.9999194145202637,1,/content/drive/MyDrive/MACROBATT/INPUT_PDF_FILES/24518095.pdf
49,Diagnostic_procedure,diagnostic assays,0.9999435544013977,1,/content/drive/MyDrive/MACROBATT/INPUT_PDF_FILES/24518095.pdf
50,Lab_value,ALK -ALK protein protein-like expression,0.9998886585235596,1,/content/drive/MyDrive/MACROBATT/INPUT_PDF_FILES/24518095.pdf
51,Diagnostic_procedure,IHC Inc.,0.999950647354126,1,/content/drive/MyDrive/MACROBATT/INPUT_PDF_FILES/24518095.pdf
52,Diagnostic_procedure,IHC,0.5276973247528076,1,/content/drive/MyDrive/MACROBATT/INPUT_PDF_FILES/24518095.pdf
53,Detailed_description,D5F3 antibody,0.9999438524246216,1,/content/drive/MyDrive/MACROBATT/INPUT_PDF_FILES/24518095.pdf
54,Detailed_description,Cell,0.9953786134719849,1,/content/drive/MyDrive/MACROBATT/INPUT_PDF_FILES/24518095.pdf
55,Lab_value,presence of antibody Danvers and an transcript echinoderm microtubule-associated protein-like 4 EML4 ( ( ( ( EML4 ) ) ) ) -ALK transcript,0.977566123008728,1,/content/drive/MyDrive/MACROBATT/INPUT_PDF_FILES/24518095.pdf
56,Diagnostic_procedure,RT-PCR,0.9977261424064636,1,/content/drive/MyDrive/MACROBATT/INPUT_PDF_FILES/24518095.pdf
57,Medication,crizotinib,0.9999003410339355,1,/content/drive/MyDrive/MACROBATT/INPUT_PDF_FILES/24518095.pdf
58,Date,May 2013,0.9997456669807434,1,/content/drive/MyDrive/MACROBATT/INPUT_PDF_FILES/24518095.pdf
59,Sign_symptom,symptomatic,0.9998760223388672,1,/content/drive/MyDrive/MACROBATT/INPUT_PDF_FILES/24518095.pdf
60,Sign_symptom,symptomatic improvement,0.9980761408805847,1,/content/drive/MyDrive/MACROBATT/INPUT_PDF_FILES/24518095.pdf
61,Date,after 2013 1 Fig.1B month,0.999832808971405,1,/content/drive/MyDrive/MACROBATT/INPUT_PDF_FILES/24518095.pdf
