,Entity Group,Value,Score,Page,Pdf File
0,Age,30-year-old,0.9977010488510132,1,/content/drive/MyDrive/MACROBATT/INPUT_PDF_FILES/24654246.pdf
1,Sex,woman,0.9998080134391785,1,/content/drive/MyDrive/MACROBATT/INPUT_PDF_FILES/24654246.pdf
2,History,HIV,0.9996298551559448,1,/content/drive/MyDrive/MACROBATT/INPUT_PDF_FILES/24654246.pdf
3,Disease_disorder,HCV,0.8366644978523254,1,/content/drive/MyDrive/MACROBATT/INPUT_PDF_FILES/24654246.pdf
4,Clinical_event,presented,0.9998703002929688,1,/content/drive/MyDrive/MACROBATT/INPUT_PDF_FILES/24654246.pdf
5,Nonbiological_location,emergency department,0.9997750520706177,1,/content/drive/MyDrive/MACROBATT/INPUT_PDF_FILES/24654246.pdf
6,Duration,4-month,0.9997755885124207,1,/content/drive/MyDrive/MACROBATT/INPUT_PDF_FILES/24654246.pdf
7,Detailed_description,gradual,0.9999271631240845,1,/content/drive/MyDrive/MACROBATT/INPUT_PDF_FILES/24654246.pdf
8,Detailed_description,progressive,0.9999558925628662,1,/content/drive/MyDrive/MACROBATT/INPUT_PDF_FILES/24654246.pdf
9,Sign_symptom,swelling,0.9999618530273438,1,/content/drive/MyDrive/MACROBATT/INPUT_PDF_FILES/24654246.pdf
10,Biological_structure,lower limbs,0.9999316930770874,1,/content/drive/MyDrive/MACROBATT/INPUT_PDF_FILES/24654246.pdf
11,Biological_structure,chest,0.9999315738677979,1,/content/drive/MyDrive/MACROBATT/INPUT_PDF_FILES/24654246.pdf
12,Sign_symptom,denied dyspnoea dyspnoea,0.9998918771743774,1,/content/drive/MyDrive/MACROBATT/INPUT_PDF_FILES/24654246.pdf
13,Sign_symptom,dyspnoea dyspnoea,0.8725598454475403,1,/content/drive/MyDrive/MACROBATT/INPUT_PDF_FILES/24654246.pdf
14,Detailed_description,paroxysmal,0.9997000694274902,1,/content/drive/MyDrive/MACROBATT/INPUT_PDF_FILES/24654246.pdf
15,Detailed_description,nocturnal,0.9999053478240967,1,/content/drive/MyDrive/MACROBATT/INPUT_PDF_FILES/24654246.pdf
16,Sign_symptom,dyspnoea nocturnal dyspnoea orthopnoea,0.9889252781867981,1,/content/drive/MyDrive/MACROBATT/INPUT_PDF_FILES/24654246.pdf
17,Diagnostic_procedure,Vitals,0.9887014627456665,1,/content/drive/MyDrive/MACROBATT/INPUT_PDF_FILES/24654246.pdf
18,Diagnostic_procedure,Cardiovascular examination,0.9998608827590942,1,/content/drive/MyDrive/MACROBATT/INPUT_PDF_FILES/24654246.pdf
19,Lab_value,elevated,0.9999216794967651,1,/content/drive/MyDrive/MACROBATT/INPUT_PDF_FILES/24654246.pdf
20,Diagnostic_procedure,jugular venous pressure,0.9995565414428711,1,/content/drive/MyDrive/MACROBATT/INPUT_PDF_FILES/24654246.pdf
21,Diagnostic_procedure,JVP,0.999945878982544,1,/content/drive/MyDrive/MACROBATT/INPUT_PDF_FILES/24654246.pdf
22,Lab_value,12 cm,0.9991215467453003,1,/content/drive/MyDrive/MACROBATT/INPUT_PDF_FILES/24654246.pdf
23,Lab_value,pronounced,0.9998946189880371,1,/content/drive/MyDrive/MACROBATT/INPUT_PDF_FILES/24654246.pdf
24,Lab_value,‘ y ’,0.9919517636299133,1,/content/drive/MyDrive/MACROBATT/INPUT_PDF_FILES/24654246.pdf
25,Severity,prominent,0.9997801184654236,1,/content/drive/MyDrive/MACROBATT/INPUT_PDF_FILES/24654246.pdf
26,Sign_symptom,pericardial knock sound,0.9893336296081543,1,/content/drive/MyDrive/MACROBATT/INPUT_PDF_FILES/24654246.pdf
27,Sign_symptom,pericardial,0.9725415110588074,1,/content/drive/MyDrive/MACROBATT/INPUT_PDF_FILES/24654246.pdf
28,Sign_symptom,pericardial rub,0.9555758237838745,1,/content/drive/MyDrive/MACROBATT/INPUT_PDF_FILES/24654246.pdf
29,Biological_structure,lungs,0.9999263286590576,1,/content/drive/MyDrive/MACROBATT/INPUT_PDF_FILES/24654246.pdf
30,Lab_value,clear,0.9925206899642944,1,/content/drive/MyDrive/MACROBATT/INPUT_PDF_FILES/24654246.pdf
31,Sign_symptom,oedematous from abdomen to lower,0.9999072551727295,1,/content/drive/MyDrive/MACROBATT/INPUT_PDF_FILES/24654246.pdf
32,Sign_symptom,oedematous,0.9992457628250122,1,/content/drive/MyDrive/MACROBATT/INPUT_PDF_FILES/24654246.pdf
33,Clinical_event,admitted,0.9998003840446472,1,/content/drive/MyDrive/MACROBATT/INPUT_PDF_FILES/24654246.pdf
34,Diagnostic_procedure,diagnostic work-up,0.9998147487640381,1,/content/drive/MyDrive/MACROBATT/INPUT_PDF_FILES/24654246.pdf
35,Date,May 2010,0.9988889694213867,1,/content/drive/MyDrive/MACROBATT/INPUT_PDF_FILES/24654246.pdf
36,Medication,antiretroviral,0.9502915143966675,1,/content/drive/MyDrive/MACROBATT/INPUT_PDF_FILES/24654246.pdf
37,Activity,illicit drugs,0.9969512820243835,1,/content/drive/MyDrive/MACROBATT/INPUT_PDF_FILES/24654246.pdf
38,Duration,approximately 5–6 years,0.8701269030570984,1,/content/drive/MyDrive/MACROBATT/INPUT_PDF_FILES/24654246.pdf
39,Disease_disorder,Renal and and hepatic diseases,0.9997031092643738,1,/content/drive/MyDrive/MACROBATT/INPUT_PDF_FILES/24654246.pdf
40,Diagnostic_procedure,blood tests,0.9999125003814697,1,/content/drive/MyDrive/MACROBATT/INPUT_PDF_FILES/24654246.pdf
41,Biological_structure,Peritoneal,0.9957537651062012,1,/content/drive/MyDrive/MACROBATT/INPUT_PDF_FILES/24654246.pdf
42,Biological_structure,Peritoneal fluid,0.837490975856781,1,/content/drive/MyDrive/MACROBATT/INPUT_PDF_FILES/24654246.pdf
43,Diagnostic_procedure,Echocardiogram,0.9996707439422607,1,/content/drive/MyDrive/MACROBATT/INPUT_PDF_FILES/24654246.pdf
44,Sign_symptom,thickened,0.9988771080970764,1,/content/drive/MyDrive/MACROBATT/INPUT_PDF_FILES/24654246.pdf
45,Color,bright,0.7799058556556702,1,/content/drive/MyDrive/MACROBATT/INPUT_PDF_FILES/24654246.pdf
46,Biological_structure,pericardium,0.9988223314285278,1,/content/drive/MyDrive/MACROBATT/INPUT_PDF_FILES/24654246.pdf
47,Biological_structure,bright right heart border,0.9998014569282532,1,/content/drive/MyDrive/MACROBATT/INPUT_PDF_FILES/24654246.pdf
48,Lab_value,parallel separation between epicardial and and pericardial pericardial echoes,0.9999128580093384,1,/content/drive/MyDrive/MACROBATT/INPUT_PDF_FILES/24654246.pdf
49,Lab_value,septal bounce,0.9999049305915833,1,/content/drive/MyDrive/MACROBATT/INPUT_PDF_FILES/24654246.pdf
50,Lab_value,pericardial pericardial,0.9906242489814758,1,/content/drive/MyDrive/MACROBATT/INPUT_PDF_FILES/24654246.pdf
51,Sign_symptom,Annulus paradoxus,0.9999109506607056,1,/content/drive/MyDrive/MACROBATT/INPUT_PDF_FILES/24654246.pdf
52,Biological_structure,tissue,0.9999502897262573,1,/content/drive/MyDrive/MACROBATT/INPUT_PDF_FILES/24654246.pdf
53,Diagnostic_procedure,Doppler,0.9997062087059021,1,/content/drive/MyDrive/MACROBATT/INPUT_PDF_FILES/24654246.pdf
54,Diagnostic_procedure,Left ventricular ejection fraction,0.9997942447662354,1,/content/drive/MyDrive/MACROBATT/INPUT_PDF_FILES/24654246.pdf
55,Biological_structure,right ventricle,0.9996328353881836,1,/content/drive/MyDrive/MACROBATT/INPUT_PDF_FILES/24654246.pdf
56,Lab_value,normal,0.9999221563339233,1,/content/drive/MyDrive/MACROBATT/INPUT_PDF_FILES/24654246.pdf
57,Severity,moderate,0.9988067150115967,1,/content/drive/MyDrive/MACROBATT/INPUT_PDF_FILES/24654246.pdf
58,Sign_symptom,tricuspid,0.8520669937133789,1,/content/drive/MyDrive/MACROBATT/INPUT_PDF_FILES/24654246.pdf
59,Biological_structure,pericardial pericardial space,0.9894431829452515,1,/content/drive/MyDrive/MACROBATT/INPUT_PDF_FILES/24654246.pdf
60,Disease_disorder,Constrictive physiology,0.995231032371521,1,/content/drive/MyDrive/MACROBATT/INPUT_PDF_FILES/24654246.pdf
61,Other_event,tricuspid and and mitral inflows,0.9709197282791138,1,/content/drive/MyDrive/MACROBATT/INPUT_PDF_FILES/24654246.pdf
62,Activity,inspiration,0.993341863155365,1,/content/drive/MyDrive/MACROBATT/INPUT_PDF_FILES/24654246.pdf
63,Sign_symptom,diastolic inflows flow reversal,0.9771133661270142,1,/content/drive/MyDrive/MACROBATT/INPUT_PDF_FILES/24654246.pdf
64,Biological_structure,the hepatic,0.9999334812164307,1,/content/drive/MyDrive/MACROBATT/INPUT_PDF_FILES/24654246.pdf
65,Biological_structure,hepatic veins,0.9943796992301941,1,/content/drive/MyDrive/MACROBATT/INPUT_PDF_FILES/24654246.pdf
66,Sign_symptom,dilatation,0.9144780039787292,1,/content/drive/MyDrive/MACROBATT/INPUT_PDF_FILES/24654246.pdf
67,Sign_symptom,dilatation inspiration expiration,0.7086634635925293,1,/content/drive/MyDrive/MACROBATT/INPUT_PDF_FILES/24654246.pdf
68,Biological_structure,inferior vena cava,0.9999235272407532,1,/content/drive/MyDrive/MACROBATT/INPUT_PDF_FILES/24654246.pdf
69,Sign_symptom,thickening,0.9999110698699951,1,/content/drive/MyDrive/MACROBATT/INPUT_PDF_FILES/24654246.pdf
70,Sign_symptom,calcification,0.967641294002533,1,/content/drive/MyDrive/MACROBATT/INPUT_PDF_FILES/24654246.pdf
71,Biological_structure,lung,0.9999514818191528,1,/content/drive/MyDrive/MACROBATT/INPUT_PDF_FILES/24654246.pdf
72,Detailed_description,Bilateral,0.9998682737350464,1,/content/drive/MyDrive/MACROBATT/INPUT_PDF_FILES/24654246.pdf
73,Disease_disorder,pleural,0.9997594952583313,1,/content/drive/MyDrive/MACROBATT/INPUT_PDF_FILES/24654246.pdf
74,Disease_disorder,pleural effusions,0.9623651504516602,1,/content/drive/MyDrive/MACROBATT/INPUT_PDF_FILES/24654246.pdf
75,Detailed_description,interstitial,0.9933437705039978,1,/content/drive/MyDrive/MACROBATT/INPUT_PDF_FILES/24654246.pdf
76,Biological_structure,Cardiac,0.9999617338180542,1,/content/drive/MyDrive/MACROBATT/INPUT_PDF_FILES/24654246.pdf
77,Diagnostic_procedure,MRI,0.9999635219573975,1,/content/drive/MyDrive/MACROBATT/INPUT_PDF_FILES/24654246.pdf
78,Detailed_description,diffusely,0.9998689889907837,1,/content/drive/MyDrive/MACROBATT/INPUT_PDF_FILES/24654246.pdf
79,Biological_structure,The hepatic,0.9999442100524902,1,/content/drive/MyDrive/MACROBATT/INPUT_PDF_FILES/24654246.pdf
80,Lab_value,rapid,0.9999473094940186,1,/content/drive/MyDrive/MACROBATT/INPUT_PDF_FILES/24654246.pdf
81,Diagnostic_procedure,early diastolic diastolic diastolic filling filling,0.9999405145645142,1,/content/drive/MyDrive/MACROBATT/INPUT_PDF_FILES/24654246.pdf
82,Lab_value,hindered,0.9983447194099426,1,/content/drive/MyDrive/MACROBATT/INPUT_PDF_FILES/24654246.pdf
83,Diagnostic_procedure,late diastolic diastolic diastolic filling filling,0.9999446868896484,1,/content/drive/MyDrive/MACROBATT/INPUT_PDF_FILES/24654246.pdf
84,Lab_value,good,0.9999154806137085,1,/content/drive/MyDrive/MACROBATT/INPUT_PDF_FILES/24654246.pdf
85,Diagnostic_procedure,response,0.9991230368614197,1,/content/drive/MyDrive/MACROBATT/INPUT_PDF_FILES/24654246.pdf
86,Therapeutic_procedure,diuresis,0.965230405330658,1,/content/drive/MyDrive/MACROBATT/INPUT_PDF_FILES/24654246.pdf
87,Detailed_description,right,0.9999475479125977,1,/content/drive/MyDrive/MACROBATT/INPUT_PDF_FILES/24654246.pdf
88,Detailed_description,left,0.9999383687973022,1,/content/drive/MyDrive/MACROBATT/INPUT_PDF_FILES/24654246.pdf
89,Biological_structure,heart,0.9999502897262573,1,/content/drive/MyDrive/MACROBATT/INPUT_PDF_FILES/24654246.pdf
90,Therapeutic_procedure,catheterisation,0.9996030926704407,1,/content/drive/MyDrive/MACROBATT/INPUT_PDF_FILES/24654246.pdf
91,Disease_disorder,confirm constrictive,0.9899634718894958,1,/content/drive/MyDrive/MACROBATT/INPUT_PDF_FILES/24654246.pdf
92,Disease_disorder,constrictive,0.9242261052131653,1,/content/drive/MyDrive/MACROBATT/INPUT_PDF_FILES/24654246.pdf
