,Entity Group,Value,Score,Page,Pdf File
0,Family_history,fourth child,0.9870203137397766,1,/content/drive/MyDrive/MACROBATT/INPUT_PDF_FILES/24781756.pdf
1,Personal_background,Arab,0.9907234311103821,1,/content/drive/MyDrive/MACROBATT/INPUT_PDF_FILES/24781756.pdf
2,Personal_background,Muslim,0.9297066330909729,1,/content/drive/MyDrive/MACROBATT/INPUT_PDF_FILES/24781756.pdf
3,Personal_background,Palestinian,0.9855635166168213,1,/content/drive/MyDrive/MACROBATT/INPUT_PDF_FILES/24781756.pdf
4,Subject,Parents,0.9960921406745911,1,/content/drive/MyDrive/MACROBATT/INPUT_PDF_FILES/24781756.pdf
5,Outcome,died,0.9978628754615784,1,/content/drive/MyDrive/MACROBATT/INPUT_PDF_FILES/24781756.pdf
6,Biological_structure,skin,0.9987409710884094,1,/content/drive/MyDrive/MACROBATT/INPUT_PDF_FILES/24781756.pdf
7,Diagnostic_procedure,biopsy,0.9968734383583069,1,/content/drive/MyDrive/MACROBATT/INPUT_PDF_FILES/24781756.pdf
8,Detailed_description,exome,0.9962314367294312,1,/content/drive/MyDrive/MACROBATT/INPUT_PDF_FILES/24781756.pdf
9,Diagnostic_procedure,sequencing,0.9999585151672363,1,/content/drive/MyDrive/MACROBATT/INPUT_PDF_FILES/24781756.pdf
10,Disease_disorder,IUGR,0.9999151229858398,1,/content/drive/MyDrive/MACROBATT/INPUT_PDF_FILES/24781756.pdf
11,Clinical_event,delivered,0.9998149275779724,1,/content/drive/MyDrive/MACROBATT/INPUT_PDF_FILES/24781756.pdf
12,Therapeutic_procedure,Cesarian section,0.9996845126152039,1,/content/drive/MyDrive/MACROBATT/INPUT_PDF_FILES/24781756.pdf
13,Date,36+2 gestational weeks,0.9998851418495178,1,/content/drive/MyDrive/MACROBATT/INPUT_PDF_FILES/24781756.pdf
14,Diagnostic_procedure,Apgar,0.999391496181488,1,/content/drive/MyDrive/MACROBATT/INPUT_PDF_FILES/24781756.pdf
15,Diagnostic_procedure,Birth weight,0.9998772144317627,1,/content/drive/MyDrive/MACROBATT/INPUT_PDF_FILES/24781756.pdf
16,Lab_value,2.3 kg,0.9998674392700195,1,/content/drive/MyDrive/MACROBATT/INPUT_PDF_FILES/24781756.pdf
17,Diagnostic_procedure,head circumference,0.9998999834060669,1,/content/drive/MyDrive/MACROBATT/INPUT_PDF_FILES/24781756.pdf
18,Lab_value,32 cm,0.9992707371711731,1,/content/drive/MyDrive/MACROBATT/INPUT_PDF_FILES/24781756.pdf
19,Diagnostic_procedure,Physical exam,0.9999410510063171,1,/content/drive/MyDrive/MACROBATT/INPUT_PDF_FILES/24781756.pdf
20,Sign_symptom,systolic murmur,0.9996559619903564,1,/content/drive/MyDrive/MACROBATT/INPUT_PDF_FILES/24781756.pdf
21,Date,first day,0.999785304069519,1,/content/drive/MyDrive/MACROBATT/INPUT_PDF_FILES/24781756.pdf
22,Disease_disorder,metabolic acidosis,0.9998388290405273,1,/content/drive/MyDrive/MACROBATT/INPUT_PDF_FILES/24781756.pdf
23,Diagnostic_procedure,lactate,0.9999066591262817,1,/content/drive/MyDrive/MACROBATT/INPUT_PDF_FILES/24781756.pdf
24,Lab_value,27 277 mm mm ammonia,0.9999091625213623,1,/content/drive/MyDrive/MACROBATT/INPUT_PDF_FILES/24781756.pdf
25,Lab_value,elevated,0.9679171442985535,1,/content/drive/MyDrive/MACROBATT/INPUT_PDF_FILES/24781756.pdf
26,Diagnostic_procedure,ammonia,0.9999146461486816,1,/content/drive/MyDrive/MACROBATT/INPUT_PDF_FILES/24781756.pdf
27,Lab_value,277 μm μm,0.9999151825904846,1,/content/drive/MyDrive/MACROBATT/INPUT_PDF_FILES/24781756.pdf
28,Diagnostic_procedure,Metabolic work up,0.9999425411224365,1,/content/drive/MyDrive/MACROBATT/INPUT_PDF_FILES/24781756.pdf
29,Lab_value,normal normal,0.9996743202209473,1,/content/drive/MyDrive/MACROBATT/INPUT_PDF_FILES/24781756.pdf
30,Diagnostic_procedure,acylcarnitines acids lactic acidosis,0.9998792409896851,1,/content/drive/MyDrive/MACROBATT/INPUT_PDF_FILES/24781756.pdf
31,Diagnostic_procedure,acylcarnitines,0.8267928957939148,1,/content/drive/MyDrive/MACROBATT/INPUT_PDF_FILES/24781756.pdf
32,Diagnostic_procedure,alanine,0.9999490976333618,1,/content/drive/MyDrive/MACROBATT/INPUT_PDF_FILES/24781756.pdf
33,Lab_value,1400 μm μm,0.999916136264801,1,/content/drive/MyDrive/MACROBATT/INPUT_PDF_FILES/24781756.pdf
34,Detailed_description,urine,0.9997915625572205,1,/content/drive/MyDrive/MACROBATT/INPUT_PDF_FILES/24781756.pdf
35,Diagnostic_procedure,organic acids,0.9999380111694336,1,/content/drive/MyDrive/MACROBATT/INPUT_PDF_FILES/24781756.pdf
36,Sign_symptom,lactic acidosis,0.9999325275421143,1,/content/drive/MyDrive/MACROBATT/INPUT_PDF_FILES/24781756.pdf
37,Biological_structure,Chest,0.999946117401123,1,/content/drive/MyDrive/MACROBATT/INPUT_PDF_FILES/24781756.pdf
38,Diagnostic_procedure,X-ray,0.9999650716781616,1,/content/drive/MyDrive/MACROBATT/INPUT_PDF_FILES/24781756.pdf
39,Sign_symptom,cardiomegaly,0.9933984875679016,1,/content/drive/MyDrive/MACROBATT/INPUT_PDF_FILES/24781756.pdf
40,Biological_structure,cardiac,0.9999494552612305,1,/content/drive/MyDrive/MACROBATT/INPUT_PDF_FILES/24781756.pdf
41,Diagnostic_procedure,Echo,0.9999589920043945,1,/content/drive/MyDrive/MACROBATT/INPUT_PDF_FILES/24781756.pdf
42,Detailed_description,symmetrical,0.9999165534973145,1,/content/drive/MyDrive/MACROBATT/INPUT_PDF_FILES/24781756.pdf
43,Sign_symptom,left ventricular hypertrophy,0.999851644039154,1,/content/drive/MyDrive/MACROBATT/INPUT_PDF_FILES/24781756.pdf
44,Sign_symptom,tricuspid regurge,0.9996225833892822,1,/content/drive/MyDrive/MACROBATT/INPUT_PDF_FILES/24781756.pdf
45,Biological_structure,pulmonary,0.9999104738235474,1,/content/drive/MyDrive/MACROBATT/INPUT_PDF_FILES/24781756.pdf
46,Clinical_event,transported,0.9998592138290405,1,/content/drive/MyDrive/MACROBATT/INPUT_PDF_FILES/24781756.pdf
47,Nonbiological_location,NICU,0.9997660517692566,1,/content/drive/MyDrive/MACROBATT/INPUT_PDF_FILES/24781756.pdf
48,Medication,bicarbonate,0.9994280934333801,1,/content/drive/MyDrive/MACROBATT/INPUT_PDF_FILES/24781756.pdf
49,Medication,acetate,0.9453251957893372,1,/content/drive/MyDrive/MACROBATT/INPUT_PDF_FILES/24781756.pdf
50,Medication,diuretics,0.9572088718414307,1,/content/drive/MyDrive/MACROBATT/INPUT_PDF_FILES/24781756.pdf
51,Biological_structure,muscle,0.9999121427536011,1,/content/drive/MyDrive/MACROBATT/INPUT_PDF_FILES/24781756.pdf
52,Diagnostic_procedure,Pathology,0.9999330043792725,1,/content/drive/MyDrive/MACROBATT/INPUT_PDF_FILES/24781756.pdf
53,Lab_value,decreased,0.9999401569366455,1,/content/drive/MyDrive/MACROBATT/INPUT_PDF_FILES/24781756.pdf
54,Diagnostic_procedure,cytochrome decreased cytochrome c oxidase,0.9730018377304077,1,/content/drive/MyDrive/MACROBATT/INPUT_PDF_FILES/24781756.pdf
55,Biological_structure,Brain,0.9999607801437378,1,/content/drive/MyDrive/MACROBATT/INPUT_PDF_FILES/24781756.pdf
56,Diagnostic_procedure,ultrasound,0.999970555305481,1,/content/drive/MyDrive/MACROBATT/INPUT_PDF_FILES/24781756.pdf
57,Date,5 days,0.9994651079177856,1,/content/drive/MyDrive/MACROBATT/INPUT_PDF_FILES/24781756.pdf
58,Biological_structure,head head,0.5002918243408203,1,/content/drive/MyDrive/MACROBATT/INPUT_PDF_FILES/24781756.pdf
59,Diagnostic_procedure,circumference,0.9981175065040588,1,/content/drive/MyDrive/MACROBATT/INPUT_PDF_FILES/24781756.pdf
60,Lab_value,grew rapidly,0.9996200799942017,1,/content/drive/MyDrive/MACROBATT/INPUT_PDF_FILES/24781756.pdf
61,Lab_value,adding 13 centimeters,0.9993004202842712,1,/content/drive/MyDrive/MACROBATT/INPUT_PDF_FILES/24781756.pdf
62,Biological_structure,brain,0.999963641166687,1,/content/drive/MyDrive/MACROBATT/INPUT_PDF_FILES/24781756.pdf
63,Sign_symptom,dilated,0.9998514652252197,1,/content/drive/MyDrive/MACROBATT/INPUT_PDF_FILES/24781756.pdf
64,Sign_symptom,repeated dilated,0.999580442905426,1,/content/drive/MyDrive/MACROBATT/INPUT_PDF_FILES/24781756.pdf
65,Biological_structure,ventricles,0.9998540878295898,1,/content/drive/MyDrive/MACROBATT/INPUT_PDF_FILES/24781756.pdf
66,Detailed_description,subcortical,0.7028894424438477,1,/content/drive/MyDrive/MACROBATT/INPUT_PDF_FILES/24781756.pdf
67,Biological_structure,subcortical cortical,0.9193103909492493,1,/content/drive/MyDrive/MACROBATT/INPUT_PDF_FILES/24781756.pdf
68,Detailed_description,white matter,0.9155720472335815,1,/content/drive/MyDrive/MACROBATT/INPUT_PDF_FILES/24781756.pdf
69,Sign_symptom,hemorrhage,0.9810516834259033,1,/content/drive/MyDrive/MACROBATT/INPUT_PDF_FILES/24781756.pdf
70,Biological_structure,confirmed also showed subcortical cortical hemorrhage occipital region,0.9999512434005737,1,/content/drive/MyDrive/MACROBATT/INPUT_PDF_FILES/24781756.pdf
71,Biological_structure,occipital,0.9975977540016174,1,/content/drive/MyDrive/MACROBATT/INPUT_PDF_FILES/24781756.pdf
72,Detailed_description,ventriculoperitoneal,0.9998470544815063,1,/content/drive/MyDrive/MACROBATT/INPUT_PDF_FILES/24781756.pdf
73,Therapeutic_procedure,VP ),0.9954899549484253,1,/content/drive/MyDrive/MACROBATT/INPUT_PDF_FILES/24781756.pdf
74,Therapeutic_procedure,shunt,0.9926034212112427,1,/content/drive/MyDrive/MACROBATT/INPUT_PDF_FILES/24781756.pdf
75,Biological_structure,Head,0.9999524354934692,1,/content/drive/MyDrive/MACROBATT/INPUT_PDF_FILES/24781756.pdf
76,Date,2 years,0.9997063875198364,1,/content/drive/MyDrive/MACROBATT/INPUT_PDF_FILES/24781756.pdf
77,Sign_symptom,dilatation,0.9999425411224365,1,/content/drive/MyDrive/MACROBATT/INPUT_PDF_FILES/24781756.pdf
78,Disease_disorder,hypotonia with,0.9997524619102478,1,/content/drive/MyDrive/MACROBATT/INPUT_PDF_FILES/24781756.pdf
79,Disease_disorder,hypotonia,0.9991934895515442,1,/content/drive/MyDrive/MACROBATT/INPUT_PDF_FILES/24781756.pdf
80,Disease_disorder,feeding feeding difficulties,0.9995956420898438,1,/content/drive/MyDrive/MACROBATT/INPUT_PDF_FILES/24781756.pdf
81,Detailed_description,percutaneous endoscopic gastrostomy,0.9890334010124207,1,/content/drive/MyDrive/MACROBATT/INPUT_PDF_FILES/24781756.pdf
82,Therapeutic_procedure,gastrostomy,0.8283988833427429,1,/content/drive/MyDrive/MACROBATT/INPUT_PDF_FILES/24781756.pdf
83,Therapeutic_procedure,PEG,0.9982506632804871,1,/content/drive/MyDrive/MACROBATT/INPUT_PDF_FILES/24781756.pdf
84,Therapeutic_procedure,feeding feeding tube,0.9993828535079956,1,/content/drive/MyDrive/MACROBATT/INPUT_PDF_FILES/24781756.pdf
85,Biological_structure,Eye,0.9999309778213501,1,/content/drive/MyDrive/MACROBATT/INPUT_PDF_FILES/24781756.pdf
86,Diagnostic_procedure,examination,0.999944806098938,1,/content/drive/MyDrive/MACROBATT/INPUT_PDF_FILES/24781756.pdf
87,Date,15 weeks,0.999798059463501,1,/content/drive/MyDrive/MACROBATT/INPUT_PDF_FILES/24781756.pdf
88,Biological_structure,cortical,0.8225400447845459,1,/content/drive/MyDrive/MACROBATT/INPUT_PDF_FILES/24781756.pdf
89,Diagnostic_procedure,Hearing test,0.999947190284729,1,/content/drive/MyDrive/MACROBATT/INPUT_PDF_FILES/24781756.pdf
90,Diagnostic_procedure,ABR,0.9999752044677734,1,/content/drive/MyDrive/MACROBATT/INPUT_PDF_FILES/24781756.pdf
91,Severity,mild mild,0.9997702240943909,1,/content/drive/MyDrive/MACROBATT/INPUT_PDF_FILES/24781756.pdf
92,Sign_symptom,tricuspid,0.8588631749153137,1,/content/drive/MyDrive/MACROBATT/INPUT_PDF_FILES/24781756.pdf
93,Disease_disorder,LVH,0.99982088804245,1,/content/drive/MyDrive/MACROBATT/INPUT_PDF_FILES/24781756.pdf
94,Disease_disorder,pulmonary hypertension,0.7665790915489197,1,/content/drive/MyDrive/MACROBATT/INPUT_PDF_FILES/24781756.pdf
95,Disease_disorder,PHTN,0.8340652585029602,1,/content/drive/MyDrive/MACROBATT/INPUT_PDF_FILES/24781756.pdf
96,Duration,first,0.8973389267921448,1,/content/drive/MyDrive/MACROBATT/INPUT_PDF_FILES/24781756.pdf
97,Date,months,0.8296871185302734,1,/content/drive/MyDrive/MACROBATT/INPUT_PDF_FILES/24781756.pdf
98,Detailed_description,hypertrophic,0.9227988719940186,1,/content/drive/MyDrive/MACROBATT/INPUT_PDF_FILES/24781756.pdf
99,Detailed_description,obstructive,0.9991196990013123,1,/content/drive/MyDrive/MACROBATT/INPUT_PDF_FILES/24781756.pdf
100,Medication,cardiomyopathy diuretics,0.9999110698699951,1,/content/drive/MyDrive/MACROBATT/INPUT_PDF_FILES/24781756.pdf
101,Medication,beta blockers blockers,0.9997134208679199,1,/content/drive/MyDrive/MACROBATT/INPUT_PDF_FILES/24781756.pdf
102,Medication,calcium channel blockers blockers,0.9996697306632996,1,/content/drive/MyDrive/MACROBATT/INPUT_PDF_FILES/24781756.pdf
103,Medication,Coenzyme,0.7595540285110474,1,/content/drive/MyDrive/MACROBATT/INPUT_PDF_FILES/24781756.pdf
104,Medication,Q10,0.9814876317977905,1,/content/drive/MyDrive/MACROBATT/INPUT_PDF_FILES/24781756.pdf
105,Date,4 months,0.9997768998146057,1,/content/drive/MyDrive/MACROBATT/INPUT_PDF_FILES/24781756.pdf
106,Clinical_event,admitted,0.9998469352722168,1,/content/drive/MyDrive/MACROBATT/INPUT_PDF_FILES/24781756.pdf
107,Frequency,several times,0.9974541664123535,1,/content/drive/MyDrive/MACROBATT/INPUT_PDF_FILES/24781756.pdf
108,Nonbiological_location,hospital,0.9986268281936646,1,/content/drive/MyDrive/MACROBATT/INPUT_PDF_FILES/24781756.pdf
109,Biological_structure,chest,0.9998242259025574,1,/content/drive/MyDrive/MACROBATT/INPUT_PDF_FILES/24781756.pdf
110,Date,age of 30 months,0.9996771812438965,1,/content/drive/MyDrive/MACROBATT/INPUT_PDF_FILES/24781756.pdf
111,Severity,severe,0.9998459815979004,1,/content/drive/MyDrive/MACROBATT/INPUT_PDF_FILES/24781756.pdf
112,Sign_symptom,the months hypoxemia with chest mechanical,0.9999682903289795,1,/content/drive/MyDrive/MACROBATT/INPUT_PDF_FILES/24781756.pdf
113,Sign_symptom,hypoxemia,0.9999443292617798,1,/content/drive/MyDrive/MACROBATT/INPUT_PDF_FILES/24781756.pdf
114,Disease_disorder,febrile illness,0.9989699721336365,1,/content/drive/MyDrive/MACROBATT/INPUT_PDF_FILES/24781756.pdf
115,Disease_disorder,infection,0.9998815059661865,1,/content/drive/MyDrive/MACROBATT/INPUT_PDF_FILES/24781756.pdf
116,Subject,parents,0.9985105395317078,1,/content/drive/MyDrive/MACROBATT/INPUT_PDF_FILES/24781756.pdf
117,Detailed_description,refused refused,0.9163470268249512,1,/content/drive/MyDrive/MACROBATT/INPUT_PDF_FILES/24781756.pdf
118,Therapeutic_procedure,mechanical ventilation,0.9997038841247559,1,/content/drive/MyDrive/MACROBATT/INPUT_PDF_FILES/24781756.pdf
