,Entity Group,Value,Score,Page,Pdf File
0,Sex,woman,0.999402642250061,1,/content/drive/MyDrive/MACROBATT/INPUT_PDF_FILES/24898994.pdf
1,Age,60s,0.9942980408668518,1,/content/drive/MyDrive/MACROBATT/INPUT_PDF_FILES/24898994.pdf
2,Diagnostic_procedure,screen,0.9999176263809204,1,/content/drive/MyDrive/MACROBATT/INPUT_PDF_FILES/24898994.pdf
3,Detailed_description,invasive invasive,0.9999676942825317,1,/content/drive/MyDrive/MACROBATT/INPUT_PDF_FILES/24898994.pdf
4,Detailed_description,lobular,0.9999558925628662,1,/content/drive/MyDrive/MACROBATT/INPUT_PDF_FILES/24898994.pdf
5,Biological_structure,breast breast breast,0.9998679161071777,1,/content/drive/MyDrive/MACROBATT/INPUT_PDF_FILES/24898994.pdf
6,Disease_disorder,carcinoma carcinoma,0.9994977712631226,1,/content/drive/MyDrive/MACROBATT/INPUT_PDF_FILES/24898994.pdf
7,Disease_disorder,ductal carcinoma carcinoma,0.9996376037597656,1,/content/drive/MyDrive/MACROBATT/INPUT_PDF_FILES/24898994.pdf
8,Diagnostic_procedure,CT imaging,0.9999285340309143,1,/content/drive/MyDrive/MACROBATT/INPUT_PDF_FILES/24898994.pdf
9,Therapeutic_procedure,mastectomy,0.9995548129081726,1,/content/drive/MyDrive/MACROBATT/INPUT_PDF_FILES/24898994.pdf
10,Distance,12 cm,0.999595046043396,1,/content/drive/MyDrive/MACROBATT/INPUT_PDF_FILES/24898994.pdf
11,Biological_structure,pelvic,0.9999395608901978,1,/content/drive/MyDrive/MACROBATT/INPUT_PDF_FILES/24898994.pdf
12,Biological_structure,pelvic initial,0.9994010925292969,1,/content/drive/MyDrive/MACROBATT/INPUT_PDF_FILES/24898994.pdf
13,Sign_symptom,mass,0.9999074935913086,1,/content/drive/MyDrive/MACROBATT/INPUT_PDF_FILES/24898994.pdf
14,Sign_symptom,fibroid,0.9794110655784607,1,/content/drive/MyDrive/MACROBATT/INPUT_PDF_FILES/24898994.pdf
15,Detailed_description,postmenopausal,0.9999607801437378,1,/content/drive/MyDrive/MACROBATT/INPUT_PDF_FILES/24898994.pdf
16,Sign_symptom,bleeding,0.9997854828834534,1,/content/drive/MyDrive/MACROBATT/INPUT_PDF_FILES/24898994.pdf
17,Biological_structure,postmenopausal bleeding led pelvic ultrasound,0.9982603192329407,1,/content/drive/MyDrive/MACROBATT/INPUT_PDF_FILES/24898994.pdf
18,Diagnostic_procedure,hysteroscopy,0.9999639987945557,1,/content/drive/MyDrive/MACROBATT/INPUT_PDF_FILES/24898994.pdf
19,Diagnostic_procedure,biopsy,0.9995341300964355,1,/content/drive/MyDrive/MACROBATT/INPUT_PDF_FILES/24898994.pdf
20,Detailed_description,undifferentiated,0.9999487400054932,1,/content/drive/MyDrive/MACROBATT/INPUT_PDF_FILES/24898994.pdf
21,Disease_disorder,sarcoma,0.9351931810379028,1,/content/drive/MyDrive/MACROBATT/INPUT_PDF_FILES/24898994.pdf
22,Biological_structure,uterine,0.8426713943481445,1,/content/drive/MyDrive/MACROBATT/INPUT_PDF_FILES/24898994.pdf
23,Coreference,tumour,0.9994352459907532,1,/content/drive/MyDrive/MACROBATT/INPUT_PDF_FILES/24898994.pdf
24,Detailed_description,primary malignancy,0.9610273241996765,1,/content/drive/MyDrive/MACROBATT/INPUT_PDF_FILES/24898994.pdf
25,Disease_disorder,metastasis,0.9998853206634521,1,/content/drive/MyDrive/MACROBATT/INPUT_PDF_FILES/24898994.pdf
26,Therapeutic_procedure,Hysterectomy,0.9999467134475708,1,/content/drive/MyDrive/MACROBATT/INPUT_PDF_FILES/24898994.pdf
27,Detailed_description,bilateral,0.9999531507492065,1,/content/drive/MyDrive/MACROBATT/INPUT_PDF_FILES/24898994.pdf
28,Therapeutic_procedure,salpingo-oophorectomy,0.9999150037765503,1,/content/drive/MyDrive/MACROBATT/INPUT_PDF_FILES/24898994.pdf
29,Therapeutic_procedure,adjuvant,0.9952959418296814,1,/content/drive/MyDrive/MACROBATT/INPUT_PDF_FILES/24898994.pdf
30,Diagnostic_procedure,Histological examination,0.9999134540557861,1,/content/drive/MyDrive/MACROBATT/INPUT_PDF_FILES/24898994.pdf
31,Detailed_description,partially necrotic,0.9971539974212646,1,/content/drive/MyDrive/MACROBATT/INPUT_PDF_FILES/24898994.pdf
32,Detailed_description,discrete outline,0.999862790107727,1,/content/drive/MyDrive/MACROBATT/INPUT_PDF_FILES/24898994.pdf
33,Detailed_description,malignant spindle cells cells,0.9999231100082397,1,/content/drive/MyDrive/MACROBATT/INPUT_PDF_FILES/24898994.pdf
34,Detailed_description,pleomorphic cells cells,0.9831068515777588,1,/content/drive/MyDrive/MACROBATT/INPUT_PDF_FILES/24898994.pdf
35,Detailed_description,eosinophilic,0.9466790556907654,1,/content/drive/MyDrive/MACROBATT/INPUT_PDF_FILES/24898994.pdf
36,Detailed_description,Plentiful,0.9757778644561768,1,/content/drive/MyDrive/MACROBATT/INPUT_PDF_FILES/24898994.pdf
37,Detailed_description,osteoclast-like,0.9998975992202759,1,/content/drive/MyDrive/MACROBATT/INPUT_PDF_FILES/24898994.pdf
38,Sign_symptom,giant cells,0.9997835755348206,1,/content/drive/MyDrive/MACROBATT/INPUT_PDF_FILES/24898994.pdf
39,Diagnostic_procedure,Mitoses,0.9999418258666992,1,/content/drive/MyDrive/MACROBATT/INPUT_PDF_FILES/24898994.pdf
40,Lab_value,numerous,0.9998220801353455,1,/content/drive/MyDrive/MACROBATT/INPUT_PDF_FILES/24898994.pdf
41,Sign_symptom,structurally abnormal forms,0.9998623728752136,1,/content/drive/MyDrive/MACROBATT/INPUT_PDF_FILES/24898994.pdf
42,Coreference,Neoplastic cells,0.9976176619529724,1,/content/drive/MyDrive/MACROBATT/INPUT_PDF_FILES/24898994.pdf
43,Coreference,tumour tumour,0.999478280544281,1,/content/drive/MyDrive/MACROBATT/INPUT_PDF_FILES/24898994.pdf
44,Disease_disorder,carcinosarcoma,0.9924619793891907,1,/content/drive/MyDrive/MACROBATT/INPUT_PDF_FILES/24898994.pdf
45,Coreference,Tumour,0.9995476603507996,1,/content/drive/MyDrive/MACROBATT/INPUT_PDF_FILES/24898994.pdf
46,Coreference,Tumour cells,0.9827020168304443,1,/content/drive/MyDrive/MACROBATT/INPUT_PDF_FILES/24898994.pdf
47,Diagnostic_procedure,immunohistochemical vimentin,0.9999337196350098,1,/content/drive/MyDrive/MACROBATT/INPUT_PDF_FILES/24898994.pdf
48,Diagnostic_procedure,immunohistochemical,0.8968678116798401,1,/content/drive/MyDrive/MACROBATT/INPUT_PDF_FILES/24898994.pdf
49,Lab_value,expression,0.9998457431793213,1,/content/drive/MyDrive/MACROBATT/INPUT_PDF_FILES/24898994.pdf
50,Diagnostic_procedure,vimentin,0.9999563694000244,1,/content/drive/MyDrive/MACROBATT/INPUT_PDF_FILES/24898994.pdf
51,Diagnostic_procedure,smooth muscle actin,0.9997892379760742,1,/content/drive/MyDrive/MACROBATT/INPUT_PDF_FILES/24898994.pdf
52,Diagnostic_procedure,SMA,0.999480128288269,1,/content/drive/MyDrive/MACROBATT/INPUT_PDF_FILES/24898994.pdf
53,Diagnostic_procedure,desmin,0.9996580481529236,1,/content/drive/MyDrive/MACROBATT/INPUT_PDF_FILES/24898994.pdf
54,Diagnostic_procedure,CD99,0.9998971223831177,1,/content/drive/MyDrive/MACROBATT/INPUT_PDF_FILES/24898994.pdf
55,Diagnostic_procedure,Epithelial markers,0.9999426603317261,1,/content/drive/MyDrive/MACROBATT/INPUT_PDF_FILES/24898994.pdf
56,Diagnostic_procedure,immunohistochemical primary,0.9999544620513916,1,/content/drive/MyDrive/MACROBATT/INPUT_PDF_FILES/24898994.pdf
57,Detailed_description,multiple,0.9998857975006104,1,/content/drive/MyDrive/MACROBATT/INPUT_PDF_FILES/24898994.pdf
58,Biological_structure,peritoneal,0.9997174143791199,1,/content/drive/MyDrive/MACROBATT/INPUT_PDF_FILES/24898994.pdf
59,Biological_structure,pulmonary,0.9999544620513916,1,/content/drive/MyDrive/MACROBATT/INPUT_PDF_FILES/24898994.pdf
60,Detailed_description,metastatic,0.9999662637710571,1,/content/drive/MyDrive/MACROBATT/INPUT_PDF_FILES/24898994.pdf
61,Detailed_description,palliative,0.9999344348907471,1,/content/drive/MyDrive/MACROBATT/INPUT_PDF_FILES/24898994.pdf
62,Therapeutic_procedure,chemotherapy,0.9996713399887085,1,/content/drive/MyDrive/MACROBATT/INPUT_PDF_FILES/24898994.pdf
63,Outcome,died,0.9977574944496155,1,/content/drive/MyDrive/MACROBATT/INPUT_PDF_FILES/24898994.pdf
64,Date,several months,0.9994962215423584,1,/content/drive/MyDrive/MACROBATT/INPUT_PDF_FILES/24898994.pdf
