,Entity Group,Value,Score,Page,Pdf File
0,Age,66-year-old,0.9951125383377075,1,/content/drive/MyDrive/MACROBATT/INPUT_PDF_FILES/25023062.pdf
1,Personal_background,Caucasian,0.9988246560096741,1,/content/drive/MyDrive/MACROBATT/INPUT_PDF_FILES/25023062.pdf
2,Sex,woman,0.9997960925102234,1,/content/drive/MyDrive/MACROBATT/INPUT_PDF_FILES/25023062.pdf
3,Sign_symptom,hypertension,0.9963976144790649,1,/content/drive/MyDrive/MACROBATT/INPUT_PDF_FILES/25023062.pdf
4,Clinical_event,admitted,0.999887228012085,1,/content/drive/MyDrive/MACROBATT/INPUT_PDF_FILES/25023062.pdf
5,Nonbiological_location,hospital,0.9992246627807617,1,/content/drive/MyDrive/MACROBATT/INPUT_PDF_FILES/25023062.pdf
6,Diagnostic_procedure,lactate dehydrogenase,0.999625027179718,1,/content/drive/MyDrive/MACROBATT/INPUT_PDF_FILES/25023062.pdf
7,Qualitative_concept,high,0.9842656850814819,1,/content/drive/MyDrive/MACROBATT/INPUT_PDF_FILES/25023062.pdf
8,Biological_structure,mediastinal,0.9936855435371399,1,/content/drive/MyDrive/MACROBATT/INPUT_PDF_FILES/25023062.pdf
9,Sign_symptom,mass,0.9999592304229736,1,/content/drive/MyDrive/MACROBATT/INPUT_PDF_FILES/25023062.pdf
10,Distance,more than 10cm,0.9986598491668701,1,/content/drive/MyDrive/MACROBATT/INPUT_PDF_FILES/25023062.pdf
11,Diagnostic_procedure,physical examination,0.9999494552612305,1,/content/drive/MyDrive/MACROBATT/INPUT_PDF_FILES/25023062.pdf
12,Detailed_description,basal,0.9999717473983765,1,/content/drive/MyDrive/MACROBATT/INPUT_PDF_FILES/25023062.pdf
13,Diagnostic_procedure,electrocardiography,0.9981322288513184,1,/content/drive/MyDrive/MACROBATT/INPUT_PDF_FILES/25023062.pdf
14,Diagnostic_procedure,ECG,0.7505287528038025,1,/content/drive/MyDrive/MACROBATT/INPUT_PDF_FILES/25023062.pdf
15,Sign_symptom,sinus rhythm,0.9994193911552429,1,/content/drive/MyDrive/MACROBATT/INPUT_PDF_FILES/25023062.pdf
16,Diagnostic_procedure,heart rate,0.9999629855155945,1,/content/drive/MyDrive/MACROBATT/INPUT_PDF_FILES/25023062.pdf
17,Lab_value,72 beats/minute,0.9454889297485352,1,/content/drive/MyDrive/MACROBATT/INPUT_PDF_FILES/25023062.pdf
18,Diagnostic_procedure,Two-dimensional,0.9971291422843933,1,/content/drive/MyDrive/MACROBATT/INPUT_PDF_FILES/25023062.pdf
19,Diagnostic_procedure,Two-dimensional transthoracic echocardiography,0.9816188812255859,1,/content/drive/MyDrive/MACROBATT/INPUT_PDF_FILES/25023062.pdf
20,Diagnostic_procedure,TTE,0.9994041919708252,1,/content/drive/MyDrive/MACROBATT/INPUT_PDF_FILES/25023062.pdf
21,Lab_value,normal,0.9998449087142944,1,/content/drive/MyDrive/MACROBATT/INPUT_PDF_FILES/25023062.pdf
22,Diagnostic_procedure,biventricular functions,0.8964275121688843,1,/content/drive/MyDrive/MACROBATT/INPUT_PDF_FILES/25023062.pdf
23,Diagnostic_procedure,LV LVEF Two-dimensional echocardiography Siemens Sequoia revealed biventricular ejection regurgitation moderate pericardial effusion,0.863143265247345,1,/content/drive/MyDrive/MACROBATT/INPUT_PDF_FILES/25023062.pdf
24,Diagnostic_procedure,fraction,0.9960546493530273,1,/content/drive/MyDrive/MACROBATT/INPUT_PDF_FILES/25023062.pdf
25,Diagnostic_procedure,LV LVEF,0.9303210377693176,1,/content/drive/MyDrive/MACROBATT/INPUT_PDF_FILES/25023062.pdf
26,Severity,mild,0.9997749924659729,1,/content/drive/MyDrive/MACROBATT/INPUT_PDF_FILES/25023062.pdf
27,Biological_structure,mitral,0.9990308284759521,1,/content/drive/MyDrive/MACROBATT/INPUT_PDF_FILES/25023062.pdf
28,Biological_structure,biventricular tricuspid,0.9997014403343201,1,/content/drive/MyDrive/MACROBATT/INPUT_PDF_FILES/25023062.pdf
29,Biological_structure,Acuson tricuspid,0.9113929271697998,1,/content/drive/MyDrive/MACROBATT/INPUT_PDF_FILES/25023062.pdf
30,Severity,moderate,0.9997875094413757,1,/content/drive/MyDrive/MACROBATT/INPUT_PDF_FILES/25023062.pdf
31,Sign_symptom,pericardial,0.5768441557884216,1,/content/drive/MyDrive/MACROBATT/INPUT_PDF_FILES/25023062.pdf
32,Diagnostic_procedure,risk high-risk assessment,0.9998295307159424,1,/content/drive/MyDrive/MACROBATT/INPUT_PDF_FILES/25023062.pdf
33,Severity,high-risk,0.7938491106033325,1,/content/drive/MyDrive/MACROBATT/INPUT_PDF_FILES/25023062.pdf
34,Medication,risk high-risk rituximab-hyperfractionated-cyclophosphamide-vincristine-,0.9998283386230469,1,/content/drive/MyDrive/MACROBATT/INPUT_PDF_FILES/25023062.pdf
35,Medication,rituximab-hyperfractionated-cyclophosphamide-vincristine-,0.9994231462478638,1,/content/drive/MyDrive/MACROBATT/INPUT_PDF_FILES/25023062.pdf
36,Medication,rituximab-hyperfractionated-cyclophosphamide-vincristine- doxorubicin-dexamethasone,0.9926309585571289,1,/content/drive/MyDrive/MACROBATT/INPUT_PDF_FILES/25023062.pdf
37,Medication,doxorubicin-dexamethasone,0.9992967844009399,1,/content/drive/MyDrive/MACROBATT/INPUT_PDF_FILES/25023062.pdf
38,Medication,category doxorubicin-dexamethasone,0.9996294975280762,1,/content/drive/MyDrive/MACROBATT/INPUT_PDF_FILES/25023062.pdf
39,Medication,R-Hyper-CVAD,0.9921851754188538,1,/content/drive/MyDrive/MACROBATT/INPUT_PDF_FILES/25023062.pdf
40,Medication,chemotherapy,0.9998594522476196,1,/content/drive/MyDrive/MACROBATT/INPUT_PDF_FILES/25023062.pdf
41,Diagnostic_procedure,laboratory values,0.9999364614486694,1,/content/drive/MyDrive/MACROBATT/INPUT_PDF_FILES/25023062.pdf
42,Dosage,high-dose,0.9988675117492676,1,/content/drive/MyDrive/MACROBATT/INPUT_PDF_FILES/25023062.pdf
43,Medication,cyclophosphamide,0.9998757839202881,1,/content/drive/MyDrive/MACROBATT/INPUT_PDF_FILES/25023062.pdf
44,Dosage,300mg/m2 twice daily,0.9997289180755615,1,/content/drive/MyDrive/MACROBATT/INPUT_PDF_FILES/25023062.pdf
45,Medication,high-dose doxorubicin,0.9999010562896729,1,/content/drive/MyDrive/MACROBATT/INPUT_PDF_FILES/25023062.pdf
46,Medication,doxorubicin rituximab dexamethasone,0.9942927360534668,1,/content/drive/MyDrive/MACROBATT/INPUT_PDF_FILES/25023062.pdf
47,Medication,doxorubicin,0.9927231073379517,1,/content/drive/MyDrive/MACROBATT/INPUT_PDF_FILES/25023062.pdf
48,Dosage,25mg/m2/day,0.9996684193611145,1,/content/drive/MyDrive/MACROBATT/INPUT_PDF_FILES/25023062.pdf
49,Lab_value,300mg/m2 25mg/m2/day 2 375mg/m2/day 2mg/day 2,0.6310074925422668,1,/content/drive/MyDrive/MACROBATT/INPUT_PDF_FILES/25023062.pdf
50,Medication,rituximab,0.9900082349777222,1,/content/drive/MyDrive/MACROBATT/INPUT_PDF_FILES/25023062.pdf
51,Dosage,375mg/m2/day,0.9996436238288879,1,/content/drive/MyDrive/MACROBATT/INPUT_PDF_FILES/25023062.pdf
52,Medication,dexamethasone,0.9985901117324829,1,/content/drive/MyDrive/MACROBATT/INPUT_PDF_FILES/25023062.pdf
53,Dosage,40mg/day,0.9963333606719971,1,/content/drive/MyDrive/MACROBATT/INPUT_PDF_FILES/25023062.pdf
54,Lab_value,40mg/day 4,0.8894348740577698,1,/content/drive/MyDrive/MACROBATT/INPUT_PDF_FILES/25023062.pdf
55,Medication,vincristine,0.999138593673706,1,/content/drive/MyDrive/MACROBATT/INPUT_PDF_FILES/25023062.pdf
56,Dosage,2mg/day,0.9992454051971436,1,/content/drive/MyDrive/MACROBATT/INPUT_PDF_FILES/25023062.pdf
57,Medication,dose doxorubicin,0.9999128580093384,1,/content/drive/MyDrive/MACROBATT/INPUT_PDF_FILES/25023062.pdf
58,Dosage,1800mg/m2,0.9982739686965942,1,/content/drive/MyDrive/MACROBATT/INPUT_PDF_FILES/25023062.pdf
59,Dosage,50mg/m2,0.9682279229164124,1,/content/drive/MyDrive/MACROBATT/INPUT_PDF_FILES/25023062.pdf
60,Medication,allopurinol perorally,0.9998992681503296,1,/content/drive/MyDrive/MACROBATT/INPUT_PDF_FILES/25023062.pdf
61,Medication,allopurinol,0.9609680771827698,1,/content/drive/MyDrive/MACROBATT/INPUT_PDF_FILES/25023062.pdf
62,Dosage,300mg/day,0.9995123744010925,1,/content/drive/MyDrive/MACROBATT/INPUT_PDF_FILES/25023062.pdf
63,Medication,sodium bicarbonate,0.9990196228027344,1,/content/drive/MyDrive/MACROBATT/INPUT_PDF_FILES/25023062.pdf
64,Dosage,10 flacon/day,0.9533331990242004,1,/content/drive/MyDrive/MACROBATT/INPUT_PDF_FILES/25023062.pdf
65,Administration,allopurinol infusion against,0.9966216087341309,1,/content/drive/MyDrive/MACROBATT/INPUT_PDF_FILES/25023062.pdf
66,Administration,infusion,0.9988825917243958,1,/content/drive/MyDrive/MACROBATT/INPUT_PDF_FILES/25023062.pdf
67,Duration,24 hours,0.9990526437759399,1,/content/drive/MyDrive/MACROBATT/INPUT_PDF_FILES/25023062.pdf
68,Medication,mesna,0.9957124590873718,1,/content/drive/MyDrive/MACROBATT/INPUT_PDF_FILES/25023062.pdf
69,Dosage,600mg/m2/day,0.9996358752250671,1,/content/drive/MyDrive/MACROBATT/INPUT_PDF_FILES/25023062.pdf
70,Duration,24 600mg/m2/day 2 days,0.9996891617774963,1,/content/drive/MyDrive/MACROBATT/INPUT_PDF_FILES/25023062.pdf
71,Therapeutic_procedure,prophylaxis,0.9998331069946289,1,/content/drive/MyDrive/MACROBATT/INPUT_PDF_FILES/25023062.pdf
72,Disease_disorder,tumor lysis syndrome,0.9997400045394897,1,/content/drive/MyDrive/MACROBATT/INPUT_PDF_FILES/25023062.pdf
73,Disease_disorder,chemotherapy hemorrhagic,0.9997039437294006,1,/content/drive/MyDrive/MACROBATT/INPUT_PDF_FILES/25023062.pdf
74,Disease_disorder,hemorrhagic cystitis,0.9916647672653198,1,/content/drive/MyDrive/MACROBATT/INPUT_PDF_FILES/25023062.pdf
75,Medication,granisetron,0.9992523193359375,1,/content/drive/MyDrive/MACROBATT/INPUT_PDF_FILES/25023062.pdf
76,Medication,lansoprazole,0.9999028444290161,1,/content/drive/MyDrive/MACROBATT/INPUT_PDF_FILES/25023062.pdf
77,Dosage,30mg/day,0.999732494354248,1,/content/drive/MyDrive/MACROBATT/INPUT_PDF_FILES/25023062.pdf
78,Detailed_description,antiemetogenic,0.9999207258224487,1,/content/drive/MyDrive/MACROBATT/INPUT_PDF_FILES/25023062.pdf
79,Biological_structure,gastric,0.999841570854187,1,/content/drive/MyDrive/MACROBATT/INPUT_PDF_FILES/25023062.pdf
80,Sign_symptom,developed dyspnea day,0.9999352693557739,1,/content/drive/MyDrive/MACROBATT/INPUT_PDF_FILES/25023062.pdf
81,Sign_symptom,dyspnea,0.9845924377441406,1,/content/drive/MyDrive/MACROBATT/INPUT_PDF_FILES/25023062.pdf
82,Date,seventh day,0.999801516532898,1,/content/drive/MyDrive/MACROBATT/INPUT_PDF_FILES/25023062.pdf
83,Diagnostic_procedure,blood pressure,0.999961793422699,1,/content/drive/MyDrive/MACROBATT/INPUT_PDF_FILES/25023062.pdf
84,Lab_value,100/60mmHg,0.9998844265937805,1,/content/drive/MyDrive/MACROBATT/INPUT_PDF_FILES/25023062.pdf
85,Lab_value,110 beats/minute,0.9997898936271667,1,/content/drive/MyDrive/MACROBATT/INPUT_PDF_FILES/25023062.pdf
86,Biological_structure,chest,0.9999591112136841,1,/content/drive/MyDrive/MACROBATT/INPUT_PDF_FILES/25023062.pdf
87,Sign_symptom,inspiratory inspiratory sounds,0.9993484616279602,1,/content/drive/MyDrive/MACROBATT/INPUT_PDF_FILES/25023062.pdf
88,Biological_structure,lower zones zones,0.9999004006385803,1,/content/drive/MyDrive/MACROBATT/INPUT_PDF_FILES/25023062.pdf
89,Sign_symptom,inspiratory inspiratory,0.9997437000274658,1,/content/drive/MyDrive/MACROBATT/INPUT_PDF_FILES/25023062.pdf
90,Sign_symptom,inspiratory inspiratory crackles,0.9764642715454102,1,/content/drive/MyDrive/MACROBATT/INPUT_PDF_FILES/25023062.pdf
91,Sign_symptom,cardiac murmurs,0.9998751878738403,1,/content/drive/MyDrive/MACROBATT/INPUT_PDF_FILES/25023062.pdf
92,Lab_value,low voltage,0.9998857378959656,1,/content/drive/MyDrive/MACROBATT/INPUT_PDF_FILES/25023062.pdf
93,Diagnostic_procedure,limb,0.9883514046669006,1,/content/drive/MyDrive/MACROBATT/INPUT_PDF_FILES/25023062.pdf
94,Lab_value,diffusely,0.9980682730674744,1,/content/drive/MyDrive/MACROBATT/INPUT_PDF_FILES/25023062.pdf
95,Lab_value,increased,0.9997572302818298,1,/content/drive/MyDrive/MACROBATT/INPUT_PDF_FILES/25023062.pdf
96,Biological_structure,myocardial,0.9839663505554199,1,/content/drive/MyDrive/MACROBATT/INPUT_PDF_FILES/25023062.pdf
97,Diagnostic_procedure,echogenicity,0.8794885873794556,1,/content/drive/MyDrive/MACROBATT/INPUT_PDF_FILES/25023062.pdf
98,Lab_value,generally impaired,0.9987081289291382,1,/content/drive/MyDrive/MACROBATT/INPUT_PDF_FILES/25023062.pdf
99,Detailed_description,biventricular,0.9480249881744385,1,/content/drive/MyDrive/MACROBATT/INPUT_PDF_FILES/25023062.pdf
100,Diagnostic_procedure,biventricular ventricular,0.7556294798851013,1,/content/drive/MyDrive/MACROBATT/INPUT_PDF_FILES/25023062.pdf
101,Diagnostic_procedure,systolic functions,0.9995222091674805,1,/content/drive/MyDrive/MACROBATT/INPUT_PDF_FILES/25023062.pdf
102,Diagnostic_procedure,LVEF,0.9999024271965027,1,/content/drive/MyDrive/MACROBATT/INPUT_PDF_FILES/25023062.pdf
103,Lab_value,31 %,0.9999175071716309,1,/content/drive/MyDrive/MACROBATT/INPUT_PDF_FILES/25023062.pdf
104,Biological_structure,right biventricular ventricular,0.9998272657394409,1,/content/drive/MyDrive/MACROBATT/INPUT_PDF_FILES/25023062.pdf
105,Detailed_description,mid-apical,0.9992399215698242,1,/content/drive/MyDrive/MACROBATT/INPUT_PDF_FILES/25023062.pdf
106,Detailed_description,Manifest,0.9999150037765503,1,/content/drive/MyDrive/MACROBATT/INPUT_PDF_FILES/25023062.pdf
107,Sign_symptom,pleural,0.9996727705001831,1,/content/drive/MyDrive/MACROBATT/INPUT_PDF_FILES/25023062.pdf
108,Sign_symptom,pleural effusion,0.9997890591621399,1,/content/drive/MyDrive/MACROBATT/INPUT_PDF_FILES/25023062.pdf
109,Disease_disorder,Drug-induced cardiotoxicity,0.998549222946167,1,/content/drive/MyDrive/MACROBATT/INPUT_PDF_FILES/25023062.pdf
110,Disease_disorder,myocarditis,0.7757067680358887,1,/content/drive/MyDrive/MACROBATT/INPUT_PDF_FILES/25023062.pdf
111,Medication,Furosemide,0.9902186393737793,1,/content/drive/MyDrive/MACROBATT/INPUT_PDF_FILES/25023062.pdf
112,Medication,ramipril,0.9999092817306519,1,/content/drive/MyDrive/MACROBATT/INPUT_PDF_FILES/25023062.pdf
113,Medication,beta-blocker,0.9995160102844238,1,/content/drive/MyDrive/MACROBATT/INPUT_PDF_FILES/25023062.pdf
114,Lab_value,37 %,0.9996992349624634,1,/content/drive/MyDrive/MACROBATT/INPUT_PDF_FILES/25023062.pdf
115,Biological_structure,right ventricular,0.9826130867004395,1,/content/drive/MyDrive/MACROBATT/INPUT_PDF_FILES/25023062.pdf
116,Sign_symptom,dyspnea decreased and discharged day,0.9999610185623169,1,/content/drive/MyDrive/MACROBATT/INPUT_PDF_FILES/25023062.pdf
117,Activity,discharged,0.985421359539032,1,/content/drive/MyDrive/MACROBATT/INPUT_PDF_FILES/25023062.pdf
118,Medication,methotrexate,0.9894043207168579,1,/content/drive/MyDrive/MACROBATT/INPUT_PDF_FILES/25023062.pdf
119,Medication,cytarabine,0.998961865901947,1,/content/drive/MyDrive/MACROBATT/INPUT_PDF_FILES/25023062.pdf
120,Sign_symptom,neutropenia pneumonia,0.9999687671661377,1,/content/drive/MyDrive/MACROBATT/INPUT_PDF_FILES/25023062.pdf
121,Sign_symptom,neutropenia,0.9999669790267944,1,/content/drive/MyDrive/MACROBATT/INPUT_PDF_FILES/25023062.pdf
122,Sign_symptom,cardiac failure symptoms,0.999830424785614,1,/content/drive/MyDrive/MACROBATT/INPUT_PDF_FILES/25023062.pdf
123,Medication,chemotherapy chemotherapy,0.9998353719711304,1,/content/drive/MyDrive/MACROBATT/INPUT_PDF_FILES/25023062.pdf
124,Detailed_description,another,0.993583619594574,1,/content/drive/MyDrive/MACROBATT/INPUT_PDF_FILES/25023062.pdf
125,Sign_symptom,remission,0.9989802241325378,1,/content/drive/MyDrive/MACROBATT/INPUT_PDF_FILES/25023062.pdf
