,Entity Group,Value,Score,Page,Pdf File
0,Age,29-year-old,0.996711254119873,1,/content/drive/MyDrive/MACROBATT/INPUT_PDF_FILES/25024632.pdf
1,Sex,primipara,0.9957724213600159,1,/content/drive/MyDrive/MACROBATT/INPUT_PDF_FILES/25024632.pdf
2,Sex,primipara abdominal,0.9849927425384521,1,/content/drive/MyDrive/MACROBATT/INPUT_PDF_FILES/25024632.pdf
3,Clinical_event,presented,0.9995699524879456,1,/content/drive/MyDrive/MACROBATT/INPUT_PDF_FILES/25024632.pdf
4,Coreference,complaints,0.9995197057723999,1,/content/drive/MyDrive/MACROBATT/INPUT_PDF_FILES/25024632.pdf
5,Detailed_description,persistent,0.9618014097213745,1,/content/drive/MyDrive/MACROBATT/INPUT_PDF_FILES/25024632.pdf
6,Severity,severe,0.9995831847190857,1,/content/drive/MyDrive/MACROBATT/INPUT_PDF_FILES/25024632.pdf
7,Detailed_description,right -sided,0.9997634887695312,1,/content/drive/MyDrive/MACROBATT/INPUT_PDF_FILES/25024632.pdf
8,Biological_structure,upper abdominal,0.9999008178710938,1,/content/drive/MyDrive/MACROBATT/INPUT_PDF_FILES/25024632.pdf
9,Sign_symptom,pain,0.9999527931213379,1,/content/drive/MyDrive/MACROBATT/INPUT_PDF_FILES/25024632.pdf
10,Activity,physical exercise,0.9973150491714478,1,/content/drive/MyDrive/MACROBATT/INPUT_PDF_FILES/25024632.pdf
11,Detailed_description,local,0.9430895447731018,1,/content/drive/MyDrive/MACROBATT/INPUT_PDF_FILES/25024632.pdf
12,Detailed_description,developed gradually,0.9993734359741211,1,/content/drive/MyDrive/MACROBATT/INPUT_PDF_FILES/25024632.pdf
13,Clinical_event,giving birth,0.9956777691841125,1,/content/drive/MyDrive/MACROBATT/INPUT_PDF_FILES/25024632.pdf
14,Date,one year,0.9996057748794556,1,/content/drive/MyDrive/MACROBATT/INPUT_PDF_FILES/25024632.pdf
15,Clinical_event,pregnancy,0.996769905090332,1,/content/drive/MyDrive/MACROBATT/INPUT_PDF_FILES/25024632.pdf
16,Disease_disorder,HELLP syndrome,0.9996556639671326,1,/content/drive/MyDrive/MACROBATT/INPUT_PDF_FILES/25024632.pdf
17,Detailed_description,subcapsular,0.9999364614486694,1,/content/drive/MyDrive/MACROBATT/INPUT_PDF_FILES/25024632.pdf
18,Biological_structure,liver,0.9999463558197021,1,/content/drive/MyDrive/MACROBATT/INPUT_PDF_FILES/25024632.pdf
19,Sign_symptom,hematoma,0.99992835521698,1,/content/drive/MyDrive/MACROBATT/INPUT_PDF_FILES/25024632.pdf
20,Area,20 cm cm × 5 cm cm,0.9975899457931519,1,/content/drive/MyDrive/MACROBATT/INPUT_PDF_FILES/25024632.pdf
21,Disease_disorder,sexually transmitted diseases,0.999836266040802,1,/content/drive/MyDrive/MACROBATT/INPUT_PDF_FILES/25024632.pdf
22,Disease_disorder,pelvic inflammatory diseases disease,0.9443019032478333,1,/content/drive/MyDrive/MACROBATT/INPUT_PDF_FILES/25024632.pdf
23,Disease_disorder,PID,0.9998929500579834,1,/content/drive/MyDrive/MACROBATT/INPUT_PDF_FILES/25024632.pdf
24,Biological_structure,intra-abdominal,0.9999434947967529,1,/content/drive/MyDrive/MACROBATT/INPUT_PDF_FILES/25024632.pdf
25,Biological_structure,upper-abdominal,0.9999434947967529,1,/content/drive/MyDrive/MACROBATT/INPUT_PDF_FILES/25024632.pdf
26,Diagnostic_procedure,magnetic resonance imaging,0.9999526143074036,1,/content/drive/MyDrive/MACROBATT/INPUT_PDF_FILES/25024632.pdf
27,Sign_symptom,density,0.9999326467514038,1,/content/drive/MyDrive/MACROBATT/INPUT_PDF_FILES/25024632.pdf
28,Biological_structure,upper-abdominal perihepatic,0.6117298007011414,1,/content/drive/MyDrive/MACROBATT/INPUT_PDF_FILES/25024632.pdf
29,Detailed_description,perihepatic,0.877459704875946,1,/content/drive/MyDrive/MACROBATT/INPUT_PDF_FILES/25024632.pdf
30,Sign_symptom,adhesions,0.9311215281486511,1,/content/drive/MyDrive/MACROBATT/INPUT_PDF_FILES/25024632.pdf
31,Clinical_event,referred,0.9998766183853149,1,/content/drive/MyDrive/MACROBATT/INPUT_PDF_FILES/25024632.pdf
32,Nonbiological_location,She the hepatobiliary the adhesion the,0.9994526505470276,1,/content/drive/MyDrive/MACROBATT/INPUT_PDF_FILES/25024632.pdf
33,Nonbiological_location,hepatobiliary,0.868948221206665,1,/content/drive/MyDrive/MACROBATT/INPUT_PDF_FILES/25024632.pdf
34,Diagnostic_procedure,laparoscopy,0.999915599822998,1,/content/drive/MyDrive/MACROBATT/INPUT_PDF_FILES/25024632.pdf
35,Detailed_description,thick,0.9996895790100098,1,/content/drive/MyDrive/MACROBATT/INPUT_PDF_FILES/25024632.pdf
36,Sign_symptom,adhesion,0.9861924648284912,1,/content/drive/MyDrive/MACROBATT/INPUT_PDF_FILES/25024632.pdf
37,Therapeutic_procedure,Adhesiolysis,0.9983728528022766,1,/content/drive/MyDrive/MACROBATT/INPUT_PDF_FILES/25024632.pdf
38,Therapeutic_procedure,monopolar diathermia,0.9994745254516602,1,/content/drive/MyDrive/MACROBATT/INPUT_PDF_FILES/25024632.pdf
39,Therapeutic_procedure,sharp diathermia dissection,0.9944028854370117,1,/content/drive/MyDrive/MACROBATT/INPUT_PDF_FILES/25024632.pdf
40,Dosage,1.5 L,0.9988248348236084,1,/content/drive/MyDrive/MACROBATT/INPUT_PDF_FILES/25024632.pdf
41,Medication,Adept,0.9952220320701599,1,/content/drive/MyDrive/MACROBATT/INPUT_PDF_FILES/25024632.pdf
42,Medication,icodextrin,0.9990785121917725,1,/content/drive/MyDrive/MACROBATT/INPUT_PDF_FILES/25024632.pdf
43,Biological_structure,peritoneal,0.999779462814331,1,/content/drive/MyDrive/MACROBATT/INPUT_PDF_FILES/25024632.pdf
44,Biological_structure,peritoneal cavity,0.9997292160987854,1,/content/drive/MyDrive/MACROBATT/INPUT_PDF_FILES/25024632.pdf
45,Date,three years,0.9780265092849731,1,/content/drive/MyDrive/MACROBATT/INPUT_PDF_FILES/25024632.pdf
