,Entity Group,Value,Score,Page,Pdf File
0,Age,45-year-old,0.9983960390090942,1,/content/drive/MyDrive/MACROBATT/INPUT_PDF_FILES/25139918.pdf
1,Sex,woman,0.9997771382331848,1,/content/drive/MyDrive/MACROBATT/INPUT_PDF_FILES/25139918.pdf
2,Clinical_event,presents,0.9995725750923157,1,/content/drive/MyDrive/MACROBATT/INPUT_PDF_FILES/25139918.pdf
3,Nonbiological_location,general practitioner,0.9987678527832031,1,/content/drive/MyDrive/MACROBATT/INPUT_PDF_FILES/25139918.pdf
4,Detailed_description,left-,0.9999688863754272,1,/content/drive/MyDrive/MACROBATT/INPUT_PDF_FILES/25139918.pdf
5,Detailed_description,sided,0.9996017813682556,1,/content/drive/MyDrive/MACROBATT/INPUT_PDF_FILES/25139918.pdf
6,Biological_structure,neck,0.9999279975891113,1,/content/drive/MyDrive/MACROBATT/INPUT_PDF_FILES/25139918.pdf
7,Biological_structure,shoulder,0.9999436140060425,1,/content/drive/MyDrive/MACROBATT/INPUT_PDF_FILES/25139918.pdf
8,Sign_symptom,pain,0.9999364614486694,1,/content/drive/MyDrive/MACROBATT/INPUT_PDF_FILES/25139918.pdf
9,Severity,mild,0.999806821346283,1,/content/drive/MyDrive/MACROBATT/INPUT_PDF_FILES/25139918.pdf
10,Detailed_description,non-specific,0.8907954096794128,1,/content/drive/MyDrive/MACROBATT/INPUT_PDF_FILES/25139918.pdf
11,History,history,0.5690377950668335,1,/content/drive/MyDrive/MACROBATT/INPUT_PDF_FILES/25139918.pdf
12,History,"denied a alcohol and radiation history of smoking , excessive alcohol use and radiation",0.9997789263725281,1,/content/drive/MyDrive/MACROBATT/INPUT_PDF_FILES/25139918.pdf
13,Diagnostic_procedure,Physical examination,0.9999151825904846,1,/content/drive/MyDrive/MACROBATT/INPUT_PDF_FILES/25139918.pdf
14,Biological_structure,left sided,0.9882633686065674,1,/content/drive/MyDrive/MACROBATT/INPUT_PDF_FILES/25139918.pdf
15,Biological_structure,cervical,0.999950647354126,1,/content/drive/MyDrive/MACROBATT/INPUT_PDF_FILES/25139918.pdf
16,Sign_symptom,Physical mild left cervical lymphadenopathy,0.9978570342063904,1,/content/drive/MyDrive/MACROBATT/INPUT_PDF_FILES/25139918.pdf
17,Sign_symptom,lymphadenopathy,0.9976287484169006,1,/content/drive/MyDrive/MACROBATT/INPUT_PDF_FILES/25139918.pdf
18,Diagnostic_procedure,blood tests,0.9999542832374573,1,/content/drive/MyDrive/MACROBATT/INPUT_PDF_FILES/25139918.pdf
19,Detailed_description,borderline,0.9994537234306335,1,/content/drive/MyDrive/MACROBATT/INPUT_PDF_FILES/25139918.pdf
20,Lab_value,elevated elevated,0.9978576302528381,1,/content/drive/MyDrive/MACROBATT/INPUT_PDF_FILES/25139918.pdf
21,Diagnostic_procedure,calcium,0.9999618530273438,1,/content/drive/MyDrive/MACROBATT/INPUT_PDF_FILES/25139918.pdf
22,Lab_value,10.5 mg/dL,0.9996729493141174,1,/content/drive/MyDrive/MACROBATT/INPUT_PDF_FILES/25139918.pdf
23,Diagnostic_procedure,work up,0.9999540448188782,1,/content/drive/MyDrive/MACROBATT/INPUT_PDF_FILES/25139918.pdf
24,Diagnostic_procedure,parathyroid,0.9993888735771179,1,/content/drive/MyDrive/MACROBATT/INPUT_PDF_FILES/25139918.pdf
25,Diagnostic_procedure,parathyroid hormone,0.9999362230300903,1,/content/drive/MyDrive/MACROBATT/INPUT_PDF_FILES/25139918.pdf
26,Lab_value,286,0.9999184608459473,1,/content/drive/MyDrive/MACROBATT/INPUT_PDF_FILES/25139918.pdf
27,Clinical_event,referred,0.9998335838317871,1,/content/drive/MyDrive/MACROBATT/INPUT_PDF_FILES/25139918.pdf
28,Nonbiological_location,otolaryngology,0.9994888305664062,1,/content/drive/MyDrive/MACROBATT/INPUT_PDF_FILES/25139918.pdf
29,Biological_structure,Thyroid,0.9999463558197021,1,/content/drive/MyDrive/MACROBATT/INPUT_PDF_FILES/25139918.pdf
30,Diagnostic_procedure,ultrasound,0.9999569654464722,1,/content/drive/MyDrive/MACROBATT/INPUT_PDF_FILES/25139918.pdf
31,Detailed_description,Thyroid showed hypoechoic the the thyroid,0.9999438524246216,1,/content/drive/MyDrive/MACROBATT/INPUT_PDF_FILES/25139918.pdf
32,Detailed_description,hypoechoic,0.9999395608901978,1,/content/drive/MyDrive/MACROBATT/INPUT_PDF_FILES/25139918.pdf
33,Sign_symptom,nodule,0.9984915256500244,1,/content/drive/MyDrive/MACROBATT/INPUT_PDF_FILES/25139918.pdf
34,Distance,2 cm,0.999544084072113,1,/content/drive/MyDrive/MACROBATT/INPUT_PDF_FILES/25139918.pdf
35,Detailed_description,the hypodense the the thyroid showed the the thyroid,0.9999555349349976,1,/content/drive/MyDrive/MACROBATT/INPUT_PDF_FILES/25139918.pdf
36,Detailed_description,hypodense,0.9999366998672485,1,/content/drive/MyDrive/MACROBATT/INPUT_PDF_FILES/25139918.pdf
37,Detailed_description,posterior,0.9164835810661316,1,/content/drive/MyDrive/MACROBATT/INPUT_PDF_FILES/25139918.pdf
38,Biological_structure,inferior,0.7853623628616333,1,/content/drive/MyDrive/MACROBATT/INPUT_PDF_FILES/25139918.pdf
39,Biological_structure,thyroid thyroid,0.9998743534088135,1,/content/drive/MyDrive/MACROBATT/INPUT_PDF_FILES/25139918.pdf
40,Diagnostic_procedure,sestamibi,0.9931212663650513,1,/content/drive/MyDrive/MACROBATT/INPUT_PDF_FILES/25139918.pdf
41,Lab_value,increased,0.9994789958000183,1,/content/drive/MyDrive/MACROBATT/INPUT_PDF_FILES/25139918.pdf
42,Sign_symptom,uptake,0.9998334646224976,1,/content/drive/MyDrive/MACROBATT/INPUT_PDF_FILES/25139918.pdf
43,Biological_structure,left left,0.7254531383514404,1,/content/drive/MyDrive/MACROBATT/INPUT_PDF_FILES/25139918.pdf
44,Lab_value,Elevated,0.9998679161071777,1,/content/drive/MyDrive/MACROBATT/INPUT_PDF_FILES/25139918.pdf
45,Diagnostic_procedure,PTH,0.9998743534088135,1,/content/drive/MyDrive/MACROBATT/INPUT_PDF_FILES/25139918.pdf
46,Sign_symptom,aberrant,0.9997656941413879,1,/content/drive/MyDrive/MACROBATT/INPUT_PDF_FILES/25139918.pdf
47,Sign_symptom,Elevated with aberrant parathyroid suggests hyperparathyroidism,0.9902903437614441,1,/content/drive/MyDrive/MACROBATT/INPUT_PDF_FILES/25139918.pdf
48,Biological_structure,parathyroid hyperparathyroidism,0.9998840093612671,1,/content/drive/MyDrive/MACROBATT/INPUT_PDF_FILES/25139918.pdf
49,Biological_structure,parathyroid hyperparathyroidism gland,0.847210705280304,1,/content/drive/MyDrive/MACROBATT/INPUT_PDF_FILES/25139918.pdf
50,Diagnostic_procedure,imaging,0.9998893737792969,1,/content/drive/MyDrive/MACROBATT/INPUT_PDF_FILES/25139918.pdf
51,Detailed_description,primary,0.9999386072158813,1,/content/drive/MyDrive/MACROBATT/INPUT_PDF_FILES/25139918.pdf
52,Biological_structure,hyperparathyroidism,0.7921679615974426,1,/content/drive/MyDrive/MACROBATT/INPUT_PDF_FILES/25139918.pdf
53,Disease_disorder,hyperparathyroidism hyperparathyroidism,0.8416524529457092,1,/content/drive/MyDrive/MACROBATT/INPUT_PDF_FILES/25139918.pdf
54,Disease_disorder,hyperparathyroidism hyperparathyroidism parathyroid,0.749467134475708,1,/content/drive/MyDrive/MACROBATT/INPUT_PDF_FILES/25139918.pdf
55,Biological_structure,bone,0.942216694355011,1,/content/drive/MyDrive/MACROBATT/INPUT_PDF_FILES/25139918.pdf
56,Disease_disorder,renal stones,0.8658543825149536,1,/content/drive/MyDrive/MACROBATT/INPUT_PDF_FILES/25139918.pdf
57,Disease_disorder,bone stones neuromuscular,0.9830135703086853,1,/content/drive/MyDrive/MACROBATT/INPUT_PDF_FILES/25139918.pdf
58,Disease_disorder,neuromuscular dysfunction,0.9272252321243286,1,/content/drive/MyDrive/MACROBATT/INPUT_PDF_FILES/25139918.pdf
59,Sign_symptom,associated disease asymptomatic.3,0.9927950501441956,1,/content/drive/MyDrive/MACROBATT/INPUT_PDF_FILES/25139918.pdf
60,Sign_symptom,asymptomatic.3,0.6958519220352173,1,/content/drive/MyDrive/MACROBATT/INPUT_PDF_FILES/25139918.pdf
61,Sign_symptom,asymptomatic.3 adenoma,0.707351565361023,1,/content/drive/MyDrive/MACROBATT/INPUT_PDF_FILES/25139918.pdf
62,Detailed_description,Primary,0.9946238994598389,1,/content/drive/MyDrive/MACROBATT/INPUT_PDF_FILES/25139918.pdf
63,Biological_structure,parathyroid parathyroid,0.9999241828918457,1,/content/drive/MyDrive/MACROBATT/INPUT_PDF_FILES/25139918.pdf
64,Lab_value,elevated,0.9996246099472046,1,/content/drive/MyDrive/MACROBATT/INPUT_PDF_FILES/25139918.pdf
65,Detailed_description,serum,0.9999223947525024,1,/content/drive/MyDrive/MACROBATT/INPUT_PDF_FILES/25139918.pdf
66,Severity,severe,0.9994338154792786,1,/content/drive/MyDrive/MACROBATT/INPUT_PDF_FILES/25139918.pdf
67,Biological_structure,renal,0.9999414682388306,1,/content/drive/MyDrive/MACROBATT/INPUT_PDF_FILES/25139918.pdf
68,Sign_symptom,manifestations,0.986086368560791,1,/content/drive/MyDrive/MACROBATT/INPUT_PDF_FILES/25139918.pdf
69,Therapeutic_procedure,operatively,0.9987236261367798,1,/content/drive/MyDrive/MACROBATT/INPUT_PDF_FILES/25139918.pdf
70,Sign_symptom,invasion,0.9999043941497803,1,/content/drive/MyDrive/MACROBATT/INPUT_PDF_FILES/25139918.pdf
71,Sign_symptom,metastases.3,0.9948896169662476,1,/content/drive/MyDrive/MACROBATT/INPUT_PDF_FILES/25139918.pdf
72,Sign_symptom,manifestations metastases.3,0.9207895398139954,1,/content/drive/MyDrive/MACROBATT/INPUT_PDF_FILES/25139918.pdf
73,Biological_structure,parathyroidectomy,0.9994480013847351,1,/content/drive/MyDrive/MACROBATT/INPUT_PDF_FILES/25139918.pdf
74,Sign_symptom,asymptomatic was was was,0.9994673132896423,1,/content/drive/MyDrive/MACROBATT/INPUT_PDF_FILES/25139918.pdf
75,Sign_symptom,asymptomatic,0.9984239339828491,1,/content/drive/MyDrive/MACROBATT/INPUT_PDF_FILES/25139918.pdf
76,Diagnostic_procedure,following glomerular age ng/dL younger surgery management,0.9999582767486572,1,/content/drive/MyDrive/MACROBATT/INPUT_PDF_FILES/25139918.pdf
77,Diagnostic_procedure,glomerular filtration rate,0.9925530552864075,1,/content/drive/MyDrive/MACROBATT/INPUT_PDF_FILES/25139918.pdf
78,Age,younger than 50 50 years,0.9953453540802002,1,/content/drive/MyDrive/MACROBATT/INPUT_PDF_FILES/25139918.pdf
79,Therapeutic_procedure,surgery,0.9958294034004211,1,/content/drive/MyDrive/MACROBATT/INPUT_PDF_FILES/25139918.pdf
80,Clinical_event,brought,0.999836802482605,1,/content/drive/MyDrive/MACROBATT/INPUT_PDF_FILES/25139918.pdf
81,Nonbiological_location,operating room,0.9996687769889832,1,/content/drive/MyDrive/MACROBATT/INPUT_PDF_FILES/25139918.pdf
82,Biological_structure,parathyroid thyroid,0.714652955532074,1,/content/drive/MyDrive/MACROBATT/INPUT_PDF_FILES/25139918.pdf
83,Sign_symptom,firm,0.998229444026947,1,/content/drive/MyDrive/MACROBATT/INPUT_PDF_FILES/25139918.pdf
84,Detailed_description,densely,0.9972615242004395,1,/content/drive/MyDrive/MACROBATT/INPUT_PDF_FILES/25139918.pdf
85,Sign_symptom,adherent,0.9575050473213196,1,/content/drive/MyDrive/MACROBATT/INPUT_PDF_FILES/25139918.pdf
86,Biological_structure,muscle,0.9945057034492493,1,/content/drive/MyDrive/MACROBATT/INPUT_PDF_FILES/25139918.pdf
87,Diagnostic_procedure,resected specimen,0.9998574256896973,1,/content/drive/MyDrive/MACROBATT/INPUT_PDF_FILES/25139918.pdf
88,Color,brownish grey,0.9963991045951843,1,/content/drive/MyDrive/MACROBATT/INPUT_PDF_FILES/25139918.pdf
89,Texture,irregular,0.928763747215271,1,/content/drive/MyDrive/MACROBATT/INPUT_PDF_FILES/25139918.pdf
90,Lab_value,positive,0.9926146268844604,1,/content/drive/MyDrive/MACROBATT/INPUT_PDF_FILES/25139918.pdf
91,Disease_disorder,carcinoma,0.9995158910751343,1,/content/drive/MyDrive/MACROBATT/INPUT_PDF_FILES/25139918.pdf
92,Detailed_description,focal,0.9999179840087891,1,/content/drive/MyDrive/MACROBATT/INPUT_PDF_FILES/25139918.pdf
93,Sign_symptom,tumour,0.9999532699584961,1,/content/drive/MyDrive/MACROBATT/INPUT_PDF_FILES/25139918.pdf
94,Detailed_description,reactive,0.9999562501907349,1,/content/drive/MyDrive/MACROBATT/INPUT_PDF_FILES/25139918.pdf
95,Sign_symptom,confirmed fibrosis figures,0.9999221563339233,1,/content/drive/MyDrive/MACROBATT/INPUT_PDF_FILES/25139918.pdf
96,Sign_symptom,fibrosis,0.9942640662193298,1,/content/drive/MyDrive/MACROBATT/INPUT_PDF_FILES/25139918.pdf
97,Sign_symptom,invasion invasion,0.9999544620513916,1,/content/drive/MyDrive/MACROBATT/INPUT_PDF_FILES/25139918.pdf
98,Therapeutic_procedure,Margins were resected,0.9726813435554504,1,/content/drive/MyDrive/MACROBATT/INPUT_PDF_FILES/25139918.pdf
99,Diagnostic_procedure,Immunohistochemical,0.9999605417251587,1,/content/drive/MyDrive/MACROBATT/INPUT_PDF_FILES/25139918.pdf
100,Diagnostic_procedure,Immunohistochemical stains,0.9998455047607422,1,/content/drive/MyDrive/MACROBATT/INPUT_PDF_FILES/25139918.pdf
101,Diagnostic_procedure,Ki-67,0.9999434947967529,1,/content/drive/MyDrive/MACROBATT/INPUT_PDF_FILES/25139918.pdf
102,Lab_value,strong,0.9998514652252197,1,/content/drive/MyDrive/MACROBATT/INPUT_PDF_FILES/25139918.pdf
103,Diagnostic_procedure,Bcl-1,0.9979822635650635,1,/content/drive/MyDrive/MACROBATT/INPUT_PDF_FILES/25139918.pdf
104,Diagnostic_procedure,P57 staining,0.9998064041137695,1,/content/drive/MyDrive/MACROBATT/INPUT_PDF_FILES/25139918.pdf
105,Disease_disorder,carcinomas,0.9995841383934021,1,/content/drive/MyDrive/MACROBATT/INPUT_PDF_FILES/25139918.pdf
106,Sign_symptom,hypercalcaemia,0.9916965961456299,1,/content/drive/MyDrive/MACROBATT/INPUT_PDF_FILES/25139918.pdf
107,Disease_disorder,cancers,0.999652624130249,1,/content/drive/MyDrive/MACROBATT/INPUT_PDF_FILES/25139918.pdf
108,Clinical_event,followed up,0.9989426136016846,2,/content/drive/MyDrive/MACROBATT/INPUT_PDF_FILES/25139918.pdf
109,Diagnostic_procedure,imaging,0.9998940229415894,2,/content/drive/MyDrive/MACROBATT/INPUT_PDF_FILES/25139918.pdf
110,Sign_symptom,tumour,0.9999032020568848,2,/content/drive/MyDrive/MACROBATT/INPUT_PDF_FILES/25139918.pdf
111,Diagnostic_procedure,sestamibi,0.794426441192627,2,/content/drive/MyDrive/MACROBATT/INPUT_PDF_FILES/25139918.pdf
112,Diagnostic_procedure,positron,0.9999583959579468,2,/content/drive/MyDrive/MACROBATT/INPUT_PDF_FILES/25139918.pdf
113,Diagnostic_procedure,positron emission tomography,0.9618138074874878,2,/content/drive/MyDrive/MACROBATT/INPUT_PDF_FILES/25139918.pdf
114,Diagnostic_procedure,PET,0.9999433755874634,2,/content/drive/MyDrive/MACROBATT/INPUT_PDF_FILES/25139918.pdf
115,Detailed_description,residual,0.9988294243812561,2,/content/drive/MyDrive/MACROBATT/INPUT_PDF_FILES/25139918.pdf
116,Therapeutic_procedure,operation,0.999454915523529,2,/content/drive/MyDrive/MACROBATT/INPUT_PDF_FILES/25139918.pdf
117,Detailed_description,radical,0.9999737739562988,2,/content/drive/MyDrive/MACROBATT/INPUT_PDF_FILES/25139918.pdf
118,Detailed_description,left left,0.9897594451904297,2,/content/drive/MyDrive/MACROBATT/INPUT_PDF_FILES/25139918.pdf
119,Biological_structure,neck,0.999833345413208,2,/content/drive/MyDrive/MACROBATT/INPUT_PDF_FILES/25139918.pdf
120,Therapeutic_procedure,radical dissection,0.950115978717804,2,/content/drive/MyDrive/MACROBATT/INPUT_PDF_FILES/25139918.pdf
121,Therapeutic_procedure,hemithyroidectomy,0.9495221972465515,2,/content/drive/MyDrive/MACROBATT/INPUT_PDF_FILES/25139918.pdf
122,Sign_symptom,recovered,0.9997168183326721,2,/content/drive/MyDrive/MACROBATT/INPUT_PDF_FILES/25139918.pdf
123,Date,3 years,0.9972740411758423,2,/content/drive/MyDrive/MACROBATT/INPUT_PDF_FILES/25139918.pdf
124,Outcome,continues to to monitor do very every well,0.9917141199111938,2,/content/drive/MyDrive/MACROBATT/INPUT_PDF_FILES/25139918.pdf
125,Frequency,every 3 months,0.998698890209198,2,/content/drive/MyDrive/MACROBATT/INPUT_PDF_FILES/25139918.pdf
126,Detailed_description,serum,0.999927282333374,2,/content/drive/MyDrive/MACROBATT/INPUT_PDF_FILES/25139918.pdf
127,Diagnostic_procedure,PTH,0.9993409514427185,2,/content/drive/MyDrive/MACROBATT/INPUT_PDF_FILES/25139918.pdf
128,Diagnostic_procedure,calcium,0.9999350309371948,2,/content/drive/MyDrive/MACROBATT/INPUT_PDF_FILES/25139918.pdf
129,Biological_structure,shoulder,0.999944806098938,2,/content/drive/MyDrive/MACROBATT/INPUT_PDF_FILES/25139918.pdf
130,Frequency,Sometimes,0.9962543249130249,2,/content/drive/MyDrive/MACROBATT/INPUT_PDF_FILES/25139918.pdf
131,Diagnostic_procedure,blood tests,0.9999580383300781,2,/content/drive/MyDrive/MACROBATT/INPUT_PDF_FILES/25139918.pdf
132,Lab_value,elevated,0.9996123909950256,2,/content/drive/MyDrive/MACROBATT/INPUT_PDF_FILES/25139918.pdf
133,Sign_symptom,eucalcaemic,0.938986599445343,2,/content/drive/MyDrive/MACROBATT/INPUT_PDF_FILES/25139918.pdf
134,Diagnostic_procedure,nuclear scans scans,0.9999576807022095,2,/content/drive/MyDrive/MACROBATT/INPUT_PDF_FILES/25139918.pdf
135,Clinical_event,monitored,0.9995255470275879,2,/content/drive/MyDrive/MACROBATT/INPUT_PDF_FILES/25139918.pdf
