,Entity Group,Value,Score,Page,Pdf File
0,Age,20-year-old,0.9979190826416016,1,/content/drive/MyDrive/MACROBATT/INPUT_PDF_FILES/25155594.pdf
1,Sex,male,0.9992544054985046,1,/content/drive/MyDrive/MACROBATT/INPUT_PDF_FILES/25155594.pdf
2,History,cystic fibrosis,0.9996206164360046,1,/content/drive/MyDrive/MACROBATT/INPUT_PDF_FILES/25155594.pdf
3,Clinical_event,transferred,0.9998717308044434,1,/content/drive/MyDrive/MACROBATT/INPUT_PDF_FILES/25155594.pdf
4,Nonbiological_location,Houston Methodist Hospital,0.9997763633728027,1,/content/drive/MyDrive/MACROBATT/INPUT_PDF_FILES/25155594.pdf
5,Date,January 2013,0.9998043775558472,1,/content/drive/MyDrive/MACROBATT/INPUT_PDF_FILES/25155594.pdf
6,Clinical_event,evaluated,0.9994660019874573,1,/content/drive/MyDrive/MACROBATT/INPUT_PDF_FILES/25155594.pdf
7,Biological_structure,lung,0.9999395608901978,1,/content/drive/MyDrive/MACROBATT/INPUT_PDF_FILES/25155594.pdf
8,Biological_structure,kidney,0.9999164342880249,1,/content/drive/MyDrive/MACROBATT/INPUT_PDF_FILES/25155594.pdf
9,Disease_disorder,infections,0.999788224697113,1,/content/drive/MyDrive/MACROBATT/INPUT_PDF_FILES/25155594.pdf
10,History,pancreatic insufficiency,0.940414309501648,1,/content/drive/MyDrive/MACROBATT/INPUT_PDF_FILES/25155594.pdf
11,Biological_structure,liver,0.7721949219703674,1,/content/drive/MyDrive/MACROBATT/INPUT_PDF_FILES/25155594.pdf
12,History,transplantation,0.889001727104187,1,/content/drive/MyDrive/MACROBATT/INPUT_PDF_FILES/25155594.pdf
13,History,steroid-induced diabetes,0.9520000219345093,1,/content/drive/MyDrive/MACROBATT/INPUT_PDF_FILES/25155594.pdf
14,History,end-stage renal disease,0.8665502667427063,1,/content/drive/MyDrive/MACROBATT/INPUT_PDF_FILES/25155594.pdf
15,Biological_structure,respiratory,0.9870150089263916,1,/content/drive/MyDrive/MACROBATT/INPUT_PDF_FILES/25155594.pdf
16,Disease_disorder,MRSA,0.9996637105941772,1,/content/drive/MyDrive/MACROBATT/INPUT_PDF_FILES/25155594.pdf
17,Medication,ceftaroline,0.9998856782913208,1,/content/drive/MyDrive/MACROBATT/INPUT_PDF_FILES/25155594.pdf
18,Nonbiological_location,outside hospital,0.9996763467788696,1,/content/drive/MyDrive/MACROBATT/INPUT_PDF_FILES/25155594.pdf
19,Clinical_event,transfer,0.9513785243034363,1,/content/drive/MyDrive/MACROBATT/INPUT_PDF_FILES/25155594.pdf
20,Nonbiological_location,Houston Methodist,0.8624578714370728,1,/content/drive/MyDrive/MACROBATT/INPUT_PDF_FILES/25155594.pdf
21,Frequency,periodically,0.9252336025238037,1,/content/drive/MyDrive/MACROBATT/INPUT_PDF_FILES/25155594.pdf
22,Clinical_event,hospitalized,0.9995346069335938,1,/content/drive/MyDrive/MACROBATT/INPUT_PDF_FILES/25155594.pdf
23,Duration,January to respiratory July 2013,0.9985938668251038,1,/content/drive/MyDrive/MACROBATT/INPUT_PDF_FILES/25155594.pdf
24,Detailed_description,catheter-related,0.9999606609344482,1,/content/drive/MyDrive/MACROBATT/INPUT_PDF_FILES/25155594.pdf
25,Detailed_description,periodically catheter-related aeruginosa,0.9938158988952637,1,/content/drive/MyDrive/MACROBATT/INPUT_PDF_FILES/25155594.pdf
26,Detailed_description,multidrug-resistant,0.8018805384635925,1,/content/drive/MyDrive/MACROBATT/INPUT_PDF_FILES/25155594.pdf
27,Sign_symptom,was hospitalized was respiratory infections caused multidrug-resistant Pseudomonas aeruginosa,0.5464721322059631,1,/content/drive/MyDrive/MACROBATT/INPUT_PDF_FILES/25155594.pdf
28,Medication,antibiotic,0.953889012336731,1,/content/drive/MyDrive/MACROBATT/INPUT_PDF_FILES/25155594.pdf
29,Medication,meropenem,0.9976964592933655,1,/content/drive/MyDrive/MACROBATT/INPUT_PDF_FILES/25155594.pdf
30,Medication,ceftazidime cefepime,0.9923678040504456,1,/content/drive/MyDrive/MACROBATT/INPUT_PDF_FILES/25155594.pdf
31,Medication,ceftazidime,0.9922947883605957,1,/content/drive/MyDrive/MACROBATT/INPUT_PDF_FILES/25155594.pdf
32,Medication,doxycycline,0.9977164268493652,1,/content/drive/MyDrive/MACROBATT/INPUT_PDF_FILES/25155594.pdf
33,Medication,vancomycin,0.9819512367248535,1,/content/drive/MyDrive/MACROBATT/INPUT_PDF_FILES/25155594.pdf
34,Medication,doxycycline linezolid,0.9757705926895142,1,/content/drive/MyDrive/MACROBATT/INPUT_PDF_FILES/25155594.pdf
35,Medication,cefepime,0.9979992508888245,1,/content/drive/MyDrive/MACROBATT/INPUT_PDF_FILES/25155594.pdf
36,Medication,vancomycin ciprofloxacin tobramycin,0.9990816116333008,1,/content/drive/MyDrive/MACROBATT/INPUT_PDF_FILES/25155594.pdf
37,Medication,ciprofloxacin,0.9798428416252136,1,/content/drive/MyDrive/MACROBATT/INPUT_PDF_FILES/25155594.pdf
38,Administration,inhaled,0.9586944580078125,1,/content/drive/MyDrive/MACROBATT/INPUT_PDF_FILES/25155594.pdf
39,Administration,systemic,0.5650244355201721,1,/content/drive/MyDrive/MACROBATT/INPUT_PDF_FILES/25155594.pdf
40,Medication,colistin,0.9978792667388916,1,/content/drive/MyDrive/MACROBATT/INPUT_PDF_FILES/25155594.pdf
41,Medication,tobramycin,0.9938679337501526,1,/content/drive/MyDrive/MACROBATT/INPUT_PDF_FILES/25155594.pdf
42,Clinical_event,readmitted,0.9998536109924316,1,/content/drive/MyDrive/MACROBATT/INPUT_PDF_FILES/25155594.pdf
43,Nonbiological_location,hospital,0.9995187520980835,1,/content/drive/MyDrive/MACROBATT/INPUT_PDF_FILES/25155594.pdf
44,Date,2013,0.9289969205856323,1,/content/drive/MyDrive/MACROBATT/INPUT_PDF_FILES/25155594.pdf
45,Diagnostic_procedure,cultures,0.999929666519165,1,/content/drive/MyDrive/MACROBATT/INPUT_PDF_FILES/25155594.pdf
46,Biological_structure,blood,0.9998856782913208,1,/content/drive/MyDrive/MACROBATT/INPUT_PDF_FILES/25155594.pdf
47,Diagnostic_procedure,trimethoprim-sulfamethoxazole,0.9672080278396606,1,/content/drive/MyDrive/MACROBATT/INPUT_PDF_FILES/25155594.pdf
48,Diagnostic_procedure,isolate,0.9997859597206116,1,/content/drive/MyDrive/MACROBATT/INPUT_PDF_FILES/25155594.pdf
49,Lab_value,grew confluently,0.9998987317085266,1,/content/drive/MyDrive/MACROBATT/INPUT_PDF_FILES/25155594.pdf
50,Medication,around ceftaroline,0.8736757040023804,1,/content/drive/MyDrive/MACROBATT/INPUT_PDF_FILES/25155594.pdf
51,Lab_value,Five,0.9990448355674744,1,/content/drive/MyDrive/MACROBATT/INPUT_PDF_FILES/25155594.pdf
52,Disease_disorder,S. aureus,0.9979742169380188,1,/content/drive/MyDrive/MACROBATT/INPUT_PDF_FILES/25155594.pdf
53,Diagnostic_procedure,isolates,0.9996217489242554,1,/content/drive/MyDrive/MACROBATT/INPUT_PDF_FILES/25155594.pdf
