,Entity Group,Value,Score,Page,Pdf File
0,Age,57-year-old,0.9974948167800903,1,/content/drive/MyDrive/MACROBATT/INPUT_PDF_FILES/25295501.pdf
1,Sex,woman,0.9997372031211853,1,/content/drive/MyDrive/MACROBATT/INPUT_PDF_FILES/25295501.pdf
2,Lab_value,rapidly enlarging,0.9998437166213989,1,/content/drive/MyDrive/MACROBATT/INPUT_PDF_FILES/25295501.pdf
3,Sign_symptom,mass,0.9998912811279297,1,/content/drive/MyDrive/MACROBATT/INPUT_PDF_FILES/25295501.pdf
4,Biological_structure,left side of her neck,0.9998804330825806,1,/content/drive/MyDrive/MACROBATT/INPUT_PDF_FILES/25295501.pdf
5,Detailed_description,total,0.9999127388000488,1,/content/drive/MyDrive/MACROBATT/INPUT_PDF_FILES/25295501.pdf
6,Therapeutic_procedure,thyroidectomy,0.9934967160224915,1,/content/drive/MyDrive/MACROBATT/INPUT_PDF_FILES/25295501.pdf
7,Biological_structure,central neck,0.9998464584350586,1,/content/drive/MyDrive/MACROBATT/INPUT_PDF_FILES/25295501.pdf
8,Distance,3.8-cm,0.9985588192939758,1,/content/drive/MyDrive/MACROBATT/INPUT_PDF_FILES/25295501.pdf
9,Detailed_description,anaplastic,0.9999732971191406,1,/content/drive/MyDrive/MACROBATT/INPUT_PDF_FILES/25295501.pdf
10,Detailed_description,anaplastic Supplementary,0.9874880313873291,1,/content/drive/MyDrive/MACROBATT/INPUT_PDF_FILES/25295501.pdf
11,Disease_disorder,thyroidectomy thyroid thyroid cancer cancer,0.9997866749763489,1,/content/drive/MyDrive/MACROBATT/INPUT_PDF_FILES/25295501.pdf
12,Detailed_description,oncocytic variant,0.9997128248214722,1,/content/drive/MyDrive/MACROBATT/INPUT_PDF_FILES/25295501.pdf
13,Detailed_description,poorly differentiated,0.9999476075172424,1,/content/drive/MyDrive/MACROBATT/INPUT_PDF_FILES/25295501.pdf
14,Diagnostic_procedure,Resection margins,0.9998996257781982,1,/content/drive/MyDrive/MACROBATT/INPUT_PDF_FILES/25295501.pdf
15,Lab_value,3 of 12,0.9542338252067566,1,/content/drive/MyDrive/MACROBATT/INPUT_PDF_FILES/25295501.pdf
16,Biological_structure,lymph involved,0.9998348951339722,1,/content/drive/MyDrive/MACROBATT/INPUT_PDF_FILES/25295501.pdf
17,Biological_structure,lymph,0.8857466578483582,1,/content/drive/MyDrive/MACROBATT/INPUT_PDF_FILES/25295501.pdf
18,Biological_structure,lymph nodes,0.9358410835266113,1,/content/drive/MyDrive/MACROBATT/INPUT_PDF_FILES/25295501.pdf
19,Date,3 weeks after,0.9998812675476074,1,/content/drive/MyDrive/MACROBATT/INPUT_PDF_FILES/25295501.pdf
20,Detailed_description,serum,0.999954104423523,1,/content/drive/MyDrive/MACROBATT/INPUT_PDF_FILES/25295501.pdf
21,Diagnostic_procedure,thyroglobulin thyroglobulin,0.9555447697639465,1,/content/drive/MyDrive/MACROBATT/INPUT_PDF_FILES/25295501.pdf
22,Lab_value,17.2 ng per milliliter,0.989274799823761,1,/content/drive/MyDrive/MACROBATT/INPUT_PDF_FILES/25295501.pdf
23,Lab_value,undetectable,0.9998910427093506,1,/content/drive/MyDrive/MACROBATT/INPUT_PDF_FILES/25295501.pdf
24,Therapeutic_procedure,radiation therapy chemotherapy,0.9998029470443726,1,/content/drive/MyDrive/MACROBATT/INPUT_PDF_FILES/25295501.pdf
25,Medication,carboplatin,0.9999034404754639,1,/content/drive/MyDrive/MACROBATT/INPUT_PDF_FILES/25295501.pdf
26,Medication,paclitaxel,0.9998871088027954,1,/content/drive/MyDrive/MACROBATT/INPUT_PDF_FILES/25295501.pdf
27,Diagnostic_procedure,thyroglobulin,0.9998855590820312,1,/content/drive/MyDrive/MACROBATT/INPUT_PDF_FILES/25295501.pdf
28,Date,4 weeks after,0.9998552799224854,1,/content/drive/MyDrive/MACROBATT/INPUT_PDF_FILES/25295501.pdf
29,Medication,chemotherapy,0.9998371601104736,1,/content/drive/MyDrive/MACROBATT/INPUT_PDF_FILES/25295501.pdf
30,Therapeutic_procedure,radiation chemotherapy therapy,0.999808669090271,1,/content/drive/MyDrive/MACROBATT/INPUT_PDF_FILES/25295501.pdf
31,Lab_value,12.0 ng per,0.9972271919250488,1,/content/drive/MyDrive/MACROBATT/INPUT_PDF_FILES/25295501.pdf
32,Diagnostic_procedure,scans,0.9999619722366333,1,/content/drive/MyDrive/MACROBATT/INPUT_PDF_FILES/25295501.pdf
33,Date,3 months later,0.999885082244873,1,/content/drive/MyDrive/MACROBATT/INPUT_PDF_FILES/25295501.pdf
34,Biological_structure,right-sided hilar,0.9982477426528931,1,/content/drive/MyDrive/MACROBATT/INPUT_PDF_FILES/25295501.pdf
35,Detailed_description,phase 2,0.9995385408401489,1,/content/drive/MyDrive/MACROBATT/INPUT_PDF_FILES/25295501.pdf
36,Clinical_event,clinical trial,0.9968276023864746,1,/content/drive/MyDrive/MACROBATT/INPUT_PDF_FILES/25295501.pdf
37,Medication,everolimus,0.9997679591178894,1,/content/drive/MyDrive/MACROBATT/INPUT_PDF_FILES/25295501.pdf
38,Dosage,10 mg,0.9540009498596191,1,/content/drive/MyDrive/MACROBATT/INPUT_PDF_FILES/25295501.pdf
39,Date,6 2.6,0.5122901797294617,1,/content/drive/MyDrive/MACROBATT/INPUT_PDF_FILES/25295501.pdf
40,Clinical_event,follow-up,0.997742772102356,1,/content/drive/MyDrive/MACROBATT/INPUT_PDF_FILES/25295501.pdf
41,Coreference,lesion,0.9996947050094604,1,/content/drive/MyDrive/MACROBATT/INPUT_PDF_FILES/25295501.pdf
42,Sign_symptom,diminished Within diminished in size,0.9998042583465576,1,/content/drive/MyDrive/MACROBATT/INPUT_PDF_FILES/25295501.pdf
43,Area,3.0 by by 2.6 cm cm,0.9980993866920471,1,/content/drive/MyDrive/MACROBATT/INPUT_PDF_FILES/25295501.pdf
44,Area,1.1 by by 0.8 cm cm,0.9861871004104614,1,/content/drive/MyDrive/MACROBATT/INPUT_PDF_FILES/25295501.pdf
45,Duration,18 months,0.9997617602348328,1,/content/drive/MyDrive/MACROBATT/INPUT_PDF_FILES/25295501.pdf
46,Sign_symptom,response,0.9964178800582886,1,/content/drive/MyDrive/MACROBATT/INPUT_PDF_FILES/25295501.pdf
47,Disease_disorder,progressive disease,0.9998252391815186,1,/content/drive/MyDrive/MACROBATT/INPUT_PDF_FILES/25295501.pdf
48,Diagnostic_procedure,mediastinoscopy,0.9859892725944519,1,/content/drive/MyDrive/MACROBATT/INPUT_PDF_FILES/25295501.pdf
49,Therapeutic_procedure,removal,0.9998190999031067,1,/content/drive/MyDrive/MACROBATT/INPUT_PDF_FILES/25295501.pdf
50,Sign_symptom,enlarged,0.9972440004348755,1,/content/drive/MyDrive/MACROBATT/INPUT_PDF_FILES/25295501.pdf
51,Detailed_description,metastatic,0.9999665021896362,1,/content/drive/MyDrive/MACROBATT/INPUT_PDF_FILES/25295501.pdf
52,Disease_disorder,thyroid cancer,0.9998670220375061,1,/content/drive/MyDrive/MACROBATT/INPUT_PDF_FILES/25295501.pdf
53,Detailed_description,Whole-exome,0.9985990524291992,1,/content/drive/MyDrive/MACROBATT/INPUT_PDF_FILES/25295501.pdf
54,Diagnostic_procedure,sequencing,0.9998866319656372,1,/content/drive/MyDrive/MACROBATT/INPUT_PDF_FILES/25295501.pdf
55,Diagnostic_procedure,biopsy,0.9998641014099121,1,/content/drive/MyDrive/MACROBATT/INPUT_PDF_FILES/25295501.pdf
56,Detailed_description,pretreatment and resistant tumors,0.9999343752861023,1,/content/drive/MyDrive/MACROBATT/INPUT_PDF_FILES/25295501.pdf
