,Entity Group,Value,Score,Page,Pdf File
0,Age,46-year-old,0.9963328242301941,1,/content/drive/MyDrive/MACROBATT/INPUT_PDF_FILES/25370695.pdf
1,Personal_background,Caucasian,0.9989233613014221,1,/content/drive/MyDrive/MACROBATT/INPUT_PDF_FILES/25370695.pdf
2,Sex,woman,0.9996659755706787,1,/content/drive/MyDrive/MACROBATT/INPUT_PDF_FILES/25370695.pdf
3,Personal_background,Ashkenazi Jewish descent,0.9627386927604675,1,/content/drive/MyDrive/MACROBATT/INPUT_PDF_FILES/25370695.pdf
4,Clinical_event,presented,0.9998537302017212,1,/content/drive/MyDrive/MACROBATT/INPUT_PDF_FILES/25370695.pdf
5,Severity,severe,0.9991752505302429,1,/content/drive/MyDrive/MACROBATT/INPUT_PDF_FILES/25370695.pdf
6,Detailed_description,throbbing,0.9994163513183594,1,/content/drive/MyDrive/MACROBATT/INPUT_PDF_FILES/25370695.pdf
7,Sign_symptom,pain,0.9999641180038452,1,/content/drive/MyDrive/MACROBATT/INPUT_PDF_FILES/25370695.pdf
8,Biological_structure,left,0.9984709620475769,1,/content/drive/MyDrive/MACROBATT/INPUT_PDF_FILES/25370695.pdf
9,Biological_structure,woman mandible,0.9982220530509949,1,/content/drive/MyDrive/MACROBATT/INPUT_PDF_FILES/25370695.pdf
10,Date,months before,0.9988383054733276,1,/content/drive/MyDrive/MACROBATT/INPUT_PDF_FILES/25370695.pdf
11,Clinical_event,consultation,0.9985814094543457,1,/content/drive/MyDrive/MACROBATT/INPUT_PDF_FILES/25370695.pdf
12,Diagnostic_procedure,Visual analog scale,0.9999181628227234,1,/content/drive/MyDrive/MACROBATT/INPUT_PDF_FILES/25370695.pdf
13,Lab_value,7/10,0.985041618347168,1,/content/drive/MyDrive/MACROBATT/INPUT_PDF_FILES/25370695.pdf
14,Date,day,0.6427640914916992,1,/content/drive/MyDrive/MACROBATT/INPUT_PDF_FILES/25370695.pdf
15,Biological_structure,hip,0.6133140921592712,1,/content/drive/MyDrive/MACROBATT/INPUT_PDF_FILES/25370695.pdf
16,Biological_structure,gall,0.9699081778526306,1,/content/drive/MyDrive/MACROBATT/INPUT_PDF_FILES/25370695.pdf
17,History,hepatitis C,0.7263702750205994,1,/content/drive/MyDrive/MACROBATT/INPUT_PDF_FILES/25370695.pdf
18,Quantitative_concept,20 pack-years,0.989392876625061,1,/content/drive/MyDrive/MACROBATT/INPUT_PDF_FILES/25370695.pdf
19,Family_history,unremarkable for any hereditary history for or systemic,0.8708143830299377,1,/content/drive/MyDrive/MACROBATT/INPUT_PDF_FILES/25370695.pdf
20,Administration,oral,0.9991191029548645,1,/content/drive/MyDrive/MACROBATT/INPUT_PDF_FILES/25370695.pdf
21,Detailed_description,antiresorptive,0.9999347925186157,1,/content/drive/MyDrive/MACROBATT/INPUT_PDF_FILES/25370695.pdf
22,Medication,alendronate,0.9998294115066528,1,/content/drive/MyDrive/MACROBATT/INPUT_PDF_FILES/25370695.pdf
23,Medication,alendronate and,0.999658465385437,1,/content/drive/MyDrive/MACROBATT/INPUT_PDF_FILES/25370695.pdf
24,Disease_disorder,osteoporosis,0.9997923970222473,1,/content/drive/MyDrive/MACROBATT/INPUT_PDF_FILES/25370695.pdf
25,Disease_disorder,alendronate osteoporosis associated levalbuterol,0.9921858310699463,1,/content/drive/MyDrive/MACROBATT/INPUT_PDF_FILES/25370695.pdf
26,Disease_disorder,osteoporosis carisoprodol,0.9855899214744568,1,/content/drive/MyDrive/MACROBATT/INPUT_PDF_FILES/25370695.pdf
27,Disease_disorder,Gaucher disease,0.9993522763252258,1,/content/drive/MyDrive/MACROBATT/INPUT_PDF_FILES/25370695.pdf
28,Dosage,70mg weekly,0.9928358197212219,1,/content/drive/MyDrive/MACROBATT/INPUT_PDF_FILES/25370695.pdf
29,Medication,calcium,0.9998119473457336,1,/content/drive/MyDrive/MACROBATT/INPUT_PDF_FILES/25370695.pdf
30,Medication,loratadine,0.9998641014099121,1,/content/drive/MyDrive/MACROBATT/INPUT_PDF_FILES/25370695.pdf
31,Medication,hydromorphone,0.9998723268508911,1,/content/drive/MyDrive/MACROBATT/INPUT_PDF_FILES/25370695.pdf
32,Medication,antiresorptive esomeprazole,0.9998853206634521,1,/content/drive/MyDrive/MACROBATT/INPUT_PDF_FILES/25370695.pdf
33,Medication,esomeprazole promethazine,0.9996067881584167,1,/content/drive/MyDrive/MACROBATT/INPUT_PDF_FILES/25370695.pdf
34,Medication,esomeprazole,0.9547342658042908,1,/content/drive/MyDrive/MACROBATT/INPUT_PDF_FILES/25370695.pdf
35,Medication,promethazine,0.999862551689148,1,/content/drive/MyDrive/MACROBATT/INPUT_PDF_FILES/25370695.pdf
36,Medication,levalbuterol,0.9998633861541748,1,/content/drive/MyDrive/MACROBATT/INPUT_PDF_FILES/25370695.pdf
37,Medication,carisoprodol,0.9998575448989868,1,/content/drive/MyDrive/MACROBATT/INPUT_PDF_FILES/25370695.pdf
38,Medication,promethazine carisoprodol ibuprofen,0.9988330006599426,1,/content/drive/MyDrive/MACROBATT/INPUT_PDF_FILES/25370695.pdf
39,Medication,fluticasone,0.9998791217803955,1,/content/drive/MyDrive/MACROBATT/INPUT_PDF_FILES/25370695.pdf
40,Medication,ibuprofen,0.9998635053634644,1,/content/drive/MyDrive/MACROBATT/INPUT_PDF_FILES/25370695.pdf
41,Medication,supplements ibuprofen,0.9996174573898315,1,/content/drive/MyDrive/MACROBATT/INPUT_PDF_FILES/25370695.pdf
42,Medication,alendronate osteoporosis hydromorphone promethazine levalbuterol carisoprodol ibuprofen,0.9921908974647522,1,/content/drive/MyDrive/MACROBATT/INPUT_PDF_FILES/25370695.pdf
43,Therapeutic_procedure,replacement,0.998950719833374,1,/content/drive/MyDrive/MACROBATT/INPUT_PDF_FILES/25370695.pdf
44,Therapeutic_procedure,ERT,0.9991924166679382,1,/content/drive/MyDrive/MACROBATT/INPUT_PDF_FILES/25370695.pdf
45,Frequency,intermittently,0.8226587772369385,1,/content/drive/MyDrive/MACROBATT/INPUT_PDF_FILES/25370695.pdf
46,Duration,for,0.7600917816162109,1,/content/drive/MyDrive/MACROBATT/INPUT_PDF_FILES/25370695.pdf
47,Duration,several years years,0.9921121597290039,1,/content/drive/MyDrive/MACROBATT/INPUT_PDF_FILES/25370695.pdf
48,Date,20 years years,0.9984598159790039,1,/content/drive/MyDrive/MACROBATT/INPUT_PDF_FILES/25370695.pdf
49,Administration,intravenous,0.999504566192627,1,/content/drive/MyDrive/MACROBATT/INPUT_PDF_FILES/25370695.pdf
50,Administration,injections,0.9966128468513489,1,/content/drive/MyDrive/MACROBATT/INPUT_PDF_FILES/25370695.pdf
51,Frequency,twice intravenous a and fatigue after each month,0.9394441246986389,1,/content/drive/MyDrive/MACROBATT/INPUT_PDF_FILES/25370695.pdf
52,Sign_symptom,fatigue,0.9998586177825928,1,/content/drive/MyDrive/MACROBATT/INPUT_PDF_FILES/25370695.pdf
53,Medication,antibiotic,0.9995907545089722,1,/content/drive/MyDrive/MACROBATT/INPUT_PDF_FILES/25370695.pdf
54,Medication,analgesic,0.99888014793396,1,/content/drive/MyDrive/MACROBATT/INPUT_PDF_FILES/25370695.pdf
55,Medication,medications,0.9995821118354797,1,/content/drive/MyDrive/MACROBATT/INPUT_PDF_FILES/25370695.pdf
56,Duration,months ago,0.8263425827026367,1,/content/drive/MyDrive/MACROBATT/INPUT_PDF_FILES/25370695.pdf
57,Biological_structure,helpful.Head,0.7585598826408386,1,/content/drive/MyDrive/MACROBATT/INPUT_PDF_FILES/25370695.pdf
58,Biological_structure,neck,0.9623293876647949,1,/content/drive/MyDrive/MACROBATT/INPUT_PDF_FILES/25370695.pdf
59,Biological_structure,cranial,0.9988138675689697,1,/content/drive/MyDrive/MACROBATT/INPUT_PDF_FILES/25370695.pdf
60,Diagnostic_procedure,nerve examination examination,0.9912002086639404,1,/content/drive/MyDrive/MACROBATT/INPUT_PDF_FILES/25370695.pdf
61,Diagnostic_procedure,vital signs,0.9999442100524902,1,/content/drive/MyDrive/MACROBATT/INPUT_PDF_FILES/25370695.pdf
62,Lab_value,normal,0.9998975992202759,1,/content/drive/MyDrive/MACROBATT/INPUT_PDF_FILES/25370695.pdf
63,Diagnostic_procedure,Intraoral examination,0.9971897006034851,1,/content/drive/MyDrive/MACROBATT/INPUT_PDF_FILES/25370695.pdf
64,Diagnostic_procedure,percussion,0.99983811378479,1,/content/drive/MyDrive/MACROBATT/INPUT_PDF_FILES/25370695.pdf
65,Diagnostic_procedure,vitality testing testing,0.9999594688415527,1,/content/drive/MyDrive/MACROBATT/INPUT_PDF_FILES/25370695.pdf
66,Diagnostic_procedure,probing,0.9999032020568848,1,/content/drive/MyDrive/MACROBATT/INPUT_PDF_FILES/25370695.pdf
67,Diagnostic_procedure,evaluation,0.9999459981918335,1,/content/drive/MyDrive/MACROBATT/INPUT_PDF_FILES/25370695.pdf
68,Biological_structure,mandibular,0.9950366020202637,1,/content/drive/MyDrive/MACROBATT/INPUT_PDF_FILES/25370695.pdf
69,Biological_structure,teeth,0.9891534447669983,1,/content/drive/MyDrive/MACROBATT/INPUT_PDF_FILES/25370695.pdf
70,Biological_structure,left mandibular mandibular,0.999761700630188,1,/content/drive/MyDrive/MACROBATT/INPUT_PDF_FILES/25370695.pdf
71,Diagnostic_procedure,first molar,0.8701028823852539,1,/content/drive/MyDrive/MACROBATT/INPUT_PDF_FILES/25370695.pdf
72,Therapeutic_procedure,endodontically,0.9906659126281738,1,/content/drive/MyDrive/MACROBATT/INPUT_PDF_FILES/25370695.pdf
73,Date,3 years prior,0.9998703598976135,1,/content/drive/MyDrive/MACROBATT/INPUT_PDF_FILES/25370695.pdf
74,Biological_structure,mandibular mandibular teeth teeth,0.9807702302932739,1,/content/drive/MyDrive/MACROBATT/INPUT_PDF_FILES/25370695.pdf
75,Diagnostic_procedure,vitality testing,0.9964020848274231,1,/content/drive/MyDrive/MACROBATT/INPUT_PDF_FILES/25370695.pdf
76,Lab_value,non-restored,0.8812137842178345,1,/content/drive/MyDrive/MACROBATT/INPUT_PDF_FILES/25370695.pdf
77,Lab_value,non-vital non-restored non-carious,0.8421634435653687,1,/content/drive/MyDrive/MACROBATT/INPUT_PDF_FILES/25370695.pdf
78,Biological_structure,teeth teeth,0.9982677698135376,1,/content/drive/MyDrive/MACROBATT/INPUT_PDF_FILES/25370695.pdf
79,Biological_structure,Gingival tissues,0.9997146129608154,1,/content/drive/MyDrive/MACROBATT/INPUT_PDF_FILES/25370695.pdf
80,Biological_structure,both jaws,0.9821372032165527,1,/content/drive/MyDrive/MACROBATT/INPUT_PDF_FILES/25370695.pdf
81,Sign_symptom,non-inflamed,0.9918926358222961,1,/content/drive/MyDrive/MACROBATT/INPUT_PDF_FILES/25370695.pdf
82,Sign_symptom,plaque,0.9996916055679321,1,/content/drive/MyDrive/MACROBATT/INPUT_PDF_FILES/25370695.pdf
83,Diagnostic_procedure,Periodontal pockets,0.9673247933387756,1,/content/drive/MyDrive/MACROBATT/INPUT_PDF_FILES/25370695.pdf
84,Biological_structure,mandible,0.9999344348907471,1,/content/drive/MyDrive/MACROBATT/INPUT_PDF_FILES/25370695.pdf
85,Distance,4 to 6mm,0.9826396703720093,1,/content/drive/MyDrive/MACROBATT/INPUT_PDF_FILES/25370695.pdf
86,Detailed_description,Full mouth,0.9091073274612427,1,/content/drive/MyDrive/MACROBATT/INPUT_PDF_FILES/25370695.pdf
87,Biological_structure,dental,0.9999092817306519,1,/content/drive/MyDrive/MACROBATT/INPUT_PDF_FILES/25370695.pdf
88,Diagnostic_procedure,X-rays,0.999925434589386,1,/content/drive/MyDrive/MACROBATT/INPUT_PDF_FILES/25370695.pdf
89,Detailed_description,panoramic,0.9999580383300781,1,/content/drive/MyDrive/MACROBATT/INPUT_PDF_FILES/25370695.pdf
90,Diagnostic_procedure,radiograph radiographic,0.99990314245224,1,/content/drive/MyDrive/MACROBATT/INPUT_PDF_FILES/25370695.pdf
91,Detailed_description,well-defined,0.9630807042121887,1,/content/drive/MyDrive/MACROBATT/INPUT_PDF_FILES/25370695.pdf
92,Detailed_description,radiolucent,0.962022066116333,1,/content/drive/MyDrive/MACROBATT/INPUT_PDF_FILES/25370695.pdf
93,Sign_symptom,lesions,0.9999324083328247,1,/content/drive/MyDrive/MACROBATT/INPUT_PDF_FILES/25370695.pdf
94,Detailed_description,multiple,0.615988552570343,1,/content/drive/MyDrive/MACROBATT/INPUT_PDF_FILES/25370695.pdf
95,Biological_structure,mandible mandible mandibular,0.9904468059539795,1,/content/drive/MyDrive/MACROBATT/INPUT_PDF_FILES/25370695.pdf
96,Biological_structure,mandible mandible,0.9915623664855957,1,/content/drive/MyDrive/MACROBATT/INPUT_PDF_FILES/25370695.pdf
97,Detailed_description,pseudocystic,0.9693688750267029,1,/content/drive/MyDrive/MACROBATT/INPUT_PDF_FILES/25370695.pdf
98,Detailed_description,cone-beam,0.9964914321899414,1,/content/drive/MyDrive/MACROBATT/INPUT_PDF_FILES/25370695.pdf
99,Diagnostic_procedure,computed tomography,0.9999597668647766,1,/content/drive/MyDrive/MACROBATT/INPUT_PDF_FILES/25370695.pdf
100,Detailed_description,large,0.9997473359107971,1,/content/drive/MyDrive/MACROBATT/INPUT_PDF_FILES/25370695.pdf
101,Detailed_description,Full dental relatively well-defined radiolucent lesions multiple mandible bilaterally multilocular revealed large lytic lesion left mandible complaint clinical differential complaint included apical radicular central cell granuloma ameloblastoma neuralgia/neuropathy mandibular involvement medical,0.9999759197235107,1,/content/drive/MyDrive/MACROBATT/INPUT_PDF_FILES/25370695.pdf
102,Detailed_description,lytic,0.9999277591705322,1,/content/drive/MyDrive/MACROBATT/INPUT_PDF_FILES/25370695.pdf
103,Sign_symptom,lesions lesion,0.9999628067016602,1,/content/drive/MyDrive/MACROBATT/INPUT_PDF_FILES/25370695.pdf
104,Sign_symptom,lesions regions lesion region,0.9999481439590454,1,/content/drive/MyDrive/MACROBATT/INPUT_PDF_FILES/25370695.pdf
105,Detailed_description,chronic,0.9994267225265503,1,/content/drive/MyDrive/MACROBATT/INPUT_PDF_FILES/25370695.pdf
106,Detailed_description,apical,0.9453755021095276,1,/content/drive/MyDrive/MACROBATT/INPUT_PDF_FILES/25370695.pdf
107,Detailed_description,X-rays panoramic radiograph radiolucent bilaterally appearance tomography radiographic radicular central granuloma keratocystic neuralgia/neuropathy,0.8735226392745972,1,/content/drive/MyDrive/MACROBATT/INPUT_PDF_FILES/25370695.pdf
108,Disease_disorder,central,0.968380331993103,1,/content/drive/MyDrive/MACROBATT/INPUT_PDF_FILES/25370695.pdf
109,Disease_disorder,taken keratocystic,0.8340489864349365,1,/content/drive/MyDrive/MACROBATT/INPUT_PDF_FILES/25370695.pdf
110,Disease_disorder,panoramic cone-beam ameloblastoma,0.9730052351951599,1,/content/drive/MyDrive/MACROBATT/INPUT_PDF_FILES/25370695.pdf
111,Disease_disorder,mouth panoramic radiograph showed radiolucent lesions regions of pseudocystic multilocular cone-beam computed tomography confirmed lesion of posterior region of complaint radiographic diagnosis for complaint chronic periodontitis granuloma keratocystic odontogenic tumor ameloblastoma odontogenic fibroma neuralgia/neuropathy or involvement of history,0.9388732314109802,1,/content/drive/MyDrive/MACROBATT/INPUT_PDF_FILES/25370695.pdf
112,Disease_disorder,odontogenic odontogenic,0.6982599496841431,1,/content/drive/MyDrive/MACROBATT/INPUT_PDF_FILES/25370695.pdf
113,Disease_disorder,fibroma,0.6479554176330566,1,/content/drive/MyDrive/MACROBATT/INPUT_PDF_FILES/25370695.pdf
114,Disease_disorder,neuralgia/neuropathy,0.9508592486381531,1,/content/drive/MyDrive/MACROBATT/INPUT_PDF_FILES/25370695.pdf
115,Disease_disorder,mandibular involvement,0.7612453699111938,1,/content/drive/MyDrive/MACROBATT/INPUT_PDF_FILES/25370695.pdf
116,Clinical_event,discussed,0.9995856881141663,1,/content/drive/MyDrive/MACROBATT/INPUT_PDF_FILES/25370695.pdf
117,Diagnostic_procedure,biopsy,0.999098002910614,1,/content/drive/MyDrive/MACROBATT/INPUT_PDF_FILES/25370695.pdf
118,Biological_structure,findings discussed mandible diagnosis,0.9956564903259277,1,/content/drive/MyDrive/MACROBATT/INPUT_PDF_FILES/25370695.pdf
119,Medication,local anesthesia,0.9996118545532227,1,/content/drive/MyDrive/MACROBATT/INPUT_PDF_FILES/25370695.pdf
120,Detailed_description,four-corner,0.9998619556427002,1,/content/drive/MyDrive/MACROBATT/INPUT_PDF_FILES/25370695.pdf
121,Detailed_description,gingival,0.9924317002296448,1,/content/drive/MyDrive/MACROBATT/INPUT_PDF_FILES/25370695.pdf
122,Therapeutic_procedure,flap,0.9959208965301514,1,/content/drive/MyDrive/MACROBATT/INPUT_PDF_FILES/25370695.pdf
123,Biological_structure,buccally bur,0.9053522348403931,1,/content/drive/MyDrive/MACROBATT/INPUT_PDF_FILES/25370695.pdf
124,Biological_structure,buccally,0.643812358379364,1,/content/drive/MyDrive/MACROBATT/INPUT_PDF_FILES/25370695.pdf
125,Biological_structure,posterior,0.5658414959907532,1,/content/drive/MyDrive/MACROBATT/INPUT_PDF_FILES/25370695.pdf
126,Biological_structure,left mandible,0.9974124431610107,1,/content/drive/MyDrive/MACROBATT/INPUT_PDF_FILES/25370695.pdf
127,Biological_structure,canine,0.9702810049057007,1,/content/drive/MyDrive/MACROBATT/INPUT_PDF_FILES/25370695.pdf
128,Biological_structure,four-corner second cortical,0.9992495179176331,1,/content/drive/MyDrive/MACROBATT/INPUT_PDF_FILES/25370695.pdf
129,Biological_structure,cortical,0.9837178587913513,1,/content/drive/MyDrive/MACROBATT/INPUT_PDF_FILES/25370695.pdf
130,Biological_structure,buccally cortical surgical,0.7033859491348267,1,/content/drive/MyDrive/MACROBATT/INPUT_PDF_FILES/25370695.pdf
131,Biological_structure,bone,0.9996308088302612,1,/content/drive/MyDrive/MACROBATT/INPUT_PDF_FILES/25370695.pdf
132,Therapeutic_procedure,removed,0.9998551607131958,1,/content/drive/MyDrive/MACROBATT/INPUT_PDF_FILES/25370695.pdf
133,Detailed_description,bur,0.507503092288971,1,/content/drive/MyDrive/MACROBATT/INPUT_PDF_FILES/25370695.pdf
134,Sign_symptom,tissue,0.9183837175369263,1,/content/drive/MyDrive/MACROBATT/INPUT_PDF_FILES/25370695.pdf
135,Nonbiological_location,pathology laboratory,0.9852664470672607,1,/content/drive/MyDrive/MACROBATT/INPUT_PDF_FILES/25370695.pdf
136,Diagnostic_procedure,Histopathological findings,0.9999297857284546,1,/content/drive/MyDrive/MACROBATT/INPUT_PDF_FILES/25370695.pdf
137,Sign_symptom,infiltration,0.9849587678909302,1,/content/drive/MyDrive/MACROBATT/INPUT_PDF_FILES/25370695.pdf
138,Biological_structure,jawbone,0.9999548196792603,1,/content/drive/MyDrive/MACROBATT/INPUT_PDF_FILES/25370695.pdf
139,Biological_structure,jawbone marrow,0.7553401589393616,1,/content/drive/MyDrive/MACROBATT/INPUT_PDF_FILES/25370695.pdf
140,Detailed_description,findings infiltration fibrous,0.9991322159767151,1,/content/drive/MyDrive/MACROBATT/INPUT_PDF_FILES/25370695.pdf
141,Detailed_description,fibrous,0.9827343225479126,1,/content/drive/MyDrive/MACROBATT/INPUT_PDF_FILES/25370695.pdf
142,Biological_structure,connective,0.9681258201599121,1,/content/drive/MyDrive/MACROBATT/INPUT_PDF_FILES/25370695.pdf
143,Detailed_description,connective tissue,0.9249143004417419,1,/content/drive/MyDrive/MACROBATT/INPUT_PDF_FILES/25370695.pdf
144,Detailed_description,Gaucher cells,0.9543179869651794,1,/content/drive/MyDrive/MACROBATT/INPUT_PDF_FILES/25370695.pdf
145,Sign_symptom,abscess,0.9954805374145508,1,/content/drive/MyDrive/MACROBATT/INPUT_PDF_FILES/25370695.pdf
146,Sign_symptom,granuloma,0.8220041394233704,1,/content/drive/MyDrive/MACROBATT/INPUT_PDF_FILES/25370695.pdf
147,Diagnostic_procedure,Postoperative healing,0.9997665882110596,2,/content/drive/MyDrive/MACROBATT/INPUT_PDF_FILES/25370695.pdf
148,Outcome,resolution,0.9809131026268005,2,/content/drive/MyDrive/MACROBATT/INPUT_PDF_FILES/25370695.pdf
149,Sign_symptom,symptomatology,0.9996919631958008,2,/content/drive/MyDrive/MACROBATT/INPUT_PDF_FILES/25370695.pdf
150,Date,1-month,0.9898831248283386,2,/content/drive/MyDrive/MACROBATT/INPUT_PDF_FILES/25370695.pdf
151,Clinical_event,referred,0.9998610019683838,2,/content/drive/MyDrive/MACROBATT/INPUT_PDF_FILES/25370695.pdf
152,Nonbiological_location,physician,0.9989847540855408,2,/content/drive/MyDrive/MACROBATT/INPUT_PDF_FILES/25370695.pdf
153,Clinical_event,consultation,0.9996930360794067,2,/content/drive/MyDrive/MACROBATT/INPUT_PDF_FILES/25370695.pdf
154,Diagnostic_procedure,evaluation,0.9999204874038696,2,/content/drive/MyDrive/MACROBATT/INPUT_PDF_FILES/25370695.pdf
155,Disease_disorder,Gaucher disease,0.8532810211181641,2,/content/drive/MyDrive/MACROBATT/INPUT_PDF_FILES/25370695.pdf
156,Medication,ERT,0.9995415210723877,2,/content/drive/MyDrive/MACROBATT/INPUT_PDF_FILES/25370695.pdf
157,Date,1-year,0.9993494153022766,2,/content/drive/MyDrive/MACROBATT/INPUT_PDF_FILES/25370695.pdf
158,Diagnostic_procedure,treated re-evaluation free,0.6642111539840698,2,/content/drive/MyDrive/MACROBATT/INPUT_PDF_FILES/25370695.pdf
159,Diagnostic_procedure,re-evaluation,0.994785487651825,2,/content/drive/MyDrive/MACROBATT/INPUT_PDF_FILES/25370695.pdf
160,Sign_symptom,symptom,0.9933452010154724,2,/content/drive/MyDrive/MACROBATT/INPUT_PDF_FILES/25370695.pdf
161,Administration,oral,0.9958265423774719,2,/content/drive/MyDrive/MACROBATT/INPUT_PDF_FILES/25370695.pdf
