,Entity Group,Value,Score,Page,Pdf File
0,Age,21-year-old,0.9980764389038086,1,/content/drive/MyDrive/MACROBATT/INPUT_PDF_FILES/25410034.pdf
1,Sex,man,0.9997631907463074,1,/content/drive/MyDrive/MACROBATT/INPUT_PDF_FILES/25410034.pdf
2,Clinical_event,presented,0.9998356103897095,1,/content/drive/MyDrive/MACROBATT/INPUT_PDF_FILES/25410034.pdf
3,Nonbiological_location,emergency department,0.9998124837875366,1,/content/drive/MyDrive/MACROBATT/INPUT_PDF_FILES/25410034.pdf
4,Sign_symptom,rash,0.9999535083770752,1,/content/drive/MyDrive/MACROBATT/INPUT_PDF_FILES/25410034.pdf
5,Biological_structure,arms,0.9998828172683716,1,/content/drive/MyDrive/MACROBATT/INPUT_PDF_FILES/25410034.pdf
6,Biological_structure,neck,0.9998939037322998,1,/content/drive/MyDrive/MACROBATT/INPUT_PDF_FILES/25410034.pdf
7,Duration,over the erythema course of of 36 had the h erythema rash with,0.9997168183326721,1,/content/drive/MyDrive/MACROBATT/INPUT_PDF_FILES/25410034.pdf
8,Detailed_description,discrete ‘ pin prick ’ areas,0.9999555945396423,1,/content/drive/MyDrive/MACROBATT/INPUT_PDF_FILES/25410034.pdf
9,Sign_symptom,over erythema,0.999956488609314,1,/content/drive/MyDrive/MACROBATT/INPUT_PDF_FILES/25410034.pdf
10,Sign_symptom,erythema,0.9993200302124023,1,/content/drive/MyDrive/MACROBATT/INPUT_PDF_FILES/25410034.pdf
11,Detailed_description,maculopapular,0.9998156428337097,1,/content/drive/MyDrive/MACROBATT/INPUT_PDF_FILES/25410034.pdf
12,Detailed_description,developed over vesicles,0.9998511075973511,1,/content/drive/MyDrive/MACROBATT/INPUT_PDF_FILES/25410034.pdf
13,Detailed_description,vesicles,0.7829054594039917,1,/content/drive/MyDrive/MACROBATT/INPUT_PDF_FILES/25410034.pdf
14,Biological_structure,forearms,0.9998251795768738,1,/content/drive/MyDrive/MACROBATT/INPUT_PDF_FILES/25410034.pdf
15,Biological_structure,dorsal aspect of of the the the the hands,0.9998729825019836,1,/content/drive/MyDrive/MACROBATT/INPUT_PDF_FILES/25410034.pdf
16,Biological_structure,flexor surface,0.990642249584198,1,/content/drive/MyDrive/MACROBATT/INPUT_PDF_FILES/25410034.pdf
17,Detailed_description,itchy,0.5462653040885925,1,/content/drive/MyDrive/MACROBATT/INPUT_PDF_FILES/25410034.pdf
18,Diagnostic_procedure,feeling,0.9995536208152771,1,/content/drive/MyDrive/MACROBATT/INPUT_PDF_FILES/25410034.pdf
19,History,no note previous dermatological or history other medical history,0.9996888637542725,1,/content/drive/MyDrive/MACROBATT/INPUT_PDF_FILES/25410034.pdf
20,Occupation,worked in handling a supermarket handling was occupational chemical supermarket handling food items,0.9955419898033142,1,/content/drive/MyDrive/MACROBATT/INPUT_PDF_FILES/25410034.pdf
21,History,no history of occupational chemical,0.9310284852981567,1,/content/drive/MyDrive/MACROBATT/INPUT_PDF_FILES/25410034.pdf
22,History,had had not recently had had any change in washing washing powder,0.9995821714401245,1,/content/drive/MyDrive/MACROBATT/INPUT_PDF_FILES/25410034.pdf
23,History,personal hygiene,0.7697433233261108,1,/content/drive/MyDrive/MACROBATT/INPUT_PDF_FILES/25410034.pdf
24,Diagnostic_procedure,Physiological observations,0.999964714050293,1,/content/drive/MyDrive/MACROBATT/INPUT_PDF_FILES/25410034.pdf
25,Lab_value,normal,0.9999186992645264,1,/content/drive/MyDrive/MACROBATT/INPUT_PDF_FILES/25410034.pdf
26,Detailed_description,systemic,0.9988604784011841,1,/content/drive/MyDrive/MACROBATT/INPUT_PDF_FILES/25410034.pdf
27,Diagnostic_procedure,examination,0.9989269375801086,1,/content/drive/MyDrive/MACROBATT/INPUT_PDF_FILES/25410034.pdf
28,Biological_structure,skin,0.9998025298118591,1,/content/drive/MyDrive/MACROBATT/INPUT_PDF_FILES/25410034.pdf
29,Activity,exposed to the the the the the the sun,0.996098518371582,1,/content/drive/MyDrive/MACROBATT/INPUT_PDF_FILES/25410034.pdf
30,Activity,wearing examination rash revealed that was wearing a feature was shape patient a short-sleeved shirt shirt,0.9085898399353027,1,/content/drive/MyDrive/MACROBATT/INPUT_PDF_FILES/25410034.pdf
31,Other_entity,‘ V ’ shape examination only on on the the the the the the patient 's chest,0.9255450963973999,1,/content/drive/MyDrive/MACROBATT/INPUT_PDF_FILES/25410034.pdf
32,Date,48 further the h h the the rash the the hedges his prior prior,0.9998676180839539,1,/content/drive/MyDrive/MACROBATT/INPUT_PDF_FILES/25410034.pdf
33,Date,12 further the h h the the rash the the hedges his prior prior,0.9998542666435242,1,/content/drive/MyDrive/MACROBATT/INPUT_PDF_FILES/25410034.pdf
34,Activity,strimming further the the the the the grass,0.9960514307022095,1,/content/drive/MyDrive/MACROBATT/INPUT_PDF_FILES/25410034.pdf
35,Diagnostic_procedure,Blood tests,0.999946117401123,1,/content/drive/MyDrive/MACROBATT/INPUT_PDF_FILES/25410034.pdf
36,Diagnostic_procedure,full blood count,0.9970464706420898,1,/content/drive/MyDrive/MACROBATT/INPUT_PDF_FILES/25410034.pdf
37,Diagnostic_procedure,urea,0.9999723434448242,1,/content/drive/MyDrive/MACROBATT/INPUT_PDF_FILES/25410034.pdf
38,Diagnostic_procedure,urea C-reactive,0.9701602458953857,1,/content/drive/MyDrive/MACROBATT/INPUT_PDF_FILES/25410034.pdf
39,Diagnostic_procedure,electrolytes,0.8687095046043396,1,/content/drive/MyDrive/MACROBATT/INPUT_PDF_FILES/25410034.pdf
40,Diagnostic_procedure,liver function tests test,0.9999380111694336,1,/content/drive/MyDrive/MACROBATT/INPUT_PDF_FILES/25410034.pdf
41,Diagnostic_procedure,C-reactive protein,0.8931753635406494,1,/content/drive/MyDrive/MACROBATT/INPUT_PDF_FILES/25410034.pdf
42,Sign_symptom,rash rash,0.999961256980896,1,/content/drive/MyDrive/MACROBATT/INPUT_PDF_FILES/25410034.pdf
43,Disease_disorder,phytophotodermatitis,0.999754011631012,1,/content/drive/MyDrive/MACROBATT/INPUT_PDF_FILES/25410034.pdf
44,Clinical_event,discharged,0.9997751116752625,1,/content/drive/MyDrive/MACROBATT/INPUT_PDF_FILES/25410034.pdf
45,Medication,discharged chlorphenamine,0.9979089498519897,1,/content/drive/MyDrive/MACROBATT/INPUT_PDF_FILES/25410034.pdf
46,Medication,chlorphenamine,0.9997994303703308,1,/content/drive/MyDrive/MACROBATT/INPUT_PDF_FILES/25410034.pdf
47,Medication,simple analgesia,0.9985343217849731,1,/content/drive/MyDrive/MACROBATT/INPUT_PDF_FILES/25410034.pdf
48,Other_event,advice to wear patient was discharged chlorphenamine analgesia and advice wear a and gardening long-sleeved t-shirt and and sunscreen,0.989139199256897,1,/content/drive/MyDrive/MACROBATT/INPUT_PDF_FILES/25410034.pdf
49,Detailed_description,pruritic,0.9984354972839355,1,/content/drive/MyDrive/MACROBATT/INPUT_PDF_FILES/25410034.pdf
50,Sign_symptom,pain,0.9999600648880005,1,/content/drive/MyDrive/MACROBATT/INPUT_PDF_FILES/25410034.pdf
51,Duration,over,0.7383163571357727,1,/content/drive/MyDrive/MACROBATT/INPUT_PDF_FILES/25410034.pdf
52,Sign_symptom,scarring,0.9999507665634155,1,/content/drive/MyDrive/MACROBATT/INPUT_PDF_FILES/25410034.pdf
53,Date,2 months after,0.9998887181282043,1,/content/drive/MyDrive/MACROBATT/INPUT_PDF_FILES/25410034.pdf
