,Entity Group,Value,Score,Page,Pdf File
0,Age,42 year-old,0.9986733198165894,1,/content/drive/MyDrive/MACROBATT/INPUT_PDF_FILES/25572898.pdf
1,Sex,man,0.9998083710670471,1,/content/drive/MyDrive/MACROBATT/INPUT_PDF_FILES/25572898.pdf
2,Detailed_description,chronic,0.9999445676803589,1,/content/drive/MyDrive/MACROBATT/INPUT_PDF_FILES/25572898.pdf
3,Disease_disorder,lymphocytic leukemia,0.9428367018699646,1,/content/drive/MyDrive/MACROBATT/INPUT_PDF_FILES/25572898.pdf
4,Detailed_description,allogeneic,0.9999312162399292,1,/content/drive/MyDrive/MACROBATT/INPUT_PDF_FILES/25572898.pdf
5,Biological_structure,bone marrow,0.87380051612854,1,/content/drive/MyDrive/MACROBATT/INPUT_PDF_FILES/25572898.pdf
6,Therapeutic_procedure,transplant,0.9924601912498474,1,/content/drive/MyDrive/MACROBATT/INPUT_PDF_FILES/25572898.pdf
7,Date,2013,0.94858717918396,1,/content/drive/MyDrive/MACROBATT/INPUT_PDF_FILES/25572898.pdf
8,Coreference,graft,0.9996347427368164,1,/content/drive/MyDrive/MACROBATT/INPUT_PDF_FILES/25572898.pdf
9,Detailed_description,T-cell depleted,0.9998518228530884,1,/content/drive/MyDrive/MACROBATT/INPUT_PDF_FILES/25572898.pdf
10,Detailed_description,single using in,0.9415358304977417,1,/content/drive/MyDrive/MACROBATT/INPUT_PDF_FILES/25572898.pdf
11,Medication,alemtuzumab,0.9998412132263184,1,/content/drive/MyDrive/MACROBATT/INPUT_PDF_FILES/25572898.pdf
12,Activity,engrafted,0.7109265327453613,1,/content/drive/MyDrive/MACROBATT/INPUT_PDF_FILES/25572898.pdf
13,Date,day 12,0.9997726678848267,1,/content/drive/MyDrive/MACROBATT/INPUT_PDF_FILES/25572898.pdf
14,Detailed_description,persistent,0.9728689193725586,1,/content/drive/MyDrive/MACROBATT/INPUT_PDF_FILES/25572898.pdf
15,Sign_symptom,lymphopenia posttransplant unremarkable until developed rapidly sensorineural resulting subtotal loss bilaterally,0.9994957447052002,1,/content/drive/MyDrive/MACROBATT/INPUT_PDF_FILES/25572898.pdf
16,Sign_symptom,lymphopenia,0.9511139392852783,1,/content/drive/MyDrive/MACROBATT/INPUT_PDF_FILES/25572898.pdf
17,Sign_symptom,diarrhea,0.8380606770515442,1,/content/drive/MyDrive/MACROBATT/INPUT_PDF_FILES/25572898.pdf
18,Sign_symptom,diarrhea hearing,0.9712803959846497,1,/content/drive/MyDrive/MACROBATT/INPUT_PDF_FILES/25572898.pdf
19,Disease_disorder,norovirus,0.5115131139755249,1,/content/drive/MyDrive/MACROBATT/INPUT_PDF_FILES/25572898.pdf
20,Therapeutic_procedure,posttransplant course,0.9947279095649719,1,/content/drive/MyDrive/MACROBATT/INPUT_PDF_FILES/25572898.pdf
21,Lab_value,unremarkable until,0.9996200799942017,1,/content/drive/MyDrive/MACROBATT/INPUT_PDF_FILES/25572898.pdf
22,Lab_value,unremarkable,0.6404284238815308,1,/content/drive/MyDrive/MACROBATT/INPUT_PDF_FILES/25572898.pdf
23,Date,mid-October,0.9673660397529602,1,/content/drive/MyDrive/MACROBATT/INPUT_PDF_FILES/25572898.pdf
24,Disease_disorder,tinnitus,0.8874168395996094,1,/content/drive/MyDrive/MACROBATT/INPUT_PDF_FILES/25572898.pdf
25,Detailed_description,subtotal,0.9926027655601501,1,/content/drive/MyDrive/MACROBATT/INPUT_PDF_FILES/25572898.pdf
26,Sign_symptom,hearing loss,0.9997780919075012,1,/content/drive/MyDrive/MACROBATT/INPUT_PDF_FILES/25572898.pdf
27,Detailed_description,bilaterally,0.9998980760574341,1,/content/drive/MyDrive/MACROBATT/INPUT_PDF_FILES/25572898.pdf
28,Duration,2–3,0.9937555193901062,1,/content/drive/MyDrive/MACROBATT/INPUT_PDF_FILES/25572898.pdf
29,Biological_structure,Brain,0.9999581575393677,1,/content/drive/MyDrive/MACROBATT/INPUT_PDF_FILES/25572898.pdf
30,Diagnostic_procedure,magnetic resonance imaging,0.9999375939369202,1,/content/drive/MyDrive/MACROBATT/INPUT_PDF_FILES/25572898.pdf
31,Diagnostic_procedure,( ( (,0.7743179798126221,1,/content/drive/MyDrive/MACROBATT/INPUT_PDF_FILES/25572898.pdf
32,Diagnostic_procedure,MRI,0.9999058246612549,1,/content/drive/MyDrive/MACROBATT/INPUT_PDF_FILES/25572898.pdf
33,Diagnostic_procedure,cerebrospinal,0.8858062028884888,1,/content/drive/MyDrive/MACROBATT/INPUT_PDF_FILES/25572898.pdf
34,Diagnostic_procedure,cerebrospinal fluid ( ( (,0.9087945818901062,1,/content/drive/MyDrive/MACROBATT/INPUT_PDF_FILES/25572898.pdf
35,Diagnostic_procedure,CSF,0.9395111799240112,1,/content/drive/MyDrive/MACROBATT/INPUT_PDF_FILES/25572898.pdf
36,Diagnostic_procedure,analysis,0.9918416738510132,1,/content/drive/MyDrive/MACROBATT/INPUT_PDF_FILES/25572898.pdf
37,Lab_value,4 2.4 2.2–4.7 15–45,0.9998243451118469,1,/content/drive/MyDrive/MACROBATT/INPUT_PDF_FILES/25572898.pdf
38,Diagnostic_procedure,unremarkable leukocytes/µL,0.9865149855613708,1,/content/drive/MyDrive/MACROBATT/INPUT_PDF_FILES/25572898.pdf
39,Lab_value,leukocytes/µL,0.9927636981010437,1,/content/drive/MyDrive/MACROBATT/INPUT_PDF_FILES/25572898.pdf
40,Lab_value,50 50 % %,0.9996182322502136,1,/content/drive/MyDrive/MACROBATT/INPUT_PDF_FILES/25572898.pdf
41,Diagnostic_procedure,magnetic neutrophils,0.8591403961181641,1,/content/drive/MyDrive/MACROBATT/INPUT_PDF_FILES/25572898.pdf
42,Lab_value,neutrophils,0.9127333760261536,1,/content/drive/MyDrive/MACROBATT/INPUT_PDF_FILES/25572898.pdf
43,Diagnostic_procedure,resonance was as was cerebrospinal analysis leukocytes/µL neutrophils lymphocytes cells/µL glucose absence bands,0.5272118449211121,1,/content/drive/MyDrive/MACROBATT/INPUT_PDF_FILES/25572898.pdf
44,Diagnostic_procedure,unremarkable cerebrospinal fluid analysis leukocytes/µL neutrophils lymphocytes blood cells/µL glucose mmol/L normal mmol/L normal oligoclonal,0.9970099925994873,1,/content/drive/MyDrive/MACROBATT/INPUT_PDF_FILES/25572898.pdf
45,Lab_value,lymphocytes,0.5426999926567078,1,/content/drive/MyDrive/MACROBATT/INPUT_PDF_FILES/25572898.pdf
46,Lab_value,leukocytes/µL lymphocytes,0.9040752649307251,1,/content/drive/MyDrive/MACROBATT/INPUT_PDF_FILES/25572898.pdf
47,Lab_value,6 61 red blood cells/µL,0.9313370585441589,1,/content/drive/MyDrive/MACROBATT/INPUT_PDF_FILES/25572898.pdf
48,Diagnostic_procedure,glucose,0.9998998641967773,1,/content/drive/MyDrive/MACROBATT/INPUT_PDF_FILES/25572898.pdf
49,Lab_value,2.4 2.2–4.7 2.4 2.2–4.7 .,0.9980689883232117,1,/content/drive/MyDrive/MACROBATT/INPUT_PDF_FILES/25572898.pdf
50,Lab_value,4 2.4 2.2–4.7 15–45 mmol/L mmol/L,0.9803768992424011,1,/content/drive/MyDrive/MACROBATT/INPUT_PDF_FILES/25572898.pdf
51,Lab_value,normal normal,0.9998273253440857,1,/content/drive/MyDrive/MACROBATT/INPUT_PDF_FILES/25572898.pdf
52,Diagnostic_procedure,protein,0.9999178647994995,1,/content/drive/MyDrive/MACROBATT/INPUT_PDF_FILES/25572898.pdf
53,Lab_value,61 mg/dL,0.9982492923736572,1,/content/drive/MyDrive/MACROBATT/INPUT_PDF_FILES/25572898.pdf
54,Detailed_description,Viral,0.9999485015869141,1,/content/drive/MyDrive/MACROBATT/INPUT_PDF_FILES/25572898.pdf
55,Diagnostic_procedure,polymerase chain reaction,0.9998791217803955,1,/content/drive/MyDrive/MACROBATT/INPUT_PDF_FILES/25572898.pdf
56,Diagnostic_procedure,PCR,0.8222393989562988,1,/content/drive/MyDrive/MACROBATT/INPUT_PDF_FILES/25572898.pdf
57,Lab_value,negative,0.9999408721923828,1,/content/drive/MyDrive/MACROBATT/INPUT_PDF_FILES/25572898.pdf
58,Disease_disorder,enterovirus,0.9669864177703857,1,/content/drive/MyDrive/MACROBATT/INPUT_PDF_FILES/25572898.pdf
59,Disease_disorder,herpesvirus,0.9997549653053284,1,/content/drive/MyDrive/MACROBATT/INPUT_PDF_FILES/25572898.pdf
60,Dosage,high-dose,0.9995193481445312,1,/content/drive/MyDrive/MACROBATT/INPUT_PDF_FILES/25572898.pdf
61,Medication,valacyclovir,0.9998743534088135,1,/content/drive/MyDrive/MACROBATT/INPUT_PDF_FILES/25572898.pdf
62,Administration,antibiotics,0.986564040184021,1,/content/drive/MyDrive/MACROBATT/INPUT_PDF_FILES/25572898.pdf
63,Dosage,2 g/kg,0.9997062683105469,1,/content/drive/MyDrive/MACROBATT/INPUT_PDF_FILES/25572898.pdf
64,Administration,intravenous,0.9995425939559937,1,/content/drive/MyDrive/MACROBATT/INPUT_PDF_FILES/25572898.pdf
65,Medication,immunoglobulin,0.9942789673805237,1,/content/drive/MyDrive/MACROBATT/INPUT_PDF_FILES/25572898.pdf
66,Medication,IVIG,0.9994421601295471,1,/content/drive/MyDrive/MACROBATT/INPUT_PDF_FILES/25572898.pdf
67,Sign_symptom,central dyspnea,0.6459125876426697,1,/content/drive/MyDrive/MACROBATT/INPUT_PDF_FILES/25572898.pdf
68,Detailed_description,postural,0.9343607425689697,1,/content/drive/MyDrive/MACROBATT/INPUT_PDF_FILES/25572898.pdf
69,Sign_symptom,these he hypotension,0.9988238215446472,1,/content/drive/MyDrive/MACROBATT/INPUT_PDF_FILES/25572898.pdf
70,Sign_symptom,hypotension,0.8633671402931213,1,/content/drive/MyDrive/MACROBATT/INPUT_PDF_FILES/25572898.pdf
71,Lab_value,worsening,0.9859158992767334,1,/content/drive/MyDrive/MACROBATT/INPUT_PDF_FILES/25572898.pdf
72,Diagnostic_procedure,neurological assessment,0.9999297857284546,1,/content/drive/MyDrive/MACROBATT/INPUT_PDF_FILES/25572898.pdf
73,Disease_disorder,vestibulocochlear,0.9998486042022705,1,/content/drive/MyDrive/MACROBATT/INPUT_PDF_FILES/25572898.pdf
74,Disease_disorder,vestibulocochlear dysfunction,0.9447664618492126,1,/content/drive/MyDrive/MACROBATT/INPUT_PDF_FILES/25572898.pdf
75,Date,6 weeks after,0.9998555183410645,1,/content/drive/MyDrive/MACROBATT/INPUT_PDF_FILES/25572898.pdf
76,Sign_symptom,symptom,0.9997155070304871,1,/content/drive/MyDrive/MACROBATT/INPUT_PDF_FILES/25572898.pdf
77,Sign_symptom,irritable,0.9796723127365112,1,/content/drive/MyDrive/MACROBATT/INPUT_PDF_FILES/25572898.pdf
78,Detailed_description,intermittently,0.625873327255249,1,/content/drive/MyDrive/MACROBATT/INPUT_PDF_FILES/25572898.pdf
79,Sign_symptom,lymphopenic lymphocytes normal,0.9924488067626953,1,/content/drive/MyDrive/MACROBATT/INPUT_PDF_FILES/25572898.pdf
80,Sign_symptom,lymphopenic lymphocytes,0.997595489025116,1,/content/drive/MyDrive/MACROBATT/INPUT_PDF_FILES/25572898.pdf
81,Sign_symptom,lymphopenic,0.7875507473945618,1,/content/drive/MyDrive/MACROBATT/INPUT_PDF_FILES/25572898.pdf
82,Lab_value,0.54 × × 106/μL 106/μL,0.9998161196708679,1,/content/drive/MyDrive/MACROBATT/INPUT_PDF_FILES/25572898.pdf
83,Lab_value,normal,0.9999343156814575,1,/content/drive/MyDrive/MACROBATT/INPUT_PDF_FILES/25572898.pdf
84,Biological_structure,brain,0.999963641166687,1,/content/drive/MyDrive/MACROBATT/INPUT_PDF_FILES/25572898.pdf
85,Detailed_description,serum testing,0.9887359142303467,1,/content/drive/MyDrive/MACROBATT/INPUT_PDF_FILES/25572898.pdf
86,Diagnostic_procedure,antineuronal,0.9863828420639038,1,/content/drive/MyDrive/MACROBATT/INPUT_PDF_FILES/25572898.pdf
87,Diagnostic_procedure,electroencephalogram,0.9999005198478699,1,/content/drive/MyDrive/MACROBATT/INPUT_PDF_FILES/25572898.pdf
88,Detailed_description,diffuse,0.9999232292175293,1,/content/drive/MyDrive/MACROBATT/INPUT_PDF_FILES/25572898.pdf
89,Sign_symptom,electroencephalogram encephalopathy,0.9845395684242249,1,/content/drive/MyDrive/MACROBATT/INPUT_PDF_FILES/25572898.pdf
90,Disease_disorder,viral,0.9997442364692688,1,/content/drive/MyDrive/MACROBATT/INPUT_PDF_FILES/25572898.pdf
91,Medication,etiology high-dose glucocorticoids again,0.9998877048492432,1,/content/drive/MyDrive/MACROBATT/INPUT_PDF_FILES/25572898.pdf
92,Medication,glucocorticoids,0.9992761015892029,1,/content/drive/MyDrive/MACROBATT/INPUT_PDF_FILES/25572898.pdf
93,Detailed_description,nonenhancing,0.9544932246208191,1,/content/drive/MyDrive/MACROBATT/INPUT_PDF_FILES/25572898.pdf
94,Sign_symptom,abnormalities,0.9999264478683472,1,/content/drive/MyDrive/MACROBATT/INPUT_PDF_FILES/25572898.pdf
95,Biological_structure,thalami,0.9999010562896729,1,/content/drive/MyDrive/MACROBATT/INPUT_PDF_FILES/25572898.pdf
96,Biological_structure,midbrain,0.9999210238456726,1,/content/drive/MyDrive/MACROBATT/INPUT_PDF_FILES/25572898.pdf
97,Biological_structure,cranial,0.9999294877052307,1,/content/drive/MyDrive/MACROBATT/INPUT_PDF_FILES/25572898.pdf
98,Sign_symptom,nerve involvement,0.9992119073867798,1,/content/drive/MyDrive/MACROBATT/INPUT_PDF_FILES/25572898.pdf
99,Biological_structure,development involvement meningeal enhancement,0.9899579882621765,1,/content/drive/MyDrive/MACROBATT/INPUT_PDF_FILES/25572898.pdf
100,Sign_symptom,meningeal enhancement,0.7197133898735046,1,/content/drive/MyDrive/MACROBATT/INPUT_PDF_FILES/25572898.pdf
101,Date,Near,0.9280047416687012,1,/content/drive/MyDrive/MACROBATT/INPUT_PDF_FILES/25572898.pdf
102,Date,end of,0.9658851623535156,1,/content/drive/MyDrive/MACROBATT/INPUT_PDF_FILES/25572898.pdf
103,Biological_structure,frontal lobe,0.9999102354049683,1,/content/drive/MyDrive/MACROBATT/INPUT_PDF_FILES/25572898.pdf
104,Diagnostic_procedure,biopsy,0.9997400045394897,1,/content/drive/MyDrive/MACROBATT/INPUT_PDF_FILES/25572898.pdf
105,Diagnostic_procedure,Histology,0.9989074468612671,1,/content/drive/MyDrive/MACROBATT/INPUT_PDF_FILES/25572898.pdf
106,Detailed_description,reactive,0.9999256134033203,1,/content/drive/MyDrive/MACROBATT/INPUT_PDF_FILES/25572898.pdf
107,Sign_symptom,gliosis,0.9852151274681091,1,/content/drive/MyDrive/MACROBATT/INPUT_PDF_FILES/25572898.pdf
108,Sign_symptom,infiltration,0.9548802375793457,1,/content/drive/MyDrive/MACROBATT/INPUT_PDF_FILES/25572898.pdf
109,Detailed_description,CD3+/8+ lymphocytes,0.9200001955032349,1,/content/drive/MyDrive/MACROBATT/INPUT_PDF_FILES/25572898.pdf
110,Diagnostic_procedure,microbiological,0.9999715089797974,1,/content/drive/MyDrive/MACROBATT/INPUT_PDF_FILES/25572898.pdf
111,Diagnostic_procedure,microbiological testing,0.9993411898612976,1,/content/drive/MyDrive/MACROBATT/INPUT_PDF_FILES/25572898.pdf
112,Detailed_description,infectious etiology,0.9998953342437744,1,/content/drive/MyDrive/MACROBATT/INPUT_PDF_FILES/25572898.pdf
113,Lab_value,absence,0.9993466734886169,1,/content/drive/MyDrive/MACROBATT/INPUT_PDF_FILES/25572898.pdf
114,Date,January 2014,0.9996838569641113,1,/content/drive/MyDrive/MACROBATT/INPUT_PDF_FILES/25572898.pdf
115,Detailed_description,metagenomic,0.9985648989677429,1,/content/drive/MyDrive/MACROBATT/INPUT_PDF_FILES/25572898.pdf
116,Detailed_description,metagenomic next-generation,0.9513810276985168,1,/content/drive/MyDrive/MACROBATT/INPUT_PDF_FILES/25572898.pdf
117,Diagnostic_procedure,next-generation sequencing,0.9998582005500793,1,/content/drive/MyDrive/MACROBATT/INPUT_PDF_FILES/25572898.pdf
118,Diagnostic_procedure,NGS,0.9996844530105591,1,/content/drive/MyDrive/MACROBATT/INPUT_PDF_FILES/25572898.pdf
119,Diagnostic_procedure,brain in findings neuroinvasive infection situ hybridization,0.9999327063560486,1,/content/drive/MyDrive/MACROBATT/INPUT_PDF_FILES/25572898.pdf
120,Detailed_description,neuroinvasive,0.9999215602874756,1,/content/drive/MyDrive/MACROBATT/INPUT_PDF_FILES/25572898.pdf
121,Disease_disorder,astrovirus,0.9993985891342163,1,/content/drive/MyDrive/MACROBATT/INPUT_PDF_FILES/25572898.pdf
122,Disease_disorder,AstV,0.9995942711830139,1,/content/drive/MyDrive/MACROBATT/INPUT_PDF_FILES/25572898.pdf
123,Medication,ribavirin,0.8972792625427246,1,/content/drive/MyDrive/MACROBATT/INPUT_PDF_FILES/25572898.pdf
124,Sign_symptom,minimally conscious state,0.996850311756134,1,/content/drive/MyDrive/MACROBATT/INPUT_PDF_FILES/25572898.pdf
125,Medication,these sedation,0.9998530149459839,1,/content/drive/MyDrive/MACROBATT/INPUT_PDF_FILES/25572898.pdf
126,Medication,sedation,0.9143795967102051,1,/content/drive/MyDrive/MACROBATT/INPUT_PDF_FILES/25572898.pdf
127,Outcome,died,0.9971984624862671,1,/content/drive/MyDrive/MACROBATT/INPUT_PDF_FILES/25572898.pdf
128,Date,4 months months after after,0.9994843006134033,1,/content/drive/MyDrive/MACROBATT/INPUT_PDF_FILES/25572898.pdf
129,Date,7.5 months months after after,0.9771080017089844,1,/content/drive/MyDrive/MACROBATT/INPUT_PDF_FILES/25572898.pdf
