,Entity Group,Value,Score,Page,Pdf File
0,Age,68-year-old,0.9978844523429871,1,/content/drive/MyDrive/MACROBATT/INPUT_PDF_FILES/25661749.pdf
1,Sex,man,0.9996824264526367,1,/content/drive/MyDrive/MACROBATT/INPUT_PDF_FILES/25661749.pdf
2,Clinical_event,referred,0.9984523057937622,1,/content/drive/MyDrive/MACROBATT/INPUT_PDF_FILES/25661749.pdf
3,Subject,optometrist,0.9307874441146851,1,/content/drive/MyDrive/MACROBATT/INPUT_PDF_FILES/25661749.pdf
4,Nonbiological_location,HES,0.9823496341705322,1,/content/drive/MyDrive/MACROBATT/INPUT_PDF_FILES/25661749.pdf
5,Disease_disorder,LTG,0.9996844530105591,1,/content/drive/MyDrive/MACROBATT/INPUT_PDF_FILES/25661749.pdf
6,Detailed_description,repeatedly,0.9996545314788818,1,/content/drive/MyDrive/MACROBATT/INPUT_PDF_FILES/25661749.pdf
7,Detailed_description,irregular,0.5338364243507385,1,/content/drive/MyDrive/MACROBATT/INPUT_PDF_FILES/25661749.pdf
8,Diagnostic_procedure,visual field test,0.9991785883903503,1,/content/drive/MyDrive/MACROBATT/INPUT_PDF_FILES/25661749.pdf
9,Detailed_description,advanced,0.9996820688247681,1,/content/drive/MyDrive/MACROBATT/INPUT_PDF_FILES/25661749.pdf
10,Diagnostic_procedure,optic disc,0.9996160864830017,1,/content/drive/MyDrive/MACROBATT/INPUT_PDF_FILES/25661749.pdf
11,Lab_value,normal,0.9991582632064819,1,/content/drive/MyDrive/MACROBATT/INPUT_PDF_FILES/25661749.pdf
12,Diagnostic_procedure,intraocular,0.9849724173545837,1,/content/drive/MyDrive/MACROBATT/INPUT_PDF_FILES/25661749.pdf
13,Diagnostic_procedure,pressures,0.9811993837356567,1,/content/drive/MyDrive/MACROBATT/INPUT_PDF_FILES/25661749.pdf
14,Diagnostic_procedure,IOPs,0.9997068047523499,1,/content/drive/MyDrive/MACROBATT/INPUT_PDF_FILES/25661749.pdf
15,Sign_symptom,vision,0.9998875856399536,1,/content/drive/MyDrive/MACROBATT/INPUT_PDF_FILES/25661749.pdf
16,Biological_structure,left eye,0.9893388152122498,1,/content/drive/MyDrive/MACROBATT/INPUT_PDF_FILES/25661749.pdf
17,Diagnostic_procedure,visual acuity,0.9999308586120605,1,/content/drive/MyDrive/MACROBATT/INPUT_PDF_FILES/25661749.pdf
18,Lab_value,6/6,0.9299442768096924,1,/content/drive/MyDrive/MACROBATT/INPUT_PDF_FILES/25661749.pdf
19,Lab_value,deteriorate,0.8501781225204468,1,/content/drive/MyDrive/MACROBATT/INPUT_PDF_FILES/25661749.pdf
20,Date,6/6 6 6/7.5 N6 months,0.9998080730438232,1,/content/drive/MyDrive/MACROBATT/INPUT_PDF_FILES/25661749.pdf
21,Clinical_event,referral,0.929044246673584,1,/content/drive/MyDrive/MACROBATT/INPUT_PDF_FILES/25661749.pdf
22,Lab_value,6/6 6 6/7.5 N6,0.9818441271781921,1,/content/drive/MyDrive/MACROBATT/INPUT_PDF_FILES/25661749.pdf
23,Biological_structure,right eye,0.9998819828033447,1,/content/drive/MyDrive/MACROBATT/INPUT_PDF_FILES/25661749.pdf
24,Disease_disorder,amblyopic,0.9971416592597961,1,/content/drive/MyDrive/MACROBATT/INPUT_PDF_FILES/25661749.pdf
25,Lab_value,6/18,0.9966566562652588,1,/content/drive/MyDrive/MACROBATT/INPUT_PDF_FILES/25661749.pdf
26,History,risk factors,0.9886916875839233,1,/content/drive/MyDrive/MACROBATT/INPUT_PDF_FILES/25661749.pdf
27,History,hypertension hypercholesterolaemia,0.7347354292869568,1,/content/drive/MyDrive/MACROBATT/INPUT_PDF_FILES/25661749.pdf
28,History,hypercholesterolaemia,0.9720376133918762,1,/content/drive/MyDrive/MACROBATT/INPUT_PDF_FILES/25661749.pdf
29,History,50 pack-years,0.9574660062789917,1,/content/drive/MyDrive/MACROBATT/INPUT_PDF_FILES/25661749.pdf
30,History,smoking,0.9631588459014893,1,/content/drive/MyDrive/MACROBATT/INPUT_PDF_FILES/25661749.pdf
31,History,type 2 diabetes,0.9986836314201355,1,/content/drive/MyDrive/MACROBATT/INPUT_PDF_FILES/25661749.pdf
32,History,diabetic,0.8488439321517944,1,/content/drive/MyDrive/MACROBATT/INPUT_PDF_FILES/25661749.pdf
33,Detailed_description,systemic,0.9999581575393677,1,/content/drive/MyDrive/MACROBATT/INPUT_PDF_FILES/25661749.pdf
34,Lab_value,increased,0.7687989473342896,1,/content/drive/MyDrive/MACROBATT/INPUT_PDF_FILES/25661749.pdf
35,Diagnostic_procedure,Clinical examination,0.9999163746833801,1,/content/drive/MyDrive/MACROBATT/INPUT_PDF_FILES/25661749.pdf
36,Diagnostic_procedure,cupped optic discs,0.9999038577079773,1,/content/drive/MyDrive/MACROBATT/INPUT_PDF_FILES/25661749.pdf
37,Diagnostic_procedure,cup-to-disc ratio,0.9998660683631897,1,/content/drive/MyDrive/MACROBATT/INPUT_PDF_FILES/25661749.pdf
38,Detailed_description,right,0.9996938705444336,1,/content/drive/MyDrive/MACROBATT/INPUT_PDF_FILES/25661749.pdf
39,Lab_value,0.9,0.9996787905693054,1,/content/drive/MyDrive/MACROBATT/INPUT_PDF_FILES/25661749.pdf
40,Detailed_description,left,0.9976000189781189,1,/content/drive/MyDrive/MACROBATT/INPUT_PDF_FILES/25661749.pdf
41,Lab_value,0.8,0.9986193180084229,1,/content/drive/MyDrive/MACROBATT/INPUT_PDF_FILES/25661749.pdf
42,History,findings,0.9977213740348816,1,/content/drive/MyDrive/MACROBATT/INPUT_PDF_FILES/25661749.pdf
43,Detailed_description,referring,0.9986850619316101,1,/content/drive/MyDrive/MACROBATT/INPUT_PDF_FILES/25661749.pdf
44,History,equal and and reactive,0.9860884547233582,1,/content/drive/MyDrive/MACROBATT/INPUT_PDF_FILES/25661749.pdf
45,Diagnostic_procedure,eye movements,0.994357705116272,1,/content/drive/MyDrive/MACROBATT/INPUT_PDF_FILES/25661749.pdf
46,Age,mid-teens,0.8864061236381531,1,/content/drive/MyDrive/MACROBATT/INPUT_PDF_FILES/25661749.pdf
47,Diagnostic_procedure,Computerised perimetry,0.9999269247055054,1,/content/drive/MyDrive/MACROBATT/INPUT_PDF_FILES/25661749.pdf
48,Detailed_description,constricted considerably,0.9997434020042419,1,/content/drive/MyDrive/MACROBATT/INPUT_PDF_FILES/25661749.pdf
49,Lab_value,constricted,0.8236522674560547,1,/content/drive/MyDrive/MACROBATT/INPUT_PDF_FILES/25661749.pdf
50,Diagnostic_procedure,visual fields,0.9964919090270996,1,/content/drive/MyDrive/MACROBATT/INPUT_PDF_FILES/25661749.pdf
51,Lab_value,both,0.9981040954589844,1,/content/drive/MyDrive/MACROBATT/INPUT_PDF_FILES/25661749.pdf
52,Lab_value,considerably raised,0.9998906254768372,1,/content/drive/MyDrive/MACROBATT/INPUT_PDF_FILES/25661749.pdf
53,Diagnostic_procedure,false-negative error rates,0.9996600151062012,1,/content/drive/MyDrive/MACROBATT/INPUT_PDF_FILES/25661749.pdf
54,Lab_value,in in excess of 30 %,0.9999297261238098,1,/content/drive/MyDrive/MACROBATT/INPUT_PDF_FILES/25661749.pdf
55,Coreference,this,0.6582428216934204,1,/content/drive/MyDrive/MACROBATT/INPUT_PDF_FILES/25661749.pdf
56,Severity,poor,0.9973147511482239,1,/content/drive/MyDrive/MACROBATT/INPUT_PDF_FILES/25661749.pdf
57,Sign_symptom,concentration,0.998449444770813,1,/content/drive/MyDrive/MACROBATT/INPUT_PDF_FILES/25661749.pdf
58,Sign_symptom,attention span,0.9998259544372559,1,/content/drive/MyDrive/MACROBATT/INPUT_PDF_FILES/25661749.pdf
59,Diagnostic_procedure,field testing test,0.999081015586853,1,/content/drive/MyDrive/MACROBATT/INPUT_PDF_FILES/25661749.pdf
60,Date,4 weeks later,0.9998863339424133,1,/content/drive/MyDrive/MACROBATT/INPUT_PDF_FILES/25661749.pdf
61,Lab_value,further deterioration,0.9970319271087646,1,/content/drive/MyDrive/MACROBATT/INPUT_PDF_FILES/25661749.pdf
62,Lab_value,good,0.5172311067581177,1,/content/drive/MyDrive/MACROBATT/INPUT_PDF_FILES/25661749.pdf
63,Diagnostic_procedure,Visual acuities,0.9998162984848022,1,/content/drive/MyDrive/MACROBATT/INPUT_PDF_FILES/25661749.pdf
64,Lab_value,6/24,0.9998437762260437,1,/content/drive/MyDrive/MACROBATT/INPUT_PDF_FILES/25661749.pdf
65,Lab_value,N36 N36,0.9793674349784851,1,/content/drive/MyDrive/MACROBATT/INPUT_PDF_FILES/25661749.pdf
66,Lab_value,depressed,0.9998314380645752,1,/content/drive/MyDrive/MACROBATT/INPUT_PDF_FILES/25661749.pdf
67,Detailed_description,urgent,0.9998811483383179,1,/content/drive/MyDrive/MACROBATT/INPUT_PDF_FILES/25661749.pdf
68,Diagnostic_procedure,scan,0.9999202489852905,1,/content/drive/MyDrive/MACROBATT/INPUT_PDF_FILES/25661749.pdf
69,Biological_structure,head,0.9999396800994873,1,/content/drive/MyDrive/MACROBATT/INPUT_PDF_FILES/25661749.pdf
70,Biological_structure,orbit,0.9997971653938293,1,/content/drive/MyDrive/MACROBATT/INPUT_PDF_FILES/25661749.pdf
71,Detailed_description,compressive,0.9997808337211609,1,/content/drive/MyDrive/MACROBATT/INPUT_PDF_FILES/25661749.pdf
72,Disease_disorder,lesion,0.9523722529411316,1,/content/drive/MyDrive/MACROBATT/INPUT_PDF_FILES/25661749.pdf
73,Diagnostic_procedure,blood analysis,0.999854564666748,1,/content/drive/MyDrive/MACROBATT/INPUT_PDF_FILES/25661749.pdf
74,Disease_disorder,optic neuropathy,0.9997807741165161,1,/content/drive/MyDrive/MACROBATT/INPUT_PDF_FILES/25661749.pdf
75,Diagnostic_procedure,vitamin,0.6868462562561035,1,/content/drive/MyDrive/MACROBATT/INPUT_PDF_FILES/25661749.pdf
76,Diagnostic_procedure,of for of folate inflammatory,0.9987055063247681,1,/content/drive/MyDrive/MACROBATT/INPUT_PDF_FILES/25661749.pdf
77,Diagnostic_procedure,folate,0.951228141784668,1,/content/drive/MyDrive/MACROBATT/INPUT_PDF_FILES/25661749.pdf
78,Detailed_description,inflammatory,0.9403594136238098,1,/content/drive/MyDrive/MACROBATT/INPUT_PDF_FILES/25661749.pdf
79,Diagnostic_procedure,MRI,0.9999061822891235,1,/content/drive/MyDrive/MACROBATT/INPUT_PDF_FILES/25661749.pdf
80,Detailed_description,large,0.7991712093353271,1,/content/drive/MyDrive/MACROBATT/INPUT_PDF_FILES/25661749.pdf
81,Disease_disorder,mass,0.5745111703872681,1,/content/drive/MyDrive/MACROBATT/INPUT_PDF_FILES/25661749.pdf
82,Biological_structure,pituitary fossa,0.999600887298584,1,/content/drive/MyDrive/MACROBATT/INPUT_PDF_FILES/25661749.pdf
83,Volume,4.5 cm×5.1 cm×5.1 cm× 4.8 cm×5.1 cm× cm,0.997327446937561,1,/content/drive/MyDrive/MACROBATT/INPUT_PDF_FILES/25661749.pdf
84,Biological_structure,suprasellar cistern,0.9691584706306458,1,/content/drive/MyDrive/MACROBATT/INPUT_PDF_FILES/25661749.pdf
85,Biological_structure,measuring extending into infrasellar sinuses,0.9998583793640137,1,/content/drive/MyDrive/MACROBATT/INPUT_PDF_FILES/25661749.pdf
86,Biological_structure,infrasellar sphenoid,0.9726629853248596,1,/content/drive/MyDrive/MACROBATT/INPUT_PDF_FILES/25661749.pdf
87,Biological_structure,optic optic chiasm,0.9994760155677795,1,/content/drive/MyDrive/MACROBATT/INPUT_PDF_FILES/25661749.pdf
88,Lab_value,both both,0.9995728135108948,1,/content/drive/MyDrive/MACROBATT/INPUT_PDF_FILES/25661749.pdf
89,Biological_structure,optic optic nerves,0.9993754029273987,1,/content/drive/MyDrive/MACROBATT/INPUT_PDF_FILES/25661749.pdf
90,Detailed_description,displaced superiorly,0.9996674656867981,1,/content/drive/MyDrive/MACROBATT/INPUT_PDF_FILES/25661749.pdf
91,Detailed_description,heterogeneous,0.9999508857727051,1,/content/drive/MyDrive/MACROBATT/INPUT_PDF_FILES/25661749.pdf
92,Diagnostic_procedure,T2 signals,0.9947766661643982,1,/content/drive/MyDrive/MACROBATT/INPUT_PDF_FILES/25661749.pdf
93,Lab_value,multiple,0.997500479221344,1,/content/drive/MyDrive/MACROBATT/INPUT_PDF_FILES/25661749.pdf
94,Diagnostic_procedure,fluid levels,0.9646509885787964,1,/content/drive/MyDrive/MACROBATT/INPUT_PDF_FILES/25661749.pdf
95,History,haemorrhage,0.9937726259231567,1,/content/drive/MyDrive/MACROBATT/INPUT_PDF_FILES/25661749.pdf
96,History,low-signal components,0.9927998781204224,1,/content/drive/MyDrive/MACROBATT/INPUT_PDF_FILES/25661749.pdf
97,Sign_symptom,calcifications,0.8052695989608765,1,/content/drive/MyDrive/MACROBATT/INPUT_PDF_FILES/25661749.pdf
98,Coreference,The appearance,0.788825273513794,1,/content/drive/MyDrive/MACROBATT/INPUT_PDF_FILES/25661749.pdf
99,Disease_disorder,craniopharyngioma,0.9999065399169922,1,/content/drive/MyDrive/MACROBATT/INPUT_PDF_FILES/25661749.pdf
100,Detailed_description,craniopharyngioma haemorrhagic,0.9998854398727417,1,/content/drive/MyDrive/MACROBATT/INPUT_PDF_FILES/25661749.pdf
101,Detailed_description,haemorrhagic,0.8241052627563477,1,/content/drive/MyDrive/MACROBATT/INPUT_PDF_FILES/25661749.pdf
102,Nonbiological_location,neurosurgery,0.9991531372070312,1,/content/drive/MyDrive/MACROBATT/INPUT_PDF_FILES/25661749.pdf
103,Nonbiological_location,neurosurgery unit,0.9987388849258423,1,/content/drive/MyDrive/MACROBATT/INPUT_PDF_FILES/25661749.pdf
104,Lab_value,markedly raised,0.9380326271057129,1,/content/drive/MyDrive/MACROBATT/INPUT_PDF_FILES/25661749.pdf
105,Diagnostic_procedure,prolactin prolactinoma levels,0.9985934495925903,1,/content/drive/MyDrive/MACROBATT/INPUT_PDF_FILES/25661749.pdf
106,Lab_value,greater than 200 000 mIU/L,0.9630646705627441,1,/content/drive/MyDrive/MACROBATT/INPUT_PDF_FILES/25661749.pdf
107,Nonbiological_location,endocrinology,0.9817819595336914,1,/content/drive/MyDrive/MACROBATT/INPUT_PDF_FILES/25661749.pdf
108,Medication,cabergoline,0.9999123811721802,1,/content/drive/MyDrive/MACROBATT/INPUT_PDF_FILES/25661749.pdf
109,Dosage,500 µg,0.9997165203094482,1,/content/drive/MyDrive/MACROBATT/INPUT_PDF_FILES/25661749.pdf
110,Medication,dexamethasone,0.9991269111633301,1,/content/drive/MyDrive/MACROBATT/INPUT_PDF_FILES/25661749.pdf
111,Date,Within a a dramatic patient visual and acuities and week,0.9998241066932678,1,/content/drive/MyDrive/MACROBATT/INPUT_PDF_FILES/25661749.pdf
112,Lab_value,dramatic improvement,0.9997369050979614,1,/content/drive/MyDrive/MACROBATT/INPUT_PDF_FILES/25661749.pdf
113,Diagnostic_procedure,acuities,0.9999140501022339,1,/content/drive/MyDrive/MACROBATT/INPUT_PDF_FILES/25661749.pdf
114,Lab_value,6/9,0.9943380951881409,1,/content/drive/MyDrive/MACROBATT/INPUT_PDF_FILES/25661749.pdf
115,Diagnostic_procedure,prolactin,0.9999707937240601,1,/content/drive/MyDrive/MACROBATT/INPUT_PDF_FILES/25661749.pdf
116,Diagnostic_procedure,prolactin levels levels,0.9998975992202759,1,/content/drive/MyDrive/MACROBATT/INPUT_PDF_FILES/25661749.pdf
117,Lab_value,336 mIU/L,0.9995713829994202,1,/content/drive/MyDrive/MACROBATT/INPUT_PDF_FILES/25661749.pdf
118,Date,Three months later,0.999887228012085,1,/content/drive/MyDrive/MACROBATT/INPUT_PDF_FILES/25661749.pdf
119,Diagnostic_procedure,visual visual acuity,0.9995906949043274,1,/content/drive/MyDrive/MACROBATT/INPUT_PDF_FILES/25661749.pdf
120,Lab_value,6/18 6/5,0.9964714050292969,1,/content/drive/MyDrive/MACROBATT/INPUT_PDF_FILES/25661749.pdf
121,Diagnostic_procedure,visual visual field examination,0.9999597668647766,1,/content/drive/MyDrive/MACROBATT/INPUT_PDF_FILES/25661749.pdf
122,Detailed_description,striking,0.8153009414672852,1,/content/drive/MyDrive/MACROBATT/INPUT_PDF_FILES/25661749.pdf
123,Sign_symptom,recovery,0.9933876991271973,1,/content/drive/MyDrive/MACROBATT/INPUT_PDF_FILES/25661749.pdf
