,Entity Group,Value,Score,Page,Pdf File
0,Age,8-year-old,0.9976128339767456,1,/content/drive/MyDrive/MACROBATT/INPUT_PDF_FILES/25721834.pdf
1,Sex,boy,0.9995150566101074,1,/content/drive/MyDrive/MACROBATT/INPUT_PDF_FILES/25721834.pdf
2,Activity,referred,0.880536675453186,1,/content/drive/MyDrive/MACROBATT/INPUT_PDF_FILES/25721834.pdf
3,Clinical_event,born,0.9995798468589783,1,/content/drive/MyDrive/MACROBATT/INPUT_PDF_FILES/25721834.pdf
4,Diagnostic_procedure,weighing,0.9997738003730774,1,/content/drive/MyDrive/MACROBATT/INPUT_PDF_FILES/25721834.pdf
5,Lab_value,4 kg,0.9996790885925293,1,/content/drive/MyDrive/MACROBATT/INPUT_PDF_FILES/25721834.pdf
6,Family_history,non-consanguineous,0.9730035066604614,1,/content/drive/MyDrive/MACROBATT/INPUT_PDF_FILES/25721834.pdf
7,Subject,parents,0.9575035572052002,1,/content/drive/MyDrive/MACROBATT/INPUT_PDF_FILES/25721834.pdf
8,Lab_value,normal,0.9998372793197632,1,/content/drive/MyDrive/MACROBATT/INPUT_PDF_FILES/25721834.pdf
9,Diagnostic_procedure,early developmental milestones,0.99151211977005,1,/content/drive/MyDrive/MACROBATT/INPUT_PDF_FILES/25721834.pdf
10,Diagnostic_procedure,Height,0.999936580657959,1,/content/drive/MyDrive/MACROBATT/INPUT_PDF_FILES/25721834.pdf
11,Diagnostic_procedure,weight,0.9998987913131714,1,/content/drive/MyDrive/MACROBATT/INPUT_PDF_FILES/25721834.pdf
12,Lab_value,10th,0.9998804330825806,1,/content/drive/MyDrive/MACROBATT/INPUT_PDF_FILES/25721834.pdf
13,Lab_value,50th,0.9997294545173645,1,/content/drive/MyDrive/MACROBATT/INPUT_PDF_FILES/25721834.pdf
14,Detailed_description,centiles,0.9999001026153564,1,/content/drive/MyDrive/MACROBATT/INPUT_PDF_FILES/25721834.pdf
15,Diagnostic_procedure,examination,0.999942421913147,1,/content/drive/MyDrive/MACROBATT/INPUT_PDF_FILES/25721834.pdf
16,Sign_symptom,hepatomegaly the,0.9999159574508667,1,/content/drive/MyDrive/MACROBATT/INPUT_PDF_FILES/25721834.pdf
17,Sign_symptom,hepatomegaly,0.9476304054260254,1,/content/drive/MyDrive/MACROBATT/INPUT_PDF_FILES/25721834.pdf
18,Distance,3.5 cm,0.9898256659507751,1,/content/drive/MyDrive/MACROBATT/INPUT_PDF_FILES/25721834.pdf
19,Biological_structure,below,0.9993591904640198,1,/content/drive/MyDrive/MACROBATT/INPUT_PDF_FILES/25721834.pdf
20,Biological_structure,right costal,0.985340416431427,1,/content/drive/MyDrive/MACROBATT/INPUT_PDF_FILES/25721834.pdf
21,Diagnostic_procedure,laboratory evaluation,0.9999597668647766,1,/content/drive/MyDrive/MACROBATT/INPUT_PDF_FILES/25721834.pdf
22,Detailed_description,normochromic,0.9851793050765991,1,/content/drive/MyDrive/MACROBATT/INPUT_PDF_FILES/25721834.pdf
23,Detailed_description,normocytic,0.9146225452423096,1,/content/drive/MyDrive/MACROBATT/INPUT_PDF_FILES/25721834.pdf
24,Sign_symptom,anaemia,0.9882755875587463,1,/content/drive/MyDrive/MACROBATT/INPUT_PDF_FILES/25721834.pdf
25,Diagnostic_procedure,( ( ( ( ( ( ( ( (,0.8082228302955627,1,/content/drive/MyDrive/MACROBATT/INPUT_PDF_FILES/25721834.pdf
26,Diagnostic_procedure,haemoglobin haemoglobin,0.9999639987945557,1,/content/drive/MyDrive/MACROBATT/INPUT_PDF_FILES/25721834.pdf
27,Diagnostic_procedure,anaemia haemoglobin haemoglobin,0.9998685121536255,1,/content/drive/MyDrive/MACROBATT/INPUT_PDF_FILES/25721834.pdf
28,Lab_value,7.8 g/dL,0.9998018145561218,1,/content/drive/MyDrive/MACROBATT/INPUT_PDF_FILES/25721834.pdf
29,Diagnostic_procedure,mean mean corpuscular corpuscular volume,0.9994319677352905,1,/content/drive/MyDrive/MACROBATT/INPUT_PDF_FILES/25721834.pdf
30,Diagnostic_procedure,MCV,0.9950171709060669,1,/content/drive/MyDrive/MACROBATT/INPUT_PDF_FILES/25721834.pdf
31,Lab_value,85.8 fL,0.9996856451034546,1,/content/drive/MyDrive/MACROBATT/INPUT_PDF_FILES/25721834.pdf
32,Diagnostic_procedure,MCV MCH,0.9999468326568604,1,/content/drive/MyDrive/MACROBATT/INPUT_PDF_FILES/25721834.pdf
33,Lab_value,25.4 11–14.5,0.6749776601791382,1,/content/drive/MyDrive/MACROBATT/INPUT_PDF_FILES/25721834.pdf
34,Sign_symptom,anaemia mean and mean anisocytosis,0.9999697208404541,1,/content/drive/MyDrive/MACROBATT/INPUT_PDF_FILES/25721834.pdf
35,Sign_symptom,anisocytosis,0.9999516010284424,1,/content/drive/MyDrive/MACROBATT/INPUT_PDF_FILES/25721834.pdf
36,Sign_symptom,normocytic anisocytosis,0.9999583959579468,1,/content/drive/MyDrive/MACROBATT/INPUT_PDF_FILES/25721834.pdf
37,Diagnostic_procedure,red-cell,0.9883129000663757,1,/content/drive/MyDrive/MACROBATT/INPUT_PDF_FILES/25721834.pdf
38,Diagnostic_procedure,red-cell distribution width,0.9109684824943542,1,/content/drive/MyDrive/MACROBATT/INPUT_PDF_FILES/25721834.pdf
39,Diagnostic_procedure,RDW,0.9997010827064514,1,/content/drive/MyDrive/MACROBATT/INPUT_PDF_FILES/25721834.pdf
40,Sign_symptom,Hypochromia,0.9999569654464722,1,/content/drive/MyDrive/MACROBATT/INPUT_PDF_FILES/25721834.pdf
41,Sign_symptom,teardrops,0.9499964118003845,1,/content/drive/MyDrive/MACROBATT/INPUT_PDF_FILES/25721834.pdf
42,Biological_structure,blood,0.6175011396408081,1,/content/drive/MyDrive/MACROBATT/INPUT_PDF_FILES/25721834.pdf
43,Sign_symptom,Leucopoenia,0.9989569783210754,1,/content/drive/MyDrive/MACROBATT/INPUT_PDF_FILES/25721834.pdf
44,Diagnostic_procedure,white cell count,0.9992890357971191,1,/content/drive/MyDrive/MACROBATT/INPUT_PDF_FILES/25721834.pdf
45,Lab_value,2.9×109/L,0.9998693466186523,1,/content/drive/MyDrive/MACROBATT/INPUT_PDF_FILES/25721834.pdf
46,Diagnostic_procedure,neutrophils,0.9999221563339233,1,/content/drive/MyDrive/MACROBATT/INPUT_PDF_FILES/25721834.pdf
47,Lab_value,1.7×109/L,0.9998831152915955,1,/content/drive/MyDrive/MACROBATT/INPUT_PDF_FILES/25721834.pdf
48,Diagnostic_procedure,also cell neutrophils lymphocytes,0.99980229139328,1,/content/drive/MyDrive/MACROBATT/INPUT_PDF_FILES/25721834.pdf
49,Diagnostic_procedure,lymphocytes,0.9996023178100586,1,/content/drive/MyDrive/MACROBATT/INPUT_PDF_FILES/25721834.pdf
50,Lab_value,0.8×109/L,0.9984238147735596,1,/content/drive/MyDrive/MACROBATT/INPUT_PDF_FILES/25721834.pdf
51,Diagnostic_procedure,bone marrow marrow aspirate,0.9908275604248047,1,/content/drive/MyDrive/MACROBATT/INPUT_PDF_FILES/25721834.pdf
52,Diagnostic_procedure,biopsy,0.9989877939224243,1,/content/drive/MyDrive/MACROBATT/INPUT_PDF_FILES/25721834.pdf
53,Sign_symptom,hypercellular hyperplasia,0.9997269511222839,1,/content/drive/MyDrive/MACROBATT/INPUT_PDF_FILES/25721834.pdf
54,Biological_structure,marrow marrow,0.9999364614486694,1,/content/drive/MyDrive/MACROBATT/INPUT_PDF_FILES/25721834.pdf
55,Sign_symptom,hypercellular erythroid hyperplasia,0.6018479466438293,1,/content/drive/MyDrive/MACROBATT/INPUT_PDF_FILES/25721834.pdf
56,Diagnostic_procedure,iron stain,0.9999557137489319,1,/content/drive/MyDrive/MACROBATT/INPUT_PDF_FILES/25721834.pdf
57,Lab_value,50 % of erythroblasts were ringed sideroblasts,0.9985598921775818,1,/content/drive/MyDrive/MACROBATT/INPUT_PDF_FILES/25721834.pdf
58,Biological_structure,Marrow,0.9999452829360962,1,/content/drive/MyDrive/MACROBATT/INPUT_PDF_FILES/25721834.pdf
59,Diagnostic_procedure,cytogenetics cytometry,0.999743640422821,1,/content/drive/MyDrive/MACROBATT/INPUT_PDF_FILES/25721834.pdf
60,Diagnostic_procedure,cytogenetics,0.9447548389434814,1,/content/drive/MyDrive/MACROBATT/INPUT_PDF_FILES/25721834.pdf
61,Diagnostic_procedure,fluorescence including in situ hybridisation,0.9233847260475159,1,/content/drive/MyDrive/MACROBATT/INPUT_PDF_FILES/25721834.pdf
62,Detailed_description,"chromosomes 5q , 7 and and 8",0.9997625350952148,1,/content/drive/MyDrive/MACROBATT/INPUT_PDF_FILES/25721834.pdf
63,Diagnostic_procedure,flow cytometry,0.9999392628669739,1,/content/drive/MyDrive/MACROBATT/INPUT_PDF_FILES/25721834.pdf
64,Sign_symptom,blast,0.9380568265914917,1,/content/drive/MyDrive/MACROBATT/INPUT_PDF_FILES/25721834.pdf
65,Detailed_description,Serum,0.9998695850372314,1,/content/drive/MyDrive/MACROBATT/INPUT_PDF_FILES/25721834.pdf
66,Diagnostic_procedure,copper,0.999941349029541,1,/content/drive/MyDrive/MACROBATT/INPUT_PDF_FILES/25721834.pdf
67,Diagnostic_procedure,lead,0.9999622106552124,1,/content/drive/MyDrive/MACROBATT/INPUT_PDF_FILES/25721834.pdf
68,Diagnostic_procedure,blood smears,0.9995477795600891,1,/content/drive/MyDrive/MACROBATT/INPUT_PDF_FILES/25721834.pdf
69,Diagnostic_procedure,Analysis of several genes responsible for hereditary SA,0.9998355507850647,1,/content/drive/MyDrive/MACROBATT/INPUT_PDF_FILES/25721834.pdf
70,Diagnostic_procedure,ALAS2,0.7575291991233826,1,/content/drive/MyDrive/MACROBATT/INPUT_PDF_FILES/25721834.pdf
71,Diagnostic_procedure,ABC7,0.7306534647941589,1,/content/drive/MyDrive/MACROBATT/INPUT_PDF_FILES/25721834.pdf
72,Diagnostic_procedure,FECH,0.9999028444290161,1,/content/drive/MyDrive/MACROBATT/INPUT_PDF_FILES/25721834.pdf
73,Diagnostic_procedure,PUS1,0.9997462630271912,1,/content/drive/MyDrive/MACROBATT/INPUT_PDF_FILES/25721834.pdf
74,Detailed_description,Fasting,0.9999438524246216,1,/content/drive/MyDrive/MACROBATT/INPUT_PDF_FILES/25721834.pdf
75,Diagnostic_procedure,lactate,0.9999437928199768,1,/content/drive/MyDrive/MACROBATT/INPUT_PDF_FILES/25721834.pdf
76,Lab_value,elevated,0.99991774559021,1,/content/drive/MyDrive/MACROBATT/INPUT_PDF_FILES/25721834.pdf
77,Lab_value,3.8 mmol/L,0.9758617281913757,1,/content/drive/MyDrive/MACROBATT/INPUT_PDF_FILES/25721834.pdf
78,Diagnostic_procedure,Neurological examination,0.9996515512466431,1,/content/drive/MyDrive/MACROBATT/INPUT_PDF_FILES/25721834.pdf
79,Lab_value,upper motor neuron signs signs,0.9886349439620972,1,/content/drive/MyDrive/MACROBATT/INPUT_PDF_FILES/25721834.pdf
80,Biological_structure,lower limbs,0.999916136264801,1,/content/drive/MyDrive/MACROBATT/INPUT_PDF_FILES/25721834.pdf
81,Detailed_description,bilaterally,0.92531818151474,1,/content/drive/MyDrive/MACROBATT/INPUT_PDF_FILES/25721834.pdf
82,Diagnostic_procedure,cerebellar,0.9997947812080383,1,/content/drive/MyDrive/MACROBATT/INPUT_PDF_FILES/25721834.pdf
83,Diagnostic_procedure,cerebellar signs signs,0.9934218525886536,1,/content/drive/MyDrive/MACROBATT/INPUT_PDF_FILES/25721834.pdf
84,Diagnostic_procedure,MRI,0.9999663829803467,1,/content/drive/MyDrive/MACROBATT/INPUT_PDF_FILES/25721834.pdf
85,Biological_structure,brain,0.9999614953994751,1,/content/drive/MyDrive/MACROBATT/INPUT_PDF_FILES/25721834.pdf
86,Sign_symptom,volume loss,0.9999395608901978,1,/content/drive/MyDrive/MACROBATT/INPUT_PDF_FILES/25721834.pdf
87,Severity,slight,0.9997637867927551,1,/content/drive/MyDrive/MACROBATT/INPUT_PDF_FILES/25721834.pdf
88,Sign_symptom,prominence,0.9999148845672607,1,/content/drive/MyDrive/MACROBATT/INPUT_PDF_FILES/25721834.pdf
89,Biological_structure,prominence cerebellar,0.9999510049819946,1,/content/drive/MyDrive/MACROBATT/INPUT_PDF_FILES/25721834.pdf
90,Detailed_description,Urine,0.9998829364776611,1,/content/drive/MyDrive/MACROBATT/INPUT_PDF_FILES/25721834.pdf
91,Diagnostic_procedure,organic acids,0.9999421238899231,1,/content/drive/MyDrive/MACROBATT/INPUT_PDF_FILES/25721834.pdf
92,Diagnostic_procedure,3-methylglutaconate 3-,0.999940037727356,1,/content/drive/MyDrive/MACROBATT/INPUT_PDF_FILES/25721834.pdf
93,Diagnostic_procedure,3-methylglutaconate,0.9619356989860535,1,/content/drive/MyDrive/MACROBATT/INPUT_PDF_FILES/25721834.pdf
94,Diagnostic_procedure,3-methylglutaconate methylglutarate,0.9994751811027527,1,/content/drive/MyDrive/MACROBATT/INPUT_PDF_FILES/25721834.pdf
95,Diagnostic_procedure,pyruvate,0.9259639978408813,1,/content/drive/MyDrive/MACROBATT/INPUT_PDF_FILES/25721834.pdf
96,Biological_structure,Muscle,0.9999544620513916,1,/content/drive/MyDrive/MACROBATT/INPUT_PDF_FILES/25721834.pdf
97,Biological_structure,muscle,0.9999501705169678,1,/content/drive/MyDrive/MACROBATT/INPUT_PDF_FILES/25721834.pdf
98,Diagnostic_procedure,biopsy biochemical,0.9999725818634033,1,/content/drive/MyDrive/MACROBATT/INPUT_PDF_FILES/25721834.pdf
99,Diagnostic_procedure,biochemical assay,0.9382669925689697,1,/content/drive/MyDrive/MACROBATT/INPUT_PDF_FILES/25721834.pdf
100,Diagnostic_procedure,respiratory chain components,0.9999317526817322,1,/content/drive/MyDrive/MACROBATT/INPUT_PDF_FILES/25721834.pdf
101,Detailed_description,partial,0.9993651509284973,1,/content/drive/MyDrive/MACROBATT/INPUT_PDF_FILES/25721834.pdf
102,Diagnostic_procedure,complex IV,0.5484225749969482,1,/content/drive/MyDrive/MACROBATT/INPUT_PDF_FILES/25721834.pdf
103,Therapeutic_procedure,high-fat diet,0.9995478987693787,1,/content/drive/MyDrive/MACROBATT/INPUT_PDF_FILES/25721834.pdf
104,Medication,coenzyme Q,0.999666690826416,1,/content/drive/MyDrive/MACROBATT/INPUT_PDF_FILES/25721834.pdf
105,Lab_value,improvement,0.9949008226394653,1,/content/drive/MyDrive/MACROBATT/INPUT_PDF_FILES/25721834.pdf
106,Diagnostic_procedure,mtDNA,0.999896228313446,1,/content/drive/MyDrive/MACROBATT/INPUT_PDF_FILES/25721834.pdf
107,Biological_structure,leucocytes muscle deletion,0.9999616146087646,1,/content/drive/MyDrive/MACROBATT/INPUT_PDF_FILES/25721834.pdf
108,Biological_structure,leucocytes,0.9999545812606812,1,/content/drive/MyDrive/MACROBATT/INPUT_PDF_FILES/25721834.pdf
109,Diagnostic_procedure,PCR,0.9999309778213501,1,/content/drive/MyDrive/MACROBATT/INPUT_PDF_FILES/25721834.pdf
110,Medication,Carnitine,0.8940677046775818,1,/content/drive/MyDrive/MACROBATT/INPUT_PDF_FILES/25721834.pdf
111,Medication,vitamin A,0.9899010062217712,1,/content/drive/MyDrive/MACROBATT/INPUT_PDF_FILES/25721834.pdf
112,Medication,thiamine without,0.9996323585510254,1,/content/drive/MyDrive/MACROBATT/INPUT_PDF_FILES/25721834.pdf
113,Medication,thiamine,0.9984859824180603,1,/content/drive/MyDrive/MACROBATT/INPUT_PDF_FILES/25721834.pdf
114,Medication,pyridoxine supplemented improvement,0.9994557499885559,1,/content/drive/MyDrive/MACROBATT/INPUT_PDF_FILES/25721834.pdf
115,Medication,pyridoxine,0.959881067276001,1,/content/drive/MyDrive/MACROBATT/INPUT_PDF_FILES/25721834.pdf
116,Medication,folate,0.8092095851898193,1,/content/drive/MyDrive/MACROBATT/INPUT_PDF_FILES/25721834.pdf
117,Medication,uridine,0.9997394680976868,1,/content/drive/MyDrive/MACROBATT/INPUT_PDF_FILES/25721834.pdf
118,Medication,Carnitine thiamine pyridoxine uridine,0.9958314299583435,1,/content/drive/MyDrive/MACROBATT/INPUT_PDF_FILES/25721834.pdf
119,Diagnostic_procedure,Haemoglobin,0.9884065389633179,1,/content/drive/MyDrive/MACROBATT/INPUT_PDF_FILES/25721834.pdf
120,Lab_value,fell,0.9996973276138306,1,/content/drive/MyDrive/MACROBATT/INPUT_PDF_FILES/25721834.pdf
121,Lab_value,4.4,0.999838650226593,1,/content/drive/MyDrive/MACROBATT/INPUT_PDF_FILES/25721834.pdf
122,Detailed_description,occasional,0.9970190525054932,1,/content/drive/MyDrive/MACROBATT/INPUT_PDF_FILES/25721834.pdf
123,Frequency,three-weekly,0.995310366153717,1,/content/drive/MyDrive/MACROBATT/INPUT_PDF_FILES/25721834.pdf
124,Detailed_description,red cell,0.9995691776275635,1,/content/drive/MyDrive/MACROBATT/INPUT_PDF_FILES/25721834.pdf
125,Diagnostic_procedure,ferritin,0.9992396831512451,1,/content/drive/MyDrive/MACROBATT/INPUT_PDF_FILES/25721834.pdf
126,Lab_value,1700 µg/L,0.8902072906494141,1,/content/drive/MyDrive/MACROBATT/INPUT_PDF_FILES/25721834.pdf
127,Medication,iron,0.9503604173660278,1,/content/drive/MyDrive/MACROBATT/INPUT_PDF_FILES/25721834.pdf
128,Detailed_description,Peak,0.9999630451202393,1,/content/drive/MyDrive/MACROBATT/INPUT_PDF_FILES/25721834.pdf
129,Diagnostic_procedure,growth hormone,0.9998902082443237,1,/content/drive/MyDrive/MACROBATT/INPUT_PDF_FILES/25721834.pdf
130,Diagnostic_procedure,cortisol,0.9999547004699707,1,/content/drive/MyDrive/MACROBATT/INPUT_PDF_FILES/25721834.pdf
131,Detailed_description,insulin-induced,0.9727345705032349,1,/content/drive/MyDrive/MACROBATT/INPUT_PDF_FILES/25721834.pdf
132,Sign_symptom,growth hormone hypoglycaemia,0.999934196472168,1,/content/drive/MyDrive/MACROBATT/INPUT_PDF_FILES/25721834.pdf
133,Sign_symptom,hypoglycaemia,0.9988505244255066,1,/content/drive/MyDrive/MACROBATT/INPUT_PDF_FILES/25721834.pdf
134,Lab_value,30.9 mU/L,0.9999035000801086,1,/content/drive/MyDrive/MACROBATT/INPUT_PDF_FILES/25721834.pdf
135,Lab_value,447 nmol/L,0.999906063079834,1,/content/drive/MyDrive/MACROBATT/INPUT_PDF_FILES/25721834.pdf
136,Diagnostic_procedure,Thyroid function,0.9999321103096008,1,/content/drive/MyDrive/MACROBATT/INPUT_PDF_FILES/25721834.pdf
137,Detailed_description,peak,0.9999505281448364,1,/content/drive/MyDrive/MACROBATT/INPUT_PDF_FILES/25721834.pdf
138,Diagnostic_procedure,cortisol adrenocorticotropic,0.9999682903289795,1,/content/drive/MyDrive/MACROBATT/INPUT_PDF_FILES/25721834.pdf
139,Lab_value,384,0.9999558925628662,1,/content/drive/MyDrive/MACROBATT/INPUT_PDF_FILES/25721834.pdf
140,Lab_value,384 nmol/L,0.9998528361320496,1,/content/drive/MyDrive/MACROBATT/INPUT_PDF_FILES/25721834.pdf
141,Medication,adrenocorticotropic,0.9930434226989746,1,/content/drive/MyDrive/MACROBATT/INPUT_PDF_FILES/25721834.pdf
142,Medication,adrenocorticotropic hormone,0.9948985576629639,1,/content/drive/MyDrive/MACROBATT/INPUT_PDF_FILES/25721834.pdf
143,Medication,ACTH,0.9926299452781677,1,/content/drive/MyDrive/MACROBATT/INPUT_PDF_FILES/25721834.pdf
144,Detailed_description,Plasma,0.9999744892120361,1,/content/drive/MyDrive/MACROBATT/INPUT_PDF_FILES/25721834.pdf
145,Diagnostic_procedure,renin activity,0.9990697503089905,1,/content/drive/MyDrive/MACROBATT/INPUT_PDF_FILES/25721834.pdf
146,Lab_value,15 ng/mL/h,0.9979423880577087,1,/content/drive/MyDrive/MACROBATT/INPUT_PDF_FILES/25721834.pdf
147,Diagnostic_procedure,adrenal,0.9999146461486816,1,/content/drive/MyDrive/MACROBATT/INPUT_PDF_FILES/25721834.pdf
148,Diagnostic_procedure,renin adrenal,0.9983783960342407,1,/content/drive/MyDrive/MACROBATT/INPUT_PDF_FILES/25721834.pdf
149,Diagnostic_procedure,adrenal androgens,0.9685704112052917,1,/content/drive/MyDrive/MACROBATT/INPUT_PDF_FILES/25721834.pdf
150,Lab_value,below the lower,0.9693850874900818,1,/content/drive/MyDrive/MACROBATT/INPUT_PDF_FILES/25721834.pdf
151,Detailed_description,urinary,0.9999773502349854,1,/content/drive/MyDrive/MACROBATT/INPUT_PDF_FILES/25721834.pdf
152,Detailed_description,urinary abdominal,0.9999527931213379,1,/content/drive/MyDrive/MACROBATT/INPUT_PDF_FILES/25721834.pdf
153,Diagnostic_procedure,steroid profile,0.9996051788330078,1,/content/drive/MyDrive/MACROBATT/INPUT_PDF_FILES/25721834.pdf
154,Biological_structure,abdominal,0.9999514818191528,1,/content/drive/MyDrive/MACROBATT/INPUT_PDF_FILES/25721834.pdf
155,Medication,Hydrocortisone,0.9706349968910217,1,/content/drive/MyDrive/MACROBATT/INPUT_PDF_FILES/25721834.pdf
156,Dosage,twice daily daily,0.9992508888244629,1,/content/drive/MyDrive/MACROBATT/INPUT_PDF_FILES/25721834.pdf
157,Medication,fludrocortisone,0.9997748732566833,1,/content/drive/MyDrive/MACROBATT/INPUT_PDF_FILES/25721834.pdf
158,Medication,Hydrocortisone fludrocortisone,0.9047659635543823,1,/content/drive/MyDrive/MACROBATT/INPUT_PDF_FILES/25721834.pdf
159,Dosage,100 µg daily daily,0.9996820688247681,1,/content/drive/MyDrive/MACROBATT/INPUT_PDF_FILES/25721834.pdf
160,Diagnostic_procedure,Adrenal,0.999946117401123,1,/content/drive/MyDrive/MACROBATT/INPUT_PDF_FILES/25721834.pdf
161,Diagnostic_procedure,Adrenal autoantibodies autoantibodies to 21-hydroxylase,0.9786031246185303,1,/content/drive/MyDrive/MACROBATT/INPUT_PDF_FILES/25721834.pdf
162,Lab_value,negative,0.9999500513076782,1,/content/drive/MyDrive/MACROBATT/INPUT_PDF_FILES/25721834.pdf
163,Diagnostic_procedure,very-long- chain fatty acids,0.9995803236961365,1,/content/drive/MyDrive/MACROBATT/INPUT_PDF_FILES/25721834.pdf
164,Biological_structure,renal tubular tubular,0.9999284148216248,2,/content/drive/MyDrive/MACROBATT/INPUT_PDF_FILES/25721834.pdf
165,Disease_disorder,Fanconi syndrome,0.9992583394050598,2,/content/drive/MyDrive/MACROBATT/INPUT_PDF_FILES/25721834.pdf
166,Sign_symptom,including glycosuria generalised,0.9994581341743469,2,/content/drive/MyDrive/MACROBATT/INPUT_PDF_FILES/25721834.pdf
167,Sign_symptom,The has hypokalaemia hypophosphataemia with phosphate,0.9997715353965759,2,/content/drive/MyDrive/MACROBATT/INPUT_PDF_FILES/25721834.pdf
168,Sign_symptom,hypokalaemia hypophosphataemia,0.9989996552467346,2,/content/drive/MyDrive/MACROBATT/INPUT_PDF_FILES/25721834.pdf
169,Sign_symptom,tubular hypokalaemia tubular,0.9977014660835266,2,/content/drive/MyDrive/MACROBATT/INPUT_PDF_FILES/25721834.pdf
170,Sign_symptom,hypophosphataemia,0.9942106604576111,2,/content/drive/MyDrive/MACROBATT/INPUT_PDF_FILES/25721834.pdf
171,Lab_value,low,0.9999077320098877,2,/content/drive/MyDrive/MACROBATT/INPUT_PDF_FILES/25721834.pdf
172,Diagnostic_procedure,maximal tubular tubular reabsorption of phosphate,0.9998512268066406,2,/content/drive/MyDrive/MACROBATT/INPUT_PDF_FILES/25721834.pdf
173,Detailed_description,generalised,0.9999172687530518,2,/content/drive/MyDrive/MACROBATT/INPUT_PDF_FILES/25721834.pdf
174,Sign_symptom,aminoaciduria,0.9214377403259277,2,/content/drive/MyDrive/MACROBATT/INPUT_PDF_FILES/25721834.pdf
175,Sign_symptom,hyperglycaemia,0.9999418258666992,2,/content/drive/MyDrive/MACROBATT/INPUT_PDF_FILES/25721834.pdf
176,Clinical_event,admission,0.9996501207351685,2,/content/drive/MyDrive/MACROBATT/INPUT_PDF_FILES/25721834.pdf
177,Detailed_description,percutaneous,0.9568231105804443,2,/content/drive/MyDrive/MACROBATT/INPUT_PDF_FILES/25721834.pdf
178,Detailed_description,endoscopic,0.9980828762054443,2,/content/drive/MyDrive/MACROBATT/INPUT_PDF_FILES/25721834.pdf
179,Therapeutic_procedure,gastrostomy,0.9997761249542236,2,/content/drive/MyDrive/MACROBATT/INPUT_PDF_FILES/25721834.pdf
180,Detailed_description,Glycated,0.9999361038208008,2,/content/drive/MyDrive/MACROBATT/INPUT_PDF_FILES/25721834.pdf
181,Diagnostic_procedure,haemoglobin,0.9999490976333618,2,/content/drive/MyDrive/MACROBATT/INPUT_PDF_FILES/25721834.pdf
182,Lab_value,elevated,0.9999494552612305,2,/content/drive/MyDrive/MACROBATT/INPUT_PDF_FILES/25721834.pdf
183,Lab_value,62 mmol/mol,0.9998999238014221,2,/content/drive/MyDrive/MACROBATT/INPUT_PDF_FILES/25721834.pdf
184,Lab_value,rapid,0.9996039271354675,2,/content/drive/MyDrive/MACROBATT/INPUT_PDF_FILES/25721834.pdf
185,Detailed_description,red cell,0.9967028498649597,2,/content/drive/MyDrive/MACROBATT/INPUT_PDF_FILES/25721834.pdf
186,Diagnostic_procedure,Pancreatic,0.999935507774353,2,/content/drive/MyDrive/MACROBATT/INPUT_PDF_FILES/25721834.pdf
187,Diagnostic_procedure,Pancreatic pancreatic autoantibodies,0.9746294021606445,2,/content/drive/MyDrive/MACROBATT/INPUT_PDF_FILES/25721834.pdf
188,Lab_value,negative,0.9999366998672485,2,/content/drive/MyDrive/MACROBATT/INPUT_PDF_FILES/25721834.pdf
189,Diagnostic_procedure,negative glutamic antigen,0.7843868732452393,2,/content/drive/MyDrive/MACROBATT/INPUT_PDF_FILES/25721834.pdf
190,Diagnostic_procedure,glutamic,0.9931354522705078,2,/content/drive/MyDrive/MACROBATT/INPUT_PDF_FILES/25721834.pdf
191,Diagnostic_procedure,acid,0.9814146161079407,2,/content/drive/MyDrive/MACROBATT/INPUT_PDF_FILES/25721834.pdf
192,Diagnostic_procedure,autoantibodies anti-insulin anti-islet antigen antibodies,0.9729273915290833,2,/content/drive/MyDrive/MACROBATT/INPUT_PDF_FILES/25721834.pdf
193,Diagnostic_procedure,anti-insulin,0.9778721928596497,2,/content/drive/MyDrive/MACROBATT/INPUT_PDF_FILES/25721834.pdf
194,Diagnostic_procedure,anti-islet antigen 2,0.9963194727897644,2,/content/drive/MyDrive/MACROBATT/INPUT_PDF_FILES/25721834.pdf
195,Diagnostic_procedure,pancreatic,0.9998146891593933,2,/content/drive/MyDrive/MACROBATT/INPUT_PDF_FILES/25721834.pdf
196,Diagnostic_procedure,Pancreatic pancreatic anti-islet islet cell,0.9834944009780884,2,/content/drive/MyDrive/MACROBATT/INPUT_PDF_FILES/25721834.pdf
197,Dosage,twice daily,0.999453067779541,2,/content/drive/MyDrive/MACROBATT/INPUT_PDF_FILES/25721834.pdf
198,Medication,insulin,0.9996870756149292,2,/content/drive/MyDrive/MACROBATT/INPUT_PDF_FILES/25721834.pdf
199,Medication,detemir,0.8960257172584534,2,/content/drive/MyDrive/MACROBATT/INPUT_PDF_FILES/25721834.pdf
200,Lab_value,satisfactory,0.9998242259025574,2,/content/drive/MyDrive/MACROBATT/INPUT_PDF_FILES/25721834.pdf
201,Diagnostic_procedure,glycaemic,0.9999487400054932,2,/content/drive/MyDrive/MACROBATT/INPUT_PDF_FILES/25721834.pdf
202,Diagnostic_procedure,glycaemic control,0.9922791719436646,2,/content/drive/MyDrive/MACROBATT/INPUT_PDF_FILES/25721834.pdf
203,Diagnostic_procedure,fructosamine,0.9999651908874512,2,/content/drive/MyDrive/MACROBATT/INPUT_PDF_FILES/25721834.pdf
204,Lab_value,161 µmol/L,0.9997937679290771,2,/content/drive/MyDrive/MACROBATT/INPUT_PDF_FILES/25721834.pdf
