,Entity Group,Value,Score,Page,Pdf File
0,Age,71-year-old,0.9973050951957703,1,/content/drive/MyDrive/MACROBATT/INPUT_PDF_FILES/25743872.pdf
1,Personal_background,African-American,0.9892909526824951,1,/content/drive/MyDrive/MACROBATT/INPUT_PDF_FILES/25743872.pdf
2,Sex,woman,0.9998007416725159,1,/content/drive/MyDrive/MACROBATT/INPUT_PDF_FILES/25743872.pdf
3,Clinical_event,presented,0.9998900890350342,1,/content/drive/MyDrive/MACROBATT/INPUT_PDF_FILES/25743872.pdf
4,Lab_value,worsening,0.9999030828475952,1,/content/drive/MyDrive/MACROBATT/INPUT_PDF_FILES/25743872.pdf
5,Detailed_description,exertional extremity,0.9999662637710571,1,/content/drive/MyDrive/MACROBATT/INPUT_PDF_FILES/25743872.pdf
6,Detailed_description,exertional,0.6862921714782715,1,/content/drive/MyDrive/MACROBATT/INPUT_PDF_FILES/25743872.pdf
7,Sign_symptom,71-year-old presented dyspnoea associated and oedema,0.999906063079834,1,/content/drive/MyDrive/MACROBATT/INPUT_PDF_FILES/25743872.pdf
8,Sign_symptom,dyspnoea,0.9902254939079285,1,/content/drive/MyDrive/MACROBATT/INPUT_PDF_FILES/25743872.pdf
9,Sign_symptom,orthopnoea,0.999677836894989,1,/content/drive/MyDrive/MACROBATT/INPUT_PDF_FILES/25743872.pdf
10,Biological_structure,lower extremity,0.9999192357063293,1,/content/drive/MyDrive/MACROBATT/INPUT_PDF_FILES/25743872.pdf
11,Sign_symptom,71-year-old woman to hospital worsening exertional dyspnoea associated orthopnoea lower oedema for,0.9999555349349976,1,/content/drive/MyDrive/MACROBATT/INPUT_PDF_FILES/25743872.pdf
12,Sign_symptom,oedema,0.9998576641082764,1,/content/drive/MyDrive/MACROBATT/INPUT_PDF_FILES/25743872.pdf
13,Sign_symptom,woman oedema,0.9713743329048157,1,/content/drive/MyDrive/MACROBATT/INPUT_PDF_FILES/25743872.pdf
14,Family_history,hypertension,0.996955931186676,1,/content/drive/MyDrive/MACROBATT/INPUT_PDF_FILES/25743872.pdf
15,Family_history,G6PD deficiency,0.9982704520225525,1,/content/drive/MyDrive/MACROBATT/INPUT_PDF_FILES/25743872.pdf
16,Sign_symptom,had haemolysis,0.8858265280723572,1,/content/drive/MyDrive/MACROBATT/INPUT_PDF_FILES/25743872.pdf
17,History,former cigarette smoker,0.9993186593055725,1,/content/drive/MyDrive/MACROBATT/INPUT_PDF_FILES/25743872.pdf
18,Subject,family members,0.75243079662323,1,/content/drive/MyDrive/MACROBATT/INPUT_PDF_FILES/25743872.pdf
19,Family_history,G6PD,0.9976653456687927,1,/content/drive/MyDrive/MACROBATT/INPUT_PDF_FILES/25743872.pdf
20,Family_history,diabetes mellitus,0.9829502105712891,1,/content/drive/MyDrive/MACROBATT/INPUT_PDF_FILES/25743872.pdf
21,Diagnostic_procedure,Vital signs measurement,0.9999558925628662,1,/content/drive/MyDrive/MACROBATT/INPUT_PDF_FILES/25743872.pdf
22,Diagnostic_procedure,blood pressure,0.9999614953994751,1,/content/drive/MyDrive/MACROBATT/INPUT_PDF_FILES/25743872.pdf
23,Lab_value,150/73 mm Hg,0.9998968243598938,1,/content/drive/MyDrive/MACROBATT/INPUT_PDF_FILES/25743872.pdf
24,Diagnostic_procedure,pulse rate rate,0.9999667406082153,1,/content/drive/MyDrive/MACROBATT/INPUT_PDF_FILES/25743872.pdf
25,Lab_value,70 bpm,0.9998196363449097,1,/content/drive/MyDrive/MACROBATT/INPUT_PDF_FILES/25743872.pdf
26,Diagnostic_procedure,respiratory rate rate,0.9999655485153198,1,/content/drive/MyDrive/MACROBATT/INPUT_PDF_FILES/25743872.pdf
27,Diagnostic_procedure,temperature,0.9999624490737915,1,/content/drive/MyDrive/MACROBATT/INPUT_PDF_FILES/25743872.pdf
28,Lab_value,36.6°C,0.9998833537101746,1,/content/drive/MyDrive/MACROBATT/INPUT_PDF_FILES/25743872.pdf
29,Lab_value,97 %,0.9995366334915161,1,/content/drive/MyDrive/MACROBATT/INPUT_PDF_FILES/25743872.pdf
30,Diagnostic_procedure,saturation,0.999911904335022,1,/content/drive/MyDrive/MACROBATT/INPUT_PDF_FILES/25743872.pdf
31,Sign_symptom,comfortable,0.9994763731956482,1,/content/drive/MyDrive/MACROBATT/INPUT_PDF_FILES/25743872.pdf
32,Diagnostic_procedure,physical examination,0.9998315572738647,1,/content/drive/MyDrive/MACROBATT/INPUT_PDF_FILES/25743872.pdf
33,Sign_symptom,distended displaced,0.9998052716255188,1,/content/drive/MyDrive/MACROBATT/INPUT_PDF_FILES/25743872.pdf
34,Sign_symptom,distended,0.999757707118988,1,/content/drive/MyDrive/MACROBATT/INPUT_PDF_FILES/25743872.pdf
35,Biological_structure,jugular,0.9998893737792969,1,/content/drive/MyDrive/MACROBATT/INPUT_PDF_FILES/25743872.pdf
36,Detailed_description,inspiratory,0.879973828792572,1,/content/drive/MyDrive/MACROBATT/INPUT_PDF_FILES/25743872.pdf
37,Sign_symptom,crackles,0.9982554912567139,1,/content/drive/MyDrive/MACROBATT/INPUT_PDF_FILES/25743872.pdf
38,Biological_structure,bilateral,0.999940037727356,1,/content/drive/MyDrive/MACROBATT/INPUT_PDF_FILES/25743872.pdf
39,Biological_structure,lung,0.6270484924316406,1,/content/drive/MyDrive/MACROBATT/INPUT_PDF_FILES/25743872.pdf
40,Lab_value,laterally displaced,0.9988389015197754,1,/content/drive/MyDrive/MACROBATT/INPUT_PDF_FILES/25743872.pdf
41,Diagnostic_procedure,apical impulse,0.9999020099639893,1,/content/drive/MyDrive/MACROBATT/INPUT_PDF_FILES/25743872.pdf
42,Biological_structure,bilateral bipedal,0.9999583959579468,1,/content/drive/MyDrive/MACROBATT/INPUT_PDF_FILES/25743872.pdf
43,Biological_structure,bipedal,0.923384964466095,1,/content/drive/MyDrive/MACROBATT/INPUT_PDF_FILES/25743872.pdf
44,Diagnostic_procedure,ECG,0.9994775056838989,1,/content/drive/MyDrive/MACROBATT/INPUT_PDF_FILES/25743872.pdf
45,Biological_structure,left ventricular,0.9998987913131714,1,/content/drive/MyDrive/MACROBATT/INPUT_PDF_FILES/25743872.pdf
46,Sign_symptom,hypertrophy,0.9999527931213379,1,/content/drive/MyDrive/MACROBATT/INPUT_PDF_FILES/25743872.pdf
47,Detailed_description,inferolateral,0.901484489440918,1,/content/drive/MyDrive/MACROBATT/INPUT_PDF_FILES/25743872.pdf
48,Sign_symptom,T-wave inversions,0.9265523552894592,1,/content/drive/MyDrive/MACROBATT/INPUT_PDF_FILES/25743872.pdf
49,Biological_structure,Chest,0.9999068975448608,1,/content/drive/MyDrive/MACROBATT/INPUT_PDF_FILES/25743872.pdf
50,Diagnostic_procedure,radiography,0.9975215196609497,1,/content/drive/MyDrive/MACROBATT/INPUT_PDF_FILES/25743872.pdf
51,Sign_symptom,cardiomegaly,0.998153567314148,1,/content/drive/MyDrive/MACROBATT/INPUT_PDF_FILES/25743872.pdf
52,Severity,mild,0.9998131394386292,1,/content/drive/MyDrive/MACROBATT/INPUT_PDF_FILES/25743872.pdf
53,Biological_structure,pulmonary,0.9999173879623413,1,/content/drive/MyDrive/MACROBATT/INPUT_PDF_FILES/25743872.pdf
54,Diagnostic_procedure,metabolic panel,0.9999561309814453,1,/content/drive/MyDrive/MACROBATT/INPUT_PDF_FILES/25743872.pdf
55,Diagnostic_procedure,troponin natriuretic,0.9999362230300903,1,/content/drive/MyDrive/MACROBATT/INPUT_PDF_FILES/25743872.pdf
56,Diagnostic_procedure,troponin,0.9997377991676331,1,/content/drive/MyDrive/MACROBATT/INPUT_PDF_FILES/25743872.pdf
57,Lab_value,normal,0.9997528195381165,1,/content/drive/MyDrive/MACROBATT/INPUT_PDF_FILES/25743872.pdf
58,Diagnostic_procedure,B-type natriuretic peptide,0.9999521970748901,1,/content/drive/MyDrive/MACROBATT/INPUT_PDF_FILES/25743872.pdf
59,Lab_value,increased,0.9995848536491394,1,/content/drive/MyDrive/MACROBATT/INPUT_PDF_FILES/25743872.pdf
60,Lab_value,826.5 pg/mL,0.9953730702400208,1,/content/drive/MyDrive/MACROBATT/INPUT_PDF_FILES/25743872.pdf
61,Diagnostic_procedure,Echocardiography,0.9982994198799133,1,/content/drive/MyDrive/MACROBATT/INPUT_PDF_FILES/25743872.pdf
62,Sign_symptom,dilated,0.9998337030410767,1,/content/drive/MyDrive/MACROBATT/INPUT_PDF_FILES/25743872.pdf
63,Biological_structure,left ventricle,0.9999240636825562,1,/content/drive/MyDrive/MACROBATT/INPUT_PDF_FILES/25743872.pdf
64,Diagnostic_procedure,ejection fraction,0.9953903555870056,1,/content/drive/MyDrive/MACROBATT/INPUT_PDF_FILES/25743872.pdf
65,Diagnostic_procedure,Echocardiography EF,0.594714879989624,1,/content/drive/MyDrive/MACROBATT/INPUT_PDF_FILES/25743872.pdf
66,Lab_value,30 %,0.9998108744621277,1,/content/drive/MyDrive/MACROBATT/INPUT_PDF_FILES/25743872.pdf
67,Biological_structure,right ventricular,0.9998419880867004,1,/content/drive/MyDrive/MACROBATT/INPUT_PDF_FILES/25743872.pdf
68,Biological_structure,Coronary artery,0.9998578429222107,1,/content/drive/MyDrive/MACROBATT/INPUT_PDF_FILES/25743872.pdf
69,Therapeutic_procedure,catheterisation,0.9924089908599854,1,/content/drive/MyDrive/MACROBATT/INPUT_PDF_FILES/25743872.pdf
70,Biological_structure,coronary,0.9998431205749512,1,/content/drive/MyDrive/MACROBATT/INPUT_PDF_FILES/25743872.pdf
71,Medication,Ethacrynic acid,0.9751322865486145,1,/content/drive/MyDrive/MACROBATT/INPUT_PDF_FILES/25743872.pdf
72,Dosage,50 mg daily,0.9997458457946777,1,/content/drive/MyDrive/MACROBATT/INPUT_PDF_FILES/25743872.pdf
73,Sign_symptom,improved,0.9993057250976562,1,/content/drive/MyDrive/MACROBATT/INPUT_PDF_FILES/25743872.pdf
74,Date,after after a day had dyspnoea added spironolactone day,0.9998449683189392,1,/content/drive/MyDrive/MACROBATT/INPUT_PDF_FILES/25743872.pdf
75,Sign_symptom,improved day had dyspnoea added,0.9998331069946289,1,/content/drive/MyDrive/MACROBATT/INPUT_PDF_FILES/25743872.pdf
76,Medication,dyspnoea spironolactone,0.9998579025268555,1,/content/drive/MyDrive/MACROBATT/INPUT_PDF_FILES/25743872.pdf
77,Medication,spironolactone,0.823462724685669,1,/content/drive/MyDrive/MACROBATT/INPUT_PDF_FILES/25743872.pdf
78,Medication,metoprolol,0.9998400211334229,1,/content/drive/MyDrive/MACROBATT/INPUT_PDF_FILES/25743872.pdf
79,Medication,metoprolol succinate,0.9679734110832214,1,/content/drive/MyDrive/MACROBATT/INPUT_PDF_FILES/25743872.pdf
80,Medication,losartan,0.9998878240585327,1,/content/drive/MyDrive/MACROBATT/INPUT_PDF_FILES/25743872.pdf
81,Biological_structure,chest,0.9999326467514038,1,/content/drive/MyDrive/MACROBATT/INPUT_PDF_FILES/25743872.pdf
82,Diagnostic_procedure,laboratory results,0.9999401569366455,1,/content/drive/MyDrive/MACROBATT/INPUT_PDF_FILES/25743872.pdf
83,Sign_symptom,haemolysis,0.9999196529388428,1,/content/drive/MyDrive/MACROBATT/INPUT_PDF_FILES/25743872.pdf
84,Sign_symptom,not ototoxicity,0.9999206066131592,1,/content/drive/MyDrive/MACROBATT/INPUT_PDF_FILES/25743872.pdf
85,Sign_symptom,ototoxicity,0.9965512156486511,1,/content/drive/MyDrive/MACROBATT/INPUT_PDF_FILES/25743872.pdf
86,Clinical_event,discharged,0.9997046589851379,1,/content/drive/MyDrive/MACROBATT/INPUT_PDF_FILES/25743872.pdf
87,Nonbiological_location,home,0.9996935129165649,1,/content/drive/MyDrive/MACROBATT/INPUT_PDF_FILES/25743872.pdf
