,Entity Group,Value,Score,Page,Pdf File
0,Age,65-year-old,0.9980219006538391,1,/content/drive/MyDrive/MACROBATT/INPUT_PDF_FILES/25759562.pdf
1,Sex,woman,0.9998093247413635,1,/content/drive/MyDrive/MACROBATT/INPUT_PDF_FILES/25759562.pdf
2,Clinical_event,presented,0.9997784495353699,1,/content/drive/MyDrive/MACROBATT/INPUT_PDF_FILES/25759562.pdf
3,Biological_structure,right upper quadrant,0.9999408721923828,1,/content/drive/MyDrive/MACROBATT/INPUT_PDF_FILES/25759562.pdf
4,Date,Three years prior,0.9924803376197815,1,/content/drive/MyDrive/MACROBATT/INPUT_PDF_FILES/25759562.pdf
5,Detailed_description,incidentally idiopathic middle,0.9998846054077148,1,/content/drive/MyDrive/MACROBATT/INPUT_PDF_FILES/25759562.pdf
6,Disease_disorder,BCS,0.9906015396118164,1,/content/drive/MyDrive/MACROBATT/INPUT_PDF_FILES/25759562.pdf
7,Detailed_description,Doppler,0.9867979884147644,1,/content/drive/MyDrive/MACROBATT/INPUT_PDF_FILES/25759562.pdf
8,Diagnostic_procedure,ultrasound,0.9999555349349976,1,/content/drive/MyDrive/MACROBATT/INPUT_PDF_FILES/25759562.pdf
9,Sign_symptom,obstruction,0.9994401335716248,1,/content/drive/MyDrive/MACROBATT/INPUT_PDF_FILES/25759562.pdf
10,Biological_structure,the health checkup the hepatic,0.9997783303260803,1,/content/drive/MyDrive/MACROBATT/INPUT_PDF_FILES/25759562.pdf
11,Biological_structure,patient hepatic,0.9989994168281555,1,/content/drive/MyDrive/MACROBATT/INPUT_PDF_FILES/25759562.pdf
12,Sign_symptom,the with idiopathic health the thrombophilia,0.998175859451294,1,/content/drive/MyDrive/MACROBATT/INPUT_PDF_FILES/25759562.pdf
13,Sign_symptom,thrombophilia,0.9965894222259521,1,/content/drive/MyDrive/MACROBATT/INPUT_PDF_FILES/25759562.pdf
14,Medication,warfarin,0.9998931884765625,1,/content/drive/MyDrive/MACROBATT/INPUT_PDF_FILES/25759562.pdf
15,Diagnostic_procedure,international normalized ratio,0.9986792206764221,1,/content/drive/MyDrive/MACROBATT/INPUT_PDF_FILES/25759562.pdf
16,Other_event,discontinued,0.8226589560508728,1,/content/drive/MyDrive/MACROBATT/INPUT_PDF_FILES/25759562.pdf
17,Date,1 year years,0.9973153471946716,1,/content/drive/MyDrive/MACROBATT/INPUT_PDF_FILES/25759562.pdf
18,Clinical_event,consult,0.5923506617546082,1,/content/drive/MyDrive/MACROBATT/INPUT_PDF_FILES/25759562.pdf
19,Duration,2 2,0.7796593308448792,1,/content/drive/MyDrive/MACROBATT/INPUT_PDF_FILES/25759562.pdf
20,Sign_symptom,has asymptomatic past associated,0.9998669624328613,1,/content/drive/MyDrive/MACROBATT/INPUT_PDF_FILES/25759562.pdf
21,Sign_symptom,asymptomatic,0.9998248219490051,1,/content/drive/MyDrive/MACROBATT/INPUT_PDF_FILES/25759562.pdf
22,Duration,past 3 years,0.9985985159873962,1,/content/drive/MyDrive/MACROBATT/INPUT_PDF_FILES/25759562.pdf
23,Detailed_description,worsening,0.9687067270278931,1,/content/drive/MyDrive/MACROBATT/INPUT_PDF_FILES/25759562.pdf
24,Frequency,intermittent,0.9637187719345093,1,/content/drive/MyDrive/MACROBATT/INPUT_PDF_FILES/25759562.pdf
25,Sign_symptom,pain,0.999966025352478,1,/content/drive/MyDrive/MACROBATT/INPUT_PDF_FILES/25759562.pdf
26,Biological_structure,right upper,0.9765496253967285,1,/content/drive/MyDrive/MACROBATT/INPUT_PDF_FILES/25759562.pdf
27,Diagnostic_procedure,Physical examination,0.9998324513435364,1,/content/drive/MyDrive/MACROBATT/INPUT_PDF_FILES/25759562.pdf
28,Diagnostic_procedure,Laboratory tests,0.999955415725708,1,/content/drive/MyDrive/MACROBATT/INPUT_PDF_FILES/25759562.pdf
29,Lab_value,mildly elevated,0.9998968243598938,1,/content/drive/MyDrive/MACROBATT/INPUT_PDF_FILES/25759562.pdf
30,Diagnostic_procedure,bilirubin,0.9876791834831238,1,/content/drive/MyDrive/MACROBATT/INPUT_PDF_FILES/25759562.pdf
31,Diagnostic_procedure,albumin,0.9491485357284546,1,/content/drive/MyDrive/MACROBATT/INPUT_PDF_FILES/25759562.pdf
32,Lab_value,deficit,0.9992332458496094,1,/content/drive/MyDrive/MACROBATT/INPUT_PDF_FILES/25759562.pdf
33,Diagnostic_procedure,Child-Pugh,0.9986911416053772,1,/content/drive/MyDrive/MACROBATT/INPUT_PDF_FILES/25759562.pdf
34,Diagnostic_procedure,Child-Pugh ( ( (,0.8343356251716614,1,/content/drive/MyDrive/MACROBATT/INPUT_PDF_FILES/25759562.pdf
35,Diagnostic_procedure,Model,0.9550424814224243,1,/content/drive/MyDrive/MACROBATT/INPUT_PDF_FILES/25759562.pdf
36,Diagnostic_procedure,End-Stage Liver,0.7341842651367188,1,/content/drive/MyDrive/MACROBATT/INPUT_PDF_FILES/25759562.pdf
37,Disease_disorder,Disease,0.5837495923042297,1,/content/drive/MyDrive/MACROBATT/INPUT_PDF_FILES/25759562.pdf
38,Diagnostic_procedure,( ( (,0.6237941980361938,1,/content/drive/MyDrive/MACROBATT/INPUT_PDF_FILES/25759562.pdf
39,Disease_disorder,MELD,0.7610534429550171,1,/content/drive/MyDrive/MACROBATT/INPUT_PDF_FILES/25759562.pdf
40,Diagnostic_procedure,Rotterdam,0.6793221235275269,1,/content/drive/MyDrive/MACROBATT/INPUT_PDF_FILES/25759562.pdf
41,Diagnostic_procedure,BCS-TIPS BCS-TIPS,0.9994644522666931,1,/content/drive/MyDrive/MACROBATT/INPUT_PDF_FILES/25759562.pdf
42,Detailed_description,contrast-enhanced,0.9997667670249939,1,/content/drive/MyDrive/MACROBATT/INPUT_PDF_FILES/25759562.pdf
43,Diagnostic_procedure,computed tomography,0.9998274445533752,1,/content/drive/MyDrive/MACROBATT/INPUT_PDF_FILES/25759562.pdf
44,Diagnostic_procedure,( (,0.9998332262039185,1,/content/drive/MyDrive/MACROBATT/INPUT_PDF_FILES/25759562.pdf
45,Detailed_description,non-visualized,0.5687307715415955,1,/content/drive/MyDrive/MACROBATT/INPUT_PDF_FILES/25759562.pdf
46,Biological_structure,hepatic hepatic extrahepatic,0.9980039000511169,1,/content/drive/MyDrive/MACROBATT/INPUT_PDF_FILES/25759562.pdf
47,Sign_symptom,hepatic hepatomegaly the hepatic the extrahepatic height,0.9998921155929565,1,/content/drive/MyDrive/MACROBATT/INPUT_PDF_FILES/25759562.pdf
48,Sign_symptom,hepatic hepatomegaly hepatic extrahepatic,0.9938687682151794,1,/content/drive/MyDrive/MACROBATT/INPUT_PDF_FILES/25759562.pdf
49,Sign_symptom,hepatomegaly,0.8927118182182312,1,/content/drive/MyDrive/MACROBATT/INPUT_PDF_FILES/25759562.pdf
50,Sign_symptom,hypertrophy,0.9999010562896729,1,/content/drive/MyDrive/MACROBATT/INPUT_PDF_FILES/25759562.pdf
51,Sign_symptom,tomography hypertrophy,0.9951416254043579,1,/content/drive/MyDrive/MACROBATT/INPUT_PDF_FILES/25759562.pdf
52,Biological_structure,scan caudate located,0.8674813508987427,1,/content/drive/MyDrive/MACROBATT/INPUT_PDF_FILES/25759562.pdf
53,Detailed_description,saccular,0.999945878982544,1,/content/drive/MyDrive/MACROBATT/INPUT_PDF_FILES/25759562.pdf
54,Sign_symptom,contrast-enhanced scan and and aneurysm branch and,0.9998335838317871,1,/content/drive/MyDrive/MACROBATT/INPUT_PDF_FILES/25759562.pdf
55,Sign_symptom,aneurysm,0.9974337220191956,1,/content/drive/MyDrive/MACROBATT/INPUT_PDF_FILES/25759562.pdf
56,Biological_structure,extrahepatic,0.9649385213851929,1,/content/drive/MyDrive/MACROBATT/INPUT_PDF_FILES/25759562.pdf
57,Biological_structure,portal,0.985471248626709,1,/content/drive/MyDrive/MACROBATT/INPUT_PDF_FILES/25759562.pdf
58,Distance,3.2 cm cm cm veins vein main measuring in in height,0.9400058388710022,1,/content/drive/MyDrive/MACROBATT/INPUT_PDF_FILES/25759562.pdf
59,Area,2.5 cm cm cm × 2.4 cm cm cm,0.8124114274978638,1,/content/drive/MyDrive/MACROBATT/INPUT_PDF_FILES/25759562.pdf
60,Sign_symptom,aneurysm and,0.9999427795410156,1,/content/drive/MyDrive/MACROBATT/INPUT_PDF_FILES/25759562.pdf
61,Disease_disorder,trauma,0.9945804476737976,1,/content/drive/MyDrive/MACROBATT/INPUT_PDF_FILES/25759562.pdf
62,Date,3 years,0.9995836019515991,1,/content/drive/MyDrive/MACROBATT/INPUT_PDF_FILES/25759562.pdf
63,Sign_symptom,ascites was increasing was associated was,0.9999620914459229,1,/content/drive/MyDrive/MACROBATT/INPUT_PDF_FILES/25759562.pdf
64,Sign_symptom,ascites,0.9878541231155396,1,/content/drive/MyDrive/MACROBATT/INPUT_PDF_FILES/25759562.pdf
65,Biological_structure,variceal,0.9788745045661926,1,/content/drive/MyDrive/MACROBATT/INPUT_PDF_FILES/25759562.pdf
66,Therapeutic_procedure,TIPS,0.9995991587638855,1,/content/drive/MyDrive/MACROBATT/INPUT_PDF_FILES/25759562.pdf
67,Biological_structure,the the hepatic the the the hepatic,0.999951958656311,1,/content/drive/MyDrive/MACROBATT/INPUT_PDF_FILES/25759562.pdf
68,Biological_structure,patient hepatic hepatic,0.999708354473114,1,/content/drive/MyDrive/MACROBATT/INPUT_PDF_FILES/25759562.pdf
69,Sign_symptom,obstruction obstruction,0.5787050724029541,1,/content/drive/MyDrive/MACROBATT/INPUT_PDF_FILES/25759562.pdf
70,Disease_disorder,complications complications,0.9978415966033936,1,/content/drive/MyDrive/MACROBATT/INPUT_PDF_FILES/25759562.pdf
71,Sign_symptom,and aneurysm aneurysm and and,0.9999182224273682,1,/content/drive/MyDrive/MACROBATT/INPUT_PDF_FILES/25759562.pdf
72,Sign_symptom,aneurysm aneurysm,0.7505668997764587,1,/content/drive/MyDrive/MACROBATT/INPUT_PDF_FILES/25759562.pdf
73,Therapeutic_procedure,direct approach,0.9996323585510254,1,/content/drive/MyDrive/MACROBATT/INPUT_PDF_FILES/25759562.pdf
74,Therapeutic_procedure,stent-grafting,0.9998407363891602,1,/content/drive/MyDrive/MACROBATT/INPUT_PDF_FILES/25759562.pdf
75,Biological_structure,hepatic hepatic,0.8811855316162109,1,/content/drive/MyDrive/MACROBATT/INPUT_PDF_FILES/25759562.pdf
76,Clinical_event,brought,0.9996174573898315,1,/content/drive/MyDrive/MACROBATT/INPUT_PDF_FILES/25759562.pdf
77,Nonbiological_location,interventional radiology,0.9990668296813965,1,/content/drive/MyDrive/MACROBATT/INPUT_PDF_FILES/25759562.pdf
78,Therapeutic_procedure,Portal vein vein vein vein access,0.9998006224632263,1,/content/drive/MyDrive/MACROBATT/INPUT_PDF_FILES/25759562.pdf
79,Biological_structure,the hepatic the intrahepatic,0.9998013377189636,1,/content/drive/MyDrive/MACROBATT/INPUT_PDF_FILES/25759562.pdf
80,Biological_structure,hepatic intrahepatic,0.9939811825752258,1,/content/drive/MyDrive/MACROBATT/INPUT_PDF_FILES/25759562.pdf
81,Diagnostic_procedure,portography,0.9978034496307373,1,/content/drive/MyDrive/MACROBATT/INPUT_PDF_FILES/25759562.pdf
82,Sign_symptom,and aneurysm and,0.9999455213546753,1,/content/drive/MyDrive/MACROBATT/INPUT_PDF_FILES/25759562.pdf
83,Biological_structure,portal portal,0.999936580657959,1,/content/drive/MyDrive/MACROBATT/INPUT_PDF_FILES/25759562.pdf
84,Severity,extensive,0.9996457099914551,1,/content/drive/MyDrive/MACROBATT/INPUT_PDF_FILES/25759562.pdf
85,Biological_structure,intrahepatic,0.9980158805847168,1,/content/drive/MyDrive/MACROBATT/INPUT_PDF_FILES/25759562.pdf
86,Severity,small,0.9990338087081909,1,/content/drive/MyDrive/MACROBATT/INPUT_PDF_FILES/25759562.pdf
87,Biological_structure,splenorenal,0.9999550580978394,1,/content/drive/MyDrive/MACROBATT/INPUT_PDF_FILES/25759562.pdf
88,Sign_symptom,varices,0.9997909665107727,1,/content/drive/MyDrive/MACROBATT/INPUT_PDF_FILES/25759562.pdf
89,Detailed_description,10-mm diameter,0.9995207786560059,1,/content/drive/MyDrive/MACROBATT/INPUT_PDF_FILES/25759562.pdf
90,Detailed_description,expanded,0.9999440908432007,1,/content/drive/MyDrive/MACROBATT/INPUT_PDF_FILES/25759562.pdf
91,Detailed_description,polytetrafluoroethylene ( (,0.9932981133460999,1,/content/drive/MyDrive/MACROBATT/INPUT_PDF_FILES/25759562.pdf
92,Detailed_description,ePTFE,0.9684212803840637,1,/content/drive/MyDrive/MACROBATT/INPUT_PDF_FILES/25759562.pdf
93,Detailed_description,covered,0.9985941052436829,1,/content/drive/MyDrive/MACROBATT/INPUT_PDF_FILES/25759562.pdf
94,Therapeutic_procedure,stent- stent-graft graft stent-graft,0.9982587695121765,1,/content/drive/MyDrive/MACROBATT/INPUT_PDF_FILES/25759562.pdf
95,Biological_structure,liver parenchymal tract,0.957120418548584,1,/content/drive/MyDrive/MACROBATT/INPUT_PDF_FILES/25759562.pdf
96,Therapeutic_procedure,stent-graft,0.9975335001945496,1,/content/drive/MyDrive/MACROBATT/INPUT_PDF_FILES/25759562.pdf
97,Sign_symptom,expanded aneurysm branches,0.9402626752853394,1,/content/drive/MyDrive/MACROBATT/INPUT_PDF_FILES/25759562.pdf
98,Sign_symptom,obstruct,0.999333918094635,1,/content/drive/MyDrive/MACROBATT/INPUT_PDF_FILES/25759562.pdf
99,Sign_symptom,stent- stent-graft obstruct,0.8382534980773926,1,/content/drive/MyDrive/MACROBATT/INPUT_PDF_FILES/25759562.pdf
100,Sign_symptom,patent shunt,0.999792754650116,1,/content/drive/MyDrive/MACROBATT/INPUT_PDF_FILES/25759562.pdf
101,Lab_value,decreased,0.9999105930328369,1,/content/drive/MyDrive/MACROBATT/INPUT_PDF_FILES/25759562.pdf
102,Sign_symptom,and aneurysm,0.9999105930328369,1,/content/drive/MyDrive/MACROBATT/INPUT_PDF_FILES/25759562.pdf
103,Diagnostic_procedure,portosystemic pressure gradient,0.9999036192893982,1,/content/drive/MyDrive/MACROBATT/INPUT_PDF_FILES/25759562.pdf
104,Diagnostic_procedure,PPG,0.9963115453720093,1,/content/drive/MyDrive/MACROBATT/INPUT_PDF_FILES/25759562.pdf
105,Lab_value,19 mmHg mmHg,0.9999173283576965,1,/content/drive/MyDrive/MACROBATT/INPUT_PDF_FILES/25759562.pdf
106,Sign_symptom,recovered,0.998691976070404,1,/content/drive/MyDrive/MACROBATT/INPUT_PDF_FILES/25759562.pdf
107,Biological_structure,abdominal,0.9999504089355469,1,/content/drive/MyDrive/MACROBATT/INPUT_PDF_FILES/25759562.pdf
108,Date,2 recovered and had abdominal d. discharged and remained,0.9996696710586548,1,/content/drive/MyDrive/MACROBATT/INPUT_PDF_FILES/25759562.pdf
109,Clinical_event,discharged,0.999472439289093,1,/content/drive/MyDrive/MACROBATT/INPUT_PDF_FILES/25759562.pdf
110,Sign_symptom,was asymptomatic,0.9998852014541626,1,/content/drive/MyDrive/MACROBATT/INPUT_PDF_FILES/25759562.pdf
111,Date,1 year,0.9926866888999939,1,/content/drive/MyDrive/MACROBATT/INPUT_PDF_FILES/25759562.pdf
112,Diagnostic_procedure,laboratory tests,0.9986593723297119,1,/content/drive/MyDrive/MACROBATT/INPUT_PDF_FILES/25759562.pdf
113,Lab_value,normal,0.9998570680618286,1,/content/drive/MyDrive/MACROBATT/INPUT_PDF_FILES/25759562.pdf
114,Date,"1 12 , , , , 3 , , , , 6 , , , , and and 12 mo postprocedure",0.9993236064910889,1,/content/drive/MyDrive/MACROBATT/INPUT_PDF_FILES/25759562.pdf
115,Diagnostic_procedure,MELD,0.9973130226135254,2,/content/drive/MyDrive/MACROBATT/INPUT_PDF_FILES/25759562.pdf
116,Diagnostic_procedure,Rotterdam,0.9995254278182983,2,/content/drive/MyDrive/MACROBATT/INPUT_PDF_FILES/25759562.pdf
117,Therapeutic_procedure,TIPS-,0.9913831353187561,2,/content/drive/MyDrive/MACROBATT/INPUT_PDF_FILES/25759562.pdf
118,Sign_symptom,scans aneurysm and and and,0.9999502897262573,2,/content/drive/MyDrive/MACROBATT/INPUT_PDF_FILES/25759562.pdf
119,Sign_symptom,aneurysm,0.9998666048049927,2,/content/drive/MyDrive/MACROBATT/INPUT_PDF_FILES/25759562.pdf
120,Lab_value,decreased decreased,0.9997968077659607,2,/content/drive/MyDrive/MACROBATT/INPUT_PDF_FILES/25759562.pdf
121,Distance,2.4 cm cm cm cm cm cm in in in in in height height,0.9955064654350281,2,/content/drive/MyDrive/MACROBATT/INPUT_PDF_FILES/25759562.pdf
122,Area,2.0 cm cm cm cm cm cm × × 1.9 1.9 cm cm cm cm cm cm in in in in in diameter diameter,0.9985462427139282,2,/content/drive/MyDrive/MACROBATT/INPUT_PDF_FILES/25759562.pdf
123,Date,3 mo after,0.9998164176940918,2,/content/drive/MyDrive/MACROBATT/INPUT_PDF_FILES/25759562.pdf
124,Therapeutic_procedure,TIPS,0.9995111227035522,2,/content/drive/MyDrive/MACROBATT/INPUT_PDF_FILES/25759562.pdf
125,Distance,1.9 1.9 cm cm cm cm cm cm in in in in in height height,0.9992194771766663,2,/content/drive/MyDrive/MACROBATT/INPUT_PDF_FILES/25759562.pdf
126,Area,1.9 1B 1.9 1.6 1.5 1 1C,0.939094066619873,2,/content/drive/MyDrive/MACROBATT/INPUT_PDF_FILES/25759562.pdf
127,Area,1.6 cm cm cm cm cm cm × × 1.5 cm cm cm cm cm cm,0.8906421065330505,2,/content/drive/MyDrive/MACROBATT/INPUT_PDF_FILES/25759562.pdf
128,Date,1.9 1B 1.9 1.6 1.5 1 1C year,0.9995681047439575,2,/content/drive/MyDrive/MACROBATT/INPUT_PDF_FILES/25759562.pdf
