,Entity Group,Value,Score,Page,Pdf File
0,Age,66-year-old,0.9978052973747253,1,/content/drive/MyDrive/MACROBATT/INPUT_PDF_FILES/25793030.pdf
1,Sex,female,0.9997331500053406,1,/content/drive/MyDrive/MACROBATT/INPUT_PDF_FILES/25793030.pdf
2,History,no significant past medical history,0.9997483491897583,1,/content/drive/MyDrive/MACROBATT/INPUT_PDF_FILES/25793030.pdf
3,Clinical_event,presenting,0.9995564818382263,1,/content/drive/MyDrive/MACROBATT/INPUT_PDF_FILES/25793030.pdf
4,Biological_structure,chest,0.9999024868011475,1,/content/drive/MyDrive/MACROBATT/INPUT_PDF_FILES/25793030.pdf
5,Sign_symptom,pain,0.9999445676803589,1,/content/drive/MyDrive/MACROBATT/INPUT_PDF_FILES/25793030.pdf
6,Medication,antacids,0.9994745850563049,1,/content/drive/MyDrive/MACROBATT/INPUT_PDF_FILES/25793030.pdf
7,Date,next day,0.9996265172958374,1,/content/drive/MyDrive/MACROBATT/INPUT_PDF_FILES/25793030.pdf
8,Clinical_event,presented,0.9998776912689209,1,/content/drive/MyDrive/MACROBATT/INPUT_PDF_FILES/25793030.pdf
9,Nonbiological_location,emergency room,0.99019455909729,1,/content/drive/MyDrive/MACROBATT/INPUT_PDF_FILES/25793030.pdf
10,Diagnostic_procedure,electrocardiogram,0.9998897314071655,1,/content/drive/MyDrive/MACROBATT/INPUT_PDF_FILES/25793030.pdf
11,Detailed_description,posterolateral,0.9999717473983765,1,/content/drive/MyDrive/MACROBATT/INPUT_PDF_FILES/25793030.pdf
12,Detailed_description,ST elevation,0.999779462814331,1,/content/drive/MyDrive/MACROBATT/INPUT_PDF_FILES/25793030.pdf
13,Clinical_event,taken,0.9998496770858765,1,/content/drive/MyDrive/MACROBATT/INPUT_PDF_FILES/25793030.pdf
14,Nonbiological_location,catheterization,0.948710024356842,1,/content/drive/MyDrive/MACROBATT/INPUT_PDF_FILES/25793030.pdf
15,Therapeutic_procedure,percutaneous performed,0.999894380569458,1,/content/drive/MyDrive/MACROBATT/INPUT_PDF_FILES/25793030.pdf
16,Therapeutic_procedure,percutaneous acutely,0.990264892578125,1,/content/drive/MyDrive/MACROBATT/INPUT_PDF_FILES/25793030.pdf
17,Therapeutic_procedure,percutaneous intervention,0.9996194839477539,1,/content/drive/MyDrive/MACROBATT/INPUT_PDF_FILES/25793030.pdf
18,Severity,acutely,0.9978139400482178,1,/content/drive/MyDrive/MACROBATT/INPUT_PDF_FILES/25793030.pdf
19,Sign_symptom,percutaneous intervention performed on occluded portion of,0.998502254486084,1,/content/drive/MyDrive/MACROBATT/INPUT_PDF_FILES/25793030.pdf
20,Sign_symptom,successful occluded,0.9467266798019409,1,/content/drive/MyDrive/MACROBATT/INPUT_PDF_FILES/25793030.pdf
21,Sign_symptom,occluded,0.5568901896476746,1,/content/drive/MyDrive/MACROBATT/INPUT_PDF_FILES/25793030.pdf
22,Detailed_description,large large,0.9925628304481506,1,/content/drive/MyDrive/MACROBATT/INPUT_PDF_FILES/25793030.pdf
23,Biological_structure,ramus intermedius vessel,0.9802015423774719,1,/content/drive/MyDrive/MACROBATT/INPUT_PDF_FILES/25793030.pdf
24,Sign_symptom,supplying,0.9987731575965881,1,/content/drive/MyDrive/MACROBATT/INPUT_PDF_FILES/25793030.pdf
25,Biological_structure,lateral wall,0.9814806580543518,1,/content/drive/MyDrive/MACROBATT/INPUT_PDF_FILES/25793030.pdf
26,Sign_symptom,did well,0.9997837543487549,1,/content/drive/MyDrive/MACROBATT/INPUT_PDF_FILES/25793030.pdf
27,Time,several hours later,0.9993488192558289,1,/content/drive/MyDrive/MACROBATT/INPUT_PDF_FILES/25793030.pdf
28,Lab_value,suddenly,0.9946222305297852,1,/content/drive/MyDrive/MACROBATT/INPUT_PDF_FILES/25793030.pdf
29,Detailed_description,cardiogenic,0.6072720289230347,1,/content/drive/MyDrive/MACROBATT/INPUT_PDF_FILES/25793030.pdf
30,Therapeutic_procedure,intra-aortic balloon pump,0.9996298551559448,1,/content/drive/MyDrive/MACROBATT/INPUT_PDF_FILES/25793030.pdf
31,Diagnostic_procedure,echocardiogram,0.9999098777770996,1,/content/drive/MyDrive/MACROBATT/INPUT_PDF_FILES/25793030.pdf
32,Severity,severe,0.9998190999031067,1,/content/drive/MyDrive/MACROBATT/INPUT_PDF_FILES/25793030.pdf
33,Disease_disorder,mitral regurgitation,0.9998058080673218,1,/content/drive/MyDrive/MACROBATT/INPUT_PDF_FILES/25793030.pdf
34,Disease_disorder,ruptured,0.9997506737709045,1,/content/drive/MyDrive/MACROBATT/INPUT_PDF_FILES/25793030.pdf
35,Biological_structure,papillary muscle,0.9987208843231201,1,/content/drive/MyDrive/MACROBATT/INPUT_PDF_FILES/25793030.pdf
36,Sign_symptom,deteriorated,0.9986686706542969,1,/content/drive/MyDrive/MACROBATT/INPUT_PDF_FILES/25793030.pdf
37,Severity,rapidly,0.9892475008964539,1,/content/drive/MyDrive/MACROBATT/INPUT_PDF_FILES/25793030.pdf
38,Lab_value,progressive,0.8337023258209229,1,/content/drive/MyDrive/MACROBATT/INPUT_PDF_FILES/25793030.pdf
39,Sign_symptom,acidosis,0.996035635471344,1,/content/drive/MyDrive/MACROBATT/INPUT_PDF_FILES/25793030.pdf
40,Sign_symptom,oliguria,0.9981765747070312,1,/content/drive/MyDrive/MACROBATT/INPUT_PDF_FILES/25793030.pdf
41,Detailed_description,florid,0.9986585378646851,1,/content/drive/MyDrive/MACROBATT/INPUT_PDF_FILES/25793030.pdf
42,Biological_structure,pulmonary,0.997236967086792,1,/content/drive/MyDrive/MACROBATT/INPUT_PDF_FILES/25793030.pdf
43,Nonbiological_location,operating,0.7695295214653015,1,/content/drive/MyDrive/MACROBATT/INPUT_PDF_FILES/25793030.pdf
44,Biological_structure,transesophageal,0.9984722137451172,1,/content/drive/MyDrive/MACROBATT/INPUT_PDF_FILES/25793030.pdf
45,Diagnostic_procedure,echocardiography,0.9992801547050476,1,/content/drive/MyDrive/MACROBATT/INPUT_PDF_FILES/25793030.pdf
46,Disease_disorder,mitral,0.9998207688331604,1,/content/drive/MyDrive/MACROBATT/INPUT_PDF_FILES/25793030.pdf
47,Disease_disorder,mitral anterolateral regurgitation,0.9997143745422363,1,/content/drive/MyDrive/MACROBATT/INPUT_PDF_FILES/25793030.pdf
48,Biological_structure,papillary,0.9999338388442993,1,/content/drive/MyDrive/MACROBATT/INPUT_PDF_FILES/25793030.pdf
49,Biological_structure,left,0.8890672326087952,1,/content/drive/MyDrive/MACROBATT/INPUT_PDF_FILES/25793030.pdf
50,Diagnostic_procedure,visualization,0.9994218349456787,1,/content/drive/MyDrive/MACROBATT/INPUT_PDF_FILES/25793030.pdf
51,Detailed_description,vertical transseptal approach,0.9998788833618164,1,/content/drive/MyDrive/MACROBATT/INPUT_PDF_FILES/25793030.pdf
52,Biological_structure,right,0.9847704172134399,1,/content/drive/MyDrive/MACROBATT/INPUT_PDF_FILES/25793030.pdf
53,Coreference,valve,0.999298095703125,1,/content/drive/MyDrive/MACROBATT/INPUT_PDF_FILES/25793030.pdf
54,Diagnostic_procedure,inspected,0.999833345413208,1,/content/drive/MyDrive/MACROBATT/INPUT_PDF_FILES/25793030.pdf
55,Sign_symptom,necrotic,0.9998586177825928,1,/content/drive/MyDrive/MACROBATT/INPUT_PDF_FILES/25793030.pdf
56,Severity,large,0.9956366419792175,1,/content/drive/MyDrive/MACROBATT/INPUT_PDF_FILES/25793030.pdf
57,Biological_structure,chunk of muscle,0.9998294711112976,1,/content/drive/MyDrive/MACROBATT/INPUT_PDF_FILES/25793030.pdf
58,Sign_symptom,attached,0.9987244009971619,1,/content/drive/MyDrive/MACROBATT/INPUT_PDF_FILES/25793030.pdf
59,Biological_structure,A1 chordal,0.8508755564689636,1,/content/drive/MyDrive/MACROBATT/INPUT_PDF_FILES/25793030.pdf
60,Therapeutic_procedure,excised,0.8016290068626404,1,/content/drive/MyDrive/MACROBATT/INPUT_PDF_FILES/25793030.pdf
61,Biological_structure,posterior leaflet leaflet,0.8759101033210754,1,/content/drive/MyDrive/MACROBATT/INPUT_PDF_FILES/25793030.pdf
62,Distance,27-mm,0.9958913326263428,1,/content/drive/MyDrive/MACROBATT/INPUT_PDF_FILES/25793030.pdf
63,Detailed_description,St Jude Epic,0.999853789806366,1,/content/drive/MyDrive/MACROBATT/INPUT_PDF_FILES/25793030.pdf
64,Therapeutic_procedure,bioprosthesis,0.9997872114181519,1,/content/drive/MyDrive/MACROBATT/INPUT_PDF_FILES/25793030.pdf
65,Therapeutic_procedure,extracorporeal,0.9998998641967773,1,/content/drive/MyDrive/MACROBATT/INPUT_PDF_FILES/25793030.pdf
66,Therapeutic_procedure,extracorporeal membrane oxygenation,0.9684268832206726,1,/content/drive/MyDrive/MACROBATT/INPUT_PDF_FILES/25793030.pdf
67,Therapeutic_procedure,weaned,0.9968584775924683,1,/content/drive/MyDrive/MACROBATT/INPUT_PDF_FILES/25793030.pdf
68,Date,3 days,0.9998787045478821,1,/content/drive/MyDrive/MACROBATT/INPUT_PDF_FILES/25793030.pdf
69,Lab_value,early,0.5839365720748901,1,/content/drive/MyDrive/MACROBATT/INPUT_PDF_FILES/25793030.pdf
70,Date,One month,0.9970707297325134,1,/content/drive/MyDrive/MACROBATT/INPUT_PDF_FILES/25793030.pdf
71,Outcome,expired,0.9943022727966309,1,/content/drive/MyDrive/MACROBATT/INPUT_PDF_FILES/25793030.pdf
72,Disease_disorder,pneumonia,0.9995759129524231,1,/content/drive/MyDrive/MACROBATT/INPUT_PDF_FILES/25793030.pdf
73,Disease_disorder,sepsis,0.9971705079078674,1,/content/drive/MyDrive/MACROBATT/INPUT_PDF_FILES/25793030.pdf
74,Detailed_description,multiorgan,0.9799624681472778,1,/content/drive/MyDrive/MACROBATT/INPUT_PDF_FILES/25793030.pdf
