,Entity Group,Value,Score,Page,Pdf File
0,Age,68-year-old,0.9982339143753052,1,/content/drive/MyDrive/MACROBATT/INPUT_PDF_FILES/25853982.pdf
1,Sex,woman,0.9997901320457458,1,/content/drive/MyDrive/MACROBATT/INPUT_PDF_FILES/25853982.pdf
2,Biological_structure,pulmonary,0.9998562335968018,1,/content/drive/MyDrive/MACROBATT/INPUT_PDF_FILES/25853982.pdf
3,History,no nodule,0.9346743822097778,1,/content/drive/MyDrive/MACROBATT/INPUT_PDF_FILES/25853982.pdf
4,History,gastroesophageal reflux disease history or disorders,0.9406185746192932,1,/content/drive/MyDrive/MACROBATT/INPUT_PDF_FILES/25853982.pdf
5,Disease_disorder,gastroesophageal esophageal,0.8312845826148987,1,/content/drive/MyDrive/MACROBATT/INPUT_PDF_FILES/25853982.pdf
6,History,gastroesophageal esophageal disorders,0.6849851012229919,1,/content/drive/MyDrive/MACROBATT/INPUT_PDF_FILES/25853982.pdf
7,Detailed_description,progressive,0.999964714050293,1,/content/drive/MyDrive/MACROBATT/INPUT_PDF_FILES/25853982.pdf
8,Detailed_description,solitary,0.9999712705612183,1,/content/drive/MyDrive/MACROBATT/INPUT_PDF_FILES/25853982.pdf
9,Sign_symptom,nodule,0.9923019409179688,1,/content/drive/MyDrive/MACROBATT/INPUT_PDF_FILES/25853982.pdf
10,Area,1×1.3cm,0.9897298812866211,1,/content/drive/MyDrive/MACROBATT/INPUT_PDF_FILES/25853982.pdf
11,Detailed_description,right lower wedge,0.9998525977134705,1,/content/drive/MyDrive/MACROBATT/INPUT_PDF_FILES/25853982.pdf
12,Therapeutic_procedure,resection,0.9989796876907349,1,/content/drive/MyDrive/MACROBATT/INPUT_PDF_FILES/25853982.pdf
13,Date,December 2011,0.9997618794441223,1,/content/drive/MyDrive/MACROBATT/INPUT_PDF_FILES/25853982.pdf
14,Nonbiological_location,University of Iowa pathology department,0.9995495080947876,1,/content/drive/MyDrive/MACROBATT/INPUT_PDF_FILES/25853982.pdf
15,Coreference,tumor,0.9995331764221191,1,/content/drive/MyDrive/MACROBATT/INPUT_PDF_FILES/25853982.pdf
16,Disease_disorder,LCNEC,0.9976487755775452,1,/content/drive/MyDrive/MACROBATT/INPUT_PDF_FILES/25853982.pdf
17,Date,six months after,0.9998227953910828,1,/content/drive/MyDrive/MACROBATT/INPUT_PDF_FILES/25853982.pdf
18,Detailed_description,slowly progressing,0.9999021291732788,1,/content/drive/MyDrive/MACROBATT/INPUT_PDF_FILES/25853982.pdf
19,Sign_symptom,started dysphagia solids and liquids,0.9999558925628662,1,/content/drive/MyDrive/MACROBATT/INPUT_PDF_FILES/25853982.pdf
20,Sign_symptom,dysphagia,0.9999352693557739,1,/content/drive/MyDrive/MACROBATT/INPUT_PDF_FILES/25853982.pdf
21,Diagnostic_procedure,positron post,0.9999001026153564,1,/content/drive/MyDrive/MACROBATT/INPUT_PDF_FILES/25853982.pdf
22,Diagnostic_procedure,positron,0.9996391534805298,1,/content/drive/MyDrive/MACROBATT/INPUT_PDF_FILES/25853982.pdf
23,Diagnostic_procedure,positron emission tomography,0.9991277456283569,1,/content/drive/MyDrive/MACROBATT/INPUT_PDF_FILES/25853982.pdf
24,Diagnostic_procedure,PET,0.999915599822998,1,/content/drive/MyDrive/MACROBATT/INPUT_PDF_FILES/25853982.pdf
25,Date,one year post,0.9991098046302795,1,/content/drive/MyDrive/MACROBATT/INPUT_PDF_FILES/25853982.pdf
26,Sign_symptom,recurrence,0.9576062560081482,1,/content/drive/MyDrive/MACROBATT/INPUT_PDF_FILES/25853982.pdf
27,Sign_symptom,metastasis,0.999470055103302,1,/content/drive/MyDrive/MACROBATT/INPUT_PDF_FILES/25853982.pdf
28,Diagnostic_procedure,computed tomography,0.9998053908348083,1,/content/drive/MyDrive/MACROBATT/INPUT_PDF_FILES/25853982.pdf
29,Diagnostic_procedure,( ( (,0.9997524619102478,1,/content/drive/MyDrive/MACROBATT/INPUT_PDF_FILES/25853982.pdf
30,Date,June 2013,0.9998341798782349,1,/content/drive/MyDrive/MACROBATT/INPUT_PDF_FILES/25853982.pdf
31,Date,18 months post,0.9992676377296448,1,/content/drive/MyDrive/MACROBATT/INPUT_PDF_FILES/25853982.pdf
32,Sign_symptom,surgery recurrence Figure,0.9997772574424744,1,/content/drive/MyDrive/MACROBATT/INPUT_PDF_FILES/25853982.pdf
33,Diagnostic_procedure,esophagogastroduodenoscopy esophagus,0.9024561047554016,1,/content/drive/MyDrive/MACROBATT/INPUT_PDF_FILES/25853982.pdf
34,Diagnostic_procedure,had esophagogastroduodenoscopy that esophagus,0.9779483079910278,1,/content/drive/MyDrive/MACROBATT/INPUT_PDF_FILES/25853982.pdf
35,Diagnostic_procedure,esophagogastroduodenoscopy,0.9998736381530762,1,/content/drive/MyDrive/MACROBATT/INPUT_PDF_FILES/25853982.pdf
36,Diagnostic_procedure,EGD,0.9771963357925415,1,/content/drive/MyDrive/MACROBATT/INPUT_PDF_FILES/25853982.pdf
37,Diagnostic_procedure,barium swallow,0.9965300559997559,1,/content/drive/MyDrive/MACROBATT/INPUT_PDF_FILES/25853982.pdf
38,Sign_symptom,stricture,0.7940496802330017,1,/content/drive/MyDrive/MACROBATT/INPUT_PDF_FILES/25853982.pdf
39,Biological_structure,esophagus,0.9683037996292114,1,/content/drive/MyDrive/MACROBATT/INPUT_PDF_FILES/25853982.pdf
40,Sign_symptom,failure,0.9999392032623291,1,/content/drive/MyDrive/MACROBATT/INPUT_PDF_FILES/25853982.pdf
41,Biological_structure,primary and and and secondary peristaltic waves,0.9972357153892517,1,/content/drive/MyDrive/MACROBATT/INPUT_PDF_FILES/25853982.pdf
42,Diagnostic_procedure,esophageal esophageal manometry,0.9977540969848633,1,/content/drive/MyDrive/MACROBATT/INPUT_PDF_FILES/25853982.pdf
43,Detailed_description,lower esophageal esophageal,0.8440871238708496,1,/content/drive/MyDrive/MACROBATT/INPUT_PDF_FILES/25853982.pdf
44,Detailed_description,sphincter,0.9791169762611389,1,/content/drive/MyDrive/MACROBATT/INPUT_PDF_FILES/25853982.pdf
45,Diagnostic_procedure,residual pressure,0.9993604421615601,1,/content/drive/MyDrive/MACROBATT/INPUT_PDF_FILES/25853982.pdf
46,Lab_value,32mmHg,0.9997097849845886,1,/content/drive/MyDrive/MACROBATT/INPUT_PDF_FILES/25853982.pdf
47,Medication,calcium channel blockers,0.9995872974395752,1,/content/drive/MyDrive/MACROBATT/INPUT_PDF_FILES/25853982.pdf
48,Duration,up to to laboratory 18 months post,0.9982939958572388,1,/content/drive/MyDrive/MACROBATT/INPUT_PDF_FILES/25853982.pdf
49,Lab_value,maintain,0.9993996620178223,1,/content/drive/MyDrive/MACROBATT/INPUT_PDF_FILES/25853982.pdf
50,Diagnostic_procedure,weight,0.9999001026153564,1,/content/drive/MyDrive/MACROBATT/INPUT_PDF_FILES/25853982.pdf
51,Diagnostic_procedure,hemoglobin,0.9992098808288574,1,/content/drive/MyDrive/MACROBATT/INPUT_PDF_FILES/25853982.pdf
52,Diagnostic_procedure,albumin,0.8910199403762817,1,/content/drive/MyDrive/MACROBATT/INPUT_PDF_FILES/25853982.pdf
53,Diagnostic_procedure,cholesterol,0.9994773268699646,1,/content/drive/MyDrive/MACROBATT/INPUT_PDF_FILES/25853982.pdf
54,Sign_symptom,reported dysphagia and period,0.9999270439147949,1,/content/drive/MyDrive/MACROBATT/INPUT_PDF_FILES/25853982.pdf
55,Lab_value,10lbs,0.9995503425598145,1,/content/drive/MyDrive/MACROBATT/INPUT_PDF_FILES/25853982.pdf
56,Clinical_event,referred,0.9998915195465088,1,/content/drive/MyDrive/MACROBATT/INPUT_PDF_FILES/25853982.pdf
57,Nonbiological_location,center,0.9996885061264038,1,/content/drive/MyDrive/MACROBATT/INPUT_PDF_FILES/25853982.pdf
58,Therapeutic_procedure,treatment,0.9910599589347839,1,/content/drive/MyDrive/MACROBATT/INPUT_PDF_FILES/25853982.pdf
59,Diagnostic_procedure,esophageal esophageal esophageal manometry,0.9997043013572693,1,/content/drive/MyDrive/MACROBATT/INPUT_PDF_FILES/25853982.pdf
60,Lab_value,elevated,0.9998760223388672,1,/content/drive/MyDrive/MACROBATT/INPUT_PDF_FILES/25853982.pdf
61,Diagnostic_procedure,lower esophageal esophageal esophageal sphincter pressure,0.9999457597732544,1,/content/drive/MyDrive/MACROBATT/INPUT_PDF_FILES/25853982.pdf
62,Lab_value,50mmHg,0.9998664259910583,1,/content/drive/MyDrive/MACROBATT/INPUT_PDF_FILES/25853982.pdf
63,Detailed_description,non-propagative non-peristaltic,0.999968409538269,1,/content/drive/MyDrive/MACROBATT/INPUT_PDF_FILES/25853982.pdf
64,Detailed_description,non-propagative,0.9826367497444153,1,/content/drive/MyDrive/MACROBATT/INPUT_PDF_FILES/25853982.pdf
65,Detailed_description,non-peristaltic,0.9542253017425537,1,/content/drive/MyDrive/MACROBATT/INPUT_PDF_FILES/25853982.pdf
66,Sign_symptom,contractions,0.9846267700195312,1,/content/drive/MyDrive/MACROBATT/INPUT_PDF_FILES/25853982.pdf
67,Biological_structure,esophageal esophageal esophageal musculature,0.9998772740364075,1,/content/drive/MyDrive/MACROBATT/INPUT_PDF_FILES/25853982.pdf
68,Therapeutic_procedure,repeat perform therapeutic pneumatic approximately gastroesophageal,0.9997988343238831,1,/content/drive/MyDrive/MACROBATT/INPUT_PDF_FILES/25853982.pdf
69,Therapeutic_procedure,pneumatic nearly,0.882764458656311,1,/content/drive/MyDrive/MACROBATT/INPUT_PDF_FILES/25853982.pdf
70,Therapeutic_procedure,pneumatic dilation,0.9981046319007874,1,/content/drive/MyDrive/MACROBATT/INPUT_PDF_FILES/25853982.pdf
71,Detailed_description,nearly circumferential,0.9999269843101501,1,/content/drive/MyDrive/MACROBATT/INPUT_PDF_FILES/25853982.pdf
72,Detailed_description,ulcerated,0.9998809099197388,1,/content/drive/MyDrive/MACROBATT/INPUT_PDF_FILES/25853982.pdf
73,Detailed_description,fungating,0.9996423721313477,1,/content/drive/MyDrive/MACROBATT/INPUT_PDF_FILES/25853982.pdf
74,Sign_symptom,mass,0.9999195337295532,1,/content/drive/MyDrive/MACROBATT/INPUT_PDF_FILES/25853982.pdf
75,Distance,approximately 36cm,0.9981098771095276,1,/content/drive/MyDrive/MACROBATT/INPUT_PDF_FILES/25853982.pdf
76,Biological_structure,gastroesophageal,0.9997836947441101,1,/content/drive/MyDrive/MACROBATT/INPUT_PDF_FILES/25853982.pdf
77,Biological_structure,gastroesophageal junction,0.9997346997261047,1,/content/drive/MyDrive/MACROBATT/INPUT_PDF_FILES/25853982.pdf
78,Distance,39cm,0.7497628331184387,1,/content/drive/MyDrive/MACROBATT/INPUT_PDF_FILES/25853982.pdf
79,Diagnostic_procedure,Biopsies,0.9987989068031311,1,/content/drive/MyDrive/MACROBATT/INPUT_PDF_FILES/25853982.pdf
80,Detailed_description,diffuse,0.9999717473983765,1,/content/drive/MyDrive/MACROBATT/INPUT_PDF_FILES/25853982.pdf
81,Detailed_description,metastatic,0.7850162386894226,1,/content/drive/MyDrive/MACROBATT/INPUT_PDF_FILES/25853982.pdf
82,Detailed_description,two courses,0.9996294975280762,1,/content/drive/MyDrive/MACROBATT/INPUT_PDF_FILES/25853982.pdf
83,Medication,chemotherapy,0.999834418296814,1,/content/drive/MyDrive/MACROBATT/INPUT_PDF_FILES/25853982.pdf
84,Outcome,died,0.99810791015625,1,/content/drive/MyDrive/MACROBATT/INPUT_PDF_FILES/25853982.pdf
