,Entity Group,Value,Score,Page,Pdf File
0,Sex,woman,0.999609649181366,1,/content/drive/MyDrive/MACROBATT/INPUT_PDF_FILES/25858931.pdf
1,Age,early 70s,0.9956426024436951,1,/content/drive/MyDrive/MACROBATT/INPUT_PDF_FILES/25858931.pdf
2,Clinical_event,presented,0.9997074007987976,1,/content/drive/MyDrive/MACROBATT/INPUT_PDF_FILES/25858931.pdf
3,Nonbiological_location,emergency room,0.9998124837875366,1,/content/drive/MyDrive/MACROBATT/INPUT_PDF_FILES/25858931.pdf
4,Time,30 min after,0.9993457794189453,1,/content/drive/MyDrive/MACROBATT/INPUT_PDF_FILES/25858931.pdf
5,Subject,husband,0.9975535273551941,1,/content/drive/MyDrive/MACROBATT/INPUT_PDF_FILES/25858931.pdf
6,Outcome,expired,0.9903563857078552,1,/content/drive/MyDrive/MACROBATT/INPUT_PDF_FILES/25858931.pdf
7,Biological_structure,substernal,0.9165318012237549,1,/content/drive/MyDrive/MACROBATT/INPUT_PDF_FILES/25858931.pdf
8,Biological_structure,chest,0.9999428987503052,1,/content/drive/MyDrive/MACROBATT/INPUT_PDF_FILES/25858931.pdf
9,Sign_symptom,pain,0.9999691247940063,1,/content/drive/MyDrive/MACROBATT/INPUT_PDF_FILES/25858931.pdf
10,Sign_symptom,diaphoresis,0.9965447187423706,1,/content/drive/MyDrive/MACROBATT/INPUT_PDF_FILES/25858931.pdf
11,Sign_symptom,presented husband expired diaphoresis and dyspnoea,0.9999661445617676,1,/content/drive/MyDrive/MACROBATT/INPUT_PDF_FILES/25858931.pdf
12,Sign_symptom,dyspnoea,0.8721655011177063,1,/content/drive/MyDrive/MACROBATT/INPUT_PDF_FILES/25858931.pdf
13,Detailed_description,out-of-hospital cardiac arrest,0.9994763135910034,1,/content/drive/MyDrive/MACROBATT/INPUT_PDF_FILES/25858931.pdf
14,Time,earlier that day,0.9986349940299988,1,/content/drive/MyDrive/MACROBATT/INPUT_PDF_FILES/25858931.pdf
15,Detailed_description,admitted,0.949314296245575,1,/content/drive/MyDrive/MACROBATT/INPUT_PDF_FILES/25858931.pdf
16,Detailed_description,coronary,0.8369307518005371,1,/content/drive/MyDrive/MACROBATT/INPUT_PDF_FILES/25858931.pdf
17,Detailed_description,recurrent,0.9999446868896484,1,/content/drive/MyDrive/MACROBATT/INPUT_PDF_FILES/25858931.pdf
18,Detailed_description,recurrent ventricular fibrillation,0.9927005171775818,1,/content/drive/MyDrive/MACROBATT/INPUT_PDF_FILES/25858931.pdf
19,Detailed_description,could not be successfully,0.7576768398284912,1,/content/drive/MyDrive/MACROBATT/INPUT_PDF_FILES/25858931.pdf
20,History,hypertension,0.9964891672134399,1,/content/drive/MyDrive/MACROBATT/INPUT_PDF_FILES/25858931.pdf
21,History,hypothyroidism,0.9961960911750793,1,/content/drive/MyDrive/MACROBATT/INPUT_PDF_FILES/25858931.pdf
22,Detailed_description,regular,0.9637681245803833,1,/content/drive/MyDrive/MACROBATT/INPUT_PDF_FILES/25858931.pdf
23,Clinical_event,appointments,0.6123689413070679,1,/content/drive/MyDrive/MACROBATT/INPUT_PDF_FILES/25858931.pdf
24,Medication,medication,0.9953919649124146,1,/content/drive/MyDrive/MACROBATT/INPUT_PDF_FILES/25858931.pdf
25,Administration,oral,0.9995710253715515,1,/content/drive/MyDrive/MACROBATT/INPUT_PDF_FILES/25858931.pdf
26,Medication,furosemide,0.992230236530304,1,/content/drive/MyDrive/MACROBATT/INPUT_PDF_FILES/25858931.pdf
27,Dosage,20 mg,0.9996854662895203,1,/content/drive/MyDrive/MACROBATT/INPUT_PDF_FILES/25858931.pdf
28,Medication,levothyroxine,0.9998748302459717,1,/content/drive/MyDrive/MACROBATT/INPUT_PDF_FILES/25858931.pdf
29,Dosage,100 µg,0.9920843243598938,1,/content/drive/MyDrive/MACROBATT/INPUT_PDF_FILES/25858931.pdf
30,Dosage,once,0.9926693439483643,1,/content/drive/MyDrive/MACROBATT/INPUT_PDF_FILES/25858931.pdf
31,Sign_symptom,afebrile,0.9956929087638855,1,/content/drive/MyDrive/MACROBATT/INPUT_PDF_FILES/25858931.pdf
32,Diagnostic_procedure,blood pressure,0.9999550580978394,1,/content/drive/MyDrive/MACROBATT/INPUT_PDF_FILES/25858931.pdf
33,Lab_value,105/55,0.9999178647994995,1,/content/drive/MyDrive/MACROBATT/INPUT_PDF_FILES/25858931.pdf
34,Diagnostic_procedure,heart rate rate,0.9999558329582214,1,/content/drive/MyDrive/MACROBATT/INPUT_PDF_FILES/25858931.pdf
35,Lab_value,93 bpm,0.9999200701713562,1,/content/drive/MyDrive/MACROBATT/INPUT_PDF_FILES/25858931.pdf
36,Diagnostic_procedure,respiratory rate rate,0.9999560713768005,1,/content/drive/MyDrive/MACROBATT/INPUT_PDF_FILES/25858931.pdf
37,Lab_value,20/min,0.9998824000358582,1,/content/drive/MyDrive/MACROBATT/INPUT_PDF_FILES/25858931.pdf
38,Diagnostic_procedure,oxygen saturation,0.9999415278434753,1,/content/drive/MyDrive/MACROBATT/INPUT_PDF_FILES/25858931.pdf
39,Detailed_description,room,0.9985470175743103,1,/content/drive/MyDrive/MACROBATT/INPUT_PDF_FILES/25858931.pdf
40,Severity,significant,0.9997113347053528,1,/content/drive/MyDrive/MACROBATT/INPUT_PDF_FILES/25858931.pdf
41,Sign_symptom,distress,0.9998297691345215,1,/content/drive/MyDrive/MACROBATT/INPUT_PDF_FILES/25858931.pdf
42,Diagnostic_procedure,skin,0.9825397729873657,1,/content/drive/MyDrive/MACROBATT/INPUT_PDF_FILES/25858931.pdf
43,Lab_value,warm,0.9995021820068359,1,/content/drive/MyDrive/MACROBATT/INPUT_PDF_FILES/25858931.pdf
44,Lab_value,minimal crackles,0.9997289776802063,1,/content/drive/MyDrive/MACROBATT/INPUT_PDF_FILES/25858931.pdf
45,Diagnostic_procedure,bilateral,0.688086211681366,1,/content/drive/MyDrive/MACROBATT/INPUT_PDF_FILES/25858931.pdf
46,Diagnostic_procedure,rate,0.9934754967689514,1,/content/drive/MyDrive/MACROBATT/INPUT_PDF_FILES/25858931.pdf
47,Lab_value,2/6 systolic,0.9870656132698059,1,/content/drive/MyDrive/MACROBATT/INPUT_PDF_FILES/25858931.pdf
48,Sign_symptom,murmur,0.999946117401123,1,/content/drive/MyDrive/MACROBATT/INPUT_PDF_FILES/25858931.pdf
49,Biological_structure,apex,0.9999339580535889,1,/content/drive/MyDrive/MACROBATT/INPUT_PDF_FILES/25858931.pdf
50,Lab_value,elevated,0.9997860789299011,1,/content/drive/MyDrive/MACROBATT/INPUT_PDF_FILES/25858931.pdf
51,Biological_structure,jugular vein,0.7590749263763428,1,/content/drive/MyDrive/MACROBATT/INPUT_PDF_FILES/25858931.pdf
52,Lab_value,radiation distention,0.9441190361976624,1,/content/drive/MyDrive/MACROBATT/INPUT_PDF_FILES/25858931.pdf
53,Lab_value,distention,0.8028799891471863,1,/content/drive/MyDrive/MACROBATT/INPUT_PDF_FILES/25858931.pdf
54,Distance,8 cm,0.911527693271637,1,/content/drive/MyDrive/MACROBATT/INPUT_PDF_FILES/25858931.pdf
55,Lab_value,strong,0.9998173117637634,1,/content/drive/MyDrive/MACROBATT/INPUT_PDF_FILES/25858931.pdf
56,Detailed_description,peripheral peripheral,0.9710257649421692,1,/content/drive/MyDrive/MACROBATT/INPUT_PDF_FILES/25858931.pdf
57,Diagnostic_procedure,pulses,0.5522316694259644,1,/content/drive/MyDrive/MACROBATT/INPUT_PDF_FILES/25858931.pdf
58,Biological_structure,abdomen,0.8633448481559753,1,/content/drive/MyDrive/MACROBATT/INPUT_PDF_FILES/25858931.pdf
59,Lab_value,soft,0.9776445627212524,1,/content/drive/MyDrive/MACROBATT/INPUT_PDF_FILES/25858931.pdf
60,Lab_value,non-tender non-distended,0.9713118076324463,1,/content/drive/MyDrive/MACROBATT/INPUT_PDF_FILES/25858931.pdf
61,Lab_value,non-distended,0.7449113130569458,1,/content/drive/MyDrive/MACROBATT/INPUT_PDF_FILES/25858931.pdf
62,Sign_symptom,alert,0.9998687505722046,1,/content/drive/MyDrive/MACROBATT/INPUT_PDF_FILES/25858931.pdf
63,Sign_symptom,oriented,0.9996951818466187,1,/content/drive/MyDrive/MACROBATT/INPUT_PDF_FILES/25858931.pdf
64,Sign_symptom,neurological deficits,0.999083399772644,1,/content/drive/MyDrive/MACROBATT/INPUT_PDF_FILES/25858931.pdf
65,Diagnostic_procedure,complete blood count,0.9999351501464844,1,/content/drive/MyDrive/MACROBATT/INPUT_PDF_FILES/25858931.pdf
66,Diagnostic_procedure,basic metabolic panel,0.9999364018440247,1,/content/drive/MyDrive/MACROBATT/INPUT_PDF_FILES/25858931.pdf
67,Diagnostic_procedure,coagulation,0.8938024044036865,1,/content/drive/MyDrive/MACROBATT/INPUT_PDF_FILES/25858931.pdf
68,Diagnostic_procedure,coagulation tests,0.9992929697036743,1,/content/drive/MyDrive/MACROBATT/INPUT_PDF_FILES/25858931.pdf
69,Lab_value,normal,0.99979168176651,1,/content/drive/MyDrive/MACROBATT/INPUT_PDF_FILES/25858931.pdf
70,Diagnostic_procedure,cardiac enzymes,0.9999587535858154,1,/content/drive/MyDrive/MACROBATT/INPUT_PDF_FILES/25858931.pdf
71,Lab_value,increased,0.9999473094940186,1,/content/drive/MyDrive/MACROBATT/INPUT_PDF_FILES/25858931.pdf
72,Diagnostic_procedure,troponin,0.9999634027481079,1,/content/drive/MyDrive/MACROBATT/INPUT_PDF_FILES/25858931.pdf
73,Diagnostic_procedure,troponin I,0.9507953524589539,1,/content/drive/MyDrive/MACROBATT/INPUT_PDF_FILES/25858931.pdf
74,Lab_value,2.59 ng/mL ng/mL,0.9587064385414124,1,/content/drive/MyDrive/MACROBATT/INPUT_PDF_FILES/25858931.pdf
75,Diagnostic_procedure,creatine phosphokinase,0.9999369382858276,1,/content/drive/MyDrive/MACROBATT/INPUT_PDF_FILES/25858931.pdf
76,Lab_value,84 U/L U/L,0.9999381899833679,1,/content/drive/MyDrive/MACROBATT/INPUT_PDF_FILES/25858931.pdf
77,Diagnostic_procedure,ECG,0.9998981356620789,1,/content/drive/MyDrive/MACROBATT/INPUT_PDF_FILES/25858931.pdf
78,Clinical_event,admission,0.9997547268867493,1,/content/drive/MyDrive/MACROBATT/INPUT_PDF_FILES/25858931.pdf
79,Diagnostic_procedure,sinus rhythm,0.9972124099731445,1,/content/drive/MyDrive/MACROBATT/INPUT_PDF_FILES/25858931.pdf
80,Lab_value,2–3 mm ST segment elevations sinus in in infarct leads leads V2–V3,0.9998856782913208,1,/content/drive/MyDrive/MACROBATT/INPUT_PDF_FILES/25858931.pdf
81,Lab_value,Q waves sinus in in infarct leads leads V1–V3,0.999889075756073,1,/content/drive/MyDrive/MACROBATT/INPUT_PDF_FILES/25858931.pdf
82,Biological_structure,anterior wall,0.9999222159385681,1,/content/drive/MyDrive/MACROBATT/INPUT_PDF_FILES/25858931.pdf
83,Disease_disorder,sinus in in infarct,0.9997149109840393,1,/content/drive/MyDrive/MACROBATT/INPUT_PDF_FILES/25858931.pdf
84,Disease_disorder,infarct,0.9899060130119324,1,/content/drive/MyDrive/MACROBATT/INPUT_PDF_FILES/25858931.pdf
85,Diagnostic_procedure,echocardiogram,0.9998977184295654,1,/content/drive/MyDrive/MACROBATT/INPUT_PDF_FILES/25858931.pdf
86,Biological_structure,left left left ventricular ventricular,0.9999116659164429,1,/content/drive/MyDrive/MACROBATT/INPUT_PDF_FILES/25858931.pdf
87,Diagnostic_procedure,echocardiogram revealed left ventricular ejection concentric left ventricular hypertrophy akinesis the apex the inferoseptum inferior-anterior segments suggesting ischaemic damage the left anterior descending artery versus figures,0.9994310736656189,1,/content/drive/MyDrive/MACROBATT/INPUT_PDF_FILES/25858931.pdf
88,Diagnostic_procedure,ejection fraction,0.9983649253845215,1,/content/drive/MyDrive/MACROBATT/INPUT_PDF_FILES/25858931.pdf
89,Lab_value,30–35 %,0.9999250769615173,1,/content/drive/MyDrive/MACROBATT/INPUT_PDF_FILES/25858931.pdf
90,Severity,mild,0.9996871948242188,1,/content/drive/MyDrive/MACROBATT/INPUT_PDF_FILES/25858931.pdf
91,Detailed_description,concentric,0.999911904335022,1,/content/drive/MyDrive/MACROBATT/INPUT_PDF_FILES/25858931.pdf
92,Sign_symptom,hypertrophy,0.9987199306488037,1,/content/drive/MyDrive/MACROBATT/INPUT_PDF_FILES/25858931.pdf
93,Sign_symptom,akinesis,0.9997300505638123,1,/content/drive/MyDrive/MACROBATT/INPUT_PDF_FILES/25858931.pdf
94,Biological_structure,2/3 of of of the the the inferoseptum,0.9989547729492188,1,/content/drive/MyDrive/MACROBATT/INPUT_PDF_FILES/25858931.pdf
95,Biological_structure,apical,0.9498496055603027,1,/content/drive/MyDrive/MACROBATT/INPUT_PDF_FILES/25858931.pdf
96,Biological_structure,inferior-anterior anterior,0.9085893034934998,1,/content/drive/MyDrive/MACROBATT/INPUT_PDF_FILES/25858931.pdf
97,Sign_symptom,ischaemic damage,0.9997972249984741,1,/content/drive/MyDrive/MACROBATT/INPUT_PDF_FILES/25858931.pdf
98,Biological_structure,left left left inferior-anterior anterior descending artery,0.9999383091926575,1,/content/drive/MyDrive/MACROBATT/INPUT_PDF_FILES/25858931.pdf
99,Disease_disorder,takotsubo,0.9698401093482971,1,/content/drive/MyDrive/MACROBATT/INPUT_PDF_FILES/25858931.pdf
100,Disease_disorder,cardiomyopathy,0.9937013983726501,1,/content/drive/MyDrive/MACROBATT/INPUT_PDF_FILES/25858931.pdf
101,Medication,aspirin prasugrel was,0.9999123811721802,1,/content/drive/MyDrive/MACROBATT/INPUT_PDF_FILES/25858931.pdf
102,Medication,aspirin,0.9881576299667358,1,/content/drive/MyDrive/MACROBATT/INPUT_PDF_FILES/25858931.pdf
103,Dosage,162 mg mg,0.9994409680366516,1,/content/drive/MyDrive/MACROBATT/INPUT_PDF_FILES/25858931.pdf
104,Medication,prasugrel,0.9998992681503296,1,/content/drive/MyDrive/MACROBATT/INPUT_PDF_FILES/25858931.pdf
105,Clinical_event,taken,0.9998314380645752,1,/content/drive/MyDrive/MACROBATT/INPUT_PDF_FILES/25858931.pdf
106,Nonbiological_location,cardiac catheterisation,0.9939218759536743,1,/content/drive/MyDrive/MACROBATT/INPUT_PDF_FILES/25858931.pdf
107,Diagnostic_procedure,angiogram,0.9999524354934692,1,/content/drive/MyDrive/MACROBATT/INPUT_PDF_FILES/25858931.pdf
108,Detailed_description,non-obstructive,0.9999003410339355,1,/content/drive/MyDrive/MACROBATT/INPUT_PDF_FILES/25858931.pdf
109,Disease_disorder,coronary artery disease,0.9995130300521851,1,/content/drive/MyDrive/MACROBATT/INPUT_PDF_FILES/25858931.pdf
110,Biological_structure,luminal,0.6636003851890564,1,/content/drive/MyDrive/MACROBATT/INPUT_PDF_FILES/25858931.pdf
111,Sign_symptom,luminal irregularities,0.8297887444496155,1,/content/drive/MyDrive/MACROBATT/INPUT_PDF_FILES/25858931.pdf
112,Diagnostic_procedure,left ventriculography,0.9999343156814575,1,/content/drive/MyDrive/MACROBATT/INPUT_PDF_FILES/25858931.pdf
113,Diagnostic_procedure,The left ventriculography showed ejection akinesis hyperkinesis segments figures,0.9999669790267944,1,/content/drive/MyDrive/MACROBATT/INPUT_PDF_FILES/25858931.pdf
114,Diagnostic_procedure,ejection,0.998559296131134,1,/content/drive/MyDrive/MACROBATT/INPUT_PDF_FILES/25858931.pdf
115,Diagnostic_procedure,ejection fraction fraction,0.993954598903656,1,/content/drive/MyDrive/MACROBATT/INPUT_PDF_FILES/25858931.pdf
116,Lab_value,35 %,0.9998977780342102,1,/content/drive/MyDrive/MACROBATT/INPUT_PDF_FILES/25858931.pdf
117,Biological_structure,apical wall,0.9998835921287537,1,/content/drive/MyDrive/MACROBATT/INPUT_PDF_FILES/25858931.pdf
118,Sign_symptom,hyperkinesis,0.999971866607666,1,/content/drive/MyDrive/MACROBATT/INPUT_PDF_FILES/25858931.pdf
119,Sign_symptom,akinesis hyperkinesis,0.9876238107681274,1,/content/drive/MyDrive/MACROBATT/INPUT_PDF_FILES/25858931.pdf
120,Biological_structure,basal segments,0.9999240636825562,1,/content/drive/MyDrive/MACROBATT/INPUT_PDF_FILES/25858931.pdf
121,Diagnostic_procedure,haemodynamically,0.9999606609344482,1,/content/drive/MyDrive/MACROBATT/INPUT_PDF_FILES/25858931.pdf
122,Lab_value,stable,0.9999376535415649,1,/content/drive/MyDrive/MACROBATT/INPUT_PDF_FILES/25858931.pdf
123,Medication,lisinopril,0.9999127388000488,1,/content/drive/MyDrive/MACROBATT/INPUT_PDF_FILES/25858931.pdf
124,Dosage,2.5 12.5 mg mg daily,0.9996501803398132,1,/content/drive/MyDrive/MACROBATT/INPUT_PDF_FILES/25858931.pdf
125,Medication,metoprolol tartrate,0.9973253607749939,1,/content/drive/MyDrive/MACROBATT/INPUT_PDF_FILES/25858931.pdf
126,Dosage,12.5 mg mg two times patient remained haemodynamically stable and was started oral heart failure medications daily and tartrate a day,0.9997026324272156,1,/content/drive/MyDrive/MACROBATT/INPUT_PDF_FILES/25858931.pdf
127,Sign_symptom,shortness of of breath,0.9999219179153442,1,/content/drive/MyDrive/MACROBATT/INPUT_PDF_FILES/25858931.pdf
128,Clinical_event,discharged,0.9998100399971008,1,/content/drive/MyDrive/MACROBATT/INPUT_PDF_FILES/25858931.pdf
129,Nonbiological_location,home,0.9996432065963745,1,/content/drive/MyDrive/MACROBATT/INPUT_PDF_FILES/25858931.pdf
130,Date,after 48 shortness breath she discharged home h hospitalisation,0.9998189806938171,1,/content/drive/MyDrive/MACROBATT/INPUT_PDF_FILES/25858931.pdf
131,Date,2 months later,0.9998764991760254,1,/content/drive/MyDrive/MACROBATT/INPUT_PDF_FILES/25858931.pdf
132,Biological_structure,left ventricular,0.9999210834503174,1,/content/drive/MyDrive/MACROBATT/INPUT_PDF_FILES/25858931.pdf
