,Entity Group,Value,Score,Page,Pdf File
0,Age,36-yr-old,0.9729027152061462,1,/content/drive/MyDrive/MACROBATT/INPUT_PDF_FILES/25884600.pdf
1,History,previously healthy,0.9991289973258972,1,/content/drive/MyDrive/MACROBATT/INPUT_PDF_FILES/25884600.pdf
2,Personal_background,Sri Lankan,0.9921257495880127,1,/content/drive/MyDrive/MACROBATT/INPUT_PDF_FILES/25884600.pdf
3,Sex,male,0.9992367029190063,1,/content/drive/MyDrive/MACROBATT/INPUT_PDF_FILES/25884600.pdf
4,Occupation,takes care of healthy Lankan male takes care a medical casualty ward arthralgia and myalgia day horse,0.9943552017211914,1,/content/drive/MyDrive/MACROBATT/INPUT_PDF_FILES/25884600.pdf
5,Clinical_event,presented,0.9998770952224731,1,/content/drive/MyDrive/MACROBATT/INPUT_PDF_FILES/25884600.pdf
6,Nonbiological_location,medical casualty ward,0.999626874923706,1,/content/drive/MyDrive/MACROBATT/INPUT_PDF_FILES/25884600.pdf
7,Sign_symptom,arthralgia,0.9968441128730774,1,/content/drive/MyDrive/MACROBATT/INPUT_PDF_FILES/25884600.pdf
8,Sign_symptom,myalgia,0.9986647963523865,1,/content/drive/MyDrive/MACROBATT/INPUT_PDF_FILES/25884600.pdf
9,Sign_symptom,arthralgia myalgia,0.752166748046875,1,/content/drive/MyDrive/MACROBATT/INPUT_PDF_FILES/25884600.pdf
10,Duration,one,0.9754578471183777,1,/content/drive/MyDrive/MACROBATT/INPUT_PDF_FILES/25884600.pdf
11,Severity,mild,0.9998118281364441,1,/content/drive/MyDrive/MACROBATT/INPUT_PDF_FILES/25884600.pdf
12,Sign_symptom,complained mild dysuria had,0.9999542236328125,1,/content/drive/MyDrive/MACROBATT/INPUT_PDF_FILES/25884600.pdf
13,Sign_symptom,dysuria,0.9998680353164673,1,/content/drive/MyDrive/MACROBATT/INPUT_PDF_FILES/25884600.pdf
14,Lab_value,normal,0.9964542388916016,1,/content/drive/MyDrive/MACROBATT/INPUT_PDF_FILES/25884600.pdf
15,Diagnostic_procedure,urine,0.7618696093559265,1,/content/drive/MyDrive/MACROBATT/INPUT_PDF_FILES/25884600.pdf
16,Biological_structure,chest,0.9999085664749146,1,/content/drive/MyDrive/MACROBATT/INPUT_PDF_FILES/25884600.pdf
17,Sign_symptom,pain,0.9999663829803467,1,/content/drive/MyDrive/MACROBATT/INPUT_PDF_FILES/25884600.pdf
18,Sign_symptom,shortness,0.8822840452194214,1,/content/drive/MyDrive/MACROBATT/INPUT_PDF_FILES/25884600.pdf
19,Disease_disorder,leptospirosis,0.9959267377853394,1,/content/drive/MyDrive/MACROBATT/INPUT_PDF_FILES/25884600.pdf
20,Detailed_description,febrile,0.5527070164680481,1,/content/drive/MyDrive/MACROBATT/INPUT_PDF_FILES/25884600.pdf
21,Sign_symptom,afebrile,0.9999440908432007,1,/content/drive/MyDrive/MACROBATT/INPUT_PDF_FILES/25884600.pdf
22,Sign_symptom,anicteric,0.9970519542694092,1,/content/drive/MyDrive/MACROBATT/INPUT_PDF_FILES/25884600.pdf
23,Diagnostic_procedure,blood pressure,0.9999570250511169,1,/content/drive/MyDrive/MACROBATT/INPUT_PDF_FILES/25884600.pdf
24,Lab_value,90/60 mmHg,0.9999252557754517,1,/content/drive/MyDrive/MACROBATT/INPUT_PDF_FILES/25884600.pdf
25,Diagnostic_procedure,pulse rate,0.9999622106552124,1,/content/drive/MyDrive/MACROBATT/INPUT_PDF_FILES/25884600.pdf
26,Lab_value,76 bpm,0.9991405010223389,1,/content/drive/MyDrive/MACROBATT/INPUT_PDF_FILES/25884600.pdf
27,Diagnostic_procedure,examination,0.9996227025985718,1,/content/drive/MyDrive/MACROBATT/INPUT_PDF_FILES/25884600.pdf
28,Diagnostic_procedure,investigations,0.999900221824646,1,/content/drive/MyDrive/MACROBATT/INPUT_PDF_FILES/25884600.pdf
29,Biological_structure,neutrophil,0.9999557733535767,1,/content/drive/MyDrive/MACROBATT/INPUT_PDF_FILES/25884600.pdf
30,Sign_symptom,revealed leukocytosis Table,0.999915599822998,1,/content/drive/MyDrive/MACROBATT/INPUT_PDF_FILES/25884600.pdf
31,Sign_symptom,the thrombocytopaenia,0.9999659061431885,1,/content/drive/MyDrive/MACROBATT/INPUT_PDF_FILES/25884600.pdf
32,Sign_symptom,thrombocytopaenia,0.9999170303344727,1,/content/drive/MyDrive/MACROBATT/INPUT_PDF_FILES/25884600.pdf
33,Detailed_description,microscopic,0.9999347925186157,1,/content/drive/MyDrive/MACROBATT/INPUT_PDF_FILES/25884600.pdf
34,Sign_symptom,haematuria,0.9999550580978394,1,/content/drive/MyDrive/MACROBATT/INPUT_PDF_FILES/25884600.pdf
35,Diagnostic_procedure,Renal function,0.9999516010284424,1,/content/drive/MyDrive/MACROBATT/INPUT_PDF_FILES/25884600.pdf
36,Diagnostic_procedure,liver enzymes,0.9999520182609558,1,/content/drive/MyDrive/MACROBATT/INPUT_PDF_FILES/25884600.pdf
37,Diagnostic_procedure,Urine analysis,0.9999585151672363,1,/content/drive/MyDrive/MACROBATT/INPUT_PDF_FILES/25884600.pdf
38,Lab_value,pus cells cells 05 – – 06 /hpf /hpf,0.99927818775177,1,/content/drive/MyDrive/MACROBATT/INPUT_PDF_FILES/25884600.pdf
39,Lab_value,red cells cells 30 – – 35 /hpf /hpf,0.9889159202575684,1,/content/drive/MyDrive/MACROBATT/INPUT_PDF_FILES/25884600.pdf
40,Diagnostic_procedure,CRP,0.9997075796127319,1,/content/drive/MyDrive/MACROBATT/INPUT_PDF_FILES/25884600.pdf
41,Lab_value,75 mg/dl,0.9991408586502075,1,/content/drive/MyDrive/MACROBATT/INPUT_PDF_FILES/25884600.pdf
42,Administration,intravenous,0.9997044205665588,1,/content/drive/MyDrive/MACROBATT/INPUT_PDF_FILES/25884600.pdf
43,Medication,penicillin,0.9044191837310791,1,/content/drive/MyDrive/MACROBATT/INPUT_PDF_FILES/25884600.pdf
44,Date,second day,0.9997985363006592,1,/content/drive/MyDrive/MACROBATT/INPUT_PDF_FILES/25884600.pdf
45,Sign_symptom,the he hypotension with tachycardia,0.9999661445617676,1,/content/drive/MyDrive/MACROBATT/INPUT_PDF_FILES/25884600.pdf
46,Sign_symptom,hypotension,0.9998906850814819,1,/content/drive/MyDrive/MACROBATT/INPUT_PDF_FILES/25884600.pdf
47,Sign_symptom,tachycardia,0.999954104423523,1,/content/drive/MyDrive/MACROBATT/INPUT_PDF_FILES/25884600.pdf
48,Sign_symptom,second day developed tachycardia and dyspnoea,0.9999517202377319,1,/content/drive/MyDrive/MACROBATT/INPUT_PDF_FILES/25884600.pdf
49,Sign_symptom,dyspnoea,0.8515599370002747,1,/content/drive/MyDrive/MACROBATT/INPUT_PDF_FILES/25884600.pdf
50,Diagnostic_procedure,ECG,0.9993886947631836,1,/content/drive/MyDrive/MACROBATT/INPUT_PDF_FILES/25884600.pdf
51,Detailed_description,sinus,0.9601367115974426,1,/content/drive/MyDrive/MACROBATT/INPUT_PDF_FILES/25884600.pdf
52,Detailed_description,ST depression sinus in leads V4 – V6,0.9999530911445618,1,/content/drive/MyDrive/MACROBATT/INPUT_PDF_FILES/25884600.pdf
53,Diagnostic_procedure,CXR,0.9998278021812439,1,/content/drive/MyDrive/MACROBATT/INPUT_PDF_FILES/25884600.pdf
54,Detailed_description,gross,0.9912585616111755,1,/content/drive/MyDrive/MACROBATT/INPUT_PDF_FILES/25884600.pdf
55,Disease_disorder,cardiomegaly,0.9992826581001282,1,/content/drive/MyDrive/MACROBATT/INPUT_PDF_FILES/25884600.pdf
56,Detailed_description,bilateral,0.9999470710754395,1,/content/drive/MyDrive/MACROBATT/INPUT_PDF_FILES/25884600.pdf
57,Biological_structure,pulmonary,0.999954104423523,1,/content/drive/MyDrive/MACROBATT/INPUT_PDF_FILES/25884600.pdf
58,Sign_symptom,shadows,0.9999332427978516,1,/content/drive/MyDrive/MACROBATT/INPUT_PDF_FILES/25884600.pdf
59,Diagnostic_procedure,CVP,0.9994341135025024,1,/content/drive/MyDrive/MACROBATT/INPUT_PDF_FILES/25884600.pdf
60,Diagnostic_procedure,central venous pressure,0.9960632920265198,1,/content/drive/MyDrive/MACROBATT/INPUT_PDF_FILES/25884600.pdf
61,Lab_value,16 cmH2O,0.9999278783798218,1,/content/drive/MyDrive/MACROBATT/INPUT_PDF_FILES/25884600.pdf
62,Diagnostic_procedure,echocardiogram,0.9998498558998108,1,/content/drive/MyDrive/MACROBATT/INPUT_PDF_FILES/25884600.pdf
63,Sign_symptom,dilatation,0.9976232051849365,1,/content/drive/MyDrive/MACROBATT/INPUT_PDF_FILES/25884600.pdf
64,Severity,severe,0.9997937083244324,1,/content/drive/MyDrive/MACROBATT/INPUT_PDF_FILES/25884600.pdf
65,Detailed_description,global,0.9994750618934631,1,/content/drive/MyDrive/MACROBATT/INPUT_PDF_FILES/25884600.pdf
66,Sign_symptom,echocardiogram chambers hypokinesia,0.9997641444206238,1,/content/drive/MyDrive/MACROBATT/INPUT_PDF_FILES/25884600.pdf
67,Sign_symptom,hypokinesia,0.995006799697876,1,/content/drive/MyDrive/MACROBATT/INPUT_PDF_FILES/25884600.pdf
68,Diagnostic_procedure,central venous pressure echocardiogram revealed chambers severe hypokinesia ejection,0.999956488609314,1,/content/drive/MyDrive/MACROBATT/INPUT_PDF_FILES/25884600.pdf
69,Diagnostic_procedure,ejection fraction,0.9915192723274231,1,/content/drive/MyDrive/MACROBATT/INPUT_PDF_FILES/25884600.pdf
70,Diagnostic_procedure,Troponin I,0.9998840093612671,1,/content/drive/MyDrive/MACROBATT/INPUT_PDF_FILES/25884600.pdf
71,Lab_value,12.77 ng/ml,0.9999193549156189,1,/content/drive/MyDrive/MACROBATT/INPUT_PDF_FILES/25884600.pdf
72,Detailed_description,early,0.9999433755874634,1,/content/drive/MyDrive/MACROBATT/INPUT_PDF_FILES/25884600.pdf
73,Disease_disorder,myocarditis,0.9785441756248474,1,/content/drive/MyDrive/MACROBATT/INPUT_PDF_FILES/25884600.pdf
74,Clinical_event,transferred,0.9998413324356079,1,/content/drive/MyDrive/MACROBATT/INPUT_PDF_FILES/25884600.pdf
75,Nonbiological_location,ICU,0.9963989853858948,1,/content/drive/MyDrive/MACROBATT/INPUT_PDF_FILES/25884600.pdf
76,Nonbiological_location,intensive care,0.7233869433403015,1,/content/drive/MyDrive/MACROBATT/INPUT_PDF_FILES/25884600.pdf
77,Administration,Intravenous,0.9997339844703674,1,/content/drive/MyDrive/MACROBATT/INPUT_PDF_FILES/25884600.pdf
78,Medication,antibiotics,0.9998314380645752,1,/content/drive/MyDrive/MACROBATT/INPUT_PDF_FILES/25884600.pdf
79,Medication,penicillin meropenem,0.9997180104255676,1,/content/drive/MyDrive/MACROBATT/INPUT_PDF_FILES/25884600.pdf
80,Medication,meropenem,0.999870777130127,1,/content/drive/MyDrive/MACROBATT/INPUT_PDF_FILES/25884600.pdf
81,Medication,levofloxacin,0.9998564720153809,1,/content/drive/MyDrive/MACROBATT/INPUT_PDF_FILES/25884600.pdf
82,Therapeutic_procedure,ventilated,0.9965043067932129,1,/content/drive/MyDrive/MACROBATT/INPUT_PDF_FILES/25884600.pdf
83,Date,3rd day,0.9997047185897827,1,/content/drive/MyDrive/MACROBATT/INPUT_PDF_FILES/25884600.pdf
84,Detailed_description,rapid,0.999729573726654,1,/content/drive/MyDrive/MACROBATT/INPUT_PDF_FILES/25884600.pdf
85,Disease_disorder,atrial fibrillation,0.999864399433136,1,/content/drive/MyDrive/MACROBATT/INPUT_PDF_FILES/25884600.pdf
86,Medication,digoxin,0.9998714923858643,1,/content/drive/MyDrive/MACROBATT/INPUT_PDF_FILES/25884600.pdf
87,Medication,amiodarone,0.9998501539230347,1,/content/drive/MyDrive/MACROBATT/INPUT_PDF_FILES/25884600.pdf
88,Diagnostic_procedure,Platelet count,0.9999434351921082,1,/content/drive/MyDrive/MACROBATT/INPUT_PDF_FILES/25884600.pdf
89,Lab_value,dropped,0.9998955726623535,1,/content/drive/MyDrive/MACROBATT/INPUT_PDF_FILES/25884600.pdf
90,Lab_value,10 103 × 103 μ/L,0.9998701214790344,1,/content/drive/MyDrive/MACROBATT/INPUT_PDF_FILES/25884600.pdf
91,Therapeutic_procedure,platelet transfusions,0.9923257827758789,1,/content/drive/MyDrive/MACROBATT/INPUT_PDF_FILES/25884600.pdf
92,Medication,methylprednisolone,0.9997923970222473,1,/content/drive/MyDrive/MACROBATT/INPUT_PDF_FILES/25884600.pdf
93,Biological_structure,serum,0.9999279975891113,1,/content/drive/MyDrive/MACROBATT/INPUT_PDF_FILES/25884600.pdf
94,Diagnostic_procedure,creatinine increased,0.9998656511306763,1,/content/drive/MyDrive/MACROBATT/INPUT_PDF_FILES/25884600.pdf
95,Diagnostic_procedure,creatinine,0.9860914945602417,1,/content/drive/MyDrive/MACROBATT/INPUT_PDF_FILES/25884600.pdf
96,Lab_value,increased,0.999893307685852,1,/content/drive/MyDrive/MACROBATT/INPUT_PDF_FILES/25884600.pdf
97,Lab_value,362 μ mol/L,0.9980689287185669,1,/content/drive/MyDrive/MACROBATT/INPUT_PDF_FILES/25884600.pdf
98,Date,5th day,0.9998483657836914,1,/content/drive/MyDrive/MACROBATT/INPUT_PDF_FILES/25884600.pdf
99,Diagnostic_procedure,ALT,0.9998757839202881,1,/content/drive/MyDrive/MACROBATT/INPUT_PDF_FILES/25884600.pdf
100,Diagnostic_procedure,AST,0.9951956272125244,1,/content/drive/MyDrive/MACROBATT/INPUT_PDF_FILES/25884600.pdf
101,Diagnostic_procedure,increased transaminase aspartate transaminase,0.9228384494781494,1,/content/drive/MyDrive/MACROBATT/INPUT_PDF_FILES/25884600.pdf
102,Lab_value,elevated,0.9999485015869141,1,/content/drive/MyDrive/MACROBATT/INPUT_PDF_FILES/25884600.pdf
103,Lab_value,2726 U/l U/l,0.9999229311943054,1,/content/drive/MyDrive/MACROBATT/INPUT_PDF_FILES/25884600.pdf
104,Lab_value,7438 U/l U/l,0.9999052286148071,1,/content/drive/MyDrive/MACROBATT/INPUT_PDF_FILES/25884600.pdf
105,Detailed_description,Dengue,0.9999063014984131,1,/content/drive/MyDrive/MACROBATT/INPUT_PDF_FILES/25884600.pdf
106,Detailed_description,Mycoplasma,0.9999372959136963,1,/content/drive/MyDrive/MACROBATT/INPUT_PDF_FILES/25884600.pdf
107,Disease_disorder,infections,0.9997661709785461,1,/content/drive/MyDrive/MACROBATT/INPUT_PDF_FILES/25884600.pdf
108,Diagnostic_procedure,Blood cultures,0.9999467134475708,1,/content/drive/MyDrive/MACROBATT/INPUT_PDF_FILES/25884600.pdf
109,Detailed_description,Leptospira,0.9999730587005615,1,/content/drive/MyDrive/MACROBATT/INPUT_PDF_FILES/25884600.pdf
110,Detailed_description,Leptospira IgM,0.9852058291435242,1,/content/drive/MyDrive/MACROBATT/INPUT_PDF_FILES/25884600.pdf
111,Diagnostic_procedure,antibody,0.9999676942825317,1,/content/drive/MyDrive/MACROBATT/INPUT_PDF_FILES/25884600.pdf
112,Lab_value,positive,0.9999434947967529,1,/content/drive/MyDrive/MACROBATT/INPUT_PDF_FILES/25884600.pdf
113,Lab_value,negative,0.9372712969779968,1,/content/drive/MyDrive/MACROBATT/INPUT_PDF_FILES/25884600.pdf
114,Disease_disorder,refractory,0.9998950958251953,1,/content/drive/MyDrive/MACROBATT/INPUT_PDF_FILES/25884600.pdf
115,Disease_disorder,refractory shock,0.9997650384902954,1,/content/drive/MyDrive/MACROBATT/INPUT_PDF_FILES/25884600.pdf
116,Clinical_event,died,0.9955989122390747,1,/content/drive/MyDrive/MACROBATT/INPUT_PDF_FILES/25884600.pdf
117,Detailed_description,persistent,0.9998912811279297,1,/content/drive/MyDrive/MACROBATT/INPUT_PDF_FILES/25884600.pdf
118,Biological_structure,ventricular,0.9910857081413269,1,/content/drive/MyDrive/MACROBATT/INPUT_PDF_FILES/25884600.pdf
119,Detailed_description,optimal,0.998576283454895,1,/content/drive/MyDrive/MACROBATT/INPUT_PDF_FILES/25884600.pdf
120,Therapeutic_procedure,treatment,0.9998650550842285,1,/content/drive/MyDrive/MACROBATT/INPUT_PDF_FILES/25884600.pdf
