,Entity Group,Value,Score,Page,Pdf File
0,Age,35-year-old,0.9983075857162476,1,/content/drive/MyDrive/MACROBATT/INPUT_PDF_FILES/25926582.pdf
1,Sex,woman,0.9997723698616028,1,/content/drive/MyDrive/MACROBATT/INPUT_PDF_FILES/25926582.pdf
2,Clinical_event,presented,0.9998626708984375,1,/content/drive/MyDrive/MACROBATT/INPUT_PDF_FILES/25926582.pdf
3,Nonbiological_location,"35-year-old ear years , nose and and throat outpatient department",0.999690055847168,1,/content/drive/MyDrive/MACROBATT/INPUT_PDF_FILES/25926582.pdf
4,Sign_symptom,headache,0.9999395608901978,1,/content/drive/MyDrive/MACROBATT/INPUT_PDF_FILES/25926582.pdf
5,Sign_symptom,blocked,0.9951783418655396,1,/content/drive/MyDrive/MACROBATT/INPUT_PDF_FILES/25926582.pdf
6,Biological_structure,left-sided,0.545914351940155,1,/content/drive/MyDrive/MACROBATT/INPUT_PDF_FILES/25926582.pdf
7,Detailed_description,35-year-old left-sided,0.5261737704277039,1,/content/drive/MyDrive/MACROBATT/INPUT_PDF_FILES/25926582.pdf
8,Biological_structure,nasal canal,0.9996376037597656,1,/content/drive/MyDrive/MACROBATT/INPUT_PDF_FILES/25926582.pdf
9,Sign_symptom,department epistaxis,0.999956488609314,1,/content/drive/MyDrive/MACROBATT/INPUT_PDF_FILES/25926582.pdf
10,Sign_symptom,epistaxis,0.9169527292251587,1,/content/drive/MyDrive/MACROBATT/INPUT_PDF_FILES/25926582.pdf
11,Detailed_description,secondary secondary,0.9999361038208008,1,/content/drive/MyDrive/MACROBATT/INPUT_PDF_FILES/25926582.pdf
12,Sign_symptom,amenorrhoea,0.9999556541442871,1,/content/drive/MyDrive/MACROBATT/INPUT_PDF_FILES/25926582.pdf
13,Sign_symptom,amenorrhoea galactorrhoea,0.9960747361183167,1,/content/drive/MyDrive/MACROBATT/INPUT_PDF_FILES/25926582.pdf
14,Duration,19 years,0.9985377192497253,1,/content/drive/MyDrive/MACROBATT/INPUT_PDF_FILES/25926582.pdf
15,Diagnostic_procedure,Physical,0.9999432563781738,1,/content/drive/MyDrive/MACROBATT/INPUT_PDF_FILES/25926582.pdf
16,Diagnostic_procedure,ophthalmological,0.979024350643158,1,/content/drive/MyDrive/MACROBATT/INPUT_PDF_FILES/25926582.pdf
17,Diagnostic_procedure,ophthalmological examinations,0.9895037412643433,1,/content/drive/MyDrive/MACROBATT/INPUT_PDF_FILES/25926582.pdf
18,Lab_value,normal,0.9998469352722168,1,/content/drive/MyDrive/MACROBATT/INPUT_PDF_FILES/25926582.pdf
19,Diagnostic_procedure,Nasal examination,0.9999433159828186,1,/content/drive/MyDrive/MACROBATT/INPUT_PDF_FILES/25926582.pdf
20,Biological_structure,choanal,0.9996681213378906,1,/content/drive/MyDrive/MACROBATT/INPUT_PDF_FILES/25926582.pdf
21,Sign_symptom,mass,0.9998237490653992,1,/content/drive/MyDrive/MACROBATT/INPUT_PDF_FILES/25926582.pdf
22,Detailed_description,bleeding,0.9997988343238831,1,/content/drive/MyDrive/MACROBATT/INPUT_PDF_FILES/25926582.pdf
23,Diagnostic_procedure,imaging,0.999569833278656,1,/content/drive/MyDrive/MACROBATT/INPUT_PDF_FILES/25926582.pdf
24,Diagnostic_procedure,MRI,0.9999208450317383,1,/content/drive/MyDrive/MACROBATT/INPUT_PDF_FILES/25926582.pdf
25,Biological_structure,head,0.9999253749847412,1,/content/drive/MyDrive/MACROBATT/INPUT_PDF_FILES/25926582.pdf
26,Biological_structure,sellar infra-sellar,0.9461700320243835,1,/content/drive/MyDrive/MACROBATT/INPUT_PDF_FILES/25926582.pdf
27,Biological_structure,infra-sellar extending into,0.9999380111694336,1,/content/drive/MyDrive/MACROBATT/INPUT_PDF_FILES/25926582.pdf
28,Biological_structure,infra-sellar,0.9995020627975464,1,/content/drive/MyDrive/MACROBATT/INPUT_PDF_FILES/25926582.pdf
29,Biological_structure,extending into the the nasopharynx,0.9997432827949524,1,/content/drive/MyDrive/MACROBATT/INPUT_PDF_FILES/25926582.pdf
30,Clinical_event,referred,0.9998635053634644,1,/content/drive/MyDrive/MACROBATT/INPUT_PDF_FILES/25926582.pdf
31,Nonbiological_location,endocrinologist,0.9993106722831726,1,/content/drive/MyDrive/MACROBATT/INPUT_PDF_FILES/25926582.pdf
32,Diagnostic_procedure,serum prolactin,0.9999414682388306,1,/content/drive/MyDrive/MACROBATT/INPUT_PDF_FILES/25926582.pdf
33,Lab_value,very high—7443,0.9988209009170532,1,/content/drive/MyDrive/MACROBATT/INPUT_PDF_FILES/25926582.pdf
34,Lab_value,high—7443 µg/L,0.9998438358306885,1,/content/drive/MyDrive/MACROBATT/INPUT_PDF_FILES/25926582.pdf
35,Diagnostic_procedure,Other pituitary hormones,0.9999390840530396,1,/content/drive/MyDrive/MACROBATT/INPUT_PDF_FILES/25926582.pdf
36,Disease_disorder,giant prolactinoma,0.9996752738952637,1,/content/drive/MyDrive/MACROBATT/INPUT_PDF_FILES/25926582.pdf
37,Medication,cabergoline,0.9921948909759521,1,/content/drive/MyDrive/MACROBATT/INPUT_PDF_FILES/25926582.pdf
38,Dosage,0.25 mg twice per week,0.9997596144676208,1,/content/drive/MyDrive/MACROBATT/INPUT_PDF_FILES/25926582.pdf
