,Entity Group,Value,Score,Page,Pdf File
0,Age,38-year-old,0.9981479644775391,1,/content/drive/MyDrive/MACROBATT/INPUT_PDF_FILES/25934795.pdf
1,Sex,woman,0.9998199343681335,1,/content/drive/MyDrive/MACROBATT/INPUT_PDF_FILES/25934795.pdf
2,Clinical_event,presented,0.9998506307601929,1,/content/drive/MyDrive/MACROBATT/INPUT_PDF_FILES/25934795.pdf
3,Nonbiological_location,Emergency Department,0.9997395873069763,1,/content/drive/MyDrive/MACROBATT/INPUT_PDF_FILES/25934795.pdf
4,Severity,severe,0.9996249675750732,1,/content/drive/MyDrive/MACROBATT/INPUT_PDF_FILES/25934795.pdf
5,Biological_structure,abdominal,0.9999539852142334,1,/content/drive/MyDrive/MACROBATT/INPUT_PDF_FILES/25934795.pdf
6,History,no history of drug use history or constipation,0.9918318390846252,1,/content/drive/MyDrive/MACROBATT/INPUT_PDF_FILES/25934795.pdf
7,History,constipation,0.9941962957382202,1,/content/drive/MyDrive/MACROBATT/INPUT_PDF_FILES/25934795.pdf
8,Detailed_description,intermittent,0.9995936751365662,1,/content/drive/MyDrive/MACROBATT/INPUT_PDF_FILES/25934795.pdf
9,Detailed_description,bloody,0.999887228012085,1,/content/drive/MyDrive/MACROBATT/INPUT_PDF_FILES/25934795.pdf
10,Sign_symptom,diarrhea,0.996123731136322,1,/content/drive/MyDrive/MACROBATT/INPUT_PDF_FILES/25934795.pdf
11,Diagnostic_procedure,Physical examination,0.9998364448547363,1,/content/drive/MyDrive/MACROBATT/INPUT_PDF_FILES/25934795.pdf
12,Detailed_description,rebound,0.999962568283081,1,/content/drive/MyDrive/MACROBATT/INPUT_PDF_FILES/25934795.pdf
13,Sign_symptom,tenderness,0.9999498128890991,1,/content/drive/MyDrive/MACROBATT/INPUT_PDF_FILES/25934795.pdf
14,Sign_symptom,guarding,0.999904990196228,1,/content/drive/MyDrive/MACROBATT/INPUT_PDF_FILES/25934795.pdf
15,Diagnostic_procedure,Stool microscopy,0.9999557733535767,1,/content/drive/MyDrive/MACROBATT/INPUT_PDF_FILES/25934795.pdf
16,Lab_value,negative,0.9999547004699707,1,/content/drive/MyDrive/MACROBATT/INPUT_PDF_FILES/25934795.pdf
17,Diagnostic_procedure,amoeba,0.9998741149902344,1,/content/drive/MyDrive/MACROBATT/INPUT_PDF_FILES/25934795.pdf
18,Diagnostic_procedure,amoeba trophozoites,0.9949772953987122,1,/content/drive/MyDrive/MACROBATT/INPUT_PDF_FILES/25934795.pdf
19,Diagnostic_procedure,Fecal occult blood,0.9991230964660645,1,/content/drive/MyDrive/MACROBATT/INPUT_PDF_FILES/25934795.pdf
20,Diagnostic_procedure,Sedimentation,0.9998092651367188,1,/content/drive/MyDrive/MACROBATT/INPUT_PDF_FILES/25934795.pdf
21,Lab_value,27 mm/s,0.9998612999916077,1,/content/drive/MyDrive/MACROBATT/INPUT_PDF_FILES/25934795.pdf
22,Diagnostic_procedure,CRP,0.9997144937515259,1,/content/drive/MyDrive/MACROBATT/INPUT_PDF_FILES/25934795.pdf
23,Lab_value,65.6 mg/L,0.9999244213104248,1,/content/drive/MyDrive/MACROBATT/INPUT_PDF_FILES/25934795.pdf
24,Diagnostic_procedure,anti-nuclear antibody,0.9999494552612305,1,/content/drive/MyDrive/MACROBATT/INPUT_PDF_FILES/25934795.pdf
25,Lab_value,0.4,0.9999208450317383,1,/content/drive/MyDrive/MACROBATT/INPUT_PDF_FILES/25934795.pdf
26,Diagnostic_procedure,anti-ds DNA,0.9999403953552246,1,/content/drive/MyDrive/MACROBATT/INPUT_PDF_FILES/25934795.pdf
27,Lab_value,< <,0.9997900128364563,1,/content/drive/MyDrive/MACROBATT/INPUT_PDF_FILES/25934795.pdf
28,Diagnostic_procedure,white blood cell count count count,0.9999436736106873,1,/content/drive/MyDrive/MACROBATT/INPUT_PDF_FILES/25934795.pdf
29,Lab_value,14.98,0.9999192357063293,1,/content/drive/MyDrive/MACROBATT/INPUT_PDF_FILES/25934795.pdf
30,Diagnostic_procedure,hemoglobin,0.9999229907989502,1,/content/drive/MyDrive/MACROBATT/INPUT_PDF_FILES/25934795.pdf
31,Lab_value,10.9,0.9308568835258484,1,/content/drive/MyDrive/MACROBATT/INPUT_PDF_FILES/25934795.pdf
32,Diagnostic_procedure,nephelometry negative negative neutro-phil creatinine,0.9999717473983765,1,/content/drive/MyDrive/MACROBATT/INPUT_PDF_FILES/25934795.pdf
33,Diagnostic_procedure,neutro-phil,0.9999009370803833,1,/content/drive/MyDrive/MACROBATT/INPUT_PDF_FILES/25934795.pdf
34,Lab_value,13.14 65.6 0.4 0–0.8 14.98 10.9 13.14 7.94 0.56 .,0.9978069067001343,1,/content/drive/MyDrive/MACROBATT/INPUT_PDF_FILES/25934795.pdf
35,Diagnostic_procedure,platelet count count count,0.9923965334892273,1,/content/drive/MyDrive/MACROBATT/INPUT_PDF_FILES/25934795.pdf
36,Lab_value,473,0.9994347095489502,1,/content/drive/MyDrive/MACROBATT/INPUT_PDF_FILES/25934795.pdf
37,Diagnostic_procedure,urea,0.993769645690918,1,/content/drive/MyDrive/MACROBATT/INPUT_PDF_FILES/25934795.pdf
38,Lab_value,17 mg/L mg/dl mg/dl mg/dl,0.9990757703781128,1,/content/drive/MyDrive/MACROBATT/INPUT_PDF_FILES/25934795.pdf
39,Diagnostic_procedure,BUN,0.9999656677246094,1,/content/drive/MyDrive/MACROBATT/INPUT_PDF_FILES/25934795.pdf
40,Lab_value,7.94 mg/L mg/dl mg/dl mg/dl,0.9995396733283997,1,/content/drive/MyDrive/MACROBATT/INPUT_PDF_FILES/25934795.pdf
41,Diagnostic_procedure,creatinine,0.9999790191650391,1,/content/drive/MyDrive/MACROBATT/INPUT_PDF_FILES/25934795.pdf
42,Diagnostic_procedure,anti-nuclear urea creatinine,0.9998764991760254,1,/content/drive/MyDrive/MACROBATT/INPUT_PDF_FILES/25934795.pdf
43,Lab_value,0–5 0.4 0–0.8 10 20 4–10 10.9 100–300 0.56 20,0.9996215105056763,1,/content/drive/MyDrive/MACROBATT/INPUT_PDF_FILES/25934795.pdf
44,Lab_value,0.56,0.9936589598655701,1,/content/drive/MyDrive/MACROBATT/INPUT_PDF_FILES/25934795.pdf
45,Diagnostic_procedure,AST,0.7287530899047852,1,/content/drive/MyDrive/MACROBATT/INPUT_PDF_FILES/25934795.pdf
46,Lab_value,20 20,0.7900919914245605,1,/content/drive/MyDrive/MACROBATT/INPUT_PDF_FILES/25934795.pdf
47,Diagnostic_procedure,ALT,0.9999716281890869,1,/content/drive/MyDrive/MACROBATT/INPUT_PDF_FILES/25934795.pdf
48,Diagnostic_procedure,HIV,0.9985114932060242,1,/content/drive/MyDrive/MACROBATT/INPUT_PDF_FILES/25934795.pdf
49,Biological_structure,Abdominal,0.9999556541442871,1,/content/drive/MyDrive/MACROBATT/INPUT_PDF_FILES/25934795.pdf
50,Diagnostic_procedure,ultrasound,0.999964714050293,1,/content/drive/MyDrive/MACROBATT/INPUT_PDF_FILES/25934795.pdf
51,Sign_symptom,free fluid,0.9998469352722168,1,/content/drive/MyDrive/MACROBATT/INPUT_PDF_FILES/25934795.pdf
52,Biological_structure,perihepatic,0.7662169337272644,1,/content/drive/MyDrive/MACROBATT/INPUT_PDF_FILES/25934795.pdf
53,Biological_structure,left paracolic paracolic,0.9770374894142151,1,/content/drive/MyDrive/MACROBATT/INPUT_PDF_FILES/25934795.pdf
54,Biological_structure,gutters,0.9810125827789307,1,/content/drive/MyDrive/MACROBATT/INPUT_PDF_FILES/25934795.pdf
55,Sign_symptom,air-fluid level,0.9991318583488464,1,/content/drive/MyDrive/MACROBATT/INPUT_PDF_FILES/25934795.pdf
56,Sign_symptom,free air-fluid air,0.9998900890350342,1,/content/drive/MyDrive/MACROBATT/INPUT_PDF_FILES/25934795.pdf
57,Biological_structure,under the diaphragm,0.9998871684074402,1,/content/drive/MyDrive/MACROBATT/INPUT_PDF_FILES/25934795.pdf
58,Detailed_description,erect,0.9627191424369812,1,/content/drive/MyDrive/MACROBATT/INPUT_PDF_FILES/25934795.pdf
59,Detailed_description,emergency,0.999954342842102,1,/content/drive/MyDrive/MACROBATT/INPUT_PDF_FILES/25934795.pdf
60,Therapeutic_procedure,laparotomy,0.999944806098938,1,/content/drive/MyDrive/MACROBATT/INPUT_PDF_FILES/25934795.pdf
61,Detailed_description,multiple,0.9990848302841187,1,/content/drive/MyDrive/MACROBATT/INPUT_PDF_FILES/25934795.pdf
62,Sign_symptom,operation perforation,0.9992256164550781,1,/content/drive/MyDrive/MACROBATT/INPUT_PDF_FILES/25934795.pdf
63,Sign_symptom,perforation,0.8888903856277466,1,/content/drive/MyDrive/MACROBATT/INPUT_PDF_FILES/25934795.pdf
64,Lab_value,found,0.9865062832832336,1,/content/drive/MyDrive/MACROBATT/INPUT_PDF_FILES/25934795.pdf
65,Detailed_description,Wide,0.999914288520813,1,/content/drive/MyDrive/MACROBATT/INPUT_PDF_FILES/25934795.pdf
66,Therapeutic_procedure,resection resection,0.9994449019432068,1,/content/drive/MyDrive/MACROBATT/INPUT_PDF_FILES/25934795.pdf
67,Biological_structure,transverse colon colon,0.9999324679374695,1,/content/drive/MyDrive/MACROBATT/INPUT_PDF_FILES/25934795.pdf
68,Detailed_description,sigmoid,0.8026852011680603,1,/content/drive/MyDrive/MACROBATT/INPUT_PDF_FILES/25934795.pdf
69,Biological_structure,colon colon,0.9936483502388,1,/content/drive/MyDrive/MACROBATT/INPUT_PDF_FILES/25934795.pdf
70,Diagnostic_procedure,Pathergy test,0.9999434351921082,1,/content/drive/MyDrive/MACROBATT/INPUT_PDF_FILES/25934795.pdf
71,Biological_structure,oral,0.9999196529388428,1,/content/drive/MyDrive/MACROBATT/INPUT_PDF_FILES/25934795.pdf
72,Biological_structure,genital,0.9999420642852783,1,/content/drive/MyDrive/MACROBATT/INPUT_PDF_FILES/25934795.pdf
73,Detailed_description,aphthous,0.9998557567596436,1,/content/drive/MyDrive/MACROBATT/INPUT_PDF_FILES/25934795.pdf
74,Disease_disorder,ulcers,0.9995179176330566,1,/content/drive/MyDrive/MACROBATT/INPUT_PDF_FILES/25934795.pdf
75,Quantitative_concept,4–5,0.73671555519104,1,/content/drive/MyDrive/MACROBATT/INPUT_PDF_FILES/25934795.pdf
76,Date,within,0.9663968682289124,1,/content/drive/MyDrive/MACROBATT/INPUT_PDF_FILES/25934795.pdf
77,Diagnostic_procedure,Eye examination,0.99856036901474,1,/content/drive/MyDrive/MACROBATT/INPUT_PDF_FILES/25934795.pdf
78,Diagnostic_procedure,Computed tomography,0.9999364018440247,1,/content/drive/MyDrive/MACROBATT/INPUT_PDF_FILES/25934795.pdf
79,Detailed_description,extensive,0.9996079802513123,1,/content/drive/MyDrive/MACROBATT/INPUT_PDF_FILES/25934795.pdf
80,Disease_disorder,thrombus within the through the,0.9998940229415894,1,/content/drive/MyDrive/MACROBATT/INPUT_PDF_FILES/25934795.pdf
81,Disease_disorder,thrombus,0.9998538494110107,1,/content/drive/MyDrive/MACROBATT/INPUT_PDF_FILES/25934795.pdf
82,Biological_structure,inferior vena cava,0.9999281764030457,1,/content/drive/MyDrive/MACROBATT/INPUT_PDF_FILES/25934795.pdf
83,Biological_structure,right and middle hepatic vein,0.9999260306358337,1,/content/drive/MyDrive/MACROBATT/INPUT_PDF_FILES/25934795.pdf
84,Medication,corticosteroid anticoagulant,0.9979871511459351,1,/content/drive/MyDrive/MACROBATT/INPUT_PDF_FILES/25934795.pdf
85,Medication,corticosteroid,0.9952109456062317,1,/content/drive/MyDrive/MACROBATT/INPUT_PDF_FILES/25934795.pdf
86,Medication,anticoagulant,0.9966865181922913,1,/content/drive/MyDrive/MACROBATT/INPUT_PDF_FILES/25934795.pdf
87,Therapeutic_procedure,immunosuppressive,0.9845613241195679,1,/content/drive/MyDrive/MACROBATT/INPUT_PDF_FILES/25934795.pdf
88,Sign_symptom,alive,0.9997115731239319,1,/content/drive/MyDrive/MACROBATT/INPUT_PDF_FILES/25934795.pdf
89,Sign_symptom,healthy,0.9996960163116455,1,/content/drive/MyDrive/MACROBATT/INPUT_PDF_FILES/25934795.pdf
90,Date,53 weeks later,0.9998013377189636,1,/content/drive/MyDrive/MACROBATT/INPUT_PDF_FILES/25934795.pdf
91,Diagnostic_procedure,macroscopy,0.9443771839141846,1,/content/drive/MyDrive/MACROBATT/INPUT_PDF_FILES/25934795.pdf
92,Distance,50 cm cm,0.9994995594024658,1,/content/drive/MyDrive/MACROBATT/INPUT_PDF_FILES/25934795.pdf
93,Biological_structure,descending colon colon,0.9999279379844666,1,/content/drive/MyDrive/MACROBATT/INPUT_PDF_FILES/25934795.pdf
94,Distance,27 cm cm,0.9994730949401855,1,/content/drive/MyDrive/MACROBATT/INPUT_PDF_FILES/25934795.pdf
95,Diagnostic_procedure,Specimens of both colon segments,0.9996945261955261,1,/content/drive/MyDrive/MACROBATT/INPUT_PDF_FILES/25934795.pdf
96,Distance,4 cm,0.999333381652832,1,/content/drive/MyDrive/MACROBATT/INPUT_PDF_FILES/25934795.pdf
97,Disease_disorder,Perforation,0.997617244720459,1,/content/drive/MyDrive/MACROBATT/INPUT_PDF_FILES/25934795.pdf
98,Biological_structure,serosal,0.9999567270278931,1,/content/drive/MyDrive/MACROBATT/INPUT_PDF_FILES/25934795.pdf
99,Biological_structure,Colonic wall,0.9998435974121094,1,/content/drive/MyDrive/MACROBATT/INPUT_PDF_FILES/25934795.pdf
100,Biological_structure,bowel mucosa,0.9999030828475952,1,/content/drive/MyDrive/MACROBATT/INPUT_PDF_FILES/25934795.pdf
101,Sign_symptom,edematous,0.9999524354934692,1,/content/drive/MyDrive/MACROBATT/INPUT_PDF_FILES/25934795.pdf
102,Sign_symptom,hyperemic,0.9998564720153809,1,/content/drive/MyDrive/MACROBATT/INPUT_PDF_FILES/25934795.pdf
103,Diagnostic_procedure,Plicae,0.9997191429138184,1,/content/drive/MyDrive/MACROBATT/INPUT_PDF_FILES/25934795.pdf
104,Lab_value,regular,0.9999216794967651,1,/content/drive/MyDrive/MACROBATT/INPUT_PDF_FILES/25934795.pdf
105,Shape,roundish,0.9973636269569397,1,/content/drive/MyDrive/MACROBATT/INPUT_PDF_FILES/25934795.pdf
106,Detailed_description,punched-out,0.9747793078422546,1,/content/drive/MyDrive/MACROBATT/INPUT_PDF_FILES/25934795.pdf
107,Sign_symptom,perforations,0.9928786158561707,1,/content/drive/MyDrive/MACROBATT/INPUT_PDF_FILES/25934795.pdf
108,Biological_structure,transverse colon colon colonic,0.9998555183410645,1,/content/drive/MyDrive/MACROBATT/INPUT_PDF_FILES/25934795.pdf
109,Lab_value,4 4,0.9994691014289856,1,/content/drive/MyDrive/MACROBATT/INPUT_PDF_FILES/25934795.pdf
110,Detailed_description,separate,0.91623854637146,1,/content/drive/MyDrive/MACROBATT/INPUT_PDF_FILES/25934795.pdf
111,Distance,largest being 2 cm,0.9884123206138611,1,/content/drive/MyDrive/MACROBATT/INPUT_PDF_FILES/25934795.pdf
112,Distance,largest was 1 cm,0.9983874559402466,1,/content/drive/MyDrive/MACROBATT/INPUT_PDF_FILES/25934795.pdf
113,Detailed_description,not merging,0.7585137486457825,1,/content/drive/MyDrive/MACROBATT/INPUT_PDF_FILES/25934795.pdf
114,Detailed_description,somewhat separate from the together the surrounding mucosa via largest was diameter locations and somewhat separate mucosa via a certain exudate and a certain limit,0.9992959499359131,1,/content/drive/MyDrive/MACROBATT/INPUT_PDF_FILES/25934795.pdf
115,Detailed_description,covered with exudate,0.9999381899833679,1,/content/drive/MyDrive/MACROBATT/INPUT_PDF_FILES/25934795.pdf
116,Detailed_description,surrounded,0.9997052550315857,1,/content/drive/MyDrive/MACROBATT/INPUT_PDF_FILES/25934795.pdf
117,Sign_symptom,macroscopic lymph nodes,0.9994819760322571,1,/content/drive/MyDrive/MACROBATT/INPUT_PDF_FILES/25934795.pdf
118,Detailed_description,ulcerated,0.9999663829803467,1,/content/drive/MyDrive/MACROBATT/INPUT_PDF_FILES/25934795.pdf
119,Detailed_description,ulcerated perforated,0.9994148015975952,1,/content/drive/MyDrive/MACROBATT/INPUT_PDF_FILES/25934795.pdf
120,Detailed_description,perforated,0.9846625328063965,1,/content/drive/MyDrive/MACROBATT/INPUT_PDF_FILES/25934795.pdf
121,Lab_value,normal,0.9997656941413879,1,/content/drive/MyDrive/MACROBATT/INPUT_PDF_FILES/25934795.pdf
122,Diagnostic_procedure,microscopic tissue,0.8307477235794067,1,/content/drive/MyDrive/MACROBATT/INPUT_PDF_FILES/25934795.pdf
123,Diagnostic_procedure,Hematoxylin-eosin,0.9985544681549072,1,/content/drive/MyDrive/MACROBATT/INPUT_PDF_FILES/25934795.pdf
124,Diagnostic_procedure,tissue Giemsa,0.9997199177742004,1,/content/drive/MyDrive/MACROBATT/INPUT_PDF_FILES/25934795.pdf
125,Diagnostic_procedure,PAS-stained slides,0.9998555183410645,1,/content/drive/MyDrive/MACROBATT/INPUT_PDF_FILES/25934795.pdf
126,Biological_structure,neutrophil leukocyte,0.9983363151550293,1,/content/drive/MyDrive/MACROBATT/INPUT_PDF_FILES/25934795.pdf
127,Biological_structure,neutrophil leukocyte lymphocyte walls lumens arterioles venules ulcerated lesions,0.9998937845230103,1,/content/drive/MyDrive/MACROBATT/INPUT_PDF_FILES/25934795.pdf
128,Biological_structure,lymphocyte,0.9814807772636414,1,/content/drive/MyDrive/MACROBATT/INPUT_PDF_FILES/25934795.pdf
129,Biological_structure,leukocyte lymphocyte,0.7593816518783569,1,/content/drive/MyDrive/MACROBATT/INPUT_PDF_FILES/25934795.pdf
130,Sign_symptom,reaction,0.9999209642410278,1,/content/drive/MyDrive/MACROBATT/INPUT_PDF_FILES/25934795.pdf
131,Biological_structure,walls and and and and and and and6 lumens,0.8556045293807983,1,/content/drive/MyDrive/MACROBATT/INPUT_PDF_FILES/25934795.pdf
132,Sign_symptom,venules,0.99516361951828,1,/content/drive/MyDrive/MACROBATT/INPUT_PDF_FILES/25934795.pdf
133,Detailed_description,venules ulcerated,0.9999561309814453,1,/content/drive/MyDrive/MACROBATT/INPUT_PDF_FILES/25934795.pdf
134,Detailed_description,perforated ulcerated,0.9994000196456909,1,/content/drive/MyDrive/MACROBATT/INPUT_PDF_FILES/25934795.pdf
135,Sign_symptom,lesions,0.9999512434005737,1,/content/drive/MyDrive/MACROBATT/INPUT_PDF_FILES/25934795.pdf
136,Detailed_description,well-organized,0.9999703168869019,1,/content/drive/MyDrive/MACROBATT/INPUT_PDF_FILES/25934795.pdf
137,Sign_symptom,thrombi within,0.9999552965164185,1,/content/drive/MyDrive/MACROBATT/INPUT_PDF_FILES/25934795.pdf
138,Sign_symptom,thrombi,0.9998047351837158,1,/content/drive/MyDrive/MACROBATT/INPUT_PDF_FILES/25934795.pdf
139,Sign_symptom,intimal proliferation,0.9992779493331909,1,/content/drive/MyDrive/MACROBATT/INPUT_PDF_FILES/25934795.pdf
140,Biological_structure,some vessels,0.9999011754989624,1,/content/drive/MyDrive/MACROBATT/INPUT_PDF_FILES/25934795.pdf
141,Detailed_description,acute,0.9999241828918457,1,/content/drive/MyDrive/MACROBATT/INPUT_PDF_FILES/25934795.pdf
142,Diagnostic_procedure,Surface epithelium,0.9999551773071289,2,/content/drive/MyDrive/MACROBATT/INPUT_PDF_FILES/25934795.pdf
143,Diagnostic_procedure,colonic colonic crypts,0.9999473690986633,2,/content/drive/MyDrive/MACROBATT/INPUT_PDF_FILES/25934795.pdf
144,Lab_value,regular,0.9998316764831543,2,/content/drive/MyDrive/MACROBATT/INPUT_PDF_FILES/25934795.pdf
145,Biological_structure,colonic colonic mucosa,0.9998974800109863,2,/content/drive/MyDrive/MACROBATT/INPUT_PDF_FILES/25934795.pdf
146,Detailed_description,regular ulcerated,0.9998701810836792,2,/content/drive/MyDrive/MACROBATT/INPUT_PDF_FILES/25934795.pdf
147,Detailed_description,ulcerated,0.999875545501709,2,/content/drive/MyDrive/MACROBATT/INPUT_PDF_FILES/25934795.pdf
148,Detailed_description,ulcerated perforated,0.9536438584327698,2,/content/drive/MyDrive/MACROBATT/INPUT_PDF_FILES/25934795.pdf
149,Detailed_description,perforated,0.9999359846115112,2,/content/drive/MyDrive/MACROBATT/INPUT_PDF_FILES/25934795.pdf
150,Disease_disorder,parasites,0.9997478127479553,2,/content/drive/MyDrive/MACROBATT/INPUT_PDF_FILES/25934795.pdf
