,Entity Group,Value,Score,Page,Pdf File
0,Age,38-year-old,0.9976781606674194,1,/content/drive/MyDrive/MACROBATT/INPUT_PDF_FILES/26106249.pdf
1,Personal_background,Caucasian,0.998196542263031,1,/content/drive/MyDrive/MACROBATT/INPUT_PDF_FILES/26106249.pdf
2,Sex,man,0.9997709393501282,1,/content/drive/MyDrive/MACROBATT/INPUT_PDF_FILES/26106249.pdf
3,Personal_background,Spanish,0.9969090819358826,1,/content/drive/MyDrive/MACROBATT/INPUT_PDF_FILES/26106249.pdf
4,Height,165 cm,0.9695006608963013,1,/content/drive/MyDrive/MACROBATT/INPUT_PDF_FILES/26106249.pdf
5,Subject,Both,0.9875191450119019,1,/content/drive/MyDrive/MACROBATT/INPUT_PDF_FILES/26106249.pdf
6,Subject,parents,0.929313063621521,1,/content/drive/MyDrive/MACROBATT/INPUT_PDF_FILES/26106249.pdf
7,Detailed_description,normal height,0.9993257522583008,1,/content/drive/MyDrive/MACROBATT/INPUT_PDF_FILES/26106249.pdf
8,Detailed_description,neither,0.5962404608726501,1,/content/drive/MyDrive/MACROBATT/INPUT_PDF_FILES/26106249.pdf
9,Detailed_description,minor anomalies,0.9386353492736816,1,/content/drive/MyDrive/MACROBATT/INPUT_PDF_FILES/26106249.pdf
10,Disease_disorder,EvC,0.9813089966773987,1,/content/drive/MyDrive/MACROBATT/INPUT_PDF_FILES/26106249.pdf
11,Diagnostic_procedure,morphological features,0.9997179508209229,1,/content/drive/MyDrive/MACROBATT/INPUT_PDF_FILES/26106249.pdf
12,Sign_symptom,normal mouth opening,0.9998469352722168,1,/content/drive/MyDrive/MACROBATT/INPUT_PDF_FILES/26106249.pdf
13,Sign_symptom,missing lower incisors,0.9998753666877747,1,/content/drive/MyDrive/MACROBATT/INPUT_PDF_FILES/26106249.pdf
14,Sign_symptom,short extremities,0.9998544454574585,1,/content/drive/MyDrive/MACROBATT/INPUT_PDF_FILES/26106249.pdf
15,Detailed_description,one,0.9997273087501526,1,/content/drive/MyDrive/MACROBATT/INPUT_PDF_FILES/26106249.pdf
16,Sign_symptom,additional postaxial digit,0.9997463226318359,1,/content/drive/MyDrive/MACROBATT/INPUT_PDF_FILES/26106249.pdf
17,Biological_structure,each hand,0.9995714426040649,1,/content/drive/MyDrive/MACROBATT/INPUT_PDF_FILES/26106249.pdf
18,Sign_symptom,sensory-motor deficit,0.9998790621757507,1,/content/drive/MyDrive/MACROBATT/INPUT_PDF_FILES/26106249.pdf
19,Detailed_description,mild,0.9997861981391907,1,/content/drive/MyDrive/MACROBATT/INPUT_PDF_FILES/26106249.pdf
20,Coreference,mental,0.5807552933692932,1,/content/drive/MyDrive/MACROBATT/INPUT_PDF_FILES/26106249.pdf
21,Diagnostic_procedure,Genetic analysis,0.9999499320983887,1,/content/drive/MyDrive/MACROBATT/INPUT_PDF_FILES/26106249.pdf
22,Detailed_description,homozygous,0.9999356269836426,1,/content/drive/MyDrive/MACROBATT/INPUT_PDF_FILES/26106249.pdf
23,Detailed_description,nonsense,0.9999041557312012,1,/content/drive/MyDrive/MACROBATT/INPUT_PDF_FILES/26106249.pdf
24,Coreference,mutation,0.9993265867233276,1,/content/drive/MyDrive/MACROBATT/INPUT_PDF_FILES/26106249.pdf
25,Detailed_description,"c.1195 C1T , , p.Arg399X of of of EvC2",0.990972638130188,1,/content/drive/MyDrive/MACROBATT/INPUT_PDF_FILES/26106249.pdf
26,Detailed_description,heterozygous carriers,0.9835343360900879,1,/content/drive/MyDrive/MACROBATT/INPUT_PDF_FILES/26106249.pdf
27,Biological_structure,ostium closure,0.9999525547027588,1,/content/drive/MyDrive/MACROBATT/INPUT_PDF_FILES/26106249.pdf
28,Biological_structure,ostium primum,0.9997794032096863,1,/content/drive/MyDrive/MACROBATT/INPUT_PDF_FILES/26106249.pdf
29,Therapeutic_procedure,patient atrial,0.9994540810585022,1,/content/drive/MyDrive/MACROBATT/INPUT_PDF_FILES/26106249.pdf
30,Therapeutic_procedure,atrial septal defect closure,0.9036864042282104,1,/content/drive/MyDrive/MACROBATT/INPUT_PDF_FILES/26106249.pdf
31,Therapeutic_procedure,midsternotomy,0.9246149659156799,1,/content/drive/MyDrive/MACROBATT/INPUT_PDF_FILES/26106249.pdf
32,Clinical_event,re-presented cerebral,0.9996875524520874,1,/content/drive/MyDrive/MACROBATT/INPUT_PDF_FILES/26106249.pdf
33,Clinical_event,re-presented,0.9997805953025818,1,/content/drive/MyDrive/MACROBATT/INPUT_PDF_FILES/26106249.pdf
34,Detailed_description,embolic,0.9999279975891113,1,/content/drive/MyDrive/MACROBATT/INPUT_PDF_FILES/26106249.pdf
35,Biological_structure,cerebral,0.9999529123306274,1,/content/drive/MyDrive/MACROBATT/INPUT_PDF_FILES/26106249.pdf
36,Sign_symptom,ictus,0.9998763799667358,1,/content/drive/MyDrive/MACROBATT/INPUT_PDF_FILES/26106249.pdf
37,Biological_structure,cavotricuspid isthmus,0.9994440078735352,1,/content/drive/MyDrive/MACROBATT/INPUT_PDF_FILES/26106249.pdf
38,Therapeutic_procedure,ablation,0.9999078512191772,1,/content/drive/MyDrive/MACROBATT/INPUT_PDF_FILES/26106249.pdf
39,Detailed_description,common,0.9999524354934692,1,/content/drive/MyDrive/MACROBATT/INPUT_PDF_FILES/26106249.pdf
40,Disease_disorder,atrial flutter,0.9887819290161133,1,/content/drive/MyDrive/MACROBATT/INPUT_PDF_FILES/26106249.pdf
41,Severity,serious,0.9470024108886719,1,/content/drive/MyDrive/MACROBATT/INPUT_PDF_FILES/26106249.pdf
42,Sign_symptom,aftereffects,0.9996849298477173,1,/content/drive/MyDrive/MACROBATT/INPUT_PDF_FILES/26106249.pdf
43,Diagnostic_procedure,examination,0.9960620999336243,1,/content/drive/MyDrive/MACROBATT/INPUT_PDF_FILES/26106249.pdf
44,Detailed_description,high-pitched,0.9998074173927307,1,/content/drive/MyDrive/MACROBATT/INPUT_PDF_FILES/26106249.pdf
45,Detailed_description,systolic,0.999980092048645,1,/content/drive/MyDrive/MACROBATT/INPUT_PDF_FILES/26106249.pdf
46,Sign_symptom,murmur,0.9999226331710815,1,/content/drive/MyDrive/MACROBATT/INPUT_PDF_FILES/26106249.pdf
47,Diagnostic_procedure,Electrocardiography,0.9991364479064941,1,/content/drive/MyDrive/MACROBATT/INPUT_PDF_FILES/26106249.pdf
48,Lab_value,sinus rhythm,0.9997689127922058,1,/content/drive/MyDrive/MACROBATT/INPUT_PDF_FILES/26106249.pdf
49,Disease_disorder,hemiblock,0.9953975081443787,1,/content/drive/MyDrive/MACROBATT/INPUT_PDF_FILES/26106249.pdf
50,Diagnostic_procedure,echocardiography,0.9999651908874512,1,/content/drive/MyDrive/MACROBATT/INPUT_PDF_FILES/26106249.pdf
51,Diagnostic_procedure,Electrocardiography echocardiography,0.997883677482605,1,/content/drive/MyDrive/MACROBATT/INPUT_PDF_FILES/26106249.pdf
52,Sign_symptom,dilated,0.999916672706604,1,/content/drive/MyDrive/MACROBATT/INPUT_PDF_FILES/26106249.pdf
53,Sign_symptom,hypertrophic,0.9999005794525146,1,/content/drive/MyDrive/MACROBATT/INPUT_PDF_FILES/26106249.pdf
54,Biological_structure,left ventricle,0.9997628927230835,1,/content/drive/MyDrive/MACROBATT/INPUT_PDF_FILES/26106249.pdf
55,Sign_symptom,flow,0.99928879737854,1,/content/drive/MyDrive/MACROBATT/INPUT_PDF_FILES/26106249.pdf
56,Biological_structure,directed to to the left atrial,0.9997983574867249,1,/content/drive/MyDrive/MACROBATT/INPUT_PDF_FILES/26106249.pdf
57,Biological_structure,mitral,0.9908046126365662,1,/content/drive/MyDrive/MACROBATT/INPUT_PDF_FILES/26106249.pdf
58,Diagnostic_procedure,pulmonary artery pressure,0.9999291300773621,1,/content/drive/MyDrive/MACROBATT/INPUT_PDF_FILES/26106249.pdf
59,Lab_value,50 mmHg,0.9998987317085266,1,/content/drive/MyDrive/MACROBATT/INPUT_PDF_FILES/26106249.pdf
60,Sign_symptom,aortic valve,0.9998050928115845,1,/content/drive/MyDrive/MACROBATT/INPUT_PDF_FILES/26106249.pdf
61,Medication,ramipril,0.9998071789741516,1,/content/drive/MyDrive/MACROBATT/INPUT_PDF_FILES/26106249.pdf
62,Medication,duloxetine,0.9998571872711182,1,/content/drive/MyDrive/MACROBATT/INPUT_PDF_FILES/26106249.pdf
63,Medication,medical alprazolam,0.9997965693473816,1,/content/drive/MyDrive/MACROBATT/INPUT_PDF_FILES/26106249.pdf
64,Medication,alprazolam,0.918015718460083,1,/content/drive/MyDrive/MACROBATT/INPUT_PDF_FILES/26106249.pdf
65,Medication,acenocumarol,0.9973416924476624,1,/content/drive/MyDrive/MACROBATT/INPUT_PDF_FILES/26106249.pdf
66,Biological_structure,mitral valve,0.9996252655982971,1,/content/drive/MyDrive/MACROBATT/INPUT_PDF_FILES/26106249.pdf
67,Biological_structure,right femoral artery,0.9987078309059143,1,/content/drive/MyDrive/MACROBATT/INPUT_PDF_FILES/26106249.pdf
68,Detailed_description,right,0.9999691247940063,1,/content/drive/MyDrive/MACROBATT/INPUT_PDF_FILES/26106249.pdf
69,Therapeutic_procedure,thoracotomy,0.9998527765274048,1,/content/drive/MyDrive/MACROBATT/INPUT_PDF_FILES/26106249.pdf
70,Biological_structure,fourth intercostal space,0.9998523592948914,1,/content/drive/MyDrive/MACROBATT/INPUT_PDF_FILES/26106249.pdf
71,Detailed_description,bicaval,0.9938828349113464,1,/content/drive/MyDrive/MACROBATT/INPUT_PDF_FILES/26106249.pdf
72,Therapeutic_procedure,cannulation,0.9997734427452087,1,/content/drive/MyDrive/MACROBATT/INPUT_PDF_FILES/26106249.pdf
73,Detailed_description,Both veins,0.946536660194397,1,/content/drive/MyDrive/MACROBATT/INPUT_PDF_FILES/26106249.pdf
74,Detailed_description,normothermic,0.9121415019035339,1,/content/drive/MyDrive/MACROBATT/INPUT_PDF_FILES/26106249.pdf
75,Therapeutic_procedure,cardiopulmonary bypass,0.9911922812461853,1,/content/drive/MyDrive/MACROBATT/INPUT_PDF_FILES/26106249.pdf
76,Detailed_description,without cross- clamping of normothermic the the aorta,0.9995527267456055,1,/content/drive/MyDrive/MACROBATT/INPUT_PDF_FILES/26106249.pdf
77,Therapeutic_procedure,continuous carbon dioxide ( ( CO2 CO2 ) ) field flooding,0.9996333718299866,1,/content/drive/MyDrive/MACROBATT/INPUT_PDF_FILES/26106249.pdf
78,Detailed_description,CarbonAid CO2 CO2 diffuser,0.9997184872627258,1,/content/drive/MyDrive/MACROBATT/INPUT_PDF_FILES/26106249.pdf
79,Biological_structure,mitral valve valve,0.9977684020996094,1,/content/drive/MyDrive/MACROBATT/INPUT_PDF_FILES/26106249.pdf
80,Detailed_description,bileaflet mechanical valve valve,0.9990464448928833,1,/content/drive/MyDrive/MACROBATT/INPUT_PDF_FILES/26106249.pdf
81,Sign_symptom,complications,0.9997568726539612,1,/content/drive/MyDrive/MACROBATT/INPUT_PDF_FILES/26106249.pdf
82,Detailed_description,associated with anaesthesia,0.9991329908370972,1,/content/drive/MyDrive/MACROBATT/INPUT_PDF_FILES/26106249.pdf
83,Therapeutic_procedure,postoperative postoperative recovery,0.9997660517692566,1,/content/drive/MyDrive/MACROBATT/INPUT_PDF_FILES/26106249.pdf
84,Lab_value,uneventful,0.9512318968772888,1,/content/drive/MyDrive/MACROBATT/INPUT_PDF_FILES/26106249.pdf
85,Clinical_event,discharged,0.9993290901184082,1,/content/drive/MyDrive/MACROBATT/INPUT_PDF_FILES/26106249.pdf
86,Date,day 10,0.8397403955459595,1,/content/drive/MyDrive/MACROBATT/INPUT_PDF_FILES/26106249.pdf
87,Duration,two years,0.9981080293655396,1,/content/drive/MyDrive/MACROBATT/INPUT_PDF_FILES/26106249.pdf
88,Lab_value,optimal function,0.9999223947525024,1,/content/drive/MyDrive/MACROBATT/INPUT_PDF_FILES/26106249.pdf
89,Lab_value,decrease,0.9999368190765381,1,/content/drive/MyDrive/MACROBATT/INPUT_PDF_FILES/26106249.pdf
