,Entity Group,Value,Score,Page,Pdf File
0,Date,2009,0.9966583251953125,1,/content/drive/MyDrive/MACROBATT/INPUT_PDF_FILES/26175648.pdf
1,Age,21-year-old,0.9969316720962524,1,/content/drive/MyDrive/MACROBATT/INPUT_PDF_FILES/26175648.pdf
2,Sex,man,0.9997935891151428,1,/content/drive/MyDrive/MACROBATT/INPUT_PDF_FILES/26175648.pdf
3,Activity,admitted,0.9955835938453674,1,/content/drive/MyDrive/MACROBATT/INPUT_PDF_FILES/26175648.pdf
4,Nonbiological_location,institution,0.5904387831687927,1,/content/drive/MyDrive/MACROBATT/INPUT_PDF_FILES/26175648.pdf
5,Detailed_description,intermittent,0.9884659051895142,1,/content/drive/MyDrive/MACROBATT/INPUT_PDF_FILES/26175648.pdf
6,Sign_symptom,headache,0.6734127998352051,1,/content/drive/MyDrive/MACROBATT/INPUT_PDF_FILES/26175648.pdf
7,Sign_symptom,polyarthralgias,0.9894145727157593,1,/content/drive/MyDrive/MACROBATT/INPUT_PDF_FILES/26175648.pdf
8,Biological_structure,skin,0.9989350438117981,1,/content/drive/MyDrive/MACROBATT/INPUT_PDF_FILES/26175648.pdf
9,Sign_symptom,rash,0.9999443292617798,1,/content/drive/MyDrive/MACROBATT/INPUT_PDF_FILES/26175648.pdf
10,Sign_symptom,petechiae,0.9998703002929688,1,/content/drive/MyDrive/MACROBATT/INPUT_PDF_FILES/26175648.pdf
11,Biological_structure,fingers,0.8686680793762207,1,/content/drive/MyDrive/MACROBATT/INPUT_PDF_FILES/26175648.pdf
12,History,no no history of drug,0.9493361711502075,1,/content/drive/MyDrive/MACROBATT/INPUT_PDF_FILES/26175648.pdf
13,History,regular,0.5629119873046875,1,/content/drive/MyDrive/MACROBATT/INPUT_PDF_FILES/26175648.pdf
14,History,no not pets,0.9997211694717407,1,/content/drive/MyDrive/MACROBATT/INPUT_PDF_FILES/26175648.pdf
15,History,had had not traveled recently,0.9996909499168396,1,/content/drive/MyDrive/MACROBATT/INPUT_PDF_FILES/26175648.pdf
16,Date,one month before,0.9998672604560852,1,/content/drive/MyDrive/MACROBATT/INPUT_PDF_FILES/26175648.pdf
17,Severity,high,0.9987047910690308,1,/content/drive/MyDrive/MACROBATT/INPUT_PDF_FILES/26175648.pdf
18,Sign_symptom,fever,0.9998582601547241,1,/content/drive/MyDrive/MACROBATT/INPUT_PDF_FILES/26175648.pdf
19,Sign_symptom,headaches,0.9998646974563599,1,/content/drive/MyDrive/MACROBATT/INPUT_PDF_FILES/26175648.pdf
20,Detailed_description,bilateral,0.9998364448547363,1,/content/drive/MyDrive/MACROBATT/INPUT_PDF_FILES/26175648.pdf
21,Detailed_description,symmetric,0.9976128339767456,1,/content/drive/MyDrive/MACROBATT/INPUT_PDF_FILES/26175648.pdf
22,Sign_symptom,arthralgia,0.9988654255867004,1,/content/drive/MyDrive/MACROBATT/INPUT_PDF_FILES/26175648.pdf
23,Biological_structure,wrists,0.9999194145202637,1,/content/drive/MyDrive/MACROBATT/INPUT_PDF_FILES/26175648.pdf
24,Biological_structure,hands,0.999895453453064,1,/content/drive/MyDrive/MACROBATT/INPUT_PDF_FILES/26175648.pdf
25,Biological_structure,palms,0.9998782873153687,1,/content/drive/MyDrive/MACROBATT/INPUT_PDF_FILES/26175648.pdf
26,Color,salmon-colored,0.9163682460784912,1,/content/drive/MyDrive/MACROBATT/INPUT_PDF_FILES/26175648.pdf
27,Detailed_description,evanescent,0.9999219179153442,1,/content/drive/MyDrive/MACROBATT/INPUT_PDF_FILES/26175648.pdf
28,Detailed_description,evanescent chest,0.5428574681282043,1,/content/drive/MyDrive/MACROBATT/INPUT_PDF_FILES/26175648.pdf
29,Biological_structure,chest,0.9992755055427551,1,/content/drive/MyDrive/MACROBATT/INPUT_PDF_FILES/26175648.pdf
30,Distance,2-mm,0.9978027939796448,1,/content/drive/MyDrive/MACROBATT/INPUT_PDF_FILES/26175648.pdf
31,Sign_symptom,lymphadenopathy,0.9970417618751526,1,/content/drive/MyDrive/MACROBATT/INPUT_PDF_FILES/26175648.pdf
32,Sign_symptom,there hepatosplenomegaly,0.9994829893112183,1,/content/drive/MyDrive/MACROBATT/INPUT_PDF_FILES/26175648.pdf
33,Sign_symptom,lymphadenopathy hepatosplenomegaly,0.998146653175354,1,/content/drive/MyDrive/MACROBATT/INPUT_PDF_FILES/26175648.pdf
34,Sign_symptom,hepatosplenomegaly,0.9528436660766602,1,/content/drive/MyDrive/MACROBATT/INPUT_PDF_FILES/26175648.pdf
35,Diagnostic_procedure,Blood testing,0.9999603629112244,1,/content/drive/MyDrive/MACROBATT/INPUT_PDF_FILES/26175648.pdf
36,Lab_value,elevated,0.9996765851974487,1,/content/drive/MyDrive/MACROBATT/INPUT_PDF_FILES/26175648.pdf
37,Diagnostic_procedure,inflammatory markers,0.9999217987060547,1,/content/drive/MyDrive/MACROBATT/INPUT_PDF_FILES/26175648.pdf
38,Diagnostic_procedure,electrocardiographic,0.6971397399902344,1,/content/drive/MyDrive/MACROBATT/INPUT_PDF_FILES/26175648.pdf
39,Diagnostic_procedure,ECG,0.9956172704696655,1,/content/drive/MyDrive/MACROBATT/INPUT_PDF_FILES/26175648.pdf
40,Diagnostic_procedure,radiographic,0.9998421669006348,1,/content/drive/MyDrive/MACROBATT/INPUT_PDF_FILES/26175648.pdf
41,Medication,Ibuprofen,0.9998595714569092,1,/content/drive/MyDrive/MACROBATT/INPUT_PDF_FILES/26175648.pdf
42,Medication,acetaminophen,0.98131263256073,1,/content/drive/MyDrive/MACROBATT/INPUT_PDF_FILES/26175648.pdf
43,Sign_symptom,symptomatic,0.9998751878738403,1,/content/drive/MyDrive/MACROBATT/INPUT_PDF_FILES/26175648.pdf
44,Diagnostic_procedure,evaluation,0.999907374382019,1,/content/drive/MyDrive/MACROBATT/INPUT_PDF_FILES/26175648.pdf
45,Diagnostic_procedure,blood cultures,0.790008544921875,1,/content/drive/MyDrive/MACROBATT/INPUT_PDF_FILES/26175648.pdf
46,Detailed_description,viral and and and and bacterial,0.9703657031059265,1,/content/drive/MyDrive/MACROBATT/INPUT_PDF_FILES/26175648.pdf
47,Diagnostic_procedure,immunologic,0.99988853931427,1,/content/drive/MyDrive/MACROBATT/INPUT_PDF_FILES/26175648.pdf
48,Diagnostic_procedure,immunologic screening,0.9883795976638794,1,/content/drive/MyDrive/MACROBATT/INPUT_PDF_FILES/26175648.pdf
49,Diagnostic_procedure,performed cultures viral bacterial serologic screening rheumatoid factor antinuclear tomographic cranium,0.9989559650421143,1,/content/drive/MyDrive/MACROBATT/INPUT_PDF_FILES/26175648.pdf
50,Diagnostic_procedure,rheumatoid factor,0.7257475852966309,1,/content/drive/MyDrive/MACROBATT/INPUT_PDF_FILES/26175648.pdf
51,Diagnostic_procedure,computed tomographic ( (,0.9175800085067749,1,/content/drive/MyDrive/MACROBATT/INPUT_PDF_FILES/26175648.pdf
52,Biological_structure,performed pelvis,0.7305562496185303,1,/content/drive/MyDrive/MACROBATT/INPUT_PDF_FILES/26175648.pdf
53,Lab_value,No significant changes,0.9998638033866882,1,/content/drive/MyDrive/MACROBATT/INPUT_PDF_FILES/26175648.pdf
54,Diagnostic_procedure,transthoracic echocardiogram,0.9158251285552979,1,/content/drive/MyDrive/MACROBATT/INPUT_PDF_FILES/26175648.pdf
55,Diagnostic_procedure,TTE,0.9998276233673096,1,/content/drive/MyDrive/MACROBATT/INPUT_PDF_FILES/26175648.pdf
56,Detailed_description,transthoracic circumferential,0.9993011951446533,1,/content/drive/MyDrive/MACROBATT/INPUT_PDF_FILES/26175648.pdf
57,Severity,mild,0.9995380640029907,1,/content/drive/MyDrive/MACROBATT/INPUT_PDF_FILES/26175648.pdf
58,Disease_disorder,pericardial,0.7445414662361145,1,/content/drive/MyDrive/MACROBATT/INPUT_PDF_FILES/26175648.pdf
59,Sign_symptom,effusion,0.8644916415214539,1,/content/drive/MyDrive/MACROBATT/INPUT_PDF_FILES/26175648.pdf
60,Sign_symptom,tamponade,0.9997619986534119,1,/content/drive/MyDrive/MACROBATT/INPUT_PDF_FILES/26175648.pdf
61,Date,A few days,0.9997766613960266,1,/content/drive/MyDrive/MACROBATT/INPUT_PDF_FILES/26175648.pdf
62,Sign_symptom,days dyspnea and diffuse developed,0.9999624490737915,1,/content/drive/MyDrive/MACROBATT/INPUT_PDF_FILES/26175648.pdf
63,Sign_symptom,dyspnea,0.9983040690422058,1,/content/drive/MyDrive/MACROBATT/INPUT_PDF_FILES/26175648.pdf
64,Detailed_description,diffuse,0.9999552965164185,1,/content/drive/MyDrive/MACROBATT/INPUT_PDF_FILES/26175648.pdf
65,Sign_symptom,pain,0.9999674558639526,1,/content/drive/MyDrive/MACROBATT/INPUT_PDF_FILES/26175648.pdf
66,Therapeutic_procedure,anteflexion,0.9999054670333862,1,/content/drive/MyDrive/MACROBATT/INPUT_PDF_FILES/26175648.pdf
67,Detailed_description,deep,0.9963621497154236,1,/content/drive/MyDrive/MACROBATT/INPUT_PDF_FILES/26175648.pdf
68,Activity,inspiration,0.9981234669685364,1,/content/drive/MyDrive/MACROBATT/INPUT_PDF_FILES/26175648.pdf
69,Activity,lying,0.9962494969367981,1,/content/drive/MyDrive/MACROBATT/INPUT_PDF_FILES/26175648.pdf
70,Sign_symptom,The hypotensive tachycardic hyperpneic he,0.99906986951828,1,/content/drive/MyDrive/MACROBATT/INPUT_PDF_FILES/26175648.pdf
71,Sign_symptom,hypotensive hyperpneic,0.9821626543998718,1,/content/drive/MyDrive/MACROBATT/INPUT_PDF_FILES/26175648.pdf
72,Sign_symptom,hypotensive,0.991142988204956,1,/content/drive/MyDrive/MACROBATT/INPUT_PDF_FILES/26175648.pdf
73,Sign_symptom,tachycardic,0.9967821836471558,1,/content/drive/MyDrive/MACROBATT/INPUT_PDF_FILES/26175648.pdf
74,Sign_symptom,hyperpneic,0.99591463804245,1,/content/drive/MyDrive/MACROBATT/INPUT_PDF_FILES/26175648.pdf
75,Biological_structure,jugular hypotensive venous,0.9410946369171143,1,/content/drive/MyDrive/MACROBATT/INPUT_PDF_FILES/26175648.pdf
76,Detailed_description,sinus,0.9999518394470215,1,/content/drive/MyDrive/MACROBATT/INPUT_PDF_FILES/26175648.pdf
77,Detailed_description,sinus diffuse,0.9787845015525818,1,/content/drive/MyDrive/MACROBATT/INPUT_PDF_FILES/26175648.pdf
78,Sign_symptom,tachycardia,0.9999531507492065,1,/content/drive/MyDrive/MACROBATT/INPUT_PDF_FILES/26175648.pdf
79,Sign_symptom,ST-segment elevation,0.9997875690460205,1,/content/drive/MyDrive/MACROBATT/INPUT_PDF_FILES/26175648.pdf
80,Diagnostic_procedure,radiograph,0.9999321103096008,1,/content/drive/MyDrive/MACROBATT/INPUT_PDF_FILES/26175648.pdf
81,Sign_symptom,enlarged,0.9999415874481201,1,/content/drive/MyDrive/MACROBATT/INPUT_PDF_FILES/26175648.pdf
82,Biological_structure,cardiac,0.9999352693557739,1,/content/drive/MyDrive/MACROBATT/INPUT_PDF_FILES/26175648.pdf
83,Disease_disorder,pericardial effusion,0.9962022304534912,1,/content/drive/MyDrive/MACROBATT/INPUT_PDF_FILES/26175648.pdf
84,Sign_symptom,collapse,0.9998736381530762,1,/content/drive/MyDrive/MACROBATT/INPUT_PDF_FILES/26175648.pdf
85,Biological_structure,right,0.8768751621246338,1,/content/drive/MyDrive/MACROBATT/INPUT_PDF_FILES/26175648.pdf
86,Detailed_description,Emergency,0.9999078512191772,1,/content/drive/MyDrive/MACROBATT/INPUT_PDF_FILES/26175648.pdf
87,Therapeutic_procedure,pericardiocentesis,0.9997250437736511,1,/content/drive/MyDrive/MACROBATT/INPUT_PDF_FILES/26175648.pdf
88,Volume,60 mL,0.9983357787132263,1,/content/drive/MyDrive/MACROBATT/INPUT_PDF_FILES/26175648.pdf
89,Biological_structure,abdomen,0.9999462366104126,1,/content/drive/MyDrive/MACROBATT/INPUT_PDF_FILES/26175648.pdf
90,Severity,mild mild,0.9997957348823547,1,/content/drive/MyDrive/MACROBATT/INPUT_PDF_FILES/26175648.pdf
91,Severity,severe,0.9998264908790588,1,/content/drive/MyDrive/MACROBATT/INPUT_PDF_FILES/26175648.pdf
92,Detailed_description,left,0.9999665021896362,1,/content/drive/MyDrive/MACROBATT/INPUT_PDF_FILES/26175648.pdf
93,Sign_symptom,as as ascites,0.9988651275634766,1,/content/drive/MyDrive/MACROBATT/INPUT_PDF_FILES/26175648.pdf
94,Therapeutic_procedure,Thoracocentesis,0.9738301038742065,1,/content/drive/MyDrive/MACROBATT/INPUT_PDF_FILES/26175648.pdf
95,Volume,350 mL,0.9985450506210327,1,/content/drive/MyDrive/MACROBATT/INPUT_PDF_FILES/26175648.pdf
96,Detailed_description,serosanguineous,0.9999517202377319,1,/content/drive/MyDrive/MACROBATT/INPUT_PDF_FILES/26175648.pdf
97,Detailed_description,pleural,0.999401330947876,1,/content/drive/MyDrive/MACROBATT/INPUT_PDF_FILES/26175648.pdf
98,Sign_symptom,pleural fluid,0.8946866989135742,1,/content/drive/MyDrive/MACROBATT/INPUT_PDF_FILES/26175648.pdf
99,Biological_structure,heart,0.9999529123306274,1,/content/drive/MyDrive/MACROBATT/INPUT_PDF_FILES/26175648.pdf
100,Biological_structure,lung,0.9999488592147827,1,/content/drive/MyDrive/MACROBATT/INPUT_PDF_FILES/26175648.pdf
101,Detailed_description,fluids,0.9998873472213745,1,/content/drive/MyDrive/MACROBATT/INPUT_PDF_FILES/26175648.pdf
102,Lab_value,negative,0.9999427795410156,1,/content/drive/MyDrive/MACROBATT/INPUT_PDF_FILES/26175648.pdf
103,Diagnostic_procedure,microbiologic,0.9993517994880676,1,/content/drive/MyDrive/MACROBATT/INPUT_PDF_FILES/26175648.pdf
104,Diagnostic_procedure,microbiologic histologic examination,0.9167587757110596,1,/content/drive/MyDrive/MACROBATT/INPUT_PDF_FILES/26175648.pdf
105,Lab_value,lung unremarkable,0.999847412109375,1,/content/drive/MyDrive/MACROBATT/INPUT_PDF_FILES/26175648.pdf
106,Lab_value,unremarkable,0.675397515296936,1,/content/drive/MyDrive/MACROBATT/INPUT_PDF_FILES/26175648.pdf
107,Disease_disorder,AOSD,0.9998350143432617,1,/content/drive/MyDrive/MACROBATT/INPUT_PDF_FILES/26175648.pdf
108,Medication,medicated,0.9997062087059021,1,/content/drive/MyDrive/MACROBATT/INPUT_PDF_FILES/26175648.pdf
109,Medication,prednisone,0.9998950958251953,1,/content/drive/MyDrive/MACROBATT/INPUT_PDF_FILES/26175648.pdf
110,Medication,diagnosis established and medicated prednisone mg/kg/d and,0.9218184947967529,1,/content/drive/MyDrive/MACROBATT/INPUT_PDF_FILES/26175648.pdf
111,Detailed_description,clinical,0.9998236298561096,1,/content/drive/MyDrive/MACROBATT/INPUT_PDF_FILES/26175648.pdf
112,Detailed_description,laboratory,0.9990077614784241,1,/content/drive/MyDrive/MACROBATT/INPUT_PDF_FILES/26175648.pdf
113,Sign_symptom,improvement,0.9994027614593506,1,/content/drive/MyDrive/MACROBATT/INPUT_PDF_FILES/26175648.pdf
114,Diagnostic_procedure,echocardiogram,0.9999240636825562,1,/content/drive/MyDrive/MACROBATT/INPUT_PDF_FILES/26175648.pdf
115,Diagnostic_procedure,Screening,0.9996631145477295,1,/content/drive/MyDrive/MACROBATT/INPUT_PDF_FILES/26175648.pdf
116,Detailed_description,autoimmune,0.9995529055595398,1,/content/drive/MyDrive/MACROBATT/INPUT_PDF_FILES/26175648.pdf
117,Disease_disorder,Screening autoimmune infectious disorders repeated changes were,0.5814100503921509,1,/content/drive/MyDrive/MACROBATT/INPUT_PDF_FILES/26175648.pdf
118,Detailed_description,infectious,0.9996067881584167,1,/content/drive/MyDrive/MACROBATT/INPUT_PDF_FILES/26175648.pdf
119,Disease_disorder,disorders,0.9042381048202515,1,/content/drive/MyDrive/MACROBATT/INPUT_PDF_FILES/26175648.pdf
120,Lab_value,no significant changes,0.9998353123664856,1,/content/drive/MyDrive/MACROBATT/INPUT_PDF_FILES/26175648.pdf
121,Clinical_event,discharged,0.9998681545257568,1,/content/drive/MyDrive/MACROBATT/INPUT_PDF_FILES/26175648.pdf
122,Nonbiological_location,hospital,0.9997280240058899,1,/content/drive/MyDrive/MACROBATT/INPUT_PDF_FILES/26175648.pdf
123,Disease_disorder,pericardial pleural withdrawal effusion,0.6553609371185303,1,/content/drive/MyDrive/MACROBATT/INPUT_PDF_FILES/26175648.pdf
124,Date,2 months after after,0.9998934864997864,1,/content/drive/MyDrive/MACROBATT/INPUT_PDF_FILES/26175648.pdf
125,Clinical_event,discharge,0.9976045489311218,1,/content/drive/MyDrive/MACROBATT/INPUT_PDF_FILES/26175648.pdf
126,Medication,corticosteroid,0.9998953342437744,1,/content/drive/MyDrive/MACROBATT/INPUT_PDF_FILES/26175648.pdf
127,Date,Ten months after,0.9998646378517151,2,/content/drive/MyDrive/MACROBATT/INPUT_PDF_FILES/26175648.pdf
128,Clinical_event,presented,0.5406560301780701,2,/content/drive/MyDrive/MACROBATT/INPUT_PDF_FILES/26175648.pdf
129,Nonbiological_location,institution,0.9983158111572266,2,/content/drive/MyDrive/MACROBATT/INPUT_PDF_FILES/26175648.pdf
130,Sign_symptom,was asymptomatic was,0.9997597336769104,2,/content/drive/MyDrive/MACROBATT/INPUT_PDF_FILES/26175648.pdf
131,Sign_symptom,asymptomatic,0.9996877908706665,2,/content/drive/MyDrive/MACROBATT/INPUT_PDF_FILES/26175648.pdf
132,Sign_symptom,asymptomatic corticosteroid,0.9985499978065491,2,/content/drive/MyDrive/MACROBATT/INPUT_PDF_FILES/26175648.pdf
133,Medication,corticosteroid,0.9998819828033447,2,/content/drive/MyDrive/MACROBATT/INPUT_PDF_FILES/26175648.pdf
134,Diagnostic_procedure,ECG,0.9999033212661743,2,/content/drive/MyDrive/MACROBATT/INPUT_PDF_FILES/26175648.pdf
135,Diagnostic_procedure,TTE,0.9999209046363831,2,/content/drive/MyDrive/MACROBATT/INPUT_PDF_FILES/26175648.pdf
136,Lab_value,no significant changes,0.9997491240501404,2,/content/drive/MyDrive/MACROBATT/INPUT_PDF_FILES/26175648.pdf
