,Entity Group,Value,Score,Page,Pdf File
0,Age,11-year-old,0.9980972409248352,1,/content/drive/MyDrive/MACROBATT/INPUT_PDF_FILES/26216058.pdf
1,Sex,boy,0.999553382396698,1,/content/drive/MyDrive/MACROBATT/INPUT_PDF_FILES/26216058.pdf
2,Clinical_event,presented,0.9995337724685669,1,/content/drive/MyDrive/MACROBATT/INPUT_PDF_FILES/26216058.pdf
3,Sign_symptom,headaches,0.9999415874481201,1,/content/drive/MyDrive/MACROBATT/INPUT_PDF_FILES/26216058.pdf
4,Sign_symptom,vomiting,0.9999544620513916,1,/content/drive/MyDrive/MACROBATT/INPUT_PDF_FILES/26216058.pdf
5,Duration,several,0.8906433582305908,1,/content/drive/MyDrive/MACROBATT/INPUT_PDF_FILES/26216058.pdf
6,Diagnostic_procedure,Physical examination,0.999282956123352,1,/content/drive/MyDrive/MACROBATT/INPUT_PDF_FILES/26216058.pdf
7,Disease_disorder,papilledema,0.9998515844345093,1,/content/drive/MyDrive/MACROBATT/INPUT_PDF_FILES/26216058.pdf
8,Diagnostic_procedure,Magnetic resonance imaging,0.9977502822875977,1,/content/drive/MyDrive/MACROBATT/INPUT_PDF_FILES/26216058.pdf
9,Diagnostic_procedure,MRI,0.9999607801437378,1,/content/drive/MyDrive/MACROBATT/INPUT_PDF_FILES/26216058.pdf
10,Detailed_description,large,0.9998769760131836,1,/content/drive/MyDrive/MACROBATT/INPUT_PDF_FILES/26216058.pdf
11,Biological_structure,prepontine,0.9998805522918701,1,/content/drive/MyDrive/MACROBATT/INPUT_PDF_FILES/26216058.pdf
12,Sign_symptom,mass,0.9999547004699707,1,/content/drive/MyDrive/MACROBATT/INPUT_PDF_FILES/26216058.pdf
13,Detailed_description,dorsal,0.9998867511749268,1,/content/drive/MyDrive/MACROBATT/INPUT_PDF_FILES/26216058.pdf
14,Sign_symptom,displacement,0.9994404911994934,1,/content/drive/MyDrive/MACROBATT/INPUT_PDF_FILES/26216058.pdf
15,Biological_structure,brainstem,0.9997174739837646,1,/content/drive/MyDrive/MACROBATT/INPUT_PDF_FILES/26216058.pdf
16,Detailed_description,secondary,0.9999676942825317,1,/content/drive/MyDrive/MACROBATT/INPUT_PDF_FILES/26216058.pdf
17,Detailed_description,obstructive,0.9999717473983765,1,/content/drive/MyDrive/MACROBATT/INPUT_PDF_FILES/26216058.pdf
18,Coreference,hydrocephalus,0.9993034601211548,1,/content/drive/MyDrive/MACROBATT/INPUT_PDF_FILES/26216058.pdf
19,Sign_symptom,compression,0.9998939037322998,1,/content/drive/MyDrive/MACROBATT/INPUT_PDF_FILES/26216058.pdf
20,Coreference,lesion,0.9995614886283875,1,/content/drive/MyDrive/MACROBATT/INPUT_PDF_FILES/26216058.pdf
21,Detailed_description,inhomogeneous hypointense inhomogeneous hyperintense,0.9999557733535767,1,/content/drive/MyDrive/MACROBATT/INPUT_PDF_FILES/26216058.pdf
22,Detailed_description,inhomogeneous inhomogeneous,0.9996670484542847,1,/content/drive/MyDrive/MACROBATT/INPUT_PDF_FILES/26216058.pdf
23,Sign_symptom,The had inhomogeneous hypointense the T1-weighted inhomogeneous hyperintense the T2-weighted,0.9998842477798462,1,/content/drive/MyDrive/MACROBATT/INPUT_PDF_FILES/26216058.pdf
24,Sign_symptom,hypointense hyperintense,0.9996955394744873,1,/content/drive/MyDrive/MACROBATT/INPUT_PDF_FILES/26216058.pdf
25,Sign_symptom,hypointense aspect aspect,0.865032970905304,1,/content/drive/MyDrive/MACROBATT/INPUT_PDF_FILES/26216058.pdf
26,Diagnostic_procedure,T1-weighted image image,0.9998823404312134,1,/content/drive/MyDrive/MACROBATT/INPUT_PDF_FILES/26216058.pdf
27,Sign_symptom,hyperintense aspect aspect,0.999841570854187,1,/content/drive/MyDrive/MACROBATT/INPUT_PDF_FILES/26216058.pdf
28,Diagnostic_procedure,T2-weighted image image,0.9699362516403198,1,/content/drive/MyDrive/MACROBATT/INPUT_PDF_FILES/26216058.pdf
29,Medication,gadolinium,0.7847142815589905,1,/content/drive/MyDrive/MACROBATT/INPUT_PDF_FILES/26216058.pdf
30,Detailed_description,administration gadolinium inhomogeneous,0.999972939491272,1,/content/drive/MyDrive/MACROBATT/INPUT_PDF_FILES/26216058.pdf
31,Detailed_description,inhomogeneous,0.9999493360519409,1,/content/drive/MyDrive/MACROBATT/INPUT_PDF_FILES/26216058.pdf
32,Sign_symptom,enhancement,0.9999327659606934,1,/content/drive/MyDrive/MACROBATT/INPUT_PDF_FILES/26216058.pdf
33,Diagnostic_procedure,Computed tomography,0.993588924407959,1,/content/drive/MyDrive/MACROBATT/INPUT_PDF_FILES/26216058.pdf
34,Biological_structure,bone,0.9996730089187622,1,/content/drive/MyDrive/MACROBATT/INPUT_PDF_FILES/26216058.pdf
35,Detailed_description,ventriculoperitoneal ventricle,0.9999148845672607,1,/content/drive/MyDrive/MACROBATT/INPUT_PDF_FILES/26216058.pdf
36,Detailed_description,ventriculoperitoneal,0.9941704273223877,1,/content/drive/MyDrive/MACROBATT/INPUT_PDF_FILES/26216058.pdf
37,Biological_structure,operation ventriculoperitoneal,0.9833594560623169,1,/content/drive/MyDrive/MACROBATT/INPUT_PDF_FILES/26216058.pdf
38,Detailed_description,ventriculoperitoneal lateral ventricle hydrocephalus,0.9830758571624756,1,/content/drive/MyDrive/MACROBATT/INPUT_PDF_FILES/26216058.pdf
39,Therapeutic_procedure,shunt,0.9997590780258179,1,/content/drive/MyDrive/MACROBATT/INPUT_PDF_FILES/26216058.pdf
40,Biological_structure,right lateral ventricle,0.99992835521698,1,/content/drive/MyDrive/MACROBATT/INPUT_PDF_FILES/26216058.pdf
41,Sign_symptom,study tumour,0.999907374382019,1,/content/drive/MyDrive/MACROBATT/INPUT_PDF_FILES/26216058.pdf
42,Sign_symptom,tumour,0.9995545744895935,1,/content/drive/MyDrive/MACROBATT/INPUT_PDF_FILES/26216058.pdf
43,Detailed_description,left,0.9999778270721436,1,/content/drive/MyDrive/MACROBATT/INPUT_PDF_FILES/26216058.pdf
44,Detailed_description,frontotemporal,0.999975323677063,1,/content/drive/MyDrive/MACROBATT/INPUT_PDF_FILES/26216058.pdf
45,Therapeutic_procedure,transsylvian approach,0.9997291564941406,1,/content/drive/MyDrive/MACROBATT/INPUT_PDF_FILES/26216058.pdf
46,Detailed_description,well-defined margins,0.9998604655265808,1,/content/drive/MyDrive/MACROBATT/INPUT_PDF_FILES/26216058.pdf
47,Biological_structure,intradural,0.9988824129104614,1,/content/drive/MyDrive/MACROBATT/INPUT_PDF_FILES/26216058.pdf
48,Sign_symptom,attachments,0.9999511241912842,1,/content/drive/MyDrive/MACROBATT/INPUT_PDF_FILES/26216058.pdf
49,Biological_structure,cranial,0.9940598011016846,1,/content/drive/MyDrive/MACROBATT/INPUT_PDF_FILES/26216058.pdf
50,Detailed_description,macroscopic,0.8981115818023682,1,/content/drive/MyDrive/MACROBATT/INPUT_PDF_FILES/26216058.pdf
51,Detailed_description,complete,0.9999641180038452,1,/content/drive/MyDrive/MACROBATT/INPUT_PDF_FILES/26216058.pdf
52,Therapeutic_procedure,resection,0.9993802309036255,1,/content/drive/MyDrive/MACROBATT/INPUT_PDF_FILES/26216058.pdf
53,Disease_disorder,nerve,0.9084606766700745,1,/content/drive/MyDrive/MACROBATT/INPUT_PDF_FILES/26216058.pdf
54,Clinical_event,follow-up,0.999076247215271,1,/content/drive/MyDrive/MACROBATT/INPUT_PDF_FILES/26216058.pdf
55,Date,one and and a half years later patient was have remained asymptomatic half years,0.9998329281806946,1,/content/drive/MyDrive/MACROBATT/INPUT_PDF_FILES/26216058.pdf
56,Sign_symptom,was asymptomatic,0.9981046915054321,1,/content/drive/MyDrive/MACROBATT/INPUT_PDF_FILES/26216058.pdf
57,Sign_symptom,asymptomatic,0.9778398275375366,1,/content/drive/MyDrive/MACROBATT/INPUT_PDF_FILES/26216058.pdf
58,Date,more than 6 years,0.9998592138290405,1,/content/drive/MyDrive/MACROBATT/INPUT_PDF_FILES/26216058.pdf
59,Diagnostic_procedure,Histological examination,0.9995955228805542,1,/content/drive/MyDrive/MACROBATT/INPUT_PDF_FILES/26216058.pdf
60,Shape,slightly lobulated,0.9889830350875854,1,/content/drive/MyDrive/MACROBATT/INPUT_PDF_FILES/26216058.pdf
61,Lab_value,vacuolated,0.9998160004615784,1,/content/drive/MyDrive/MACROBATT/INPUT_PDF_FILES/26216058.pdf
62,Lab_value,pale,0.9993815422058105,1,/content/drive/MyDrive/MACROBATT/INPUT_PDF_FILES/26216058.pdf
63,Severity,Moderate,0.9998047947883606,1,/content/drive/MyDrive/MACROBATT/INPUT_PDF_FILES/26216058.pdf
64,Sign_symptom,nuclear polymorphism,0.9997868537902832,1,/content/drive/MyDrive/MACROBATT/INPUT_PDF_FILES/26216058.pdf
65,Sign_symptom,mitotic,0.9999204874038696,1,/content/drive/MyDrive/MACROBATT/INPUT_PDF_FILES/26216058.pdf
66,Sign_symptom,mitotic activity,0.9996561408042908,1,/content/drive/MyDrive/MACROBATT/INPUT_PDF_FILES/26216058.pdf
67,Sign_symptom,calcifications,0.9999535083770752,1,/content/drive/MyDrive/MACROBATT/INPUT_PDF_FILES/26216058.pdf
68,Lab_value,positive,0.9999326467514038,1,/content/drive/MyDrive/MACROBATT/INPUT_PDF_FILES/26216058.pdf
69,Diagnostic_procedure,pan-keratin,0.9328534007072449,1,/content/drive/MyDrive/MACROBATT/INPUT_PDF_FILES/26216058.pdf
70,Diagnostic_procedure,S-100,0.9992626309394836,1,/content/drive/MyDrive/MACROBATT/INPUT_PDF_FILES/26216058.pdf
71,Diagnostic_procedure,epithelial membrane antigen,0.936384379863739,1,/content/drive/MyDrive/MACROBATT/INPUT_PDF_FILES/26216058.pdf
72,Diagnostic_procedure,EMA,0.9998916387557983,1,/content/drive/MyDrive/MACROBATT/INPUT_PDF_FILES/26216058.pdf
