,Entity Group,Value,Score,Page,Pdf File
0,Age,25-year-old,0.9980611801147461,1,/content/drive/MyDrive/MACROBATT/INPUT_PDF_FILES/26228535.pdf
1,Sex,female,0.9997425675392151,1,/content/drive/MyDrive/MACROBATT/INPUT_PDF_FILES/26228535.pdf
2,Detailed_description,left-sided,0.9999618530273438,1,/content/drive/MyDrive/MACROBATT/INPUT_PDF_FILES/26228535.pdf
3,Disease_disorder,visual loss,0.9998746514320374,1,/content/drive/MyDrive/MACROBATT/INPUT_PDF_FILES/26228535.pdf
4,Disease_disorder,amenorrhea,0.9997621774673462,1,/content/drive/MyDrive/MACROBATT/INPUT_PDF_FILES/26228535.pdf
5,Date,25-year-old 2 years prior,0.9998685717582703,1,/content/drive/MyDrive/MACROBATT/INPUT_PDF_FILES/26228535.pdf
6,Detailed_description,right,0.9999366998672485,1,/content/drive/MyDrive/MACROBATT/INPUT_PDF_FILES/26228535.pdf
7,Disease_disorder,hemiparesis,0.9691333770751953,1,/content/drive/MyDrive/MACROBATT/INPUT_PDF_FILES/26228535.pdf
8,Date,6 months,0.9997293949127197,1,/content/drive/MyDrive/MACROBATT/INPUT_PDF_FILES/26228535.pdf
9,Severity,Aggravated,0.9994321465492249,1,/content/drive/MyDrive/MACROBATT/INPUT_PDF_FILES/26228535.pdf
10,Sign_symptom,symptoms,0.9996908903121948,1,/content/drive/MyDrive/MACROBATT/INPUT_PDF_FILES/26228535.pdf
11,Detailed_description,bilateral,0.9994449019432068,1,/content/drive/MyDrive/MACROBATT/INPUT_PDF_FILES/26228535.pdf
12,Detailed_description,temporal,0.9997174143791199,1,/content/drive/MyDrive/MACROBATT/INPUT_PDF_FILES/26228535.pdf
13,Severity,massive,0.9991453886032104,1,/content/drive/MyDrive/MACROBATT/INPUT_PDF_FILES/26228535.pdf
14,Distance,> 5,0.8655779361724854,1,/content/drive/MyDrive/MACROBATT/INPUT_PDF_FILES/26228535.pdf
15,Sign_symptom,tumor,0.6872376799583435,1,/content/drive/MyDrive/MACROBATT/INPUT_PDF_FILES/26228535.pdf
16,Biological_structure,intra-,0.9992586970329285,1,/content/drive/MyDrive/MACROBATT/INPUT_PDF_FILES/26228535.pdf
17,Biological_structure,suprasellar,0.9899025559425354,1,/content/drive/MyDrive/MACROBATT/INPUT_PDF_FILES/26228535.pdf
18,Clinical_event,seen,0.9991457462310791,1,/content/drive/MyDrive/MACROBATT/INPUT_PDF_FILES/26228535.pdf
19,Diagnostic_procedure,computerized tomography ( ( ( CT,0.9994602799415588,1,/content/drive/MyDrive/MACROBATT/INPUT_PDF_FILES/26228535.pdf
20,Biological_structure,head,0.9999066591262817,1,/content/drive/MyDrive/MACROBATT/INPUT_PDF_FILES/26228535.pdf
21,Lab_value,exceedingly high-serum,0.9372555613517761,1,/content/drive/MyDrive/MACROBATT/INPUT_PDF_FILES/26228535.pdf
22,Diagnostic_procedure,high-serum,0.7569220066070557,1,/content/drive/MyDrive/MACROBATT/INPUT_PDF_FILES/26228535.pdf
23,Diagnostic_procedure,prolactin,0.9722369313240051,1,/content/drive/MyDrive/MACROBATT/INPUT_PDF_FILES/26228535.pdf
24,Diagnostic_procedure,PRL,0.9995125532150269,1,/content/drive/MyDrive/MACROBATT/INPUT_PDF_FILES/26228535.pdf
25,Diagnostic_procedure,other pituitary hormones,0.9998831748962402,1,/content/drive/MyDrive/MACROBATT/INPUT_PDF_FILES/26228535.pdf
26,Lab_value,within reference ranges,0.9998251795768738,1,/content/drive/MyDrive/MACROBATT/INPUT_PDF_FILES/26228535.pdf
27,Diagnostic_procedure,( ( ( ( ( ( ( (,0.9999312162399292,1,/content/drive/MyDrive/MACROBATT/INPUT_PDF_FILES/26228535.pdf
28,Diagnostic_procedure,growth hormones hormone hormone hormone hormone hormone,0.9980564713478088,1,/content/drive/MyDrive/MACROBATT/INPUT_PDF_FILES/26228535.pdf
29,Lab_value,0.50 2.60 4.57 37.4 2.68 .,0.532477080821991,1,/content/drive/MyDrive/MACROBATT/INPUT_PDF_FILES/26228535.pdf
30,Diagnostic_procedure,luteinizing hormones hormone hormone hormone hormone hormone,0.990220308303833,1,/content/drive/MyDrive/MACROBATT/INPUT_PDF_FILES/26228535.pdf
31,Lab_value,2.60 mIU/ml mIU/ml,0.9151579737663269,1,/content/drive/MyDrive/MACROBATT/INPUT_PDF_FILES/26228535.pdf
32,Diagnostic_procedure,of of reference follicle-stimulating,0.9999057054519653,1,/content/drive/MyDrive/MACROBATT/INPUT_PDF_FILES/26228535.pdf
33,Diagnostic_procedure,follicle-stimulating hormones hormone hormone hormone hormone hormone,0.9997591972351074,1,/content/drive/MyDrive/MACROBATT/INPUT_PDF_FILES/26228535.pdf
34,Diagnostic_procedure,Further FSH,0.9998742341995239,1,/content/drive/MyDrive/MACROBATT/INPUT_PDF_FILES/26228535.pdf
35,Diagnostic_procedure,FSH TSH,0.9299400448799133,1,/content/drive/MyDrive/MACROBATT/INPUT_PDF_FILES/26228535.pdf
36,Lab_value,4.57 mIU/ml mIU/ml,0.961086630821228,1,/content/drive/MyDrive/MACROBATT/INPUT_PDF_FILES/26228535.pdf
37,Diagnostic_procedure,adrenocorticotropic,0.9999513626098633,1,/content/drive/MyDrive/MACROBATT/INPUT_PDF_FILES/26228535.pdf
38,Diagnostic_procedure,reference adrenocorticotropic,0.6041364073753357,1,/content/drive/MyDrive/MACROBATT/INPUT_PDF_FILES/26228535.pdf
39,Diagnostic_procedure,adrenocorticotropic hormones hormone hormone hormone hormone hormone,0.9769819378852844,1,/content/drive/MyDrive/MACROBATT/INPUT_PDF_FILES/26228535.pdf
40,Diagnostic_procedure,ACTH,0.9999575614929199,1,/content/drive/MyDrive/MACROBATT/INPUT_PDF_FILES/26228535.pdf
41,Lab_value,37.4,0.7906572818756104,1,/content/drive/MyDrive/MACROBATT/INPUT_PDF_FILES/26228535.pdf
42,Diagnostic_procedure,thyroid- follicle-stimulating stimulating hormones hormone hormone hormone hormone hormone,0.9979966878890991,1,/content/drive/MyDrive/MACROBATT/INPUT_PDF_FILES/26228535.pdf
43,Diagnostic_procedure,TSH,0.9997474551200867,1,/content/drive/MyDrive/MACROBATT/INPUT_PDF_FILES/26228535.pdf
44,Lab_value,2.60 2.68,0.9948291182518005,1,/content/drive/MyDrive/MACROBATT/INPUT_PDF_FILES/26228535.pdf
45,Detailed_description,T1-weighted,0.9950708746910095,1,/content/drive/MyDrive/MACROBATT/INPUT_PDF_FILES/26228535.pdf
46,Diagnostic_procedure,magnetic resonance,0.9866621494293213,1,/content/drive/MyDrive/MACROBATT/INPUT_PDF_FILES/26228535.pdf
47,Diagnostic_procedure,( (,0.9186201095581055,1,/content/drive/MyDrive/MACROBATT/INPUT_PDF_FILES/26228535.pdf
48,Detailed_description,contrast,0.9998824596405029,1,/content/drive/MyDrive/MACROBATT/INPUT_PDF_FILES/26228535.pdf
49,Detailed_description,homogeneous,0.9997692704200745,1,/content/drive/MyDrive/MACROBATT/INPUT_PDF_FILES/26228535.pdf
50,Biological_structure,adjacent tissue,0.9996776580810547,1,/content/drive/MyDrive/MACROBATT/INPUT_PDF_FILES/26228535.pdf
51,Sign_symptom,T1-weighted showed edematous T2-weighted,0.9999464750289917,1,/content/drive/MyDrive/MACROBATT/INPUT_PDF_FILES/26228535.pdf
52,Sign_symptom,edematous,0.9948967099189758,1,/content/drive/MyDrive/MACROBATT/INPUT_PDF_FILES/26228535.pdf
53,Detailed_description,T2-weighted,0.7670338153839111,1,/content/drive/MyDrive/MACROBATT/INPUT_PDF_FILES/26228535.pdf
54,Sign_symptom,mass,0.9998998641967773,1,/content/drive/MyDrive/MACROBATT/INPUT_PDF_FILES/26228535.pdf
55,Duration,4-week,0.9980456233024597,1,/content/drive/MyDrive/MACROBATT/INPUT_PDF_FILES/26228535.pdf
56,Medication,dopamine,0.9548149108886719,1,/content/drive/MyDrive/MACROBATT/INPUT_PDF_FILES/26228535.pdf
57,Medication,cabergoline,0.9998660087585449,1,/content/drive/MyDrive/MACROBATT/INPUT_PDF_FILES/26228535.pdf
58,Biological_structure,serum,0.999717652797699,1,/content/drive/MyDrive/MACROBATT/INPUT_PDF_FILES/26228535.pdf
59,Sign_symptom,enlarged,0.9999326467514038,1,/content/drive/MyDrive/MACROBATT/INPUT_PDF_FILES/26228535.pdf
60,Sign_symptom,obstruction,0.9995922446250916,1,/content/drive/MyDrive/MACROBATT/INPUT_PDF_FILES/26228535.pdf
61,Biological_structure,foramen of Monro,0.9923002123832703,1,/content/drive/MyDrive/MACROBATT/INPUT_PDF_FILES/26228535.pdf
62,Detailed_description,surgical,0.9997609257698059,1,/content/drive/MyDrive/MACROBATT/INPUT_PDF_FILES/26228535.pdf
63,Therapeutic_procedure,debulking,0.9999003410339355,1,/content/drive/MyDrive/MACROBATT/INPUT_PDF_FILES/26228535.pdf
64,Therapeutic_procedure,craniotomy,0.9997280240058899,1,/content/drive/MyDrive/MACROBATT/INPUT_PDF_FILES/26228535.pdf
65,Therapeutic_procedure,transsphenoidal,0.9750224351882935,1,/content/drive/MyDrive/MACROBATT/INPUT_PDF_FILES/26228535.pdf
66,Texture,hardened elastic,0.9948711395263672,1,/content/drive/MyDrive/MACROBATT/INPUT_PDF_FILES/26228535.pdf
67,Severity,strong,0.9995875954627991,1,/content/drive/MyDrive/MACROBATT/INPUT_PDF_FILES/26228535.pdf
68,Sign_symptom,attachments,0.9999268054962158,1,/content/drive/MyDrive/MACROBATT/INPUT_PDF_FILES/26228535.pdf
69,Biological_structure,neighboring structures,0.9999181032180786,1,/content/drive/MyDrive/MACROBATT/INPUT_PDF_FILES/26228535.pdf
70,Lab_value,declined,0.9997300505638123,1,/content/drive/MyDrive/MACROBATT/INPUT_PDF_FILES/26228535.pdf
71,Lab_value,250,0.8538448214530945,1,/content/drive/MyDrive/MACROBATT/INPUT_PDF_FILES/26228535.pdf
72,Lab_value,normalization,0.9998880624771118,1,/content/drive/MyDrive/MACROBATT/INPUT_PDF_FILES/26228535.pdf
73,Dosage,0.5 mg/day,0.9857962131500244,1,/content/drive/MyDrive/MACROBATT/INPUT_PDF_FILES/26228535.pdf
74,Sign_symptom,regrowth,0.9999186992645264,1,/content/drive/MyDrive/MACROBATT/INPUT_PDF_FILES/26228535.pdf
75,Detailed_description,distant,0.9999508857727051,1,/content/drive/MyDrive/MACROBATT/INPUT_PDF_FILES/26228535.pdf
76,Sign_symptom,metastasis,0.999958872795105,1,/content/drive/MyDrive/MACROBATT/INPUT_PDF_FILES/26228535.pdf
77,Date,1 year after,0.999888002872467,1,/content/drive/MyDrive/MACROBATT/INPUT_PDF_FILES/26228535.pdf
78,Diagnostic_procedure,Histopathologically,0.9984431862831116,1,/content/drive/MyDrive/MACROBATT/INPUT_PDF_FILES/26228535.pdf
79,Diagnostic_procedure,hematoxylin,0.9999767541885376,1,/content/drive/MyDrive/MACROBATT/INPUT_PDF_FILES/26228535.pdf
80,Diagnostic_procedure,hematoxylin and and and and eosin eosinophilic ( (,0.9941540956497192,1,/content/drive/MyDrive/MACROBATT/INPUT_PDF_FILES/26228535.pdf
81,Diagnostic_procedure,& E,0.8889329433441162,1,/content/drive/MyDrive/MACROBATT/INPUT_PDF_FILES/26228535.pdf
82,Diagnostic_procedure,-stained,0.9753352999687195,1,/content/drive/MyDrive/MACROBATT/INPUT_PDF_FILES/26228535.pdf
83,Biological_structure,specimens,0.9469208717346191,1,/content/drive/MyDrive/MACROBATT/INPUT_PDF_FILES/26228535.pdf
84,Detailed_description,polygonal,0.6592090129852295,1,/content/drive/MyDrive/MACROBATT/INPUT_PDF_FILES/26228535.pdf
85,Shape,spindle,0.9447511434555054,1,/content/drive/MyDrive/MACROBATT/INPUT_PDF_FILES/26228535.pdf
86,Shape,round,0.9126181602478027,1,/content/drive/MyDrive/MACROBATT/INPUT_PDF_FILES/26228535.pdf
87,Shape,elongated,0.7774791121482849,1,/content/drive/MyDrive/MACROBATT/INPUT_PDF_FILES/26228535.pdf
88,Biological_structure,nuclei,0.9809656143188477,1,/content/drive/MyDrive/MACROBATT/INPUT_PDF_FILES/26228535.pdf
89,Lab_value,hematoxylin eosin -stained sections specimens the second procedures were composed spindle cells elongated nuclei eosinophilic,0.9998723268508911,1,/content/drive/MyDrive/MACROBATT/INPUT_PDF_FILES/26228535.pdf
90,Lab_value,eosinophilic,0.8357808589935303,1,/content/drive/MyDrive/MACROBATT/INPUT_PDF_FILES/26228535.pdf
91,Diagnostic_procedure,cytoplasm,0.9647278785705566,1,/content/drive/MyDrive/MACROBATT/INPUT_PDF_FILES/26228535.pdf
92,Detailed_description,irregular nests,0.9967145323753357,1,/content/drive/MyDrive/MACROBATT/INPUT_PDF_FILES/26228535.pdf
93,Detailed_description,short,0.999716579914093,1,/content/drive/MyDrive/MACROBATT/INPUT_PDF_FILES/26228535.pdf
94,Detailed_description,frequent hyaline changes hyaline in vessel walls and vacuolation,0.9993764162063599,1,/content/drive/MyDrive/MACROBATT/INPUT_PDF_FILES/26228535.pdf
95,Sign_symptom,nuclear pleomorphism,0.9998549222946167,1,/content/drive/MyDrive/MACROBATT/INPUT_PDF_FILES/26228535.pdf
96,Sign_symptom,high mitotic rate,0.9999103546142578,1,/content/drive/MyDrive/MACROBATT/INPUT_PDF_FILES/26228535.pdf
97,Sign_symptom,necrosis,0.9999486207962036,1,/content/drive/MyDrive/MACROBATT/INPUT_PDF_FILES/26228535.pdf
98,Sign_symptom,fibrous,0.9999505281448364,1,/content/drive/MyDrive/MACROBATT/INPUT_PDF_FILES/26228535.pdf
99,Sign_symptom,fibrous change,0.9998417496681213,1,/content/drive/MyDrive/MACROBATT/INPUT_PDF_FILES/26228535.pdf
100,Lab_value,chromophobic Schiff,0.9997864365577698,1,/content/drive/MyDrive/MACROBATT/INPUT_PDF_FILES/26228535.pdf
101,Lab_value,chromophobic,0.8817519545555115,1,/content/drive/MyDrive/MACROBATT/INPUT_PDF_FILES/26228535.pdf
102,Diagnostic_procedure,Pearse ’ cells was Pearse s stain Periodic Acid Schiff,0.9997309446334839,1,/content/drive/MyDrive/MACROBATT/INPUT_PDF_FILES/26228535.pdf
103,Diagnostic_procedure,PAS,0.9908560514450073,1,/content/drive/MyDrive/MACROBATT/INPUT_PDF_FILES/26228535.pdf
104,Diagnostic_procedure,stain,0.9665097594261169,1,/content/drive/MyDrive/MACROBATT/INPUT_PDF_FILES/26228535.pdf
105,Diagnostic_procedure,Immunostains,0.9998206496238708,1,/content/drive/MyDrive/MACROBATT/INPUT_PDF_FILES/26228535.pdf
106,Lab_value,positivity,0.9999244213104248,1,/content/drive/MyDrive/MACROBATT/INPUT_PDF_FILES/26228535.pdf
107,Diagnostic_procedure,chromogranin-A,0.9990600943565369,1,/content/drive/MyDrive/MACROBATT/INPUT_PDF_FILES/26228535.pdf
108,Diagnostic_procedure,synaptophysin,0.9918630123138428,1,/content/drive/MyDrive/MACROBATT/INPUT_PDF_FILES/26228535.pdf
109,Diagnostic_procedure,other other hormones,0.9999292492866516,1,/content/drive/MyDrive/MACROBATT/INPUT_PDF_FILES/26228535.pdf
110,Diagnostic_procedure,GH GFAP,0.9998934268951416,1,/content/drive/MyDrive/MACROBATT/INPUT_PDF_FILES/26228535.pdf
111,Diagnostic_procedure,FSH Fig.3d GFAP,0.9958493709564209,1,/content/drive/MyDrive/MACROBATT/INPUT_PDF_FILES/26228535.pdf
112,Diagnostic_procedure,S-100 protein protein,0.9998109340667725,1,/content/drive/MyDrive/MACROBATT/INPUT_PDF_FILES/26228535.pdf
113,Diagnostic_procedure,glial fibrillary acidic protein protein,0.9422622919082642,1,/content/drive/MyDrive/MACROBATT/INPUT_PDF_FILES/26228535.pdf
114,Diagnostic_procedure,GFAP,0.9915421605110168,1,/content/drive/MyDrive/MACROBATT/INPUT_PDF_FILES/26228535.pdf
115,Diagnostic_procedure,epithelial membrane antigen,0.9999086260795593,1,/content/drive/MyDrive/MACROBATT/INPUT_PDF_FILES/26228535.pdf
116,Diagnostic_procedure,EMA,0.8090391159057617,1,/content/drive/MyDrive/MACROBATT/INPUT_PDF_FILES/26228535.pdf
117,Diagnostic_procedure,cytokeratin AE1/AE3 AE1/AE3,0.9996439814567566,1,/content/drive/MyDrive/MACROBATT/INPUT_PDF_FILES/26228535.pdf
118,Diagnostic_procedure,AE1/AE3 AE1/AE3,0.9617523550987244,1,/content/drive/MyDrive/MACROBATT/INPUT_PDF_FILES/26228535.pdf
119,Diagnostic_procedure,vimentin,0.9934768676757812,1,/content/drive/MyDrive/MACROBATT/INPUT_PDF_FILES/26228535.pdf
120,Diagnostic_procedure,expressed protein protein epithelial p53,0.9998400211334229,1,/content/drive/MyDrive/MACROBATT/INPUT_PDF_FILES/26228535.pdf
121,Diagnostic_procedure,bcl-2,0.9770969152450562,1,/content/drive/MyDrive/MACROBATT/INPUT_PDF_FILES/26228535.pdf
122,Lab_value,negative,0.9999295473098755,1,/content/drive/MyDrive/MACROBATT/INPUT_PDF_FILES/26228535.pdf
123,Diagnostic_procedure,Ki-67 labeling index,0.999942421913147,1,/content/drive/MyDrive/MACROBATT/INPUT_PDF_FILES/26228535.pdf
124,Detailed_description,PRL-producing,0.7143375873565674,1,/content/drive/MyDrive/MACROBATT/INPUT_PDF_FILES/26228535.pdf
125,Disease_disorder,pituitary adenoma,0.9946756362915039,1,/content/drive/MyDrive/MACROBATT/INPUT_PDF_FILES/26228535.pdf
