,Entity Group,Value,Score,Page,Pdf File
0,Age,62-year-old,0.9891561269760132,1,/content/drive/MyDrive/MACROBATT/INPUT_PDF_FILES/26257516.pdf
1,Sex,male,0.9995929598808289,1,/content/drive/MyDrive/MACROBATT/INPUT_PDF_FILES/26257516.pdf
2,Activity,presented,0.9881587624549866,1,/content/drive/MyDrive/MACROBATT/INPUT_PDF_FILES/26257516.pdf
3,Duration,15-day history,0.9997158646583557,1,/content/drive/MyDrive/MACROBATT/INPUT_PDF_FILES/26257516.pdf
4,Sign_symptom,62-year-old presented 15-day dyspnea associated edema,0.999910831451416,1,/content/drive/MyDrive/MACROBATT/INPUT_PDF_FILES/26257516.pdf
5,Sign_symptom,dyspnea,0.9800971150398254,1,/content/drive/MyDrive/MACROBATT/INPUT_PDF_FILES/26257516.pdf
6,Detailed_description,exertion extremity,0.9975184202194214,1,/content/drive/MyDrive/MACROBATT/INPUT_PDF_FILES/26257516.pdf
7,Biological_structure,lower extremity,0.999862551689148,1,/content/drive/MyDrive/MACROBATT/INPUT_PDF_FILES/26257516.pdf
8,Biological_structure,abdominal,0.9998505115509033,1,/content/drive/MyDrive/MACROBATT/INPUT_PDF_FILES/26257516.pdf
9,History,bloating,0.92446368932724,1,/content/drive/MyDrive/MACROBATT/INPUT_PDF_FILES/26257516.pdf
10,History,tasteless,0.9978172183036804,1,/content/drive/MyDrive/MACROBATT/INPUT_PDF_FILES/26257516.pdf
11,Duration,Before for admission also had abdominal bloating and tasteless a year noticeable at same year,0.999574601650238,1,/content/drive/MyDrive/MACROBATT/INPUT_PDF_FILES/26257516.pdf
12,Sign_symptom,weight loss,0.9998408555984497,1,/content/drive/MyDrive/MACROBATT/INPUT_PDF_FILES/26257516.pdf
13,Duration,the paresthesias the past 6 months,0.8524423241615295,1,/content/drive/MyDrive/MACROBATT/INPUT_PDF_FILES/26257516.pdf
14,Disease_disorder,multiple system,0.889070987701416,1,/content/drive/MyDrive/MACROBATT/INPUT_PDF_FILES/26257516.pdf
15,Sign_symptom,painless paresthesias,0.8858557939529419,1,/content/drive/MyDrive/MACROBATT/INPUT_PDF_FILES/26257516.pdf
16,Biological_structure,lower,0.9706653356552124,1,/content/drive/MyDrive/MACROBATT/INPUT_PDF_FILES/26257516.pdf
17,Disease_disorder,erectile,0.9196137189865112,1,/content/drive/MyDrive/MACROBATT/INPUT_PDF_FILES/26257516.pdf
18,Diagnostic_procedure,stool frequency,0.9999222755432129,1,/content/drive/MyDrive/MACROBATT/INPUT_PDF_FILES/26257516.pdf
19,Quantitative_concept,up stool to ten tenesmus times,0.9436516165733337,1,/content/drive/MyDrive/MACROBATT/INPUT_PDF_FILES/26257516.pdf
20,Lab_value,no no obvious,0.9342567920684814,1,/content/drive/MyDrive/MACROBATT/INPUT_PDF_FILES/26257516.pdf
21,Diagnostic_procedure,blood,0.997925877571106,1,/content/drive/MyDrive/MACROBATT/INPUT_PDF_FILES/26257516.pdf
22,Diagnostic_procedure,mucus tenesmus,0.9993256330490112,1,/content/drive/MyDrive/MACROBATT/INPUT_PDF_FILES/26257516.pdf
23,Diagnostic_procedure,mucus,0.9924314022064209,1,/content/drive/MyDrive/MACROBATT/INPUT_PDF_FILES/26257516.pdf
24,Sign_symptom,pain,0.9998599290847778,1,/content/drive/MyDrive/MACROBATT/INPUT_PDF_FILES/26257516.pdf
25,Biological_structure,stomach,0.9999611377716064,1,/content/drive/MyDrive/MACROBATT/INPUT_PDF_FILES/26257516.pdf
26,Biological_structure,rectum,0.8927044868469238,1,/content/drive/MyDrive/MACROBATT/INPUT_PDF_FILES/26257516.pdf
27,Diagnostic_procedure,biopsy,0.9977948069572449,1,/content/drive/MyDrive/MACROBATT/INPUT_PDF_FILES/26257516.pdf
28,Detailed_description,amyloid,0.9997444748878479,1,/content/drive/MyDrive/MACROBATT/INPUT_PDF_FILES/26257516.pdf
29,Family_history,family history was unremarkable,0.9917981028556824,1,/content/drive/MyDrive/MACROBATT/INPUT_PDF_FILES/26257516.pdf
30,Diagnostic_procedure,blood pressure,0.9999611377716064,1,/content/drive/MyDrive/MACROBATT/INPUT_PDF_FILES/26257516.pdf
31,Lab_value,82/56 mmHg,0.9999234080314636,1,/content/drive/MyDrive/MACROBATT/INPUT_PDF_FILES/26257516.pdf
32,Diagnostic_procedure,heart rate,0.9999516010284424,1,/content/drive/MyDrive/MACROBATT/INPUT_PDF_FILES/26257516.pdf
33,Lab_value,52 bpm,0.999934732913971,1,/content/drive/MyDrive/MACROBATT/INPUT_PDF_FILES/26257516.pdf
34,Severity,Significant,0.9998296499252319,1,/content/drive/MyDrive/MACROBATT/INPUT_PDF_FILES/26257516.pdf
35,Biological_structure,jugular venous,0.9205907583236694,1,/content/drive/MyDrive/MACROBATT/INPUT_PDF_FILES/26257516.pdf
36,Sign_symptom,distention,0.9983322024345398,1,/content/drive/MyDrive/MACROBATT/INPUT_PDF_FILES/26257516.pdf
37,Severity,moderate,0.9997953772544861,1,/content/drive/MyDrive/MACROBATT/INPUT_PDF_FILES/26257516.pdf
38,Disease_disorder,hepatomegaly,0.5288057923316956,1,/content/drive/MyDrive/MACROBATT/INPUT_PDF_FILES/26257516.pdf
39,Sign_symptom,edema noted,0.999948263168335,1,/content/drive/MyDrive/MACROBATT/INPUT_PDF_FILES/26257516.pdf
40,Sign_symptom,edema,0.9984570741653442,1,/content/drive/MyDrive/MACROBATT/INPUT_PDF_FILES/26257516.pdf
41,Diagnostic_procedure,neurological examination,0.9999476671218872,1,/content/drive/MyDrive/MACROBATT/INPUT_PDF_FILES/26257516.pdf
42,Sign_symptom,weakness,0.9999494552612305,1,/content/drive/MyDrive/MACROBATT/INPUT_PDF_FILES/26257516.pdf
43,Biological_structure,muscular,0.9999386072158813,1,/content/drive/MyDrive/MACROBATT/INPUT_PDF_FILES/26257516.pdf
44,Sign_symptom,atrophy,0.9266235828399658,1,/content/drive/MyDrive/MACROBATT/INPUT_PDF_FILES/26257516.pdf
45,Detailed_description,bilateral,0.9998846054077148,1,/content/drive/MyDrive/MACROBATT/INPUT_PDF_FILES/26257516.pdf
46,Biological_structure,tibialis anterior,0.9896907210350037,1,/content/drive/MyDrive/MACROBATT/INPUT_PDF_FILES/26257516.pdf
47,Biological_structure,gastrocnemius,0.9992347955703735,1,/content/drive/MyDrive/MACROBATT/INPUT_PDF_FILES/26257516.pdf
48,Sign_symptom,Hyporeflexia,0.9999686479568481,1,/content/drive/MyDrive/MACROBATT/INPUT_PDF_FILES/26257516.pdf
49,Biological_structure,both knees,0.9997292757034302,1,/content/drive/MyDrive/MACROBATT/INPUT_PDF_FILES/26257516.pdf
50,Diagnostic_procedure,Sensory examination,0.9999253749847412,1,/content/drive/MyDrive/MACROBATT/INPUT_PDF_FILES/26257516.pdf
51,Lab_value,diminished,0.9995515942573547,1,/content/drive/MyDrive/MACROBATT/INPUT_PDF_FILES/26257516.pdf
52,Lab_value,stocking and and and glove pattern,0.9998445510864258,1,/content/drive/MyDrive/MACROBATT/INPUT_PDF_FILES/26257516.pdf
53,Diagnostic_procedure,vibratory,0.9999555349349976,1,/content/drive/MyDrive/MACROBATT/INPUT_PDF_FILES/26257516.pdf
54,Diagnostic_procedure,vibratory sensation sensation,0.999934732913971,1,/content/drive/MyDrive/MACROBATT/INPUT_PDF_FILES/26257516.pdf
55,Lab_value,distally,0.9995630383491516,1,/content/drive/MyDrive/MACROBATT/INPUT_PDF_FILES/26257516.pdf
56,Lab_value,reduced,0.9995405673980713,1,/content/drive/MyDrive/MACROBATT/INPUT_PDF_FILES/26257516.pdf
57,Diagnostic_procedure,motor and sensory functions,0.999921977519989,1,/content/drive/MyDrive/MACROBATT/INPUT_PDF_FILES/26257516.pdf
58,Biological_structure,upper extremities,0.9999109506607056,1,/content/drive/MyDrive/MACROBATT/INPUT_PDF_FILES/26257516.pdf
59,Diagnostic_procedure,laboratory data,0.9237576723098755,1,/content/drive/MyDrive/MACROBATT/INPUT_PDF_FILES/26257516.pdf
60,Diagnostic_procedure,full,0.9825155735015869,1,/content/drive/MyDrive/MACROBATT/INPUT_PDF_FILES/26257516.pdf
61,Diagnostic_procedure,transaminase,0.9615973830223083,1,/content/drive/MyDrive/MACROBATT/INPUT_PDF_FILES/26257516.pdf
62,Diagnostic_procedure,creatinine,0.9858588576316833,1,/content/drive/MyDrive/MACROBATT/INPUT_PDF_FILES/26257516.pdf
63,Diagnostic_procedure,electrolytes,0.9988763928413391,1,/content/drive/MyDrive/MACROBATT/INPUT_PDF_FILES/26257516.pdf
64,Diagnostic_procedure,cardiac,0.9048318862915039,1,/content/drive/MyDrive/MACROBATT/INPUT_PDF_FILES/26257516.pdf
65,Diagnostic_procedure,thyroid function,0.9994533658027649,1,/content/drive/MyDrive/MACROBATT/INPUT_PDF_FILES/26257516.pdf
66,Lab_value,normal,0.9998595714569092,1,/content/drive/MyDrive/MACROBATT/INPUT_PDF_FILES/26257516.pdf
67,Diagnostic_procedure,N-terminal fragment of pro-brain natriuretic peptide,0.9999275207519531,1,/content/drive/MyDrive/MACROBATT/INPUT_PDF_FILES/26257516.pdf
68,Diagnostic_procedure,NT-proBNP,0.9886999726295471,1,/content/drive/MyDrive/MACROBATT/INPUT_PDF_FILES/26257516.pdf
69,Diagnostic_procedure,pro-brain NT-proBNP,0.9845987558364868,1,/content/drive/MyDrive/MACROBATT/INPUT_PDF_FILES/26257516.pdf
70,Lab_value,"3,996 pg/mL",0.9981759190559387,1,/content/drive/MyDrive/MACROBATT/INPUT_PDF_FILES/26257516.pdf
71,Diagnostic_procedure,Nerve conduction studies,0.9999603033065796,1,/content/drive/MyDrive/MACROBATT/INPUT_PDF_FILES/26257516.pdf
72,Disease_disorder,sensory-motor neuropathy,0.9998747706413269,1,/content/drive/MyDrive/MACROBATT/INPUT_PDF_FILES/26257516.pdf
73,Diagnostic_procedure,electromyography study,0.9999157190322876,1,/content/drive/MyDrive/MACROBATT/INPUT_PDF_FILES/26257516.pdf
74,Sign_symptom,denervation,0.9987568855285645,1,/content/drive/MyDrive/MACROBATT/INPUT_PDF_FILES/26257516.pdf
75,Detailed_description,chronic,0.9999325275421143,1,/content/drive/MyDrive/MACROBATT/INPUT_PDF_FILES/26257516.pdf
76,Sign_symptom,reinnervation changes,0.9983112812042236,1,/content/drive/MyDrive/MACROBATT/INPUT_PDF_FILES/26257516.pdf
77,Diagnostic_procedure,Electrocardiogram,0.9983950257301331,1,/content/drive/MyDrive/MACROBATT/INPUT_PDF_FILES/26257516.pdf
78,Diagnostic_procedure,ECG,0.9997736811637878,1,/content/drive/MyDrive/MACROBATT/INPUT_PDF_FILES/26257516.pdf
79,Lab_value,low voltages,0.9990012645721436,1,/content/drive/MyDrive/MACROBATT/INPUT_PDF_FILES/26257516.pdf
80,Lab_value,QS waves,0.9498202204704285,1,/content/drive/MyDrive/MACROBATT/INPUT_PDF_FILES/26257516.pdf
81,Diagnostic_procedure,precordial and and inferior,0.8824950456619263,1,/content/drive/MyDrive/MACROBATT/INPUT_PDF_FILES/26257516.pdf
82,Detailed_description,first-degree,0.9720660448074341,1,/content/drive/MyDrive/MACROBATT/INPUT_PDF_FILES/26257516.pdf
83,Biological_structure,atrioventricular,0.7866342663764954,1,/content/drive/MyDrive/MACROBATT/INPUT_PDF_FILES/26257516.pdf
84,Lab_value,prolonged,0.9960756897926331,1,/content/drive/MyDrive/MACROBATT/INPUT_PDF_FILES/26257516.pdf
85,Diagnostic_procedure,QTc,0.708747148513794,1,/content/drive/MyDrive/MACROBATT/INPUT_PDF_FILES/26257516.pdf
86,Detailed_description,Two-dimensional,0.9999532699584961,1,/content/drive/MyDrive/MACROBATT/INPUT_PDF_FILES/26257516.pdf
87,Diagnostic_procedure,echocardiography,0.9999641180038452,1,/content/drive/MyDrive/MACROBATT/INPUT_PDF_FILES/26257516.pdf
88,Detailed_description,concentrically,0.9999239444732666,1,/content/drive/MyDrive/MACROBATT/INPUT_PDF_FILES/26257516.pdf
89,Sign_symptom,thickened,0.9998806715011597,1,/content/drive/MyDrive/MACROBATT/INPUT_PDF_FILES/26257516.pdf
90,Sign_symptom,speckled,0.9998466968536377,1,/content/drive/MyDrive/MACROBATT/INPUT_PDF_FILES/26257516.pdf
91,Sign_symptom,speckled appearance,0.9932942390441895,1,/content/drive/MyDrive/MACROBATT/INPUT_PDF_FILES/26257516.pdf
92,Biological_structure,ventricular ventricular,0.9999356269836426,1,/content/drive/MyDrive/MACROBATT/INPUT_PDF_FILES/26257516.pdf
93,Biological_structure,biatrial,0.8712191581726074,1,/content/drive/MyDrive/MACROBATT/INPUT_PDF_FILES/26257516.pdf
94,Diagnostic_procedure,ejection fraction,0.9980074167251587,1,/content/drive/MyDrive/MACROBATT/INPUT_PDF_FILES/26257516.pdf
95,Lab_value,70 %,0.9999226331710815,1,/content/drive/MyDrive/MACROBATT/INPUT_PDF_FILES/26257516.pdf
96,Diagnostic_procedure,Doppler,0.9998263716697693,1,/content/drive/MyDrive/MACROBATT/INPUT_PDF_FILES/26257516.pdf
97,Severity,severe,0.9997666478157043,1,/content/drive/MyDrive/MACROBATT/INPUT_PDF_FILES/26257516.pdf
98,Sign_symptom,restrictive mitral filling pattern,0.9998582005500793,1,/content/drive/MyDrive/MACROBATT/INPUT_PDF_FILES/26257516.pdf
99,Diagnostic_procedure,E/A ratio,0.9999245405197144,1,/content/drive/MyDrive/MACROBATT/INPUT_PDF_FILES/26257516.pdf
100,Diagnostic_procedure,Coronary angiography,0.999724268913269,1,/content/drive/MyDrive/MACROBATT/INPUT_PDF_FILES/26257516.pdf
101,Lab_value,low,0.9996548891067505,1,/content/drive/MyDrive/MACROBATT/INPUT_PDF_FILES/26257516.pdf
102,Diagnostic_procedure,QRS voltage,0.9998360276222229,1,/content/drive/MyDrive/MACROBATT/INPUT_PDF_FILES/26257516.pdf
103,Biological_structure,ventricular,0.9997171759605408,1,/content/drive/MyDrive/MACROBATT/INPUT_PDF_FILES/26257516.pdf
104,Sign_symptom,diastolic dysfunction,0.8985442519187927,1,/content/drive/MyDrive/MACROBATT/INPUT_PDF_FILES/26257516.pdf
105,Detailed_description,serum,0.9998315572738647,1,/content/drive/MyDrive/MACROBATT/INPUT_PDF_FILES/26257516.pdf
106,Diagnostic_procedure,λ light-chain light-chain concentration concentration,0.9999068975448608,1,/content/drive/MyDrive/MACROBATT/INPUT_PDF_FILES/26257516.pdf
107,Lab_value,"1,763 598–1,329",0.9999362230300903,1,/content/drive/MyDrive/MACROBATT/INPUT_PDF_FILES/26257516.pdf
108,Lab_value,"1,763 598–1,329 ,",0.8282788991928101,1,/content/drive/MyDrive/MACROBATT/INPUT_PDF_FILES/26257516.pdf
109,Lab_value,"1,763",0.9680981636047363,1,/content/drive/MyDrive/MACROBATT/INPUT_PDF_FILES/26257516.pdf
110,Lab_value,normal normal,0.9994774460792542,1,/content/drive/MyDrive/MACROBATT/INPUT_PDF_FILES/26257516.pdf
111,Diagnostic_procedure,κ light-chain light-chain concentration concentration,0.9999381303787231,1,/content/drive/MyDrive/MACROBATT/INPUT_PDF_FILES/26257516.pdf
112,Biological_structure,Rectum,0.9992086887359619,1,/content/drive/MyDrive/MACROBATT/INPUT_PDF_FILES/26257516.pdf
113,Sign_symptom,infiltrate,0.9999204874038696,1,/content/drive/MyDrive/MACROBATT/INPUT_PDF_FILES/26257516.pdf
114,Disease_disorder,amyloidosis,0.9982526898384094,1,/content/drive/MyDrive/MACROBATT/INPUT_PDF_FILES/26257516.pdf
115,Medication,chemotherapy,0.9998674392700195,1,/content/drive/MyDrive/MACROBATT/INPUT_PDF_FILES/26257516.pdf
116,Medication,melphalan,0.999840497970581,1,/content/drive/MyDrive/MACROBATT/INPUT_PDF_FILES/26257516.pdf
117,Medication,dexamethasone,0.9998235106468201,1,/content/drive/MyDrive/MACROBATT/INPUT_PDF_FILES/26257516.pdf
118,Medication,lenalidomide,0.9997239708900452,1,/content/drive/MyDrive/MACROBATT/INPUT_PDF_FILES/26257516.pdf
119,Therapeutic_procedure,supportive chemotherapy therapy,0.9984207153320312,1,/content/drive/MyDrive/MACROBATT/INPUT_PDF_FILES/26257516.pdf
120,Medication,montmorillonite,0.992793083190918,1,/content/drive/MyDrive/MACROBATT/INPUT_PDF_FILES/26257516.pdf
121,Sign_symptom,diarrhea,0.9738591313362122,1,/content/drive/MyDrive/MACROBATT/INPUT_PDF_FILES/26257516.pdf
122,Dosage,low-dose,0.9990624785423279,1,/content/drive/MyDrive/MACROBATT/INPUT_PDF_FILES/26257516.pdf
123,Medication,furosemide,0.9987282752990723,1,/content/drive/MyDrive/MACROBATT/INPUT_PDF_FILES/26257516.pdf
124,Sign_symptom,deteriorate,0.9995757937431335,1,/content/drive/MyDrive/MACROBATT/INPUT_PDF_FILES/26257516.pdf
125,Outcome,died,0.9975428581237793,1,/content/drive/MyDrive/MACROBATT/INPUT_PDF_FILES/26257516.pdf
126,Nonbiological_location,home,0.9994155168533325,1,/content/drive/MyDrive/MACROBATT/INPUT_PDF_FILES/26257516.pdf
127,Date,after after 3 months,0.9998488426208496,1,/content/drive/MyDrive/MACROBATT/INPUT_PDF_FILES/26257516.pdf
