,Entity Group,Value,Score,Page,Pdf File
0,Age,56-year-old,0.9979789853096008,1,/content/drive/MyDrive/MACROBATT/INPUT_PDF_FILES/26264228.pdf
1,Sex,man,0.9997825026512146,1,/content/drive/MyDrive/MACROBATT/INPUT_PDF_FILES/26264228.pdf
2,Clinical_event,presented,0.9995062351226807,1,/content/drive/MyDrive/MACROBATT/INPUT_PDF_FILES/26264228.pdf
3,Duration,2-year,0.9941251873970032,1,/content/drive/MyDrive/MACROBATT/INPUT_PDF_FILES/26264228.pdf
4,Biological_structure,middle thoracic,0.9998674392700195,1,/content/drive/MyDrive/MACROBATT/INPUT_PDF_FILES/26264228.pdf
5,Biological_structure,oesophageal,0.9308381080627441,1,/content/drive/MyDrive/MACROBATT/INPUT_PDF_FILES/26264228.pdf
6,Disease_disorder,squamous,0.9998437166213989,1,/content/drive/MyDrive/MACROBATT/INPUT_PDF_FILES/26264228.pdf
7,Disease_disorder,squamous cell carcinoma,0.9847531318664551,1,/content/drive/MyDrive/MACROBATT/INPUT_PDF_FILES/26264228.pdf
8,Diagnostic_procedure,gastroscopy,0.9995380640029907,1,/content/drive/MyDrive/MACROBATT/INPUT_PDF_FILES/26264228.pdf
9,Diagnostic_procedure,biopsy,0.9996222257614136,1,/content/drive/MyDrive/MACROBATT/INPUT_PDF_FILES/26264228.pdf
10,Biological_structure,chest,0.9999538660049438,1,/content/drive/MyDrive/MACROBATT/INPUT_PDF_FILES/26264228.pdf
11,Diagnostic_procedure,computed tomography,0.9998927116394043,1,/content/drive/MyDrive/MACROBATT/INPUT_PDF_FILES/26264228.pdf
12,Diagnostic_procedure,( ( (,0.9999649524688721,1,/content/drive/MyDrive/MACROBATT/INPUT_PDF_FILES/26264228.pdf
13,Diagnostic_procedure,CT ) ) ),0.9390953183174133,1,/content/drive/MyDrive/MACROBATT/INPUT_PDF_FILES/26264228.pdf
14,Sign_symptom,enlarged,0.9998998641967773,1,/content/drive/MyDrive/MACROBATT/INPUT_PDF_FILES/26264228.pdf
15,Biological_structure,azygos vein,0.9498143196105957,1,/content/drive/MyDrive/MACROBATT/INPUT_PDF_FILES/26264228.pdf
16,Sign_symptom,continuation,0.9997779726982117,1,/content/drive/MyDrive/MACROBATT/INPUT_PDF_FILES/26264228.pdf
17,Biological_structure,IVC,0.9996755123138428,1,/content/drive/MyDrive/MACROBATT/INPUT_PDF_FILES/26264228.pdf
18,Biological_structure,abdomen,0.9999467134475708,1,/content/drive/MyDrive/MACROBATT/INPUT_PDF_FILES/26264228.pdf
19,Sign_symptom,defect,0.9999537467956543,1,/content/drive/MyDrive/MACROBATT/INPUT_PDF_FILES/26264228.pdf
20,Biological_structure,suprarenal segment of of of the the the the the inferior vena cava,0.9721393585205078,1,/content/drive/MyDrive/MACROBATT/INPUT_PDF_FILES/26264228.pdf
21,Detailed_description,direct,0.99988853931427,1,/content/drive/MyDrive/MACROBATT/INPUT_PDF_FILES/26264228.pdf
22,Sign_symptom,drainage,0.9998728036880493,1,/content/drive/MyDrive/MACROBATT/INPUT_PDF_FILES/26264228.pdf
23,Biological_structure,the the the the hepatic the,0.9999234676361084,1,/content/drive/MyDrive/MACROBATT/INPUT_PDF_FILES/26264228.pdf
24,Biological_structure,hepatic vein,0.9961093068122864,1,/content/drive/MyDrive/MACROBATT/INPUT_PDF_FILES/26264228.pdf
25,Biological_structure,right,0.9702750444412231,1,/content/drive/MyDrive/MACROBATT/INPUT_PDF_FILES/26264228.pdf
26,Clinical_event,consultation,0.9993308782577515,1,/content/drive/MyDrive/MACROBATT/INPUT_PDF_FILES/26264228.pdf
27,Nonbiological_location,thoracic surgery department department clinicians,0.9902917742729187,1,/content/drive/MyDrive/MACROBATT/INPUT_PDF_FILES/26264228.pdf
28,Detailed_description,McKeown,0.9550344347953796,1,/content/drive/MyDrive/MACROBATT/INPUT_PDF_FILES/26264228.pdf
29,Therapeutic_procedure,consultation thoracic anaesthesiology to perform McKeown oesophagectomy,0.9998688697814941,1,/content/drive/MyDrive/MACROBATT/INPUT_PDF_FILES/26264228.pdf
30,Therapeutic_procedure,oesophagectomy,0.7541305422782898,1,/content/drive/MyDrive/MACROBATT/INPUT_PDF_FILES/26264228.pdf
31,Therapeutic_procedure,anaesthetised,0.9086528420448303,1,/content/drive/MyDrive/MACROBATT/INPUT_PDF_FILES/26264228.pdf
32,Detailed_description,double-lumen tube,0.9999467730522156,1,/content/drive/MyDrive/MACROBATT/INPUT_PDF_FILES/26264228.pdf
33,Detailed_description,standard,0.999954104423523,1,/content/drive/MyDrive/MACROBATT/INPUT_PDF_FILES/26264228.pdf
34,Detailed_description,posterolateral,0.9999673366546631,1,/content/drive/MyDrive/MACROBATT/INPUT_PDF_FILES/26264228.pdf
35,Therapeutic_procedure,thoracotomy,0.9933280944824219,1,/content/drive/MyDrive/MACROBATT/INPUT_PDF_FILES/26264228.pdf
36,Detailed_description,traditional open,0.9998587369918823,1,/content/drive/MyDrive/MACROBATT/INPUT_PDF_FILES/26264228.pdf
37,Biological_structure,jugular,0.752124011516571,1,/content/drive/MyDrive/MACROBATT/INPUT_PDF_FILES/26264228.pdf
38,Biological_structure,femoral vein,0.9966378211975098,1,/content/drive/MyDrive/MACROBATT/INPUT_PDF_FILES/26264228.pdf
39,Detailed_description,percutaneous puncture,0.9999104738235474,1,/content/drive/MyDrive/MACROBATT/INPUT_PDF_FILES/26264228.pdf
40,Detailed_description,veno-venous bypass,0.9644566178321838,1,/content/drive/MyDrive/MACROBATT/INPUT_PDF_FILES/26264228.pdf
41,Diagnostic_procedure,pressure sensor,0.9913873076438904,1,/content/drive/MyDrive/MACROBATT/INPUT_PDF_FILES/26264228.pdf
42,Diagnostic_procedure,pressure,0.6955897808074951,1,/content/drive/MyDrive/MACROBATT/INPUT_PDF_FILES/26264228.pdf
43,Diagnostic_procedure,diameter,0.9996248483657837,1,/content/drive/MyDrive/MACROBATT/INPUT_PDF_FILES/26264228.pdf
44,Biological_structure,azygos azygos,0.9999490976333618,1,/content/drive/MyDrive/MACROBATT/INPUT_PDF_FILES/26264228.pdf
45,Biological_structure,azygos azygos arch arch,0.9978032112121582,1,/content/drive/MyDrive/MACROBATT/INPUT_PDF_FILES/26264228.pdf
46,Distance,2.5 cm,0.9988951683044434,1,/content/drive/MyDrive/MACROBATT/INPUT_PDF_FILES/26264228.pdf
47,Detailed_description,superior edge,0.9995210766792297,1,/content/drive/MyDrive/MACROBATT/INPUT_PDF_FILES/26264228.pdf
48,Sign_symptom,tumour,0.9999475479125977,1,/content/drive/MyDrive/MACROBATT/INPUT_PDF_FILES/26264228.pdf
49,Biological_structure,azygos vein vein vein vein,0.9997541904449463,1,/content/drive/MyDrive/MACROBATT/INPUT_PDF_FILES/26264228.pdf
50,Therapeutic_procedure,pulled,0.9997145533561707,1,/content/drive/MyDrive/MACROBATT/INPUT_PDF_FILES/26264228.pdf
51,Detailed_description,rubber hose,0.9984676837921143,1,/content/drive/MyDrive/MACROBATT/INPUT_PDF_FILES/26264228.pdf
52,Biological_structure,femoral femoral,0.9999580383300781,1,/content/drive/MyDrive/MACROBATT/INPUT_PDF_FILES/26264228.pdf
53,Biological_structure,femoral femoral vein vein vein vein,0.9997695684432983,1,/content/drive/MyDrive/MACROBATT/INPUT_PDF_FILES/26264228.pdf
54,Diagnostic_procedure,pressure pressure,0.9973469972610474,1,/content/drive/MyDrive/MACROBATT/INPUT_PDF_FILES/26264228.pdf
55,Lab_value,increased,0.9339595437049866,1,/content/drive/MyDrive/MACROBATT/INPUT_PDF_FILES/26264228.pdf
56,Lab_value,52 mmH2O,0.9770275354385376,1,/content/drive/MyDrive/MACROBATT/INPUT_PDF_FILES/26264228.pdf
57,Lab_value,normal value,0.9998833537101746,1,/content/drive/MyDrive/MACROBATT/INPUT_PDF_FILES/26264228.pdf
58,Coreference,bypass,0.9995962977409363,1,/content/drive/MyDrive/MACROBATT/INPUT_PDF_FILES/26264228.pdf
59,Biological_structure,azygos,0.8586233258247375,1,/content/drive/MyDrive/MACROBATT/INPUT_PDF_FILES/26264228.pdf
60,Diagnostic_procedure,postoperative recovery,0.9940588474273682,1,/content/drive/MyDrive/MACROBATT/INPUT_PDF_FILES/26264228.pdf
61,Diagnostic_procedure,pathology,0.9998908042907715,1,/content/drive/MyDrive/MACROBATT/INPUT_PDF_FILES/26264228.pdf
62,Detailed_description,resected,0.9997678399085999,1,/content/drive/MyDrive/MACROBATT/INPUT_PDF_FILES/26264228.pdf
63,Detailed_description,resected specimen,0.9954371452331543,1,/content/drive/MyDrive/MACROBATT/INPUT_PDF_FILES/26264228.pdf
64,Lab_value,poorly differentiated,0.9936396479606628,1,/content/drive/MyDrive/MACROBATT/INPUT_PDF_FILES/26264228.pdf
65,Sign_symptom,malignancy,0.9854328036308289,1,/content/drive/MyDrive/MACROBATT/INPUT_PDF_FILES/26264228.pdf
66,Duration,5 months,0.995268702507019,1,/content/drive/MyDrive/MACROBATT/INPUT_PDF_FILES/26264228.pdf
67,Outcome,was asymptomatic disease,0.6298206448554993,1,/content/drive/MyDrive/MACROBATT/INPUT_PDF_FILES/26264228.pdf
68,Disease_disorder,recurrent disease,0.974030077457428,1,/content/drive/MyDrive/MACROBATT/INPUT_PDF_FILES/26264228.pdf
