,Entity Group,Value,Score,Page,Pdf File
0,Age,65-year old,0.9986191987991333,1,/content/drive/MyDrive/MACROBATT/INPUT_PDF_FILES/26285706.pdf
1,Sex,female,0.999767005443573,1,/content/drive/MyDrive/MACROBATT/INPUT_PDF_FILES/26285706.pdf
2,Clinical_event,admitted,0.9992619156837463,1,/content/drive/MyDrive/MACROBATT/INPUT_PDF_FILES/26285706.pdf
3,Detailed_description,progressive,0.9999765157699585,1,/content/drive/MyDrive/MACROBATT/INPUT_PDF_FILES/26285706.pdf
4,Sign_symptom,old admitted dysphagia and,0.9999486207962036,1,/content/drive/MyDrive/MACROBATT/INPUT_PDF_FILES/26285706.pdf
5,Sign_symptom,dysphagia,0.9999096393585205,1,/content/drive/MyDrive/MACROBATT/INPUT_PDF_FILES/26285706.pdf
6,Duration,2 months,0.9998083114624023,1,/content/drive/MyDrive/MACROBATT/INPUT_PDF_FILES/26285706.pdf
7,Mass,65-year 5 kg,0.8139995336532593,1,/content/drive/MyDrive/MACROBATT/INPUT_PDF_FILES/26285706.pdf
8,Sign_symptom,weight,0.5876172780990601,1,/content/drive/MyDrive/MACROBATT/INPUT_PDF_FILES/26285706.pdf
9,Disease_disorder,osteoporosis,0.9996009469032288,1,/content/drive/MyDrive/MACROBATT/INPUT_PDF_FILES/26285706.pdf
10,Medication,calcium,0.7383996844291687,1,/content/drive/MyDrive/MACROBATT/INPUT_PDF_FILES/26285706.pdf
11,Biological_structure,Upper gastrointestinal,0.9999146461486816,1,/content/drive/MyDrive/MACROBATT/INPUT_PDF_FILES/26285706.pdf
12,Diagnostic_procedure,endoscopy,0.9719660878181458,1,/content/drive/MyDrive/MACROBATT/INPUT_PDF_FILES/26285706.pdf
13,Distance,4 cm,0.9994758367538452,1,/content/drive/MyDrive/MACROBATT/INPUT_PDF_FILES/26285706.pdf
14,Color,whitish,0.9967564940452576,1,/content/drive/MyDrive/MACROBATT/INPUT_PDF_FILES/26285706.pdf
15,Texture,firm,0.9944915771484375,1,/content/drive/MyDrive/MACROBATT/INPUT_PDF_FILES/26285706.pdf
16,Sign_symptom,mass,0.9999305009841919,1,/content/drive/MyDrive/MACROBATT/INPUT_PDF_FILES/26285706.pdf
17,Biological_structure,middle esophagus,0.9999062418937683,1,/content/drive/MyDrive/MACROBATT/INPUT_PDF_FILES/26285706.pdf
18,Detailed_description,semi-circumferential,0.9989292025566101,1,/content/drive/MyDrive/MACROBATT/INPUT_PDF_FILES/26285706.pdf
19,Severity,deep,0.9995521903038025,1,/content/drive/MyDrive/MACROBATT/INPUT_PDF_FILES/26285706.pdf
20,Sign_symptom,ulcer,0.9990272521972656,1,/content/drive/MyDrive/MACROBATT/INPUT_PDF_FILES/26285706.pdf
21,Shape,irregular borders,0.9909695386886597,1,/content/drive/MyDrive/MACROBATT/INPUT_PDF_FILES/26285706.pdf
22,Biological_structure,opposite mucosa,0.9918044209480286,1,/content/drive/MyDrive/MACROBATT/INPUT_PDF_FILES/26285706.pdf
23,Sign_symptom,pedicle polipectomy,0.9999551773071289,1,/content/drive/MyDrive/MACROBATT/INPUT_PDF_FILES/26285706.pdf
24,Sign_symptom,pedicle,0.9993366003036499,1,/content/drive/MyDrive/MACROBATT/INPUT_PDF_FILES/26285706.pdf
25,Diagnostic_procedure,polipectomy snare,0.9998486042022705,1,/content/drive/MyDrive/MACROBATT/INPUT_PDF_FILES/26285706.pdf
26,Biological_structure,esophageal,0.9939785599708557,1,/content/drive/MyDrive/MACROBATT/INPUT_PDF_FILES/26285706.pdf
27,Diagnostic_procedure,gastrografin,0.8867343664169312,1,/content/drive/MyDrive/MACROBATT/INPUT_PDF_FILES/26285706.pdf
28,Shape,gastrointestinal gastrografin ovoid of esophagus esophageal inhomogeneous calcifications smooth contours,0.997983455657959,1,/content/drive/MyDrive/MACROBATT/INPUT_PDF_FILES/26285706.pdf
29,Shape,ovoid,0.7813864946365356,1,/content/drive/MyDrive/MACROBATT/INPUT_PDF_FILES/26285706.pdf
30,Detailed_description,lacunar,0.9998723268508911,1,/content/drive/MyDrive/MACROBATT/INPUT_PDF_FILES/26285706.pdf
31,Sign_symptom,image,0.9998600482940674,1,/content/drive/MyDrive/MACROBATT/INPUT_PDF_FILES/26285706.pdf
32,Biological_structure,esophagus esophageal,0.9538431167602539,1,/content/drive/MyDrive/MACROBATT/INPUT_PDF_FILES/26285706.pdf
33,Biological_structure,esophagus,0.8251768350601196,1,/content/drive/MyDrive/MACROBATT/INPUT_PDF_FILES/26285706.pdf
34,Biological_structure,gastrointestinal series esophagus esophageal,0.9999594688415527,1,/content/drive/MyDrive/MACROBATT/INPUT_PDF_FILES/26285706.pdf
35,Sign_symptom,calcifications,0.9227688908576965,1,/content/drive/MyDrive/MACROBATT/INPUT_PDF_FILES/26285706.pdf
36,Texture,smooth,0.9969056248664856,1,/content/drive/MyDrive/MACROBATT/INPUT_PDF_FILES/26285706.pdf
37,Activity,peristalsis,0.8937432765960693,1,/content/drive/MyDrive/MACROBATT/INPUT_PDF_FILES/26285706.pdf
38,Detailed_description,mobile,0.9999133348464966,1,/content/drive/MyDrive/MACROBATT/INPUT_PDF_FILES/26285706.pdf
39,Sign_symptom,peristalsis pedicle,0.9999475479125977,1,/content/drive/MyDrive/MACROBATT/INPUT_PDF_FILES/26285706.pdf
40,Biological_structure,lumen,0.999026358127594,1,/content/drive/MyDrive/MACROBATT/INPUT_PDF_FILES/26285706.pdf
41,Sign_symptom,enlarged,0.9999065399169922,1,/content/drive/MyDrive/MACROBATT/INPUT_PDF_FILES/26285706.pdf
42,Sign_symptom,diverticula,0.9968116879463196,1,/content/drive/MyDrive/MACROBATT/INPUT_PDF_FILES/26285706.pdf
43,Diagnostic_procedure,computer tomography,0.9999341368675232,1,/content/drive/MyDrive/MACROBATT/INPUT_PDF_FILES/26285706.pdf
44,Biological_structure,thorax,0.9996914863586426,1,/content/drive/MyDrive/MACROBATT/INPUT_PDF_FILES/26285706.pdf
45,Detailed_description,pedunculated,0.9906489253044128,1,/content/drive/MyDrive/MACROBATT/INPUT_PDF_FILES/26285706.pdf
46,Detailed_description,intra-luminal,0.9999252557754517,1,/content/drive/MyDrive/MACROBATT/INPUT_PDF_FILES/26285706.pdf
47,Sign_symptom,calcified,0.9371293783187866,1,/content/drive/MyDrive/MACROBATT/INPUT_PDF_FILES/26285706.pdf
48,Diagnostic_procedure,biopsies,0.9998722076416016,1,/content/drive/MyDrive/MACROBATT/INPUT_PDF_FILES/26285706.pdf
49,Biological_structure,biopsies esophageal,0.9999608993530273,1,/content/drive/MyDrive/MACROBATT/INPUT_PDF_FILES/26285706.pdf
50,Sign_symptom,ulcerated,0.9990912675857544,1,/content/drive/MyDrive/MACROBATT/INPUT_PDF_FILES/26285706.pdf
51,Biological_structure,mucosa,0.9545276165008545,1,/content/drive/MyDrive/MACROBATT/INPUT_PDF_FILES/26285706.pdf
52,Detailed_description,inflammatory,0.9814183712005615,1,/content/drive/MyDrive/MACROBATT/INPUT_PDF_FILES/26285706.pdf
53,Diagnostic_procedure,endoscopic,0.9998944997787476,1,/content/drive/MyDrive/MACROBATT/INPUT_PDF_FILES/26285706.pdf
54,Diagnostic_procedure,endoscopic supposed mucosa,0.9408725500106812,1,/content/drive/MyDrive/MACROBATT/INPUT_PDF_FILES/26285706.pdf
55,Diagnostic_procedure,imagistic,0.9999037981033325,1,/content/drive/MyDrive/MACROBATT/INPUT_PDF_FILES/26285706.pdf
56,Sign_symptom,bezoar been,0.9998399019241333,1,/content/drive/MyDrive/MACROBATT/INPUT_PDF_FILES/26285706.pdf
57,Sign_symptom,bezoar,0.9804766178131104,1,/content/drive/MyDrive/MACROBATT/INPUT_PDF_FILES/26285706.pdf
58,Therapeutic_procedure,removed,0.9998165965080261,1,/content/drive/MyDrive/MACROBATT/INPUT_PDF_FILES/26285706.pdf
59,Diagnostic_procedure,snare,0.9768285751342773,1,/content/drive/MyDrive/MACROBATT/INPUT_PDF_FILES/26285706.pdf
60,Therapeutic_procedure,fragmentation,0.9998791217803955,1,/content/drive/MyDrive/MACROBATT/INPUT_PDF_FILES/26285706.pdf
61,Diagnostic_procedure,appearance,0.9969649910926819,1,/content/drive/MyDrive/MACROBATT/INPUT_PDF_FILES/26285706.pdf
62,Shape,globular heterogeneous,0.9754374623298645,1,/content/drive/MyDrive/MACROBATT/INPUT_PDF_FILES/26285706.pdf
63,Detailed_description,heterogeneous,0.9923021793365479,1,/content/drive/MyDrive/MACROBATT/INPUT_PDF_FILES/26285706.pdf
64,Color,harsh yellow,0.9804683923721313,1,/content/drive/MyDrive/MACROBATT/INPUT_PDF_FILES/26285706.pdf
65,Detailed_description,revealed dense dystrophic,0.9998843669891357,1,/content/drive/MyDrive/MACROBATT/INPUT_PDF_FILES/26285706.pdf
66,Detailed_description,dystrophic,0.9388055801391602,1,/content/drive/MyDrive/MACROBATT/INPUT_PDF_FILES/26285706.pdf
67,Diagnostic_procedure,macroscopic examination,0.99992436170578,1,/content/drive/MyDrive/MACROBATT/INPUT_PDF_FILES/26285706.pdf
68,Color,light gray,0.9968839287757874,1,/content/drive/MyDrive/MACROBATT/INPUT_PDF_FILES/26285706.pdf
69,Sign_symptom,aspect,0.9998970031738281,1,/content/drive/MyDrive/MACROBATT/INPUT_PDF_FILES/26285706.pdf
70,Detailed_description,multiple,0.9971268773078918,1,/content/drive/MyDrive/MACROBATT/INPUT_PDF_FILES/26285706.pdf
71,Color,harsh yellow-orange,0.9301990270614624,1,/content/drive/MyDrive/MACROBATT/INPUT_PDF_FILES/26285706.pdf
72,Diagnostic_procedure,trichloracetic acid,0.9255065321922302,1,/content/drive/MyDrive/MACROBATT/INPUT_PDF_FILES/26285706.pdf
73,Diagnostic_procedure,Microscopic examination,0.999919056892395,1,/content/drive/MyDrive/MACROBATT/INPUT_PDF_FILES/26285706.pdf
74,Sign_symptom,hyaline with basophils,0.9999111890792847,1,/content/drive/MyDrive/MACROBATT/INPUT_PDF_FILES/26285706.pdf
75,Sign_symptom,hyaline fibrous tissue,0.9998225569725037,1,/content/drive/MyDrive/MACROBATT/INPUT_PDF_FILES/26285706.pdf
76,Lab_value,stained examination hyaline stained in in crystalline minerals green,0.9997720718383789,1,/content/drive/MyDrive/MACROBATT/INPUT_PDF_FILES/26285706.pdf
77,Diagnostic_procedure,Tricrom Mason,0.999859094619751,1,/content/drive/MyDrive/MACROBATT/INPUT_PDF_FILES/26285706.pdf
78,Shape,crystalline,0.994895875453949,1,/content/drive/MyDrive/MACROBATT/INPUT_PDF_FILES/26285706.pdf
79,Sign_symptom,basophils,0.9839808344841003,1,/content/drive/MyDrive/MACROBATT/INPUT_PDF_FILES/26285706.pdf
80,Sign_symptom,deposits,0.9999221563339233,1,/content/drive/MyDrive/MACROBATT/INPUT_PDF_FILES/26285706.pdf
81,Lab_value,rare,0.9997962117195129,1,/content/drive/MyDrive/MACROBATT/INPUT_PDF_FILES/26285706.pdf
82,Diagnostic_procedure,fibrous fibrocytes,0.9828641414642334,1,/content/drive/MyDrive/MACROBATT/INPUT_PDF_FILES/26285706.pdf
83,Diagnostic_procedure,fibrocytes,0.9049298167228699,1,/content/drive/MyDrive/MACROBATT/INPUT_PDF_FILES/26285706.pdf
84,Lab_value,very,0.9979321956634521,1,/content/drive/MyDrive/MACROBATT/INPUT_PDF_FILES/26285706.pdf
85,Diagnostic_procedure,fibroblasts fibers fibrovascular,0.5629290342330933,1,/content/drive/MyDrive/MACROBATT/INPUT_PDF_FILES/26285706.pdf
86,Sign_symptom,fibroblasts,0.9131396412849426,1,/content/drive/MyDrive/MACROBATT/INPUT_PDF_FILES/26285706.pdf
87,Sign_symptom,collagen,0.9982002973556519,1,/content/drive/MyDrive/MACROBATT/INPUT_PDF_FILES/26285706.pdf
88,Sign_symptom,collagen fibers,0.9631562232971191,1,/content/drive/MyDrive/MACROBATT/INPUT_PDF_FILES/26285706.pdf
89,Biological_structure,mesenchymal,0.9999287128448486,1,/content/drive/MyDrive/MACROBATT/INPUT_PDF_FILES/26285706.pdf
90,Biological_structure,mesenchymal originating,0.9229338765144348,1,/content/drive/MyDrive/MACROBATT/INPUT_PDF_FILES/26285706.pdf
91,Disease_disorder,fibrovascular,0.7724103927612305,1,/content/drive/MyDrive/MACROBATT/INPUT_PDF_FILES/26285706.pdf
92,Sign_symptom,pedicle pedicle,0.9998775720596313,1,/content/drive/MyDrive/MACROBATT/INPUT_PDF_FILES/26285706.pdf
93,Administration,tablets,0.9993502497673035,1,/content/drive/MyDrive/MACROBATT/INPUT_PDF_FILES/26285706.pdf
94,Sign_symptom,calcium calcification,0.786659836769104,1,/content/drive/MyDrive/MACROBATT/INPUT_PDF_FILES/26285706.pdf
95,Date,One month later,0.9998863339424133,1,/content/drive/MyDrive/MACROBATT/INPUT_PDF_FILES/26285706.pdf
96,Sign_symptom,was asymptomatic,0.720352053642273,1,/content/drive/MyDrive/MACROBATT/INPUT_PDF_FILES/26285706.pdf
97,Diagnostic_procedure,endoscopy mucosa,0.9909941554069519,1,/content/drive/MyDrive/MACROBATT/INPUT_PDF_FILES/26285706.pdf
98,Lab_value,normal,0.9998433589935303,1,/content/drive/MyDrive/MACROBATT/INPUT_PDF_FILES/26285706.pdf
99,Sign_symptom,ulcerations diverticula,0.93408203125,1,/content/drive/MyDrive/MACROBATT/INPUT_PDF_FILES/26285706.pdf
100,Sign_symptom,motility disturbances,0.9998995661735535,1,/content/drive/MyDrive/MACROBATT/INPUT_PDF_FILES/26285706.pdf
101,Severity,benign,0.9993289709091187,1,/content/drive/MyDrive/MACROBATT/INPUT_PDF_FILES/26285706.pdf
102,Other_event,auto-amputated,0.831907331943512,1,/content/drive/MyDrive/MACROBATT/INPUT_PDF_FILES/26285706.pdf
103,Sign_symptom,clinical calcium histological calcified,0.999794065952301,1,/content/drive/MyDrive/MACROBATT/INPUT_PDF_FILES/26285706.pdf
104,Sign_symptom,calcium calcified,0.991263747215271,1,/content/drive/MyDrive/MACROBATT/INPUT_PDF_FILES/26285706.pdf
