,Entity Group,Value,Score,Page,Pdf File
0,Age,58-year-old,0.9983598589897156,1,/content/drive/MyDrive/MACROBATT/INPUT_PDF_FILES/26309459.pdf
1,Sex,man,0.9997856020927429,1,/content/drive/MyDrive/MACROBATT/INPUT_PDF_FILES/26309459.pdf
2,Detailed_description,poorly controlled,0.9997752904891968,1,/content/drive/MyDrive/MACROBATT/INPUT_PDF_FILES/26309459.pdf
3,History,hypertension,0.9956148266792297,1,/content/drive/MyDrive/MACROBATT/INPUT_PDF_FILES/26309459.pdf
4,History,type 2,0.9982962608337402,1,/content/drive/MyDrive/MACROBATT/INPUT_PDF_FILES/26309459.pdf
5,Clinical_event,presented,0.9998249411582947,1,/content/drive/MyDrive/MACROBATT/INPUT_PDF_FILES/26309459.pdf
6,Nonbiological_location,ICU,0.9995819330215454,1,/content/drive/MyDrive/MACROBATT/INPUT_PDF_FILES/26309459.pdf
7,Disease_disorder,cardiogenic shock,0.9982409477233887,1,/content/drive/MyDrive/MACROBATT/INPUT_PDF_FILES/26309459.pdf
8,Detailed_description,acute,0.9936524629592896,1,/content/drive/MyDrive/MACROBATT/INPUT_PDF_FILES/26309459.pdf
9,Diagnostic_procedure,Physical examination,0.9999017119407654,1,/content/drive/MyDrive/MACROBATT/INPUT_PDF_FILES/26309459.pdf
10,Lab_value,reduced,0.9994465708732605,1,/content/drive/MyDrive/MACROBATT/INPUT_PDF_FILES/26309459.pdf
11,Diagnostic_procedure,level of of of consciousness,0.9994228482246399,1,/content/drive/MyDrive/MACROBATT/INPUT_PDF_FILES/26309459.pdf
12,Lab_value,weak,0.9996373653411865,1,/content/drive/MyDrive/MACROBATT/INPUT_PDF_FILES/26309459.pdf
13,Diagnostic_procedure,vital,0.9996176958084106,1,/content/drive/MyDrive/MACROBATT/INPUT_PDF_FILES/26309459.pdf
14,Diagnostic_procedure,blood blood pressure,0.999924898147583,1,/content/drive/MyDrive/MACROBATT/INPUT_PDF_FILES/26309459.pdf
15,Lab_value,80/50 80,0.9999476671218872,1,/content/drive/MyDrive/MACROBATT/INPUT_PDF_FILES/26309459.pdf
16,Lab_value,80/50,0.8786447048187256,1,/content/drive/MyDrive/MACROBATT/INPUT_PDF_FILES/26309459.pdf
17,Diagnostic_procedure,oxygen,0.9168848395347595,1,/content/drive/MyDrive/MACROBATT/INPUT_PDF_FILES/26309459.pdf
18,Biological_structure,capillary,0.5697556138038635,1,/content/drive/MyDrive/MACROBATT/INPUT_PDF_FILES/26309459.pdf
19,Diagnostic_procedure,blood blood glucose,0.9956473708152771,1,/content/drive/MyDrive/MACROBATT/INPUT_PDF_FILES/26309459.pdf
20,Lab_value,2.26 125,0.9998438358306885,1,/content/drive/MyDrive/MACROBATT/INPUT_PDF_FILES/26309459.pdf
21,Lab_value,2.26 Glasgow signs mmHg oxygen glucose g/L crackling,0.9323821067810059,1,/content/drive/MyDrive/MACROBATT/INPUT_PDF_FILES/26309459.pdf
22,Diagnostic_procedure,heart rate,0.999688982963562,1,/content/drive/MyDrive/MACROBATT/INPUT_PDF_FILES/26309459.pdf
23,Lab_value,125 bpm,0.7603499889373779,1,/content/drive/MyDrive/MACROBATT/INPUT_PDF_FILES/26309459.pdf
24,Sign_symptom,crackling,0.9994828701019287,1,/content/drive/MyDrive/MACROBATT/INPUT_PDF_FILES/26309459.pdf
25,Diagnostic_procedure,pulmonary,0.9966172575950623,1,/content/drive/MyDrive/MACROBATT/INPUT_PDF_FILES/26309459.pdf
26,Diagnostic_procedure,Cardiovascular examination,0.9999091029167175,1,/content/drive/MyDrive/MACROBATT/INPUT_PDF_FILES/26309459.pdf
27,Sign_symptom,cardiac murmur,0.9996174573898315,1,/content/drive/MyDrive/MACROBATT/INPUT_PDF_FILES/26309459.pdf
28,Sign_symptom,signs of right,0.8459544777870178,1,/content/drive/MyDrive/MACROBATT/INPUT_PDF_FILES/26309459.pdf
29,Diagnostic_procedure,ECG,0.9999272227287292,1,/content/drive/MyDrive/MACROBATT/INPUT_PDF_FILES/26309459.pdf
30,Clinical_event,admission,0.9997102618217468,1,/content/drive/MyDrive/MACROBATT/INPUT_PDF_FILES/26309459.pdf
31,Lab_value,normal,0.9998626708984375,1,/content/drive/MyDrive/MACROBATT/INPUT_PDF_FILES/26309459.pdf
32,Detailed_description,sinus,0.5546932220458984,1,/content/drive/MyDrive/MACROBATT/INPUT_PDF_FILES/26309459.pdf
33,Sign_symptom,extended ST-elevation,0.9997766017913818,1,/content/drive/MyDrive/MACROBATT/INPUT_PDF_FILES/26309459.pdf
34,Diagnostic_procedure,Laboratory results,0.999922513961792,1,/content/drive/MyDrive/MACROBATT/INPUT_PDF_FILES/26309459.pdf
35,Diagnostic_procedure,Troponin I UI/L UI/L,0.9862944483757019,1,/content/drive/MyDrive/MACROBATT/INPUT_PDF_FILES/26309459.pdf
36,Lab_value,6.41,0.9081745743751526,1,/content/drive/MyDrive/MACROBATT/INPUT_PDF_FILES/26309459.pdf
37,Diagnostic_procedure,creatinine creatinine kinase,0.9999366998672485,1,/content/drive/MyDrive/MACROBATT/INPUT_PDF_FILES/26309459.pdf
38,Diagnostic_procedure,CKMB,0.99980628490448,1,/content/drive/MyDrive/MACROBATT/INPUT_PDF_FILES/26309459.pdf
39,Diagnostic_procedure,Lactate deshydrogenase,0.9986032843589783,1,/content/drive/MyDrive/MACROBATT/INPUT_PDF_FILES/26309459.pdf
40,Lab_value,281 UI/L UI/L,0.9982028007507324,1,/content/drive/MyDrive/MACROBATT/INPUT_PDF_FILES/26309459.pdf
41,Diagnostic_procedure,glucose,0.9999586343765259,1,/content/drive/MyDrive/MACROBATT/INPUT_PDF_FILES/26309459.pdf
42,Lab_value,281 2.70 20µg/kg/min,0.9993581175804138,1,/content/drive/MyDrive/MACROBATT/INPUT_PDF_FILES/26309459.pdf
43,Lab_value,2.70 ng/ml deshydrogenase glucose g/l g/l mg agents 0.4µg/kg/min 20µg/kg/min,0.870646059513092,1,/content/drive/MyDrive/MACROBATT/INPUT_PDF_FILES/26309459.pdf
44,Diagnostic_procedure,urea,0.9999046921730042,1,/content/drive/MyDrive/MACROBATT/INPUT_PDF_FILES/26309459.pdf
45,Lab_value,2.70 0.40 0.4µg/kg/min 20µg/kg/min,0.9999231100082397,1,/content/drive/MyDrive/MACROBATT/INPUT_PDF_FILES/26309459.pdf
46,Lab_value,0.40 g/l g/l,0.9968175292015076,1,/content/drive/MyDrive/MACROBATT/INPUT_PDF_FILES/26309459.pdf
47,Diagnostic_procedure,creatinine creatinine,0.9999585151672363,1,/content/drive/MyDrive/MACROBATT/INPUT_PDF_FILES/26309459.pdf
48,Lab_value,6.41 67 18.6,0.8251448273658752,1,/content/drive/MyDrive/MACROBATT/INPUT_PDF_FILES/26309459.pdf
49,Therapeutic_procedure,intubated,0.9995530247688293,1,/content/drive/MyDrive/MACROBATT/INPUT_PDF_FILES/26309459.pdf
50,Therapeutic_procedure,kinase deshydrogenase glucose sedated,0.8887573480606079,1,/content/drive/MyDrive/MACROBATT/INPUT_PDF_FILES/26309459.pdf
51,Therapeutic_procedure,sedated,0.9553165435791016,1,/content/drive/MyDrive/MACROBATT/INPUT_PDF_FILES/26309459.pdf
52,Medication,inotropic agents,0.9981339573860168,1,/content/drive/MyDrive/MACROBATT/INPUT_PDF_FILES/26309459.pdf
53,Medication,norepinephrine,0.9988412261009216,1,/content/drive/MyDrive/MACROBATT/INPUT_PDF_FILES/26309459.pdf
54,Dosage,0.4µg/kg/min,0.8628609776496887,1,/content/drive/MyDrive/MACROBATT/INPUT_PDF_FILES/26309459.pdf
55,Medication,dobutamine,0.999657154083252,1,/content/drive/MyDrive/MACROBATT/INPUT_PDF_FILES/26309459.pdf
56,Dosage,20µg/kg/min,0.9496080875396729,1,/content/drive/MyDrive/MACROBATT/INPUT_PDF_FILES/26309459.pdf
57,Biological_structure,Chest,0.9999406337738037,1,/content/drive/MyDrive/MACROBATT/INPUT_PDF_FILES/26309459.pdf
58,Diagnostic_procedure,X-rays,0.9999425411224365,1,/content/drive/MyDrive/MACROBATT/INPUT_PDF_FILES/26309459.pdf
59,Detailed_description,diffuse,0.9999681711196899,1,/content/drive/MyDrive/MACROBATT/INPUT_PDF_FILES/26309459.pdf
60,Biological_structure,alveolar,0.825050950050354,1,/content/drive/MyDrive/MACROBATT/INPUT_PDF_FILES/26309459.pdf
61,Biological_structure,Transthoracic,0.8716445565223694,1,/content/drive/MyDrive/MACROBATT/INPUT_PDF_FILES/26309459.pdf
62,Diagnostic_procedure,echocardiography,0.999963641166687,1,/content/drive/MyDrive/MACROBATT/INPUT_PDF_FILES/26309459.pdf
63,Biological_structure,wall walls,0.8992067575454712,1,/content/drive/MyDrive/MACROBATT/INPUT_PDF_FILES/26309459.pdf
64,Sign_symptom,motion abnormalities,0.9309282302856445,1,/content/drive/MyDrive/MACROBATT/INPUT_PDF_FILES/26309459.pdf
65,Severity,extensive,0.9997497200965881,1,/content/drive/MyDrive/MACROBATT/INPUT_PDF_FILES/26309459.pdf
66,Sign_symptom,akinesis,0.9061987400054932,1,/content/drive/MyDrive/MACROBATT/INPUT_PDF_FILES/26309459.pdf
67,Biological_structure,anteroseptal anterior,0.9974587559700012,1,/content/drive/MyDrive/MACROBATT/INPUT_PDF_FILES/26309459.pdf
68,Biological_structure,anteroseptal,0.8546624183654785,1,/content/drive/MyDrive/MACROBATT/INPUT_PDF_FILES/26309459.pdf
69,Biological_structure,lateral,0.747083306312561,1,/content/drive/MyDrive/MACROBATT/INPUT_PDF_FILES/26309459.pdf
70,Severity,severe,0.9998067021369934,1,/content/drive/MyDrive/MACROBATT/INPUT_PDF_FILES/26309459.pdf
71,Biological_structure,left ventricular,0.9998882412910461,1,/content/drive/MyDrive/MACROBATT/INPUT_PDF_FILES/26309459.pdf
72,Sign_symptom,systolic dysfunction,0.9967835545539856,1,/content/drive/MyDrive/MACROBATT/INPUT_PDF_FILES/26309459.pdf
73,Diagnostic_procedure,echocardiography revealed abnormalities namely extensive akinesis anteroseptal anterior lateral inferior severe left ventricular ejection,0.9998258948326111,1,/content/drive/MyDrive/MACROBATT/INPUT_PDF_FILES/26309459.pdf
74,Diagnostic_procedure,ejection,0.6530885696411133,1,/content/drive/MyDrive/MACROBATT/INPUT_PDF_FILES/26309459.pdf
75,Diagnostic_procedure,fraction,0.9441381692886353,1,/content/drive/MyDrive/MACROBATT/INPUT_PDF_FILES/26309459.pdf
76,Medication,anticoagulant,0.9998639822006226,1,/content/drive/MyDrive/MACROBATT/INPUT_PDF_FILES/26309459.pdf
77,Biological_structure,coronary coronary,0.9998192191123962,1,/content/drive/MyDrive/MACROBATT/INPUT_PDF_FILES/26309459.pdf
78,Dosage,500 mg,0.9995642900466919,1,/content/drive/MyDrive/MACROBATT/INPUT_PDF_FILES/26309459.pdf
79,Medication,acetylsalicylic acid,0.9042553305625916,1,/content/drive/MyDrive/MACROBATT/INPUT_PDF_FILES/26309459.pdf
80,Administration,subcutaneous,0.9952508211135864,1,/content/drive/MyDrive/MACROBATT/INPUT_PDF_FILES/26309459.pdf
81,Medication,low-molecular-weight heparin,0.9489929676055908,1,/content/drive/MyDrive/MACROBATT/INPUT_PDF_FILES/26309459.pdf
82,Therapeutic_procedure,myocardial,0.9994295239448547,1,/content/drive/MyDrive/MACROBATT/INPUT_PDF_FILES/26309459.pdf
83,Therapeutic_procedure,myocardial revascularization,0.9988670349121094,1,/content/drive/MyDrive/MACROBATT/INPUT_PDF_FILES/26309459.pdf
84,Lab_value,non-improvement,0.9998605251312256,1,/content/drive/MyDrive/MACROBATT/INPUT_PDF_FILES/26309459.pdf
85,Diagnostic_procedure,neurological status,0.9999247789382935,1,/content/drive/MyDrive/MACROBATT/INPUT_PDF_FILES/26309459.pdf
86,Biological_structure,brain,0.9999562501907349,1,/content/drive/MyDrive/MACROBATT/INPUT_PDF_FILES/26309459.pdf
87,Biological_structure,brain indicated infratentorial,0.9999454021453857,1,/content/drive/MyDrive/MACROBATT/INPUT_PDF_FILES/26309459.pdf
88,Biological_structure,infratentorial,0.8445053100585938,1,/content/drive/MyDrive/MACROBATT/INPUT_PDF_FILES/26309459.pdf
89,Sign_symptom,hemorrhage,0.9590579271316528,1,/content/drive/MyDrive/MACROBATT/INPUT_PDF_FILES/26309459.pdf
90,Biological_structure,Cerebral,0.9999171495437622,1,/content/drive/MyDrive/MACROBATT/INPUT_PDF_FILES/26309459.pdf
91,Diagnostic_procedure,angiography,0.9998972415924072,1,/content/drive/MyDrive/MACROBATT/INPUT_PDF_FILES/26309459.pdf
92,Detailed_description,dissecting,0.999619722366333,1,/content/drive/MyDrive/MACROBATT/INPUT_PDF_FILES/26309459.pdf
93,Disease_disorder,angiography aneurysm an anastomotic branch and,0.9995213747024536,1,/content/drive/MyDrive/MACROBATT/INPUT_PDF_FILES/26309459.pdf
94,Disease_disorder,aneurysm,0.9866830706596375,1,/content/drive/MyDrive/MACROBATT/INPUT_PDF_FILES/26309459.pdf
95,Biological_structure,anastomotic branch,0.9990524053573608,1,/content/drive/MyDrive/MACROBATT/INPUT_PDF_FILES/26309459.pdf
96,Biological_structure,left left PICA,0.9999299049377441,1,/content/drive/MyDrive/MACROBATT/INPUT_PDF_FILES/26309459.pdf
97,Biological_structure,V4 segment of of left left vertebral artery,0.9998617172241211,1,/content/drive/MyDrive/MACROBATT/INPUT_PDF_FILES/26309459.pdf
98,Sign_symptom,improved,0.9989081621170044,1,/content/drive/MyDrive/MACROBATT/INPUT_PDF_FILES/26309459.pdf
99,Medication,vasoactive drugs,0.9982880353927612,1,/content/drive/MyDrive/MACROBATT/INPUT_PDF_FILES/26309459.pdf
100,Biological_structure,Left hemicorporeal,0.9999046325683594,1,/content/drive/MyDrive/MACROBATT/INPUT_PDF_FILES/26309459.pdf
101,Sign_symptom,seizures,0.9999305009841919,1,/content/drive/MyDrive/MACROBATT/INPUT_PDF_FILES/26309459.pdf
102,Medication,anticonvulsant,0.9961885213851929,1,/content/drive/MyDrive/MACROBATT/INPUT_PDF_FILES/26309459.pdf
103,Biological_structure,brain brain,0.9999552965164185,1,/content/drive/MyDrive/MACROBATT/INPUT_PDF_FILES/26309459.pdf
104,Sign_symptom,rebleeding,0.9503908753395081,1,/content/drive/MyDrive/MACROBATT/INPUT_PDF_FILES/26309459.pdf
105,Disease_disorder,and angiography aneurysm,0.9999195337295532,1,/content/drive/MyDrive/MACROBATT/INPUT_PDF_FILES/26309459.pdf
106,Diagnostic_procedure,EEG,0.9284965991973877,1,/content/drive/MyDrive/MACROBATT/INPUT_PDF_FILES/26309459.pdf
107,Date,10 days after,0.9998658299446106,1,/content/drive/MyDrive/MACROBATT/INPUT_PDF_FILES/26309459.pdf
108,Clinical_event,discharged,0.9995438456535339,1,/content/drive/MyDrive/MACROBATT/INPUT_PDF_FILES/26309459.pdf
109,Lab_value,stable,0.9990324974060059,1,/content/drive/MyDrive/MACROBATT/INPUT_PDF_FILES/26309459.pdf
110,Diagnostic_procedure,condition,0.9991616010665894,1,/content/drive/MyDrive/MACROBATT/INPUT_PDF_FILES/26309459.pdf
