,Entity Group,Value,Score,Page,Pdf File
0,Age,53-year-old,0.9983711242675781,1,/content/drive/MyDrive/MACROBATT/INPUT_PDF_FILES/26313770.pdf
1,Sex,male,0.9987614154815674,1,/content/drive/MyDrive/MACROBATT/INPUT_PDF_FILES/26313770.pdf
2,Clinical_event,went,0.9994157552719116,1,/content/drive/MyDrive/MACROBATT/INPUT_PDF_FILES/26313770.pdf
3,Nonbiological_location,hospital,0.9989031553268433,1,/content/drive/MyDrive/MACROBATT/INPUT_PDF_FILES/26313770.pdf
4,Severity,massive,0.9996310472488403,1,/content/drive/MyDrive/MACROBATT/INPUT_PDF_FILES/26313770.pdf
5,Biological_structure,gum,0.9998359680175781,1,/content/drive/MyDrive/MACROBATT/INPUT_PDF_FILES/26313770.pdf
6,Sign_symptom,bleeding,0.9999200105667114,1,/content/drive/MyDrive/MACROBATT/INPUT_PDF_FILES/26313770.pdf
7,Disease_disorder,hepatitis C.,0.8936054706573486,1,/content/drive/MyDrive/MACROBATT/INPUT_PDF_FILES/26313770.pdf
8,Medication,PEG-IFN-α-2a,0.9990676045417786,1,/content/drive/MyDrive/MACROBATT/INPUT_PDF_FILES/26313770.pdf
9,Dosage,180,0.9925224184989929,1,/content/drive/MyDrive/MACROBATT/INPUT_PDF_FILES/26313770.pdf
10,Medication,ribavirin,0.9987648129463196,1,/content/drive/MyDrive/MACROBATT/INPUT_PDF_FILES/26313770.pdf
11,Dosage,1200,0.9967972636222839,1,/content/drive/MyDrive/MACROBATT/INPUT_PDF_FILES/26313770.pdf
12,History,denied any autoimmune conditions,0.9995378255844116,1,/content/drive/MyDrive/MACROBATT/INPUT_PDF_FILES/26313770.pdf
13,Diagnostic_procedure,virological virus,0.9999271631240845,1,/content/drive/MyDrive/MACROBATT/INPUT_PDF_FILES/26313770.pdf
14,Diagnostic_procedure,virological data,0.9997666478157043,1,/content/drive/MyDrive/MACROBATT/INPUT_PDF_FILES/26313770.pdf
15,Lab_value,high,0.9998170733451843,1,/content/drive/MyDrive/MACROBATT/INPUT_PDF_FILES/26313770.pdf
16,Diagnostic_procedure,virus load,0.9999268651008606,1,/content/drive/MyDrive/MACROBATT/INPUT_PDF_FILES/26313770.pdf
17,Diagnostic_procedure,HCV,0.998382568359375,1,/content/drive/MyDrive/MACROBATT/INPUT_PDF_FILES/26313770.pdf
18,Diagnostic_procedure,RNA,0.9995415210723877,1,/content/drive/MyDrive/MACROBATT/INPUT_PDF_FILES/26313770.pdf
19,Lab_value,2.1 × 106 IU/mL,0.9985971450805664,1,/content/drive/MyDrive/MACROBATT/INPUT_PDF_FILES/26313770.pdf
20,Diagnostic_procedure,genotype,0.9249383211135864,1,/content/drive/MyDrive/MACROBATT/INPUT_PDF_FILES/26313770.pdf
21,Detailed_description,Rapid,0.9994845390319824,1,/content/drive/MyDrive/MACROBATT/INPUT_PDF_FILES/26313770.pdf
22,Diagnostic_procedure,virological,0.9999521970748901,1,/content/drive/MyDrive/MACROBATT/INPUT_PDF_FILES/26313770.pdf
23,Diagnostic_procedure,virological response,0.9993850588798523,1,/content/drive/MyDrive/MACROBATT/INPUT_PDF_FILES/26313770.pdf
24,Date,fourth week,0.9994300007820129,1,/content/drive/MyDrive/MACROBATT/INPUT_PDF_FILES/26313770.pdf
25,Detailed_description,Partial,0.9999160766601562,1,/content/drive/MyDrive/MACROBATT/INPUT_PDF_FILES/26313770.pdf
26,Detailed_description,early,0.9847739934921265,1,/content/drive/MyDrive/MACROBATT/INPUT_PDF_FILES/26313770.pdf
27,Diagnostic_procedure,virological virological response response,0.9544148445129395,1,/content/drive/MyDrive/MACROBATT/INPUT_PDF_FILES/26313770.pdf
28,Diagnostic_procedure,HCV HCV,0.9994481801986694,1,/content/drive/MyDrive/MACROBATT/INPUT_PDF_FILES/26313770.pdf
29,Lab_value,103 IU/mL IU/mL,0.9731586575508118,1,/content/drive/MyDrive/MACROBATT/INPUT_PDF_FILES/26313770.pdf
30,Detailed_description,delayed,0.6844748258590698,1,/content/drive/MyDrive/MACROBATT/INPUT_PDF_FILES/26313770.pdf
31,Lab_value,IU/mL IU/mL,0.9670325517654419,1,/content/drive/MyDrive/MACROBATT/INPUT_PDF_FILES/26313770.pdf
32,Sign_symptom,depression syndrome,0.9438067078590393,1,/content/drive/MyDrive/MACROBATT/INPUT_PDF_FILES/26313770.pdf
33,Medication,treatment,0.9990662932395935,1,/content/drive/MyDrive/MACROBATT/INPUT_PDF_FILES/26313770.pdf
34,Diagnostic_procedure,viral load,0.9995989799499512,1,/content/drive/MyDrive/MACROBATT/INPUT_PDF_FILES/26313770.pdf
35,Diagnostic_procedure,platelet count,0.9999418258666992,1,/content/drive/MyDrive/MACROBATT/INPUT_PDF_FILES/26313770.pdf
36,Date,EOT,0.9985374212265015,1,/content/drive/MyDrive/MACROBATT/INPUT_PDF_FILES/26313770.pdf
37,Lab_value,92 × × 103 103 cells/μL cells/μL,0.9999179244041443,1,/content/drive/MyDrive/MACROBATT/INPUT_PDF_FILES/26313770.pdf
38,Lab_value,elevated,0.9991181492805481,1,/content/drive/MyDrive/MACROBATT/INPUT_PDF_FILES/26313770.pdf
39,Lab_value,159 × × 103 103 cells/μL cells/μL,0.9999033212661743,1,/content/drive/MyDrive/MACROBATT/INPUT_PDF_FILES/26313770.pdf
40,Date,103 159 103 1 week,0.9301364421844482,1,/content/drive/MyDrive/MACROBATT/INPUT_PDF_FILES/26313770.pdf
41,Diagnostic_procedure,physical examination,0.999527096748352,1,/content/drive/MyDrive/MACROBATT/INPUT_PDF_FILES/26313770.pdf
42,Quantitative_concept,multiple,0.9859123826026917,1,/content/drive/MyDrive/MACROBATT/INPUT_PDF_FILES/26313770.pdf
43,Sign_symptom,petechiae,0.9999517202377319,1,/content/drive/MyDrive/MACROBATT/INPUT_PDF_FILES/26313770.pdf
44,Biological_structure,intracerebral,0.997900128364563,1,/content/drive/MyDrive/MACROBATT/INPUT_PDF_FILES/26313770.pdf
45,Detailed_description,initial,0.9995689988136292,1,/content/drive/MyDrive/MACROBATT/INPUT_PDF_FILES/26313770.pdf
46,Lab_value,4 × 103cells/μL,0.9997477531433105,1,/content/drive/MyDrive/MACROBATT/INPUT_PDF_FILES/26313770.pdf
47,Diagnostic_procedure,Coagulation profile,0.998766303062439,1,/content/drive/MyDrive/MACROBATT/INPUT_PDF_FILES/26313770.pdf
48,Lab_value,normal,0.9998517036437988,1,/content/drive/MyDrive/MACROBATT/INPUT_PDF_FILES/26313770.pdf
49,Diagnostic_procedure,profile prothrombin product,0.9998935461044312,1,/content/drive/MyDrive/MACROBATT/INPUT_PDF_FILES/26313770.pdf
50,Diagnostic_procedure,prothrombin thromboplastin,0.9951286315917969,1,/content/drive/MyDrive/MACROBATT/INPUT_PDF_FILES/26313770.pdf
51,Diagnostic_procedure,prothrombin,0.8417404294013977,1,/content/drive/MyDrive/MACROBATT/INPUT_PDF_FILES/26313770.pdf
52,Diagnostic_procedure,activated partial prothrombin thromboplastin,0.9937548041343689,1,/content/drive/MyDrive/MACROBATT/INPUT_PDF_FILES/26313770.pdf
53,Diagnostic_procedure,thromboplastin,0.8471320271492004,1,/content/drive/MyDrive/MACROBATT/INPUT_PDF_FILES/26313770.pdf
54,Diagnostic_procedure,profile fibrinogen fibrin,0.9348279237747192,1,/content/drive/MyDrive/MACROBATT/INPUT_PDF_FILES/26313770.pdf
55,Diagnostic_procedure,fibrinogen fibrin,0.9458491206169128,1,/content/drive/MyDrive/MACROBATT/INPUT_PDF_FILES/26313770.pdf
56,Diagnostic_procedure,Peripheral blood blood smear,0.9999445676803589,1,/content/drive/MyDrive/MACROBATT/INPUT_PDF_FILES/26313770.pdf
57,Sign_symptom,fragmented red blood blood,0.999168336391449,1,/content/drive/MyDrive/MACROBATT/INPUT_PDF_FILES/26313770.pdf
58,Sign_symptom,helmet cells cells,0.9965437650680542,1,/content/drive/MyDrive/MACROBATT/INPUT_PDF_FILES/26313770.pdf
59,Sign_symptom,platelet,0.7529803514480591,1,/content/drive/MyDrive/MACROBATT/INPUT_PDF_FILES/26313770.pdf
60,Disease_disorder,connective tissue diseases,0.9998351335525513,1,/content/drive/MyDrive/MACROBATT/INPUT_PDF_FILES/26313770.pdf
61,Disease_disorder,systemic lupus erythematosus,0.9998680353164673,1,/content/drive/MyDrive/MACROBATT/INPUT_PDF_FILES/26313770.pdf
62,Disease_disorder,cryoglobulinemia,0.9998411536216736,1,/content/drive/MyDrive/MACROBATT/INPUT_PDF_FILES/26313770.pdf
63,Lab_value,negative,0.9999474287033081,1,/content/drive/MyDrive/MACROBATT/INPUT_PDF_FILES/26313770.pdf
64,Diagnostic_procedure,anti- anti-cardiolipin anti-phospholipid nuclear antibody,0.9998644590377808,1,/content/drive/MyDrive/MACROBATT/INPUT_PDF_FILES/26313770.pdf
65,Diagnostic_procedure,cryoglobulinemia cryoglobulin,0.9768560528755188,1,/content/drive/MyDrive/MACROBATT/INPUT_PDF_FILES/26313770.pdf
66,Lab_value,positive,0.9999366998672485,1,/content/drive/MyDrive/MACROBATT/INPUT_PDF_FILES/26313770.pdf
67,Diagnostic_procedure,anti-cardiolipin IgG IgG,0.9999036192893982,1,/content/drive/MyDrive/MACROBATT/INPUT_PDF_FILES/26313770.pdf
68,Lab_value,116,0.9999297857284546,1,/content/drive/MyDrive/MACROBATT/INPUT_PDF_FILES/26313770.pdf
69,Lab_value,normal normal,0.9984898567199707,1,/content/drive/MyDrive/MACROBATT/INPUT_PDF_FILES/26313770.pdf
70,Diagnostic_procedure,anti-phospholipid,0.9999139904975891,1,/content/drive/MyDrive/MACROBATT/INPUT_PDF_FILES/26313770.pdf
71,Diagnostic_procedure,anti-phospholipid IgG IgG,0.9995145201683044,1,/content/drive/MyDrive/MACROBATT/INPUT_PDF_FILES/26313770.pdf
72,Lab_value,165,0.998796820640564,1,/content/drive/MyDrive/MACROBATT/INPUT_PDF_FILES/26313770.pdf
73,Disease_disorder,Anti-phospholipid syndrome,0.9856647849082947,1,/content/drive/MyDrive/MACROBATT/INPUT_PDF_FILES/26313770.pdf
74,Diagnostic_procedure,Sapporo,0.7216626405715942,1,/content/drive/MyDrive/MACROBATT/INPUT_PDF_FILES/26313770.pdf
75,Biological_structure,Bone marrow marrow,0.7172191143035889,1,/content/drive/MyDrive/MACROBATT/INPUT_PDF_FILES/26313770.pdf
76,Diagnostic_procedure,biopsy,0.9999261498451233,1,/content/drive/MyDrive/MACROBATT/INPUT_PDF_FILES/26313770.pdf
77,Sign_symptom,Anti-phospholipid thromboembolic which hypocellular with without lymphoid,0.9999444484710693,1,/content/drive/MyDrive/MACROBATT/INPUT_PDF_FILES/26313770.pdf
78,Sign_symptom,hypocellular,0.9998160004615784,1,/content/drive/MyDrive/MACROBATT/INPUT_PDF_FILES/26313770.pdf
79,Sign_symptom,hypocellular cellular,0.8746949434280396,1,/content/drive/MyDrive/MACROBATT/INPUT_PDF_FILES/26313770.pdf
80,Biological_structure,marrow marrow,0.9999253749847412,1,/content/drive/MyDrive/MACROBATT/INPUT_PDF_FILES/26313770.pdf
81,Lab_value,events even,0.9998685121536255,1,/content/drive/MyDrive/MACROBATT/INPUT_PDF_FILES/26313770.pdf
82,Diagnostic_procedure,hypocellular cellular distribution,0.9997437596321106,1,/content/drive/MyDrive/MACROBATT/INPUT_PDF_FILES/26313770.pdf
83,Medication,drugs that may cause platelet lysis,0.9993710517883301,1,/content/drive/MyDrive/MACROBATT/INPUT_PDF_FILES/26313770.pdf
84,Detailed_description,Blood,0.99993896484375,1,/content/drive/MyDrive/MACROBATT/INPUT_PDF_FILES/26313770.pdf
85,Therapeutic_procedure,transfusion transfusion,0.999671459197998,1,/content/drive/MyDrive/MACROBATT/INPUT_PDF_FILES/26313770.pdf
86,Lab_value,poor,0.9998639822006226,1,/content/drive/MyDrive/MACROBATT/INPUT_PDF_FILES/26313770.pdf
87,Diagnostic_procedure,response,0.9998261332511902,1,/content/drive/MyDrive/MACROBATT/INPUT_PDF_FILES/26313770.pdf
88,Lab_value,rapid decline,0.9998894333839417,1,/content/drive/MyDrive/MACROBATT/INPUT_PDF_FILES/26313770.pdf
89,Diagnostic_procedure,platelet platelet count,0.9999470710754395,1,/content/drive/MyDrive/MACROBATT/INPUT_PDF_FILES/26313770.pdf
90,Date,next day,0.9985807538032532,1,/content/drive/MyDrive/MACROBATT/INPUT_PDF_FILES/26313770.pdf
91,Disease_disorder,immune thrombocytopenic purpura,0.9996944665908813,1,/content/drive/MyDrive/MACROBATT/INPUT_PDF_FILES/26313770.pdf
92,Administration,intravenous,0.9996973276138306,1,/content/drive/MyDrive/MACROBATT/INPUT_PDF_FILES/26313770.pdf
93,Medication,methylprednisolone,0.9997077584266663,1,/content/drive/MyDrive/MACROBATT/INPUT_PDF_FILES/26313770.pdf
94,Date,November 27,0.9994291067123413,1,/content/drive/MyDrive/MACROBATT/INPUT_PDF_FILES/26313770.pdf
95,Therapeutic_procedure,transfusion,0.9495333433151245,1,/content/drive/MyDrive/MACROBATT/INPUT_PDF_FILES/26313770.pdf
96,Medication,Azathioprine,0.9998475313186646,1,/content/drive/MyDrive/MACROBATT/INPUT_PDF_FILES/26313770.pdf
97,Dosage,once,0.9296824932098389,1,/content/drive/MyDrive/MACROBATT/INPUT_PDF_FILES/26313770.pdf
98,Medication,Hydroxychloroquine,0.9528747200965881,1,/content/drive/MyDrive/MACROBATT/INPUT_PDF_FILES/26313770.pdf
99,Dosage,400,0.9924935102462769,1,/content/drive/MyDrive/MACROBATT/INPUT_PDF_FILES/26313770.pdf
100,Dosage,once daily,0.8329206705093384,1,/content/drive/MyDrive/MACROBATT/INPUT_PDF_FILES/26313770.pdf
101,Diagnostic_procedure,Platelet count,0.999947726726532,1,/content/drive/MyDrive/MACROBATT/INPUT_PDF_FILES/26313770.pdf
102,Lab_value,increased,0.9998636245727539,1,/content/drive/MyDrive/MACROBATT/INPUT_PDF_FILES/26313770.pdf
103,Lab_value,93 × 103 cells/μL,0.9997690916061401,1,/content/drive/MyDrive/MACROBATT/INPUT_PDF_FILES/26313770.pdf
104,Date,17 days after,0.9996359944343567,1,/content/drive/MyDrive/MACROBATT/INPUT_PDF_FILES/26313770.pdf
105,Administration,oral,0.9993534684181213,1,/content/drive/MyDrive/MACROBATT/INPUT_PDF_FILES/26313770.pdf
106,Clinical_event,discharged,0.9995222091674805,1,/content/drive/MyDrive/MACROBATT/INPUT_PDF_FILES/26313770.pdf
107,Lab_value,stable,0.9998397827148438,1,/content/drive/MyDrive/MACROBATT/INPUT_PDF_FILES/26313770.pdf
108,Diagnostic_procedure,condition,0.9997342228889465,1,/content/drive/MyDrive/MACROBATT/INPUT_PDF_FILES/26313770.pdf
109,Diagnostic_procedure,platelet counts,0.9999373555183411,1,/content/drive/MyDrive/MACROBATT/INPUT_PDF_FILES/26313770.pdf
110,Lab_value,117 × 103 cells/μL,0.9998041987419128,1,/content/drive/MyDrive/MACROBATT/INPUT_PDF_FILES/26313770.pdf
111,Diagnostic_procedure,laboratory data,0.9999181032180786,1,/content/drive/MyDrive/MACROBATT/INPUT_PDF_FILES/26313770.pdf
112,Date,after 5 150 30.5GPL months,0.9997726082801819,1,/content/drive/MyDrive/MACROBATT/INPUT_PDF_FILES/26313770.pdf
113,Detailed_description,sustained,0.999968409538269,1,/content/drive/MyDrive/MACROBATT/INPUT_PDF_FILES/26313770.pdf
114,Diagnostic_procedure,virologic,0.9997703433036804,1,/content/drive/MyDrive/MACROBATT/INPUT_PDF_FILES/26313770.pdf
115,Lab_value,above 150 × 103 cells/μL,0.9934899210929871,1,/content/drive/MyDrive/MACROBATT/INPUT_PDF_FILES/26313770.pdf
116,Lab_value,decreased,0.9999452829360962,1,/content/drive/MyDrive/MACROBATT/INPUT_PDF_FILES/26313770.pdf
117,Diagnostic_procedure,anti- anti-phospholipid cardiolipin IgG IgG,0.9537268280982971,1,/content/drive/MyDrive/MACROBATT/INPUT_PDF_FILES/26313770.pdf
