,Entity Group,Value,Score,Page,Pdf File
0,Age,66 year years old,0.9988778233528137,1,/content/drive/MyDrive/MACROBATT/INPUT_PDF_FILES/26327988.pdf
1,History,history of of of UC,0.9997391104698181,1,/content/drive/MyDrive/MACROBATT/INPUT_PDF_FILES/26327988.pdf
2,Medication,mesalazine,0.9293723106384277,1,/content/drive/MyDrive/MACROBATT/INPUT_PDF_FILES/26327988.pdf
3,Duration,since 5 years,0.9997181296348572,1,/content/drive/MyDrive/MACROBATT/INPUT_PDF_FILES/26327988.pdf
4,Clinical_event,consulted,0.9994827508926392,1,/content/drive/MyDrive/MACROBATT/INPUT_PDF_FILES/26327988.pdf
5,Date,July 2012,0.999671220779419,1,/content/drive/MyDrive/MACROBATT/INPUT_PDF_FILES/26327988.pdf
6,Detailed_description,painful,0.9999450445175171,1,/content/drive/MyDrive/MACROBATT/INPUT_PDF_FILES/26327988.pdf
7,Detailed_description,erythematous,0.9999579191207886,1,/content/drive/MyDrive/MACROBATT/INPUT_PDF_FILES/26327988.pdf
8,Sign_symptom,swelling,0.9999581575393677,1,/content/drive/MyDrive/MACROBATT/INPUT_PDF_FILES/26327988.pdf
9,Biological_structure,back of of of erythematous the the right,0.9999105930328369,1,/content/drive/MyDrive/MACROBATT/INPUT_PDF_FILES/26327988.pdf
10,Diagnostic_procedure,bacteriological,0.9999561309814453,1,/content/drive/MyDrive/MACROBATT/INPUT_PDF_FILES/26327988.pdf
11,Diagnostic_procedure,bacteriological samples,0.9999254941940308,1,/content/drive/MyDrive/MACROBATT/INPUT_PDF_FILES/26327988.pdf
12,Coreference,samples lesion,0.9910205006599426,1,/content/drive/MyDrive/MACROBATT/INPUT_PDF_FILES/26327988.pdf
13,Coreference,lesion,0.9907983541488647,1,/content/drive/MyDrive/MACROBATT/INPUT_PDF_FILES/26327988.pdf
14,Sign_symptom,abscesses,0.8526241183280945,1,/content/drive/MyDrive/MACROBATT/INPUT_PDF_FILES/26327988.pdf
15,Medication,antibiotics,0.999881386756897,1,/content/drive/MyDrive/MACROBATT/INPUT_PDF_FILES/26327988.pdf
16,Medication,local antiseptics,0.9995420575141907,1,/content/drive/MyDrive/MACROBATT/INPUT_PDF_FILES/26327988.pdf
17,Detailed_description,characterized erythematous several,0.9999144077301025,1,/content/drive/MyDrive/MACROBATT/INPUT_PDF_FILES/26327988.pdf
18,Detailed_description,vesiculobullous several,0.9999372959136963,1,/content/drive/MyDrive/MACROBATT/INPUT_PDF_FILES/26327988.pdf
19,Detailed_description,vesiculobullous,0.7135509848594666,1,/content/drive/MyDrive/MACROBATT/INPUT_PDF_FILES/26327988.pdf
20,Sign_symptom,centrifugal expansion,0.9998205900192261,1,/content/drive/MyDrive/MACROBATT/INPUT_PDF_FILES/26327988.pdf
21,Biological_structure,back of of the erythematous the the right hand,0.9999139904975891,1,/content/drive/MyDrive/MACROBATT/INPUT_PDF_FILES/26327988.pdf
22,Frequency,several times,0.9969576597213745,1,/content/drive/MyDrive/MACROBATT/INPUT_PDF_FILES/26327988.pdf
23,Diagnostic_procedure,Biopsy,0.9983436465263367,1,/content/drive/MyDrive/MACROBATT/INPUT_PDF_FILES/26327988.pdf
24,Clinical_event,hospitalized,0.9972991347312927,1,/content/drive/MyDrive/MACROBATT/INPUT_PDF_FILES/26327988.pdf
25,Sign_symptom,fever,0.9999614953994751,1,/content/drive/MyDrive/MACROBATT/INPUT_PDF_FILES/26327988.pdf
26,Sign_symptom,polyarthralgia,0.9999604225158691,1,/content/drive/MyDrive/MACROBATT/INPUT_PDF_FILES/26327988.pdf
27,Sign_symptom,impaired,0.9903804063796997,1,/content/drive/MyDrive/MACROBATT/INPUT_PDF_FILES/26327988.pdf
28,Detailed_description,quiescent,0.9999209642410278,1,/content/drive/MyDrive/MACROBATT/INPUT_PDF_FILES/26327988.pdf
29,Diagnostic_procedure,skin examination,0.9999239444732666,1,/content/drive/MyDrive/MACROBATT/INPUT_PDF_FILES/26327988.pdf
30,Detailed_description,erythematous diameter border,0.9999529123306274,1,/content/drive/MyDrive/MACROBATT/INPUT_PDF_FILES/26327988.pdf
31,Sign_symptom,plaque,0.9999347925186157,1,/content/drive/MyDrive/MACROBATT/INPUT_PDF_FILES/26327988.pdf
32,Distance,10 cm,0.9995119571685791,1,/content/drive/MyDrive/MACROBATT/INPUT_PDF_FILES/26327988.pdf
33,Detailed_description,raised border,0.9997652769088745,1,/content/drive/MyDrive/MACROBATT/INPUT_PDF_FILES/26327988.pdf
34,Biological_structure,back of of of erythematous the the right hand,0.9999184608459473,1,/content/drive/MyDrive/MACROBATT/INPUT_PDF_FILES/26327988.pdf
35,Biological_structure,wrist,0.9999492168426514,1,/content/drive/MyDrive/MACROBATT/INPUT_PDF_FILES/26327988.pdf
36,Detailed_description,infiltrated,0.9992947578430176,1,/content/drive/MyDrive/MACROBATT/INPUT_PDF_FILES/26327988.pdf
37,Detailed_description,There erythematous another,0.9999613761901855,1,/content/drive/MyDrive/MACROBATT/INPUT_PDF_FILES/26327988.pdf
38,Biological_structure,right leg,0.9999045729637146,1,/content/drive/MyDrive/MACROBATT/INPUT_PDF_FILES/26327988.pdf
39,Detailed_description,topped with was also an infiltrated erythematous plaque and another a large at ankle large pustule,0.9997418522834778,1,/content/drive/MyDrive/MACROBATT/INPUT_PDF_FILES/26327988.pdf
40,Biological_structure,left ankle,0.9997612237930298,1,/content/drive/MyDrive/MACROBATT/INPUT_PDF_FILES/26327988.pdf
41,Disease_disorder,biological inflammatory syndrome,0.9998752474784851,1,/content/drive/MyDrive/MACROBATT/INPUT_PDF_FILES/26327988.pdf
42,Severity,high,0.999100923538208,1,/content/drive/MyDrive/MACROBATT/INPUT_PDF_FILES/26327988.pdf
43,Sign_symptom,leukocytosis,0.9997547268867493,1,/content/drive/MyDrive/MACROBATT/INPUT_PDF_FILES/26327988.pdf
44,Detailed_description,with neutrophils,0.9992994070053101,1,/content/drive/MyDrive/MACROBATT/INPUT_PDF_FILES/26327988.pdf
45,Diagnostic_procedure,Hepatic,0.9999655485153198,1,/content/drive/MyDrive/MACROBATT/INPUT_PDF_FILES/26327988.pdf
46,Diagnostic_procedure,renal functions,0.999927818775177,1,/content/drive/MyDrive/MACROBATT/INPUT_PDF_FILES/26327988.pdf
47,Diagnostic_procedure,Skin biopsy,0.9998178482055664,1,/content/drive/MyDrive/MACROBATT/INPUT_PDF_FILES/26327988.pdf
48,Biological_structure,edge of of the the the the back of of the the the the closet right hand,0.9997677206993103,1,/content/drive/MyDrive/MACROBATT/INPUT_PDF_FILES/26327988.pdf
49,Sign_symptom,ulcerated epidermis,0.9966649413108826,1,/content/drive/MyDrive/MACROBATT/INPUT_PDF_FILES/26327988.pdf
50,Biological_structure,epidermis dermis,0.9970801472663879,1,/content/drive/MyDrive/MACROBATT/INPUT_PDF_FILES/26327988.pdf
51,Detailed_description,infiltrate rich Skin infiltrate in finding neutrophils,0.9999204874038696,1,/content/drive/MyDrive/MACROBATT/INPUT_PDF_FILES/26327988.pdf
52,Detailed_description,leukocytoclastic,0.9999681711196899,1,/content/drive/MyDrive/MACROBATT/INPUT_PDF_FILES/26327988.pdf
53,Sign_symptom,vasculitis,0.9942958354949951,1,/content/drive/MyDrive/MACROBATT/INPUT_PDF_FILES/26327988.pdf
54,Diagnostic_procedure,Other biopsies,0.999916672706604,1,/content/drive/MyDrive/MACROBATT/INPUT_PDF_FILES/26327988.pdf
55,Detailed_description,infiltrated infiltrate,0.9999592304229736,1,/content/drive/MyDrive/MACROBATT/INPUT_PDF_FILES/26327988.pdf
56,Detailed_description,Other erythematous superficial dermis,0.9999635219573975,1,/content/drive/MyDrive/MACROBATT/INPUT_PDF_FILES/26327988.pdf
57,Sign_symptom,plaques,0.9999517202377319,1,/content/drive/MyDrive/MACROBATT/INPUT_PDF_FILES/26327988.pdf
58,Biological_structure,ankle,0.9999091625213623,1,/content/drive/MyDrive/MACROBATT/INPUT_PDF_FILES/26327988.pdf
59,Lab_value,normal,0.9999213218688965,1,/content/drive/MyDrive/MACROBATT/INPUT_PDF_FILES/26327988.pdf
60,Diagnostic_procedure,appearance,0.999828577041626,1,/content/drive/MyDrive/MACROBATT/INPUT_PDF_FILES/26327988.pdf
61,Sign_symptom,edema,0.8763251304626465,1,/content/drive/MyDrive/MACROBATT/INPUT_PDF_FILES/26327988.pdf
62,Biological_structure,superficial dermis,0.9998894333839417,1,/content/drive/MyDrive/MACROBATT/INPUT_PDF_FILES/26327988.pdf
63,Detailed_description,infiltrated infiltrate rich infiltrated skin infiltrate in confirming neutrophils,0.9999337196350098,1,/content/drive/MyDrive/MACROBATT/INPUT_PDF_FILES/26327988.pdf
64,Medication,Corticosteroid,0.8238450884819031,1,/content/drive/MyDrive/MACROBATT/INPUT_PDF_FILES/26327988.pdf
65,Medication,prednisolone,0.9995237588882446,1,/content/drive/MyDrive/MACROBATT/INPUT_PDF_FILES/26327988.pdf
66,Medication,Corticosteroid started prednisolone dose,0.9852128028869629,1,/content/drive/MyDrive/MACROBATT/INPUT_PDF_FILES/26327988.pdf
67,Dosage,1mg/Kg/j,0.9661166667938232,1,/content/drive/MyDrive/MACROBATT/INPUT_PDF_FILES/26327988.pdf
68,Date,since day 7 of of of of treatment,0.9998677968978882,1,/content/drive/MyDrive/MACROBATT/INPUT_PDF_FILES/26327988.pdf
69,Sign_symptom,recovery of of of of the the the the general condition,0.9998189806938171,1,/content/drive/MyDrive/MACROBATT/INPUT_PDF_FILES/26327988.pdf
70,Disease_disorder,biological inflammatory,0.9976296424865723,1,/content/drive/MyDrive/MACROBATT/INPUT_PDF_FILES/26327988.pdf
