,Entity Group,Value,Score,Page,Pdf File
0,Age,35-year-old,0.9973608255386353,1,/content/drive/MyDrive/MACROBATT/INPUT_PDF_FILES/26336183.pdf
1,Sex,woman,0.9997977614402771,1,/content/drive/MyDrive/MACROBATT/INPUT_PDF_FILES/26336183.pdf
2,Clinical_event,admitted,0.9987913966178894,1,/content/drive/MyDrive/MACROBATT/INPUT_PDF_FILES/26336183.pdf
3,Duration,5-day,0.9995604157447815,1,/content/drive/MyDrive/MACROBATT/INPUT_PDF_FILES/26336183.pdf
4,Sign_symptom,drowsiness,0.9998948574066162,1,/content/drive/MyDrive/MACROBATT/INPUT_PDF_FILES/26336183.pdf
5,Sign_symptom,fatigue,0.9488629698753357,1,/content/drive/MyDrive/MACROBATT/INPUT_PDF_FILES/26336183.pdf
6,Detailed_description,generalised,0.9797435998916626,1,/content/drive/MyDrive/MACROBATT/INPUT_PDF_FILES/26336183.pdf
7,Sign_symptom,weakness,0.9962796568870544,1,/content/drive/MyDrive/MACROBATT/INPUT_PDF_FILES/26336183.pdf
8,Lab_value,deteriorating,0.5957518219947815,1,/content/drive/MyDrive/MACROBATT/INPUT_PDF_FILES/26336183.pdf
9,Duration,10-year,0.9995164275169373,1,/content/drive/MyDrive/MACROBATT/INPUT_PDF_FILES/26336183.pdf
10,History,schizo-affective,0.8845842480659485,1,/content/drive/MyDrive/MACROBATT/INPUT_PDF_FILES/26336183.pdf
11,History,lithium-induced diabetes insipidus,0.9993375539779663,1,/content/drive/MyDrive/MACROBATT/INPUT_PDF_FILES/26336183.pdf
12,History,hypothyroidism,0.9931519627571106,1,/content/drive/MyDrive/MACROBATT/INPUT_PDF_FILES/26336183.pdf
13,Medication,sodium valproate,0.9993444085121155,1,/content/drive/MyDrive/MACROBATT/INPUT_PDF_FILES/26336183.pdf
14,Dosage,1 g twice,0.9982274174690247,1,/content/drive/MyDrive/MACROBATT/INPUT_PDF_FILES/26336183.pdf
15,Medication,carbamazepine,0.7946594953536987,1,/content/drive/MyDrive/MACROBATT/INPUT_PDF_FILES/26336183.pdf
16,Medication,quetiapine,0.9998700618743896,1,/content/drive/MyDrive/MACROBATT/INPUT_PDF_FILES/26336183.pdf
17,Medication,lithium,0.7127748131752014,1,/content/drive/MyDrive/MACROBATT/INPUT_PDF_FILES/26336183.pdf
18,Sign_symptom,drowsy,0.9999277591705322,1,/content/drive/MyDrive/MACROBATT/INPUT_PDF_FILES/26336183.pdf
19,Sign_symptom,difficult to rouse,0.9998213648796082,1,/content/drive/MyDrive/MACROBATT/INPUT_PDF_FILES/26336183.pdf
20,Activity,sleeping,0.8414275050163269,1,/content/drive/MyDrive/MACROBATT/INPUT_PDF_FILES/26336183.pdf
21,Detailed_description,night,0.5202508568763733,1,/content/drive/MyDrive/MACROBATT/INPUT_PDF_FILES/26336183.pdf
22,Diagnostic_procedure,Glasgow Coma Scale,0.9999434947967529,1,/content/drive/MyDrive/MACROBATT/INPUT_PDF_FILES/26336183.pdf
23,Diagnostic_procedure,Glasgow GCS,0.9847185015678406,1,/content/drive/MyDrive/MACROBATT/INPUT_PDF_FILES/26336183.pdf
24,Quantitative_concept,14/15,0.5781763195991516,1,/content/drive/MyDrive/MACROBATT/INPUT_PDF_FILES/26336183.pdf
25,Diagnostic_procedure,mini-mental test score,0.9999259114265442,1,/content/drive/MyDrive/MACROBATT/INPUT_PDF_FILES/26336183.pdf
26,Quantitative_concept,6/10,0.9658127427101135,1,/content/drive/MyDrive/MACROBATT/INPUT_PDF_FILES/26336183.pdf
27,Lab_value,slow,0.9993566870689392,1,/content/drive/MyDrive/MACROBATT/INPUT_PDF_FILES/26336183.pdf
28,Diagnostic_procedure,Neurological examination,0.9998488426208496,1,/content/drive/MyDrive/MACROBATT/INPUT_PDF_FILES/26336183.pdf
29,Lab_value,reduced,0.6444783210754395,1,/content/drive/MyDrive/MACROBATT/INPUT_PDF_FILES/26336183.pdf
30,Diagnostic_procedure,power,0.999854564666748,1,/content/drive/MyDrive/MACROBATT/INPUT_PDF_FILES/26336183.pdf
31,Biological_structure,lower limbs,0.9998851418495178,1,/content/drive/MyDrive/MACROBATT/INPUT_PDF_FILES/26336183.pdf
32,Qualitative_concept,brisk,0.9528411030769348,1,/content/drive/MyDrive/MACROBATT/INPUT_PDF_FILES/26336183.pdf
33,Diagnostic_procedure,reflexes,0.9998012781143188,1,/content/drive/MyDrive/MACROBATT/INPUT_PDF_FILES/26336183.pdf
34,Qualitative_concept,intact,0.7725550532341003,1,/content/drive/MyDrive/MACROBATT/INPUT_PDF_FILES/26336183.pdf
35,Diagnostic_procedure,sensation,0.9995126724243164,1,/content/drive/MyDrive/MACROBATT/INPUT_PDF_FILES/26336183.pdf
36,Biological_structure,Cardiovascular,0.9976885318756104,1,/content/drive/MyDrive/MACROBATT/INPUT_PDF_FILES/26336183.pdf
37,Biological_structure,respiratory,0.9999241828918457,1,/content/drive/MyDrive/MACROBATT/INPUT_PDF_FILES/26336183.pdf
38,Biological_structure,gastrointestinal,0.9999274015426636,1,/content/drive/MyDrive/MACROBATT/INPUT_PDF_FILES/26336183.pdf
39,Diagnostic_procedure,examinations,0.9999278783798218,1,/content/drive/MyDrive/MACROBATT/INPUT_PDF_FILES/26336183.pdf
40,Lab_value,unremarkable,0.9981716275215149,1,/content/drive/MyDrive/MACROBATT/INPUT_PDF_FILES/26336183.pdf
41,Detailed_description,Routine,0.9999167919158936,1,/content/drive/MyDrive/MACROBATT/INPUT_PDF_FILES/26336183.pdf
42,Diagnostic_procedure,biochemistry,0.9999583959579468,1,/content/drive/MyDrive/MACROBATT/INPUT_PDF_FILES/26336183.pdf
43,Diagnostic_procedure,alanine transaminase,0.9999090433120728,1,/content/drive/MyDrive/MACROBATT/INPUT_PDF_FILES/26336183.pdf
44,Lab_value,7 17 u/L u/L u/L,0.9999216198921204,1,/content/drive/MyDrive/MACROBATT/INPUT_PDF_FILES/26336183.pdf
45,Diagnostic_procedure,alkaline phosphatase,0.9998503923416138,1,/content/drive/MyDrive/MACROBATT/INPUT_PDF_FILES/26336183.pdf
46,Lab_value,61 u/L u/L u/L,0.9999138116836548,1,/content/drive/MyDrive/MACROBATT/INPUT_PDF_FILES/26336183.pdf
47,Diagnostic_procedure,γ-glutamyl transferase,0.9998850226402283,1,/content/drive/MyDrive/MACROBATT/INPUT_PDF_FILES/26336183.pdf
48,Lab_value,17 u/L u/L u/L,0.9999192953109741,1,/content/drive/MyDrive/MACROBATT/INPUT_PDF_FILES/26336183.pdf
49,Diagnostic_procedure,bilirubin,0.99956214427948,1,/content/drive/MyDrive/MACROBATT/INPUT_PDF_FILES/26336183.pdf
50,Lab_value,61 6 μmol/L,0.9998906254768372,1,/content/drive/MyDrive/MACROBATT/INPUT_PDF_FILES/26336183.pdf
51,Qualitative_concept,normal normal,0.9967312812805176,1,/content/drive/MyDrive/MACROBATT/INPUT_PDF_FILES/26336183.pdf
52,Detailed_description,serum,0.9997830986976624,1,/content/drive/MyDrive/MACROBATT/INPUT_PDF_FILES/26336183.pdf
53,Diagnostic_procedure,B12,0.9995623826980591,1,/content/drive/MyDrive/MACROBATT/INPUT_PDF_FILES/26336183.pdf
54,Diagnostic_procedure,folate function,0.9999629259109497,1,/content/drive/MyDrive/MACROBATT/INPUT_PDF_FILES/26336183.pdf
55,Diagnostic_procedure,folate,0.9999185800552368,1,/content/drive/MyDrive/MACROBATT/INPUT_PDF_FILES/26336183.pdf
56,Diagnostic_procedure,thyroid function,0.9999359250068665,1,/content/drive/MyDrive/MACROBATT/INPUT_PDF_FILES/26336183.pdf
57,Detailed_description,Serum,0.9985325336456299,1,/content/drive/MyDrive/MACROBATT/INPUT_PDF_FILES/26336183.pdf
58,Diagnostic_procedure,ammonia,0.9998026490211487,1,/content/drive/MyDrive/MACROBATT/INPUT_PDF_FILES/26336183.pdf
59,Lab_value,47 μmol/L,0.9998681545257568,1,/content/drive/MyDrive/MACROBATT/INPUT_PDF_FILES/26336183.pdf
60,Medication,valproate,0.9994416832923889,1,/content/drive/MyDrive/MACROBATT/INPUT_PDF_FILES/26336183.pdf
61,Qualitative_concept,elevated,0.9937718510627747,1,/content/drive/MyDrive/MACROBATT/INPUT_PDF_FILES/26336183.pdf
62,Lab_value,140 mg/L,0.998282790184021,1,/content/drive/MyDrive/MACROBATT/INPUT_PDF_FILES/26336183.pdf
63,Biological_structure,Brain,0.999957799911499,1,/content/drive/MyDrive/MACROBATT/INPUT_PDF_FILES/26336183.pdf
64,Diagnostic_procedure,imaging,0.9999635219573975,1,/content/drive/MyDrive/MACROBATT/INPUT_PDF_FILES/26336183.pdf
65,Diagnostic_procedure,MRI,0.9999735355377197,1,/content/drive/MyDrive/MACROBATT/INPUT_PDF_FILES/26336183.pdf
66,Sign_symptom,haemorrhage,0.9999703168869019,1,/content/drive/MyDrive/MACROBATT/INPUT_PDF_FILES/26336183.pdf
67,Biological_structure,intracranial,0.9997439980506897,1,/content/drive/MyDrive/MACROBATT/INPUT_PDF_FILES/26336183.pdf
68,Diagnostic_procedure,Lumbar puncture,0.9998654127120972,1,/content/drive/MyDrive/MACROBATT/INPUT_PDF_FILES/26336183.pdf
69,Qualitative_concept,clear,0.9789313673973083,1,/content/drive/MyDrive/MACROBATT/INPUT_PDF_FILES/26336183.pdf
70,Biological_structure,cerebrospinal,0.9998265504837036,1,/content/drive/MyDrive/MACROBATT/INPUT_PDF_FILES/26336183.pdf
71,Biological_structure,cerebrospinal fluid,0.9560636281967163,1,/content/drive/MyDrive/MACROBATT/INPUT_PDF_FILES/26336183.pdf
72,Diagnostic_procedure,white,0.9918190240859985,1,/content/drive/MyDrive/MACROBATT/INPUT_PDF_FILES/26336183.pdf
73,Diagnostic_procedure,protein,0.9999493360519409,1,/content/drive/MyDrive/MACROBATT/INPUT_PDF_FILES/26336183.pdf
74,Lab_value,0.25 g/L,0.9070348739624023,1,/content/drive/MyDrive/MACROBATT/INPUT_PDF_FILES/26336183.pdf
75,Diagnostic_procedure,EEG,0.9999221563339233,1,/content/drive/MyDrive/MACROBATT/INPUT_PDF_FILES/26336183.pdf
76,Severity,mild,0.9998143315315247,1,/content/drive/MyDrive/MACROBATT/INPUT_PDF_FILES/26336183.pdf
77,Sign_symptom,slowing,0.999823272228241,1,/content/drive/MyDrive/MACROBATT/INPUT_PDF_FILES/26336183.pdf
78,Sign_symptom,irregularity of background activity,0.9996585845947266,1,/content/drive/MyDrive/MACROBATT/INPUT_PDF_FILES/26336183.pdf
79,Medication,medication,0.9768556356430054,1,/content/drive/MyDrive/MACROBATT/INPUT_PDF_FILES/26336183.pdf
80,Disease_disorder,differential encephalitis encephalomyelitis,0.9995947480201721,1,/content/drive/MyDrive/MACROBATT/INPUT_PDF_FILES/26336183.pdf
81,Disease_disorder,encephalitis encephalomyelitis,0.9769721031188965,1,/content/drive/MyDrive/MACROBATT/INPUT_PDF_FILES/26336183.pdf
82,Disease_disorder,Guillain-Barré syndrome,0.9960739016532898,1,/content/drive/MyDrive/MACROBATT/INPUT_PDF_FILES/26336183.pdf
83,Disease_disorder,acute disseminated encephalomyelitis,0.9998113512992859,1,/content/drive/MyDrive/MACROBATT/INPUT_PDF_FILES/26336183.pdf
84,Disease_disorder,ADEM,0.997175931930542,1,/content/drive/MyDrive/MACROBATT/INPUT_PDF_FILES/26336183.pdf
85,Lab_value,raised,0.9995723366737366,1,/content/drive/MyDrive/MACROBATT/INPUT_PDF_FILES/26336183.pdf
86,Medication,valproate valproate valproate,0.9903202056884766,1,/content/drive/MyDrive/MACROBATT/INPUT_PDF_FILES/26336183.pdf
87,Disease_disorder,encephalopathy,0.8089960813522339,1,/content/drive/MyDrive/MACROBATT/INPUT_PDF_FILES/26336183.pdf
88,Disease_disorder,VHE,0.9906100630760193,1,/content/drive/MyDrive/MACROBATT/INPUT_PDF_FILES/26336183.pdf
89,Medication,sodium valproate valproate valproate,0.99399733543396,1,/content/drive/MyDrive/MACROBATT/INPUT_PDF_FILES/26336183.pdf
90,Lab_value,improvement,0.9992616772651672,1,/content/drive/MyDrive/MACROBATT/INPUT_PDF_FILES/26336183.pdf
91,Activity,sit,0.9988303780555725,1,/content/drive/MyDrive/MACROBATT/INPUT_PDF_FILES/26336183.pdf
92,Activity,communicate,0.9974690675735474,1,/content/drive/MyDrive/MACROBATT/INPUT_PDF_FILES/26336183.pdf
93,Diagnostic_procedure,abbreviated mental test score,0.9999247789382935,1,/content/drive/MyDrive/MACROBATT/INPUT_PDF_FILES/26336183.pdf
94,Lab_value,improved,0.9988540410995483,1,/content/drive/MyDrive/MACROBATT/INPUT_PDF_FILES/26336183.pdf
95,Lab_value,10/10.The,0.998164713382721,1,/content/drive/MyDrive/MACROBATT/INPUT_PDF_FILES/26336183.pdf
96,Lab_value,normalised,0.9976522326469421,1,/content/drive/MyDrive/MACROBATT/INPUT_PDF_FILES/26336183.pdf
97,Lab_value,decreased,0.9989297986030579,1,/content/drive/MyDrive/MACROBATT/INPUT_PDF_FILES/26336183.pdf
98,Date,After 4 days,0.999760627746582,1,/content/drive/MyDrive/MACROBATT/INPUT_PDF_FILES/26336183.pdf
99,Clinical_event,discharged,0.9986432194709778,1,/content/drive/MyDrive/MACROBATT/INPUT_PDF_FILES/26336183.pdf
100,Diagnostic_procedure,investigations,0.9999178647994995,1,/content/drive/MyDrive/MACROBATT/INPUT_PDF_FILES/26336183.pdf
101,Detailed_description,urea cycle,0.9298016428947449,1,/content/drive/MyDrive/MACROBATT/INPUT_PDF_FILES/26336183.pdf
102,Date,weeks,0.9968013763427734,1,/content/drive/MyDrive/MACROBATT/INPUT_PDF_FILES/26336183.pdf
103,Lab_value,stable,0.9968235492706299,1,/content/drive/MyDrive/MACROBATT/INPUT_PDF_FILES/26336183.pdf
104,Sign_symptom,confusion,0.9960488677024841,1,/content/drive/MyDrive/MACROBATT/INPUT_PDF_FILES/26336183.pdf
105,Sign_symptom,walking difficulties,0.9997622966766357,1,/content/drive/MyDrive/MACROBATT/INPUT_PDF_FILES/26336183.pdf
106,Detailed_description,residual,0.9979602098464966,1,/content/drive/MyDrive/MACROBATT/INPUT_PDF_FILES/26336183.pdf
107,Biological_structure,leg,0.9999203681945801,1,/content/drive/MyDrive/MACROBATT/INPUT_PDF_FILES/26336183.pdf
108,Detailed_description,serum serum serum,0.9999450445175171,1,/content/drive/MyDrive/MACROBATT/INPUT_PDF_FILES/26336183.pdf
109,Diagnostic_procedure,amino acids,0.9999334812164307,1,/content/drive/MyDrive/MACROBATT/INPUT_PDF_FILES/26336183.pdf
110,Disease_disorder,carnitine acyl-carnitine carnitine carnitine,0.9943344593048096,1,/content/drive/MyDrive/MACROBATT/INPUT_PDF_FILES/26336183.pdf
111,Disease_disorder,carnitine acyl-carnitine carnitine carnitine deficiency,0.9478867053985596,1,/content/drive/MyDrive/MACROBATT/INPUT_PDF_FILES/26336183.pdf
112,Lab_value,low low low,0.999576985836029,1,/content/drive/MyDrive/MACROBATT/INPUT_PDF_FILES/26336183.pdf
113,Detailed_description,free,0.99988853931427,1,/content/drive/MyDrive/MACROBATT/INPUT_PDF_FILES/26336183.pdf
114,Lab_value,14.2,0.994681179523468,1,/content/drive/MyDrive/MACROBATT/INPUT_PDF_FILES/26336183.pdf
115,Lab_value,14.2 23–52 27–63,0.9073337316513062,1,/content/drive/MyDrive/MACROBATT/INPUT_PDF_FILES/26336183.pdf
116,Detailed_description,total,0.9996204376220703,1,/content/drive/MyDrive/MACROBATT/INPUT_PDF_FILES/26336183.pdf
117,Lab_value,19.9,0.6416895985603333,1,/content/drive/MyDrive/MACROBATT/INPUT_PDF_FILES/26336183.pdf
118,Administration,oral,0.9993065595626831,1,/content/drive/MyDrive/MACROBATT/INPUT_PDF_FILES/26336183.pdf
119,Diagnostic_procedure,carnitine,0.99989914894104,1,/content/drive/MyDrive/MACROBATT/INPUT_PDF_FILES/26336183.pdf
120,Date,2 25.2,0.9604617953300476,1,/content/drive/MyDrive/MACROBATT/INPUT_PDF_FILES/26336183.pdf
121,Sign_symptom,symptoms,0.9999178647994995,1,/content/drive/MyDrive/MACROBATT/INPUT_PDF_FILES/26336183.pdf
122,Lab_value,normalisation,0.9911007285118103,1,/content/drive/MyDrive/MACROBATT/INPUT_PDF_FILES/26336183.pdf
123,Diagnostic_procedure,carnitine carnitine carnitine,0.999757707118988,1,/content/drive/MyDrive/MACROBATT/INPUT_PDF_FILES/26336183.pdf
124,Lab_value,25.2 μmol/L μmol/L,0.9991570115089417,1,/content/drive/MyDrive/MACROBATT/INPUT_PDF_FILES/26336183.pdf
125,Lab_value,μmol/L μmol/L,0.7628812193870544,1,/content/drive/MyDrive/MACROBATT/INPUT_PDF_FILES/26336183.pdf
126,Lab_value,41.3,0.9966621398925781,1,/content/drive/MyDrive/MACROBATT/INPUT_PDF_FILES/26336183.pdf
127,Medication,sodium valproate valproate,0.9979652166366577,2,/content/drive/MyDrive/MACROBATT/INPUT_PDF_FILES/26336183.pdf
128,Sign_symptom,well,0.9997020363807678,2,/content/drive/MyDrive/MACROBATT/INPUT_PDF_FILES/26336183.pdf
129,Medication,valproate valproate,0.9991341233253479,2,/content/drive/MyDrive/MACROBATT/INPUT_PDF_FILES/26336183.pdf
130,Dosage,1 g long-term once daily,0.999712347984314,2,/content/drive/MyDrive/MACROBATT/INPUT_PDF_FILES/26336183.pdf
131,Detailed_description,long-term,0.9999476671218872,2,/content/drive/MyDrive/MACROBATT/INPUT_PDF_FILES/26336183.pdf
132,Diagnostic_procedure,carnitine,0.9996185302734375,2,/content/drive/MyDrive/MACROBATT/INPUT_PDF_FILES/26336183.pdf
133,Diagnostic_procedure,initially carnitine,0.9994193315505981,2,/content/drive/MyDrive/MACROBATT/INPUT_PDF_FILES/26336183.pdf
