,Entity Group,Value,Score,Page,Pdf File
0,Age,50-year-old,0.9980077743530273,1,/content/drive/MyDrive/MACROBATT/INPUT_PDF_FILES/26350418.pdf
1,Sex,male,0.9994528889656067,1,/content/drive/MyDrive/MACROBATT/INPUT_PDF_FILES/26350418.pdf
2,Clinical_event,admitted,0.9998192191123962,1,/content/drive/MyDrive/MACROBATT/INPUT_PDF_FILES/26350418.pdf
3,Nonbiological_location,Department,0.9994483590126038,1,/content/drive/MyDrive/MACROBATT/INPUT_PDF_FILES/26350418.pdf
4,Biological_structure,thyroid,0.9999258518218994,1,/content/drive/MyDrive/MACROBATT/INPUT_PDF_FILES/26350418.pdf
5,Sign_symptom,nodule,0.9999642372131348,1,/content/drive/MyDrive/MACROBATT/INPUT_PDF_FILES/26350418.pdf
6,Detailed_description,right,0.999937891960144,1,/content/drive/MyDrive/MACROBATT/INPUT_PDF_FILES/26350418.pdf
7,Biological_structure,carotid,0.999921441078186,1,/content/drive/MyDrive/MACROBATT/INPUT_PDF_FILES/26350418.pdf
8,Detailed_description,Doppler,0.9890995025634766,1,/content/drive/MyDrive/MACROBATT/INPUT_PDF_FILES/26350418.pdf
9,Diagnostic_procedure,ultrasound,0.9999666213989258,1,/content/drive/MyDrive/MACROBATT/INPUT_PDF_FILES/26350418.pdf
10,Detailed_description,Fine-needle aspiration,0.8938388824462891,1,/content/drive/MyDrive/MACROBATT/INPUT_PDF_FILES/26350418.pdf
11,Diagnostic_procedure,cytology,0.999774694442749,1,/content/drive/MyDrive/MACROBATT/INPUT_PDF_FILES/26350418.pdf
12,Diagnostic_procedure,Fine-needle FNAC,0.999703586101532,1,/content/drive/MyDrive/MACROBATT/INPUT_PDF_FILES/26350418.pdf
13,Diagnostic_procedure,FNAC,0.5917742252349854,1,/content/drive/MyDrive/MACROBATT/INPUT_PDF_FILES/26350418.pdf
14,Biological_structure,follicular,0.9999603033065796,1,/content/drive/MyDrive/MACROBATT/INPUT_PDF_FILES/26350418.pdf
15,Lab_value,good,0.9966511130332947,1,/content/drive/MyDrive/MACROBATT/INPUT_PDF_FILES/26350418.pdf
16,Detailed_description,small,0.9998375177383423,1,/content/drive/MyDrive/MACROBATT/INPUT_PDF_FILES/26350418.pdf
17,Sign_symptom,palpable,0.9999223947525024,1,/content/drive/MyDrive/MACROBATT/INPUT_PDF_FILES/26350418.pdf
18,Sign_symptom,enlarged,0.9999438524246216,1,/content/drive/MyDrive/MACROBATT/INPUT_PDF_FILES/26350418.pdf
19,Biological_structure,neck,0.9999444484710693,1,/content/drive/MyDrive/MACROBATT/INPUT_PDF_FILES/26350418.pdf
20,Biological_structure,lymph,0.9846127033233643,1,/content/drive/MyDrive/MACROBATT/INPUT_PDF_FILES/26350418.pdf
21,Biological_structure,nodes,0.9954231381416321,1,/content/drive/MyDrive/MACROBATT/INPUT_PDF_FILES/26350418.pdf
22,Biological_structure,Neck,0.9999510049819946,1,/content/drive/MyDrive/MACROBATT/INPUT_PDF_FILES/26350418.pdf
23,Distance,1.3 cm,0.9991897344589233,1,/content/drive/MyDrive/MACROBATT/INPUT_PDF_FILES/26350418.pdf
24,Detailed_description,showed hypoechoic with the right thyroid together with thyroid the lymph,0.9999006986618042,1,/content/drive/MyDrive/MACROBATT/INPUT_PDF_FILES/26350418.pdf
25,Detailed_description,hypoechoic,0.9997839331626892,1,/content/drive/MyDrive/MACROBATT/INPUT_PDF_FILES/26350418.pdf
26,Detailed_description,hypoechoic cervical,0.5566136240959167,1,/content/drive/MyDrive/MACROBATT/INPUT_PDF_FILES/26350418.pdf
27,Sign_symptom,nodule nodules,0.9999144673347473,1,/content/drive/MyDrive/MACROBATT/INPUT_PDF_FILES/26350418.pdf
28,Detailed_description,irregular,0.9971008896827698,1,/content/drive/MyDrive/MACROBATT/INPUT_PDF_FILES/26350418.pdf
29,Shape,margins,0.5798383355140686,1,/content/drive/MyDrive/MACROBATT/INPUT_PDF_FILES/26350418.pdf
30,Biological_structure,thyroid thyroid,0.999910831451416,1,/content/drive/MyDrive/MACROBATT/INPUT_PDF_FILES/26350418.pdf
31,Detailed_description,bilateral bilateral,0.9999687671661377,1,/content/drive/MyDrive/MACROBATT/INPUT_PDF_FILES/26350418.pdf
32,Sign_symptom,nodules,0.9993023872375488,1,/content/drive/MyDrive/MACROBATT/INPUT_PDF_FILES/26350418.pdf
33,Diagnostic_procedure,Thyroid function tests,0.9999509453773499,1,/content/drive/MyDrive/MACROBATT/INPUT_PDF_FILES/26350418.pdf
34,Lab_value,normal,0.9997925162315369,1,/content/drive/MyDrive/MACROBATT/INPUT_PDF_FILES/26350418.pdf
35,Detailed_description,Serum,0.9999210834503174,1,/content/drive/MyDrive/MACROBATT/INPUT_PDF_FILES/26350418.pdf
36,Diagnostic_procedure,calcium calcium,0.9999052286148071,1,/content/drive/MyDrive/MACROBATT/INPUT_PDF_FILES/26350418.pdf
37,Lab_value,normal normal normal,0.9996774196624756,1,/content/drive/MyDrive/MACROBATT/INPUT_PDF_FILES/26350418.pdf
38,Diagnostic_procedure,PTH PTH,0.9998496770858765,1,/content/drive/MyDrive/MACROBATT/INPUT_PDF_FILES/26350418.pdf
39,Detailed_description,serum,0.9998487234115601,1,/content/drive/MyDrive/MACROBATT/INPUT_PDF_FILES/26350418.pdf
40,Nonbiological_location,Center,0.9990179538726807,1,/content/drive/MyDrive/MACROBATT/INPUT_PDF_FILES/26350418.pdf
41,Lab_value,elevated,0.9997605681419373,1,/content/drive/MyDrive/MACROBATT/INPUT_PDF_FILES/26350418.pdf
42,Lab_value,68 pg/mL pg/mL,0.9998892545700073,1,/content/drive/MyDrive/MACROBATT/INPUT_PDF_FILES/26350418.pdf
43,Biological_structure,of of confirmed follicular,0.9999291896820068,1,/content/drive/MyDrive/MACROBATT/INPUT_PDF_FILES/26350418.pdf
44,Sign_symptom,lesions,0.9999314546585083,1,/content/drive/MyDrive/MACROBATT/INPUT_PDF_FILES/26350418.pdf
45,Therapeutic_procedure,lobectomy,0.9535115957260132,1,/content/drive/MyDrive/MACROBATT/INPUT_PDF_FILES/26350418.pdf
46,Detailed_description,macroscopic,0.9481716156005859,1,/content/drive/MyDrive/MACROBATT/INPUT_PDF_FILES/26350418.pdf
47,Detailed_description,intraoperative,0.999976396560669,1,/content/drive/MyDrive/MACROBATT/INPUT_PDF_FILES/26350418.pdf
48,Detailed_description,frozen-section,0.9998829960823059,1,/content/drive/MyDrive/MACROBATT/INPUT_PDF_FILES/26350418.pdf
49,Detailed_description,pathological,0.9999374151229858,1,/content/drive/MyDrive/MACROBATT/INPUT_PDF_FILES/26350418.pdf
50,Diagnostic_procedure,histology,0.9996910095214844,1,/content/drive/MyDrive/MACROBATT/INPUT_PDF_FILES/26350418.pdf
51,Sign_symptom,infiltrative growth,0.9928777813911438,1,/content/drive/MyDrive/MACROBATT/INPUT_PDF_FILES/26350418.pdf
52,Sign_symptom,tumor,0.9999188184738159,1,/content/drive/MyDrive/MACROBATT/INPUT_PDF_FILES/26350418.pdf
53,Sign_symptom,invasion,0.9999618530273438,1,/content/drive/MyDrive/MACROBATT/INPUT_PDF_FILES/26350418.pdf
54,Biological_structure,cervical soft tissues,0.9998652935028076,1,/content/drive/MyDrive/MACROBATT/INPUT_PDF_FILES/26350418.pdf
55,Diagnostic_procedure,Immunostaining,0.9999610185623169,1,/content/drive/MyDrive/MACROBATT/INPUT_PDF_FILES/26350418.pdf
56,Diagnostic_procedure,thyroglobulin,0.9999117851257324,1,/content/drive/MyDrive/MACROBATT/INPUT_PDF_FILES/26350418.pdf
57,Diagnostic_procedure,chromogranin,0.9999446868896484,1,/content/drive/MyDrive/MACROBATT/INPUT_PDF_FILES/26350418.pdf
58,Diagnostic_procedure,chromogranin A,0.9670195579528809,1,/content/drive/MyDrive/MACROBATT/INPUT_PDF_FILES/26350418.pdf
59,Diagnostic_procedure,PTH,0.9999306797981262,1,/content/drive/MyDrive/MACROBATT/INPUT_PDF_FILES/26350418.pdf
60,Lab_value,strong reactivity,0.999857485294342,1,/content/drive/MyDrive/MACROBATT/INPUT_PDF_FILES/26350418.pdf
61,Diagnostic_procedure,light microscopic findings,0.9998752474784851,1,/content/drive/MyDrive/MACROBATT/INPUT_PDF_FILES/26350418.pdf
62,Diagnostic_procedure,calcium,0.9999494552612305,1,/content/drive/MyDrive/MACROBATT/INPUT_PDF_FILES/26350418.pdf
63,Diagnostic_procedure,phosphate,0.9999641180038452,1,/content/drive/MyDrive/MACROBATT/INPUT_PDF_FILES/26350418.pdf
64,Date,One month after,0.9997916221618652,1,/content/drive/MyDrive/MACROBATT/INPUT_PDF_FILES/26350418.pdf
65,Detailed_description,plasma,0.9999464750289917,1,/content/drive/MyDrive/MACROBATT/INPUT_PDF_FILES/26350418.pdf
66,Lab_value,9.6 mg/dL,0.9998047947883606,1,/content/drive/MyDrive/MACROBATT/INPUT_PDF_FILES/26350418.pdf
67,Lab_value,47 pg/mL,0.9656115174293518,1,/content/drive/MyDrive/MACROBATT/INPUT_PDF_FILES/26350418.pdf
68,Biological_structure,total body,0.9999002814292908,1,/content/drive/MyDrive/MACROBATT/INPUT_PDF_FILES/26350418.pdf
69,Diagnostic_procedure,computed tomography,0.9999520182609558,1,/content/drive/MyDrive/MACROBATT/INPUT_PDF_FILES/26350418.pdf
70,Lab_value,negative,0.9999228715896606,1,/content/drive/MyDrive/MACROBATT/INPUT_PDF_FILES/26350418.pdf
71,Detailed_description,local,0.9999089241027832,1,/content/drive/MyDrive/MACROBATT/INPUT_PDF_FILES/26350418.pdf
72,Detailed_description,metastatic,0.9999752044677734,1,/content/drive/MyDrive/MACROBATT/INPUT_PDF_FILES/26350418.pdf
73,Date,Eight months later,0.9976080060005188,1,/content/drive/MyDrive/MACROBATT/INPUT_PDF_FILES/26350418.pdf
74,Lab_value,9.1–9.2,0.9981085658073425,1,/content/drive/MyDrive/MACROBATT/INPUT_PDF_FILES/26350418.pdf
75,Lab_value,9.1–9.2 mg/dl,0.9998943209648132,1,/content/drive/MyDrive/MACROBATT/INPUT_PDF_FILES/26350418.pdf
76,Lab_value,38–44 pg/ml,0.9999067783355713,1,/content/drive/MyDrive/MACROBATT/INPUT_PDF_FILES/26350418.pdf
77,Disease_disorder,PHPT,0.9998776912689209,1,/content/drive/MyDrive/MACROBATT/INPUT_PDF_FILES/26350418.pdf
78,Detailed_description,nonfunctioning,0.9983878135681152,1,/content/drive/MyDrive/MACROBATT/INPUT_PDF_FILES/26350418.pdf
79,Subject,first-degree,0.9849774837493896,1,/content/drive/MyDrive/MACROBATT/INPUT_PDF_FILES/26350418.pdf
80,Subject,first-degree relatives,0.9435181617736816,1,/content/drive/MyDrive/MACROBATT/INPUT_PDF_FILES/26350418.pdf
