,Entity Group,Value,Score,Page,Pdf File
0,Age,60-year-old,0.9976621866226196,1,/content/drive/MyDrive/MACROBATT/INPUT_PDF_FILES/26361431.pdf
1,Sex,male,0.9996612071990967,1,/content/drive/MyDrive/MACROBATT/INPUT_PDF_FILES/26361431.pdf
2,Activity,visited,0.9975754618644714,1,/content/drive/MyDrive/MACROBATT/INPUT_PDF_FILES/26361431.pdf
3,Nonbiological_location,outpatient clinic,0.8754740357398987,1,/content/drive/MyDrive/MACROBATT/INPUT_PDF_FILES/26361431.pdf
4,Sign_symptom,mass,0.9997510313987732,1,/content/drive/MyDrive/MACROBATT/INPUT_PDF_FILES/26361431.pdf
5,Disease_disorder,diabetes,0.9891840219497681,1,/content/drive/MyDrive/MACROBATT/INPUT_PDF_FILES/26361431.pdf
6,Disease_disorder,alcoholic,0.8795439004898071,1,/content/drive/MyDrive/MACROBATT/INPUT_PDF_FILES/26361431.pdf
7,Detailed_description,large,0.9965106844902039,1,/content/drive/MyDrive/MACROBATT/INPUT_PDF_FILES/26361431.pdf
8,Distance,10 cm cm,0.9994343519210815,1,/content/drive/MyDrive/MACROBATT/INPUT_PDF_FILES/26361431.pdf
9,Biological_structure,hip,0.999882698059082,1,/content/drive/MyDrive/MACROBATT/INPUT_PDF_FILES/26361431.pdf
10,Distance,5 cm cm,0.9994598031044006,1,/content/drive/MyDrive/MACROBATT/INPUT_PDF_FILES/26361431.pdf
11,Biological_structure,inguinal,0.9813463091850281,1,/content/drive/MyDrive/MACROBATT/INPUT_PDF_FILES/26361431.pdf
12,Biological_structure,lymph node,0.9944174289703369,1,/content/drive/MyDrive/MACROBATT/INPUT_PDF_FILES/26361431.pdf
13,Sign_symptom,palpable,0.9999492168426514,1,/content/drive/MyDrive/MACROBATT/INPUT_PDF_FILES/26361431.pdf
14,Detailed_description,Serum,0.9999426603317261,1,/content/drive/MyDrive/MACROBATT/INPUT_PDF_FILES/26361431.pdf
15,Sign_symptom,tumor,0.9825962781906128,1,/content/drive/MyDrive/MACROBATT/INPUT_PDF_FILES/26361431.pdf
16,Diagnostic_procedure,CEA,0.9969599843025208,1,/content/drive/MyDrive/MACROBATT/INPUT_PDF_FILES/26361431.pdf
17,Diagnostic_procedure,CA 19-9,0.9961647987365723,1,/content/drive/MyDrive/MACROBATT/INPUT_PDF_FILES/26361431.pdf
18,Lab_value,normal normal normal normal normal normal normal normal,0.9735315442085266,1,/content/drive/MyDrive/MACROBATT/INPUT_PDF_FILES/26361431.pdf
19,Detailed_description,serum serum,0.999890923500061,1,/content/drive/MyDrive/MACROBATT/INPUT_PDF_FILES/26361431.pdf
20,Diagnostic_procedure,amylase,0.9998915195465088,1,/content/drive/MyDrive/MACROBATT/INPUT_PDF_FILES/26361431.pdf
21,Lab_value,227,0.9996408224105835,1,/content/drive/MyDrive/MACROBATT/INPUT_PDF_FILES/26361431.pdf
22,Diagnostic_procedure,lipase,0.8769665956497192,1,/content/drive/MyDrive/MACROBATT/INPUT_PDF_FILES/26361431.pdf
23,Diagnostic_procedure,fasting blood sugar,0.9999427795410156,1,/content/drive/MyDrive/MACROBATT/INPUT_PDF_FILES/26361431.pdf
24,Diagnostic_procedure,liver function test,0.9999596476554871,1,/content/drive/MyDrive/MACROBATT/INPUT_PDF_FILES/26361431.pdf
25,Diagnostic_procedure,whereas amylase lipase fasting aspartate aminotransferase aminotransferase phosphatase,0.9999479055404663,1,/content/drive/MyDrive/MACROBATT/INPUT_PDF_FILES/26361431.pdf
26,Diagnostic_procedure,aspartate,0.9998626708984375,1,/content/drive/MyDrive/MACROBATT/INPUT_PDF_FILES/26361431.pdf
27,Diagnostic_procedure,aspartate aminotransferase aminotransferase,0.9995384216308594,1,/content/drive/MyDrive/MACROBATT/INPUT_PDF_FILES/26361431.pdf
28,Lab_value,178,0.9942461848258972,1,/content/drive/MyDrive/MACROBATT/INPUT_PDF_FILES/26361431.pdf
29,Diagnostic_procedure,alanine aminotransferase aminotransferase,0.9999241232872009,1,/content/drive/MyDrive/MACROBATT/INPUT_PDF_FILES/26361431.pdf
30,Lab_value,225,0.9904972314834595,1,/content/drive/MyDrive/MACROBATT/INPUT_PDF_FILES/26361431.pdf
31,Diagnostic_procedure,normal normal normal normal normal alanine normal alkaline normal all normal,0.9973878264427185,1,/content/drive/MyDrive/MACROBATT/INPUT_PDF_FILES/26361431.pdf
32,Diagnostic_procedure,alkaline phosphatase,0.962276041507721,1,/content/drive/MyDrive/MACROBATT/INPUT_PDF_FILES/26361431.pdf
33,Biological_structure,abdominal,0.9999608993530273,1,/content/drive/MyDrive/MACROBATT/INPUT_PDF_FILES/26361431.pdf
34,Diagnostic_procedure,computerized,0.999961256980896,1,/content/drive/MyDrive/MACROBATT/INPUT_PDF_FILES/26361431.pdf
35,Diagnostic_procedure,computerized tomography,0.9262630939483643,1,/content/drive/MyDrive/MACROBATT/INPUT_PDF_FILES/26361431.pdf
36,Diagnostic_procedure,( (,0.9999532699584961,1,/content/drive/MyDrive/MACROBATT/INPUT_PDF_FILES/26361431.pdf
37,Biological_structure,left left,0.9766726493835449,1,/content/drive/MyDrive/MACROBATT/INPUT_PDF_FILES/26361431.pdf
38,Sign_symptom,mass mass,0.9999679327011108,1,/content/drive/MyDrive/MACROBATT/INPUT_PDF_FILES/26361431.pdf
39,Sign_symptom,enlarged,0.9993990659713745,1,/content/drive/MyDrive/MACROBATT/INPUT_PDF_FILES/26361431.pdf
40,Detailed_description,huge,0.9479939341545105,1,/content/drive/MyDrive/MACROBATT/INPUT_PDF_FILES/26361431.pdf
41,Detailed_description,heterogeneous,0.999967098236084,1,/content/drive/MyDrive/MACROBATT/INPUT_PDF_FILES/26361431.pdf
42,Detailed_description,enhancing,0.9998666048049927,1,/content/drive/MyDrive/MACROBATT/INPUT_PDF_FILES/26361431.pdf
43,Biological_structure,pancreas,0.9986798167228699,1,/content/drive/MyDrive/MACROBATT/INPUT_PDF_FILES/26361431.pdf
44,Diagnostic_procedure,PET,0.9759323596954346,1,/content/drive/MyDrive/MACROBATT/INPUT_PDF_FILES/26361431.pdf
45,Disease_disorder,metastases,0.9969468116760254,1,/content/drive/MyDrive/MACROBATT/INPUT_PDF_FILES/26361431.pdf
46,Therapeutic_procedure,staged surgery,0.9998213052749634,1,/content/drive/MyDrive/MACROBATT/INPUT_PDF_FILES/26361431.pdf
47,Diagnostic_procedure,histopathological,0.9999382495880127,1,/content/drive/MyDrive/MACROBATT/INPUT_PDF_FILES/26361431.pdf
48,Diagnostic_procedure,histopathological report,0.8998916745185852,1,/content/drive/MyDrive/MACROBATT/INPUT_PDF_FILES/26361431.pdf
49,Detailed_description,metastatic,0.9884564280509949,1,/content/drive/MyDrive/MACROBATT/INPUT_PDF_FILES/26361431.pdf
50,Detailed_description,small cell,0.9998875856399536,1,/content/drive/MyDrive/MACROBATT/INPUT_PDF_FILES/26361431.pdf
51,Disease_disorder,neuroendocrine,0.9997957348823547,1,/content/drive/MyDrive/MACROBATT/INPUT_PDF_FILES/26361431.pdf
52,Disease_disorder,neuroendocrine carcinoma,0.9567036032676697,1,/content/drive/MyDrive/MACROBATT/INPUT_PDF_FILES/26361431.pdf
53,Distance,10.5 cm cm,0.9971400499343872,1,/content/drive/MyDrive/MACROBATT/INPUT_PDF_FILES/26361431.pdf
54,Biological_structure,buttock,0.9998599290847778,1,/content/drive/MyDrive/MACROBATT/INPUT_PDF_FILES/26361431.pdf
55,Distance,7 cm cm,0.9995899796485901,1,/content/drive/MyDrive/MACROBATT/INPUT_PDF_FILES/26361431.pdf
56,Sign_symptom,growth,0.999847412109375,1,/content/drive/MyDrive/MACROBATT/INPUT_PDF_FILES/26361431.pdf
57,Diagnostic_procedure,mitotic mitoses,0.9999704360961914,1,/content/drive/MyDrive/MACROBATT/INPUT_PDF_FILES/26361431.pdf
58,Diagnostic_procedure,mitotic index index,0.9999470114707947,1,/content/drive/MyDrive/MACROBATT/INPUT_PDF_FILES/26361431.pdf
59,Lab_value,over 50 50 50 mitoses per 50 50 50 HPF,0.999878466129303,1,/content/drive/MyDrive/MACROBATT/INPUT_PDF_FILES/26361431.pdf
60,Diagnostic_procedure,Ki-67 index index,0.9992363452911377,1,/content/drive/MyDrive/MACROBATT/INPUT_PDF_FILES/26361431.pdf
61,Lab_value,50 50 50,0.9988031387329102,1,/content/drive/MyDrive/MACROBATT/INPUT_PDF_FILES/26361431.pdf
62,Date,"January 21 , , , , , 2015",0.9327320456504822,1,/content/drive/MyDrive/MACROBATT/INPUT_PDF_FILES/26361431.pdf
63,Detailed_description,total total,0.9998956918716431,1,/content/drive/MyDrive/MACROBATT/INPUT_PDF_FILES/26361431.pdf
64,Therapeutic_procedure,pancreatectomy pancreas,0.9998443126678467,1,/content/drive/MyDrive/MACROBATT/INPUT_PDF_FILES/26361431.pdf
65,Therapeutic_procedure,pancreatectomy,0.9844298362731934,1,/content/drive/MyDrive/MACROBATT/INPUT_PDF_FILES/26361431.pdf
66,Therapeutic_procedure,pancreatectomy gastrectomy,0.9155104756355286,1,/content/drive/MyDrive/MACROBATT/INPUT_PDF_FILES/26361431.pdf
67,Therapeutic_procedure,gastrectomy gastric,0.9996917247772217,1,/content/drive/MyDrive/MACROBATT/INPUT_PDF_FILES/26361431.pdf
68,Therapeutic_procedure,gastrectomy,0.9667883515357971,1,/content/drive/MyDrive/MACROBATT/INPUT_PDF_FILES/26361431.pdf
69,Area,9 cm cm × 6 cm cm findings revealing in involving vein diameter,0.9987629652023315,1,/content/drive/MyDrive/MACROBATT/INPUT_PDF_FILES/26361431.pdf
70,Biological_structure,splenic splenic,0.9999358654022217,1,/content/drive/MyDrive/MACROBATT/INPUT_PDF_FILES/26361431.pdf
71,Quantitative_concept,8 of the the 32,0.9945293664932251,1,/content/drive/MyDrive/MACROBATT/INPUT_PDF_FILES/26361431.pdf
72,Biological_structure,Additionally lymph,0.9997119307518005,1,/content/drive/MyDrive/MACROBATT/INPUT_PDF_FILES/26361431.pdf
73,Biological_structure,lymph nodes,0.9955449104309082,1,/content/drive/MyDrive/MACROBATT/INPUT_PDF_FILES/26361431.pdf
74,Date,post-operative,0.9986951947212219,1,/content/drive/MyDrive/MACROBATT/INPUT_PDF_FILES/26361431.pdf
75,Severity,high,0.9986788630485535,1,/content/drive/MyDrive/MACROBATT/INPUT_PDF_FILES/26361431.pdf
76,Sign_symptom,fever,0.9999262094497681,1,/content/drive/MyDrive/MACROBATT/INPUT_PDF_FILES/26361431.pdf
77,Sign_symptom,leukocytosis,0.9999505281448364,1,/content/drive/MyDrive/MACROBATT/INPUT_PDF_FILES/26361431.pdf
78,Detailed_description,infected,0.9999672174453735,1,/content/drive/MyDrive/MACROBATT/INPUT_PDF_FILES/26361431.pdf
79,Sign_symptom,fluid collection,0.999904215335846,1,/content/drive/MyDrive/MACROBATT/INPUT_PDF_FILES/26361431.pdf
80,Biological_structure,lesser sac,0.9999319911003113,1,/content/drive/MyDrive/MACROBATT/INPUT_PDF_FILES/26361431.pdf
81,Distance,4.7 cm-sized,0.7152496576309204,1,/content/drive/MyDrive/MACROBATT/INPUT_PDF_FILES/26361431.pdf
82,Detailed_description,recurring,0.9999569654464722,1,/content/drive/MyDrive/MACROBATT/INPUT_PDF_FILES/26361431.pdf
83,Biological_structure,left hip,0.766241192817688,1,/content/drive/MyDrive/MACROBATT/INPUT_PDF_FILES/26361431.pdf
84,Disease_disorder,infection,0.999834418296814,1,/content/drive/MyDrive/MACROBATT/INPUT_PDF_FILES/26361431.pdf
85,Therapeutic_procedure,removed,0.9996013045310974,1,/content/drive/MyDrive/MACROBATT/INPUT_PDF_FILES/26361431.pdf
86,Biological_structure,left,0.9264917373657227,1,/content/drive/MyDrive/MACROBATT/INPUT_PDF_FILES/26361431.pdf
87,Date,February 3,0.9829682111740112,1,/content/drive/MyDrive/MACROBATT/INPUT_PDF_FILES/26361431.pdf
88,Date,2015,0.9772352576255798,1,/content/drive/MyDrive/MACROBATT/INPUT_PDF_FILES/26361431.pdf
89,Diagnostic_procedure,histopathology,0.999947190284729,1,/content/drive/MyDrive/MACROBATT/INPUT_PDF_FILES/26361431.pdf
90,Clinical_event,discharged,0.999362051486969,1,/content/drive/MyDrive/MACROBATT/INPUT_PDF_FILES/26361431.pdf
91,Disease_disorder,complications,0.9996566772460938,1,/content/drive/MyDrive/MACROBATT/INPUT_PDF_FILES/26361431.pdf
92,Date,February 9,0.9861847758293152,1,/content/drive/MyDrive/MACROBATT/INPUT_PDF_FILES/26361431.pdf
93,Medication,chemotherapy,0.9998871088027954,1,/content/drive/MyDrive/MACROBATT/INPUT_PDF_FILES/26361431.pdf
94,Medication,etoposide,0.9999068975448608,1,/content/drive/MyDrive/MACROBATT/INPUT_PDF_FILES/26361431.pdf
95,Medication,cisplatin,0.9989076852798462,1,/content/drive/MyDrive/MACROBATT/INPUT_PDF_FILES/26361431.pdf
