,Entity Group,Value,Score,Page,Pdf File
0,History,previously healthy,0.9983434081077576,1,/content/drive/MyDrive/MACROBATT/INPUT_PDF_FILES/26395443.pdf
1,Age,28-year-old,0.9990999698638916,1,/content/drive/MyDrive/MACROBATT/INPUT_PDF_FILES/26395443.pdf
2,History,28-year-old Afro-,0.5187951326370239,1,/content/drive/MyDrive/MACROBATT/INPUT_PDF_FILES/26395443.pdf
3,Sex,woman,0.9854692816734314,1,/content/drive/MyDrive/MACROBATT/INPUT_PDF_FILES/26395443.pdf
4,Personal_background,Afro- Brazilian,0.8130590915679932,1,/content/drive/MyDrive/MACROBATT/INPUT_PDF_FILES/26395443.pdf
5,Date,36th pregnancy week,0.9998331069946289,1,/content/drive/MyDrive/MACROBATT/INPUT_PDF_FILES/26395443.pdf
6,History,allergy,0.5808864831924438,1,/content/drive/MyDrive/MACROBATT/INPUT_PDF_FILES/26395443.pdf
7,History,diclofenac,0.8829888701438904,1,/content/drive/MyDrive/MACROBATT/INPUT_PDF_FILES/26395443.pdf
8,Clinical_event,presented,0.9998536109924316,1,/content/drive/MyDrive/MACROBATT/INPUT_PDF_FILES/26395443.pdf
9,Nonbiological_location,emergency department,0.9997038841247559,1,/content/drive/MyDrive/MACROBATT/INPUT_PDF_FILES/26395443.pdf
10,Detailed_description,acute,0.9904941916465759,1,/content/drive/MyDrive/MACROBATT/INPUT_PDF_FILES/26395443.pdf
11,Biological_structure,abdominal,0.9998856782913208,1,/content/drive/MyDrive/MACROBATT/INPUT_PDF_FILES/26395443.pdf
12,Sign_symptom,jaundice,0.9998577833175659,1,/content/drive/MyDrive/MACROBATT/INPUT_PDF_FILES/26395443.pdf
13,Sign_symptom,nausea,0.9876227378845215,1,/content/drive/MyDrive/MACROBATT/INPUT_PDF_FILES/26395443.pdf
14,Diagnostic_procedure,arterial blood pressure,0.9999549984931946,1,/content/drive/MyDrive/MACROBATT/INPUT_PDF_FILES/26395443.pdf
15,Lab_value,110/60mmHg,0.9998223185539246,1,/content/drive/MyDrive/MACROBATT/INPUT_PDF_FILES/26395443.pdf
16,Diagnostic_procedure,heart rate dehydrated,0.9999449849128723,1,/content/drive/MyDrive/MACROBATT/INPUT_PDF_FILES/26395443.pdf
17,Lab_value,98bpm,0.9998151063919067,1,/content/drive/MyDrive/MACROBATT/INPUT_PDF_FILES/26395443.pdf
18,Diagnostic_procedure,axillary,0.9750585556030273,1,/content/drive/MyDrive/MACROBATT/INPUT_PDF_FILES/26395443.pdf
19,Diagnostic_procedure,axillary temperature,0.872279942035675,1,/content/drive/MyDrive/MACROBATT/INPUT_PDF_FILES/26395443.pdf
20,Lab_value,35°C,0.9987461566925049,1,/content/drive/MyDrive/MACROBATT/INPUT_PDF_FILES/26395443.pdf
21,Severity,severely,0.9992560744285583,1,/content/drive/MyDrive/MACROBATT/INPUT_PDF_FILES/26395443.pdf
22,Sign_symptom,dehydrated,0.9826112389564514,1,/content/drive/MyDrive/MACROBATT/INPUT_PDF_FILES/26395443.pdf
23,Lab_value,decreased,0.9998283386230469,1,/content/drive/MyDrive/MACROBATT/INPUT_PDF_FILES/26395443.pdf
24,Diagnostic_procedure,laboratory examinations,0.99994957447052,1,/content/drive/MyDrive/MACROBATT/INPUT_PDF_FILES/26395443.pdf
25,Diagnostic_procedure,hemoglobin,0.9999131560325623,1,/content/drive/MyDrive/MACROBATT/INPUT_PDF_FILES/26395443.pdf
26,Lab_value,12.3g/dL,0.9998362064361572,1,/content/drive/MyDrive/MACROBATT/INPUT_PDF_FILES/26395443.pdf
27,Diagnostic_procedure,leukocytes,0.9999232292175293,1,/content/drive/MyDrive/MACROBATT/INPUT_PDF_FILES/26395443.pdf
28,Lab_value,13 × × 109/mL,0.9998166561126709,1,/content/drive/MyDrive/MACROBATT/INPUT_PDF_FILES/26395443.pdf
29,Diagnostic_procedure,platelets,0.9181849956512451,1,/content/drive/MyDrive/MACROBATT/INPUT_PDF_FILES/26395443.pdf
30,Lab_value,97 × × 103/mm3,0.9996618032455444,1,/content/drive/MyDrive/MACROBATT/INPUT_PDF_FILES/26395443.pdf
31,Diagnostic_procedure,international nationalized ratio ( ( (,0.998643696308136,1,/content/drive/MyDrive/MACROBATT/INPUT_PDF_FILES/26395443.pdf
32,Diagnostic_procedure,INR,0.9063848257064819,1,/content/drive/MyDrive/MACROBATT/INPUT_PDF_FILES/26395443.pdf
33,Medication,fibrinogen,0.9047197699546814,1,/content/drive/MyDrive/MACROBATT/INPUT_PDF_FILES/26395443.pdf
34,Lab_value,98mg/dL,0.999788224697113,1,/content/drive/MyDrive/MACROBATT/INPUT_PDF_FILES/26395443.pdf
35,Diagnostic_procedure,total bilirubin,0.9998983144760132,1,/content/drive/MyDrive/MACROBATT/INPUT_PDF_FILES/26395443.pdf
36,Lab_value,14.2mg/dL,0.998907208442688,1,/content/drive/MyDrive/MACROBATT/INPUT_PDF_FILES/26395443.pdf
37,Detailed_description,serum serum serum,0.7659094333648682,1,/content/drive/MyDrive/MACROBATT/INPUT_PDF_FILES/26395443.pdf
38,Diagnostic_procedure,creatinine,0.9920209646224976,1,/content/drive/MyDrive/MACROBATT/INPUT_PDF_FILES/26395443.pdf
39,Lab_value,3.4mg/dL,0.9871117472648621,1,/content/drive/MyDrive/MACROBATT/INPUT_PDF_FILES/26395443.pdf
40,Diagnostic_procedure,aspartate aminotransferase aminotransferase ( ( (,0.9848601222038269,1,/content/drive/MyDrive/MACROBATT/INPUT_PDF_FILES/26395443.pdf
41,Diagnostic_procedure,AST,0.9989425539970398,1,/content/drive/MyDrive/MACROBATT/INPUT_PDF_FILES/26395443.pdf
42,Lab_value,306U/L,0.9990426301956177,1,/content/drive/MyDrive/MACROBATT/INPUT_PDF_FILES/26395443.pdf
43,Diagnostic_procedure,alanine aminotransferase aminotransferase ( ( (,0.9882068037986755,1,/content/drive/MyDrive/MACROBATT/INPUT_PDF_FILES/26395443.pdf
44,Diagnostic_procedure,ALP,0.9997819066047668,1,/content/drive/MyDrive/MACROBATT/INPUT_PDF_FILES/26395443.pdf
45,Lab_value,302U/L,0.9997551441192627,1,/content/drive/MyDrive/MACROBATT/INPUT_PDF_FILES/26395443.pdf
46,Diagnostic_procedure,arterial arterial bicarbonate,0.9997215867042542,1,/content/drive/MyDrive/MACROBATT/INPUT_PDF_FILES/26395443.pdf
47,Lab_value,11mEq/L,0.9807787537574768,1,/content/drive/MyDrive/MACROBATT/INPUT_PDF_FILES/26395443.pdf
48,Diagnostic_procedure,arterial arterial pH,0.9999120831489563,1,/content/drive/MyDrive/MACROBATT/INPUT_PDF_FILES/26395443.pdf
49,Diagnostic_procedure,blood glucose,0.9999281167984009,1,/content/drive/MyDrive/MACROBATT/INPUT_PDF_FILES/26395443.pdf
50,Lab_value,65mg/dL,0.9998517036437988,1,/content/drive/MyDrive/MACROBATT/INPUT_PDF_FILES/26395443.pdf
51,Diagnostic_procedure,ionic calcium,0.991923451423645,1,/content/drive/MyDrive/MACROBATT/INPUT_PDF_FILES/26395443.pdf
52,Lab_value,12.3g/dL 13 109/mL 103/mm3 14.2mg/dL 11mEq/L 7.21 1.02mmol/L,0.9992430210113525,1,/content/drive/MyDrive/MACROBATT/INPUT_PDF_FILES/26395443.pdf
53,Diagnostic_procedure,ultrasound,0.9999682903289795,1,/content/drive/MyDrive/MACROBATT/INPUT_PDF_FILES/26395443.pdf
54,Sign_symptom,fatty infiltration,0.9999178051948547,1,/content/drive/MyDrive/MACROBATT/INPUT_PDF_FILES/26395443.pdf
55,Biological_structure,liver,0.9999469518661499,1,/content/drive/MyDrive/MACROBATT/INPUT_PDF_FILES/26395443.pdf
56,Medication,fluid load,0.9980841875076294,1,/content/drive/MyDrive/MACROBATT/INPUT_PDF_FILES/26395443.pdf
57,Medication,crystalloids,0.998768150806427,1,/content/drive/MyDrive/MACROBATT/INPUT_PDF_FILES/26395443.pdf
58,Diagnostic_procedure,calcium,0.9994816184043884,1,/content/drive/MyDrive/MACROBATT/INPUT_PDF_FILES/26395443.pdf
59,Diagnostic_procedure,glucose,0.9986237287521362,1,/content/drive/MyDrive/MACROBATT/INPUT_PDF_FILES/26395443.pdf
60,Disease_disorder,The hypothermia,0.9996567964553833,1,/content/drive/MyDrive/MACROBATT/INPUT_PDF_FILES/26395443.pdf
61,Disease_disorder,hypothermia,0.8717620372772217,1,/content/drive/MyDrive/MACROBATT/INPUT_PDF_FILES/26395443.pdf
62,Disease_disorder,AFLP,0.9618828296661377,1,/content/drive/MyDrive/MACROBATT/INPUT_PDF_FILES/26395443.pdf
63,Lab_value,confirmed,0.999884843826294,1,/content/drive/MyDrive/MACROBATT/INPUT_PDF_FILES/26395443.pdf
64,Diagnostic_procedure,Swansea ’ diagnosis was Swansea s criteria,0.9998430013656616,1,/content/drive/MyDrive/MACROBATT/INPUT_PDF_FILES/26395443.pdf
65,Therapeutic_procedure,cesarean section,0.9996733665466309,1,/content/drive/MyDrive/MACROBATT/INPUT_PDF_FILES/26395443.pdf
66,Therapeutic_procedure,thromboelastometry the the,0.9998948574066162,1,/content/drive/MyDrive/MACROBATT/INPUT_PDF_FILES/26395443.pdf
67,Therapeutic_procedure,thromboelastometry,0.9976300001144409,1,/content/drive/MyDrive/MACROBATT/INPUT_PDF_FILES/26395443.pdf
68,Severity,intense,0.9997705817222595,1,/content/drive/MyDrive/MACROBATT/INPUT_PDF_FILES/26395443.pdf
69,Detailed_description,kinetic,0.9999721050262451,1,/content/drive/MyDrive/MACROBATT/INPUT_PDF_FILES/26395443.pdf
70,Detailed_description,structural,0.9999594688415527,1,/content/drive/MyDrive/MACROBATT/INPUT_PDF_FILES/26395443.pdf
71,Sign_symptom,The thromboelastometry showed hypocoagulable,0.9999169111251831,1,/content/drive/MyDrive/MACROBATT/INPUT_PDF_FILES/26395443.pdf
72,Sign_symptom,hypocoagulable,0.7981399297714233,1,/content/drive/MyDrive/MACROBATT/INPUT_PDF_FILES/26395443.pdf
73,Sign_symptom,hypocoagulable state,0.9828433394432068,1,/content/drive/MyDrive/MACROBATT/INPUT_PDF_FILES/26395443.pdf
74,Diagnostic_procedure,FIBTEM,0.9999573230743408,1,/content/drive/MyDrive/MACROBATT/INPUT_PDF_FILES/26395443.pdf
75,Medication,fibrinogen deficiency,0.999767005443573,1,/content/drive/MyDrive/MACROBATT/INPUT_PDF_FILES/26395443.pdf
76,Diagnostic_procedure,EXTEM,0.999230146408081,1,/content/drive/MyDrive/MACROBATT/INPUT_PDF_FILES/26395443.pdf
77,Disease_disorder,coagulation factor deficiency,0.9992731809616089,1,/content/drive/MyDrive/MACROBATT/INPUT_PDF_FILES/26395443.pdf
78,Diagnostic_procedure,maximum clot clotting firmness,0.9988390207290649,1,/content/drive/MyDrive/MACROBATT/INPUT_PDF_FILES/26395443.pdf
79,Diagnostic_procedure,MCF,0.9965096116065979,1,/content/drive/MyDrive/MACROBATT/INPUT_PDF_FILES/26395443.pdf
80,Diagnostic_procedure,clotting time,0.9991965293884277,1,/content/drive/MyDrive/MACROBATT/INPUT_PDF_FILES/26395443.pdf
81,Dosage,4.0g,0.9986213445663452,1,/content/drive/MyDrive/MACROBATT/INPUT_PDF_FILES/26395443.pdf
82,Administration,concentrate concentrate,0.9983459711074829,1,/content/drive/MyDrive/MACROBATT/INPUT_PDF_FILES/26395443.pdf
83,Medication,Haemocomplettan®,0.9975069165229797,1,/content/drive/MyDrive/MACROBATT/INPUT_PDF_FILES/26395443.pdf
84,Dosage,1000UI,0.9995137453079224,1,/content/drive/MyDrive/MACROBATT/INPUT_PDF_FILES/26395443.pdf
85,Medication,prothrombin complex,0.9994438886642456,1,/content/drive/MyDrive/MACROBATT/INPUT_PDF_FILES/26395443.pdf
86,Medication,Behring Beriplex® Behring,0.9991176724433899,1,/content/drive/MyDrive/MACROBATT/INPUT_PDF_FILES/26395443.pdf
87,Medication,Beriplex®,0.9612955451011658,1,/content/drive/MyDrive/MACROBATT/INPUT_PDF_FILES/26395443.pdf
88,Diagnostic_procedure,fluid input,0.9700508117675781,1,/content/drive/MyDrive/MACROBATT/INPUT_PDF_FILES/26395443.pdf
89,Diagnostic_procedure,output,0.9998254179954529,1,/content/drive/MyDrive/MACROBATT/INPUT_PDF_FILES/26395443.pdf
90,Therapeutic_procedure,caesarian section,0.9987101554870605,1,/content/drive/MyDrive/MACROBATT/INPUT_PDF_FILES/26395443.pdf
91,Lab_value,2000mL,0.7841708660125732,1,/content/drive/MyDrive/MACROBATT/INPUT_PDF_FILES/26395443.pdf
92,Lab_value,2000mL 200mL,0.9996936321258545,1,/content/drive/MyDrive/MACROBATT/INPUT_PDF_FILES/26395443.pdf
93,Lab_value,succeeded,0.9991121888160706,1,/content/drive/MyDrive/MACROBATT/INPUT_PDF_FILES/26395443.pdf
94,Severity,major,0.9984366297721863,1,/content/drive/MyDrive/MACROBATT/INPUT_PDF_FILES/26395443.pdf
95,Sign_symptom,bleeding,0.9999309778213501,1,/content/drive/MyDrive/MACROBATT/INPUT_PDF_FILES/26395443.pdf
96,Therapeutic_procedure,hemostatic,0.8813996315002441,1,/content/drive/MyDrive/MACROBATT/INPUT_PDF_FILES/26395443.pdf
97,Medication,hemocomponent,0.9985973238945007,1,/content/drive/MyDrive/MACROBATT/INPUT_PDF_FILES/26395443.pdf
98,Medication,fresh frozen plasma,0.9723127484321594,1,/content/drive/MyDrive/MACROBATT/INPUT_PDF_FILES/26395443.pdf
99,Medication,FFP,0.805915355682373,1,/content/drive/MyDrive/MACROBATT/INPUT_PDF_FILES/26395443.pdf
100,Medication,cryoprecipitate,0.8610786199569702,1,/content/drive/MyDrive/MACROBATT/INPUT_PDF_FILES/26395443.pdf
101,Therapeutic_procedure,thromboelastometry the,0.9999473094940186,1,/content/drive/MyDrive/MACROBATT/INPUT_PDF_FILES/26395443.pdf
102,Coreference,surgery,0.9996371269226074,1,/content/drive/MyDrive/MACROBATT/INPUT_PDF_FILES/26395443.pdf
103,Severity,mild,0.9998241066932678,1,/content/drive/MyDrive/MACROBATT/INPUT_PDF_FILES/26395443.pdf
104,Sign_symptom,thromboelastometry the showing hypocoagulation,0.9999630451202393,1,/content/drive/MyDrive/MACROBATT/INPUT_PDF_FILES/26395443.pdf
105,Sign_symptom,hypocoagulation,0.9998676776885986,1,/content/drive/MyDrive/MACROBATT/INPUT_PDF_FILES/26395443.pdf
106,Clinical_event,admitted,0.9998576641082764,1,/content/drive/MyDrive/MACROBATT/INPUT_PDF_FILES/26395443.pdf
107,Nonbiological_location,intensive care unit (,0.9616662263870239,1,/content/drive/MyDrive/MACROBATT/INPUT_PDF_FILES/26395443.pdf
108,Nonbiological_location,ICU,0.9914239645004272,1,/content/drive/MyDrive/MACROBATT/INPUT_PDF_FILES/26395443.pdf
109,Clinical_event,discharged discharged,0.9998235106468201,1,/content/drive/MyDrive/MACROBATT/INPUT_PDF_FILES/26395443.pdf
110,Date,3 3 days days after,0.999854564666748,1,/content/drive/MyDrive/MACROBATT/INPUT_PDF_FILES/26395443.pdf
111,Clinical_event,admission,0.9996601343154907,1,/content/drive/MyDrive/MACROBATT/INPUT_PDF_FILES/26395443.pdf
112,Date,3 3 days days later,0.999864399433136,1,/content/drive/MyDrive/MACROBATT/INPUT_PDF_FILES/26395443.pdf
