,Entity Group,Value,Score,Page,Pdf File
0,Sex,woman,0.9995546936988831,1,/content/drive/MyDrive/MACROBATT/INPUT_PDF_FILES/26405496.pdf
1,Age,aged 31 years,0.9931111335754395,1,/content/drive/MyDrive/MACROBATT/INPUT_PDF_FILES/26405496.pdf
2,History,G2P2,0.9993352890014648,1,/content/drive/MyDrive/MACROBATT/INPUT_PDF_FILES/26405496.pdf
3,History,without any pathological past,0.9969463348388672,1,/content/drive/MyDrive/MACROBATT/INPUT_PDF_FILES/26405496.pdf
4,Lab_value,good,0.9987169504165649,1,/content/drive/MyDrive/MACROBATT/INPUT_PDF_FILES/26405496.pdf
5,Lab_value,normal normal,0.9996065497398376,1,/content/drive/MyDrive/MACROBATT/INPUT_PDF_FILES/26405496.pdf
6,Diagnostic_procedure,blood pressure,0.9999262094497681,1,/content/drive/MyDrive/MACROBATT/INPUT_PDF_FILES/26405496.pdf
7,Clinical_event,follow-up,0.9967766404151917,1,/content/drive/MyDrive/MACROBATT/INPUT_PDF_FILES/26405496.pdf
8,Clinical_event,admitted,0.817094087600708,1,/content/drive/MyDrive/MACROBATT/INPUT_PDF_FILES/26405496.pdf
9,Therapeutic_procedure,caesarian section,0.9995096325874329,1,/content/drive/MyDrive/MACROBATT/INPUT_PDF_FILES/26405496.pdf
10,Duration,38 weeks,0.9753119945526123,1,/content/drive/MyDrive/MACROBATT/INPUT_PDF_FILES/26405496.pdf
11,Biological_structure,spinal,0.9999583959579468,1,/content/drive/MyDrive/MACROBATT/INPUT_PDF_FILES/26405496.pdf
12,Therapeutic_procedure,anesthesia,0.9972565174102783,1,/content/drive/MyDrive/MACROBATT/INPUT_PDF_FILES/26405496.pdf
13,Sign_symptom,hypertensive,0.9999281167984009,1,/content/drive/MyDrive/MACROBATT/INPUT_PDF_FILES/26405496.pdf
14,Lab_value,180/100,0.9982950091362,1,/content/drive/MyDrive/MACROBATT/INPUT_PDF_FILES/26405496.pdf
15,Lab_value,normalized,0.9922999143600464,1,/content/drive/MyDrive/MACROBATT/INPUT_PDF_FILES/26405496.pdf
16,Time,after realization spinal anesthesia patient peak normalized after a treatment few minutes,0.8971350193023682,1,/content/drive/MyDrive/MACROBATT/INPUT_PDF_FILES/26405496.pdf
17,Time,after 12 hours,0.999065101146698,1,/content/drive/MyDrive/MACROBATT/INPUT_PDF_FILES/26405496.pdf
18,Severity,severe,0.9998339414596558,1,/content/drive/MyDrive/MACROBATT/INPUT_PDF_FILES/26405496.pdf
19,Sign_symptom,headache,0.9999245405197144,1,/content/drive/MyDrive/MACROBATT/INPUT_PDF_FILES/26405496.pdf
20,Sign_symptom,apyrexia,0.9953336715698242,1,/content/drive/MyDrive/MACROBATT/INPUT_PDF_FILES/26405496.pdf
21,Detailed_description,three episodes,0.9998791217803955,1,/content/drive/MyDrive/MACROBATT/INPUT_PDF_FILES/26405496.pdf
22,Detailed_description,generalized,0.9999804496765137,1,/content/drive/MyDrive/MACROBATT/INPUT_PDF_FILES/26405496.pdf
23,Detailed_description,tonico-clonic,0.8885089755058289,1,/content/drive/MyDrive/MACROBATT/INPUT_PDF_FILES/26405496.pdf
24,Sign_symptom,convulsions,0.9995450377464294,1,/content/drive/MyDrive/MACROBATT/INPUT_PDF_FILES/26405496.pdf
25,Detailed_description,1st,0.9999532699584961,1,/content/drive/MyDrive/MACROBATT/INPUT_PDF_FILES/26405496.pdf
26,Sign_symptom,convulsion,0.9999567270278931,1,/content/drive/MyDrive/MACROBATT/INPUT_PDF_FILES/26405496.pdf
27,Sign_symptom,convulsion resuscitation injection,0.9973714351654053,1,/content/drive/MyDrive/MACROBATT/INPUT_PDF_FILES/26405496.pdf
28,Time,1st 1 min after,0.999244749546051,1,/content/drive/MyDrive/MACROBATT/INPUT_PDF_FILES/26405496.pdf
29,Therapeutic_procedure,resuscitation,0.9738643169403076,1,/content/drive/MyDrive/MACROBATT/INPUT_PDF_FILES/26405496.pdf
30,Administration,injection,0.9988662004470825,1,/content/drive/MyDrive/MACROBATT/INPUT_PDF_FILES/26405496.pdf
31,Medication,diazepam,0.9996914863586426,1,/content/drive/MyDrive/MACROBATT/INPUT_PDF_FILES/26405496.pdf
32,Diagnostic_procedure,clinical examination,0.9999581575393677,1,/content/drive/MyDrive/MACROBATT/INPUT_PDF_FILES/26405496.pdf
33,Sign_symptom,afebrile,0.9956721067428589,1,/content/drive/MyDrive/MACROBATT/INPUT_PDF_FILES/26405496.pdf
34,Lab_value,140/90 mmHg,0.999925434589386,1,/content/drive/MyDrive/MACROBATT/INPUT_PDF_FILES/26405496.pdf
35,Diagnostic_procedure,Glasgow coma scale,0.9999480843544006,1,/content/drive/MyDrive/MACROBATT/INPUT_PDF_FILES/26405496.pdf
36,Lab_value,140/90 14,0.9998385906219482,1,/content/drive/MyDrive/MACROBATT/INPUT_PDF_FILES/26405496.pdf
37,Sign_symptom,neurological,0.6347758769989014,1,/content/drive/MyDrive/MACROBATT/INPUT_PDF_FILES/26405496.pdf
38,Biological_structure,neck,0.9999418258666992,1,/content/drive/MyDrive/MACROBATT/INPUT_PDF_FILES/26405496.pdf
39,Sign_symptom,rigidity,0.9999384880065918,1,/content/drive/MyDrive/MACROBATT/INPUT_PDF_FILES/26405496.pdf
40,Sign_symptom,rigidity diuresis,0.9999558925628662,1,/content/drive/MyDrive/MACROBATT/INPUT_PDF_FILES/26405496.pdf
41,Sign_symptom,diuresis,0.9990813732147217,1,/content/drive/MyDrive/MACROBATT/INPUT_PDF_FILES/26405496.pdf
42,Diagnostic_procedure,examination of urines,0.9999140501022339,1,/content/drive/MyDrive/MACROBATT/INPUT_PDF_FILES/26405496.pdf
43,Detailed_description,urines urinary,0.9999091625213623,1,/content/drive/MyDrive/MACROBATT/INPUT_PDF_FILES/26405496.pdf
44,Detailed_description,urinary strip,0.997741162776947,1,/content/drive/MyDrive/MACROBATT/INPUT_PDF_FILES/26405496.pdf
45,Lab_value,positive,0.9999290704727173,1,/content/drive/MyDrive/MACROBATT/INPUT_PDF_FILES/26405496.pdf
46,Detailed_description,2nd and 3th,0.9996093511581421,1,/content/drive/MyDrive/MACROBATT/INPUT_PDF_FILES/26405496.pdf
47,Sign_symptom,convulsive crisis,0.9747375249862671,1,/content/drive/MyDrive/MACROBATT/INPUT_PDF_FILES/26405496.pdf
48,Diagnostic_procedure,Laboratory findings,0.9999454617500305,1,/content/drive/MyDrive/MACROBATT/INPUT_PDF_FILES/26405496.pdf
49,Disease_disorder,HELLP syndrome,0.9997791647911072,1,/content/drive/MyDrive/MACROBATT/INPUT_PDF_FILES/26405496.pdf
50,Lab_value,raised,0.9998865127563477,1,/content/drive/MyDrive/MACROBATT/INPUT_PDF_FILES/26405496.pdf
51,Diagnostic_procedure,liver enzymes,0.9999552369117737,1,/content/drive/MyDrive/MACROBATT/INPUT_PDF_FILES/26405496.pdf
52,Diagnostic_procedure,ASAT,0.9999592304229736,1,/content/drive/MyDrive/MACROBATT/INPUT_PDF_FILES/26405496.pdf
53,Lab_value,525,0.9999560117721558,1,/content/drive/MyDrive/MACROBATT/INPUT_PDF_FILES/26405496.pdf
54,Diagnostic_procedure,ALAT,0.7804338932037354,1,/content/drive/MyDrive/MACROBATT/INPUT_PDF_FILES/26405496.pdf
55,Lab_value,214,0.9997404217720032,1,/content/drive/MyDrive/MACROBATT/INPUT_PDF_FILES/26405496.pdf
56,Sign_symptom,hemolysis,0.9974808096885681,1,/content/drive/MyDrive/MACROBATT/INPUT_PDF_FILES/26405496.pdf
57,Lab_value,low,0.9998020529747009,1,/content/drive/MyDrive/MACROBATT/INPUT_PDF_FILES/26405496.pdf
58,Diagnostic_procedure,platelet platelet/mL count,0.997859537601471,1,/content/drive/MyDrive/MACROBATT/INPUT_PDF_FILES/26405496.pdf
59,Diagnostic_procedure,platelet platelet/mL,0.6549896001815796,1,/content/drive/MyDrive/MACROBATT/INPUT_PDF_FILES/26405496.pdf
60,Diagnostic_procedure,renal function,0.9999577403068542,1,/content/drive/MyDrive/MACROBATT/INPUT_PDF_FILES/26405496.pdf
61,Diagnostic_procedure,inflammatory,0.998043417930603,1,/content/drive/MyDrive/MACROBATT/INPUT_PDF_FILES/26405496.pdf
62,Diagnostic_procedure,thyroid hormones,0.9990749359130859,1,/content/drive/MyDrive/MACROBATT/INPUT_PDF_FILES/26405496.pdf
63,Diagnostic_procedure,viral serology,0.9999146461486816,1,/content/drive/MyDrive/MACROBATT/INPUT_PDF_FILES/26405496.pdf
64,Clinical_event,transferred,0.9998739957809448,1,/content/drive/MyDrive/MACROBATT/INPUT_PDF_FILES/26405496.pdf
65,Nonbiological_location,intensive care unit,0.9994177222251892,1,/content/drive/MyDrive/MACROBATT/INPUT_PDF_FILES/26405496.pdf
66,Medication,magnesium sulfate,0.9995542764663696,1,/content/drive/MyDrive/MACROBATT/INPUT_PDF_FILES/26405496.pdf
67,Medication,calcium channel blocker,0.9990813136100769,1,/content/drive/MyDrive/MACROBATT/INPUT_PDF_FILES/26405496.pdf
68,Medication,nicardipine,0.9997711777687073,1,/content/drive/MyDrive/MACROBATT/INPUT_PDF_FILES/26405496.pdf
69,Medication,antiepileptic,0.9998281002044678,1,/content/drive/MyDrive/MACROBATT/INPUT_PDF_FILES/26405496.pdf
70,Medication,phenobarbital,0.9904555678367615,1,/content/drive/MyDrive/MACROBATT/INPUT_PDF_FILES/26405496.pdf
71,Medication,The she phenobarbital heparin,0.9996415376663208,1,/content/drive/MyDrive/MACROBATT/INPUT_PDF_FILES/26405496.pdf
72,Sign_symptom,anemia and transfusion and,0.9999459981918335,1,/content/drive/MyDrive/MACROBATT/INPUT_PDF_FILES/26405496.pdf
73,Sign_symptom,anemia,0.9999500513076782,1,/content/drive/MyDrive/MACROBATT/INPUT_PDF_FILES/26405496.pdf
74,Sign_symptom,thrombopenia,0.9999518394470215,1,/content/drive/MyDrive/MACROBATT/INPUT_PDF_FILES/26405496.pdf
75,Therapeutic_procedure,transfusion,0.997987687587738,1,/content/drive/MyDrive/MACROBATT/INPUT_PDF_FILES/26405496.pdf
76,Medication,packed red blood cells,0.9994992017745972,1,/content/drive/MyDrive/MACROBATT/INPUT_PDF_FILES/26405496.pdf
77,Medication,platelet,0.999548077583313,1,/content/drive/MyDrive/MACROBATT/INPUT_PDF_FILES/26405496.pdf
78,Diagnostic_procedure,magnetic resonance imaging,0.9998504519462585,1,/content/drive/MyDrive/MACROBATT/INPUT_PDF_FILES/26405496.pdf
79,Diagnostic_procedure,MRI,0.9999569654464722,1,/content/drive/MyDrive/MACROBATT/INPUT_PDF_FILES/26405496.pdf
80,Time,one zones hour after,0.999195396900177,1,/content/drive/MyDrive/MACROBATT/INPUT_PDF_FILES/26405496.pdf
81,Sign_symptom,zones,0.9998663663864136,1,/content/drive/MyDrive/MACROBATT/INPUT_PDF_FILES/26405496.pdf
82,Diagnostic_procedure,The hour the showed hyposignal hypersignal the the white,0.999881386756897,1,/content/drive/MyDrive/MACROBATT/INPUT_PDF_FILES/26405496.pdf
83,Diagnostic_procedure,hyposignal hypersignal,0.9984083771705627,1,/content/drive/MyDrive/MACROBATT/INPUT_PDF_FILES/26405496.pdf
84,Diagnostic_procedure,hyposignal,0.9437827467918396,1,/content/drive/MyDrive/MACROBATT/INPUT_PDF_FILES/26405496.pdf
85,Diagnostic_procedure,hypersignal T2,0.9983747601509094,1,/content/drive/MyDrive/MACROBATT/INPUT_PDF_FILES/26405496.pdf
86,Diagnostic_procedure,flair,0.9884646534919739,1,/content/drive/MyDrive/MACROBATT/INPUT_PDF_FILES/26405496.pdf
87,Biological_structure,cerebral,0.9999572038650513,1,/content/drive/MyDrive/MACROBATT/INPUT_PDF_FILES/26405496.pdf
88,Biological_structure,parietal,0.9732048511505127,1,/content/drive/MyDrive/MACROBATT/INPUT_PDF_FILES/26405496.pdf
89,Biological_structure,parietal occipital,0.9797939658164978,1,/content/drive/MyDrive/MACROBATT/INPUT_PDF_FILES/26405496.pdf
90,Biological_structure,resonance one hour episode of convulsion showed zones hyposignal cortex occipital sub-cortical,0.9999305009841919,1,/content/drive/MyDrive/MACROBATT/INPUT_PDF_FILES/26405496.pdf
91,Biological_structure,occipital sub-cortical,0.9294425249099731,1,/content/drive/MyDrive/MACROBATT/INPUT_PDF_FILES/26405496.pdf
92,Biological_structure,sub-cortical,0.9773849844932556,1,/content/drive/MyDrive/MACROBATT/INPUT_PDF_FILES/26405496.pdf
93,Biological_structure,Intracranial venous sinuses,0.9632996320724487,1,/content/drive/MyDrive/MACROBATT/INPUT_PDF_FILES/26405496.pdf
94,Disease_disorder,PRES syndrome,0.99893718957901,1,/content/drive/MyDrive/MACROBATT/INPUT_PDF_FILES/26405496.pdf
95,Disease_disorder,preeclampsia,0.9997953772544861,1,/content/drive/MyDrive/MACROBATT/INPUT_PDF_FILES/26405496.pdf
96,Clinical_event,post-partum,0.8133635520935059,1,/content/drive/MyDrive/MACROBATT/INPUT_PDF_FILES/26405496.pdf
97,Diagnostic_procedure,electroencephalogram,0.9998579025268555,1,/content/drive/MyDrive/MACROBATT/INPUT_PDF_FILES/26405496.pdf
98,Diagnostic_procedure,EEG,0.9915046095848083,1,/content/drive/MyDrive/MACROBATT/INPUT_PDF_FILES/26405496.pdf
99,Date,in the second day,0.9997689723968506,1,/content/drive/MyDrive/MACROBATT/INPUT_PDF_FILES/26405496.pdf
100,Lab_value,normalization normalization,0.9999030828475952,1,/content/drive/MyDrive/MACROBATT/INPUT_PDF_FILES/26405496.pdf
101,Sign_symptom,state,0.7275646924972534,1,/content/drive/MyDrive/MACROBATT/INPUT_PDF_FILES/26405496.pdf
102,Clinical_event,discharged,0.9994600415229797,1,/content/drive/MyDrive/MACROBATT/INPUT_PDF_FILES/26405496.pdf
103,Diagnostic_procedure,condition,0.9997918009757996,1,/content/drive/MyDrive/MACROBATT/INPUT_PDF_FILES/26405496.pdf
104,Medication,beta-blocker,0.998566746711731,1,/content/drive/MyDrive/MACROBATT/INPUT_PDF_FILES/26405496.pdf
105,Medication,sodium valproate,0.9994279146194458,1,/content/drive/MyDrive/MACROBATT/INPUT_PDF_FILES/26405496.pdf
106,Duration,three months,0.9991651773452759,1,/content/drive/MyDrive/MACROBATT/INPUT_PDF_FILES/26405496.pdf
107,Sign_symptom,showed edema,0.9999439716339111,1,/content/drive/MyDrive/MACROBATT/INPUT_PDF_FILES/26405496.pdf
108,Sign_symptom,edema,0.5872951149940491,1,/content/drive/MyDrive/MACROBATT/INPUT_PDF_FILES/26405496.pdf
