,Entity Group,Value,Score,Page,Pdf File
0,Age,33-year-old,0.9983643293380737,1,/content/drive/MyDrive/MACROBATT/INPUT_PDF_FILES/26445413.pdf
1,Sex,man,0.9997920393943787,1,/content/drive/MyDrive/MACROBATT/INPUT_PDF_FILES/26445413.pdf
2,Clinical_event,presented,0.9972805976867676,1,/content/drive/MyDrive/MACROBATT/INPUT_PDF_FILES/26445413.pdf
3,Biological_structure,left flank,0.9999392628669739,1,/content/drive/MyDrive/MACROBATT/INPUT_PDF_FILES/26445413.pdf
4,Detailed_description,dull,0.9999091625213623,1,/content/drive/MyDrive/MACROBATT/INPUT_PDF_FILES/26445413.pdf
5,Biological_structure,abdominal,0.9999462366104126,1,/content/drive/MyDrive/MACROBATT/INPUT_PDF_FILES/26445413.pdf
6,Diagnostic_procedure,computed,0.9675077795982361,1,/content/drive/MyDrive/MACROBATT/INPUT_PDF_FILES/26445413.pdf
7,Detailed_description,solid,0.9999221563339233,1,/content/drive/MyDrive/MACROBATT/INPUT_PDF_FILES/26445413.pdf
8,Biological_structure,renal,0.999931812286377,1,/content/drive/MyDrive/MACROBATT/INPUT_PDF_FILES/26445413.pdf
9,Sign_symptom,mass,0.9999594688415527,1,/content/drive/MyDrive/MACROBATT/INPUT_PDF_FILES/26445413.pdf
10,Biological_structure,kidney,0.9938388466835022,1,/content/drive/MyDrive/MACROBATT/INPUT_PDF_FILES/26445413.pdf
11,Volume,2.8 2.8 cm cm cm × × 2.8 2.8 cm cm cm × × 2.5 cm cm cm,0.9982353448867798,1,/content/drive/MyDrive/MACROBATT/INPUT_PDF_FILES/26445413.pdf
12,Sign_symptom,other abnormal,0.9808357954025269,1,/content/drive/MyDrive/MACROBATT/INPUT_PDF_FILES/26445413.pdf
13,Detailed_description,distant,0.9990795850753784,1,/content/drive/MyDrive/MACROBATT/INPUT_PDF_FILES/26445413.pdf
14,Sign_symptom,metastasis metastasis,0.9999216794967651,1,/content/drive/MyDrive/MACROBATT/INPUT_PDF_FILES/26445413.pdf
15,Sign_symptom,distant metastasis metastasis,0.6834235787391663,1,/content/drive/MyDrive/MACROBATT/INPUT_PDF_FILES/26445413.pdf
16,Biological_structure,abnormal lymph,0.9996829032897949,1,/content/drive/MyDrive/MACROBATT/INPUT_PDF_FILES/26445413.pdf
17,Biological_structure,lymph,0.9997548460960388,1,/content/drive/MyDrive/MACROBATT/INPUT_PDF_FILES/26445413.pdf
18,Detailed_description,Radical,0.9999707937240601,1,/content/drive/MyDrive/MACROBATT/INPUT_PDF_FILES/26445413.pdf
19,Therapeutic_procedure,nephrectomy,0.9999476671218872,1,/content/drive/MyDrive/MACROBATT/INPUT_PDF_FILES/26445413.pdf
20,Therapeutic_procedure,nephrectomy measured measured,0.999303936958313,1,/content/drive/MyDrive/MACROBATT/INPUT_PDF_FILES/26445413.pdf
21,Volume,11.5 cm cm cm cm cm cm × × × × 6.5 cm cm cm cm cm cm × × × × 4.5 cm cm cm cm cm cm,0.9987825155258179,1,/content/drive/MyDrive/MACROBATT/INPUT_PDF_FILES/26445413.pdf
22,Coreference,tumor,0.999414324760437,1,/content/drive/MyDrive/MACROBATT/INPUT_PDF_FILES/26445413.pdf
23,Color,grayish-brown,0.9757806658744812,1,/content/drive/MyDrive/MACROBATT/INPUT_PDF_FILES/26445413.pdf
24,Volume,3.5 cm cm cm cm cm cm × × × × 2.5 cm cm cm cm cm cm × × × × 2.2 cm cm cm cm cm cm,0.9983107447624207,1,/content/drive/MyDrive/MACROBATT/INPUT_PDF_FILES/26445413.pdf
25,Diagnostic_procedure,Histologic examination,0.9998431205749512,1,/content/drive/MyDrive/MACROBATT/INPUT_PDF_FILES/26445413.pdf
26,Lab_value,trabecular and ribbonlike patterns,0.9998444318771362,1,/content/drive/MyDrive/MACROBATT/INPUT_PDF_FILES/26445413.pdf
27,Lab_value,minimal,0.9745290875434875,1,/content/drive/MyDrive/MACROBATT/INPUT_PDF_FILES/26445413.pdf
28,Diagnostic_procedure,cytoplasm,0.9995609521865845,1,/content/drive/MyDrive/MACROBATT/INPUT_PDF_FILES/26445413.pdf
29,Lab_value,granular,0.9998728036880493,1,/content/drive/MyDrive/MACROBATT/INPUT_PDF_FILES/26445413.pdf
30,Lab_value,eosinophilic,0.9993215799331665,1,/content/drive/MyDrive/MACROBATT/INPUT_PDF_FILES/26445413.pdf
31,Lab_value,uniform round cytoplasm to oval nuclei,0.999577522277832,1,/content/drive/MyDrive/MACROBATT/INPUT_PDF_FILES/26445413.pdf
32,Lab_value,finely stippled chromatin,0.9998648762702942,1,/content/drive/MyDrive/MACROBATT/INPUT_PDF_FILES/26445413.pdf
33,Lab_value,inconspicuous,0.9997622966766357,1,/content/drive/MyDrive/MACROBATT/INPUT_PDF_FILES/26445413.pdf
34,Diagnostic_procedure,Mitoses,0.9998651742935181,1,/content/drive/MyDrive/MACROBATT/INPUT_PDF_FILES/26445413.pdf
35,Lab_value,not found,0.9998396635055542,1,/content/drive/MyDrive/MACROBATT/INPUT_PDF_FILES/26445413.pdf
36,Lab_value,0 10,0.9997265934944153,1,/content/drive/MyDrive/MACROBATT/INPUT_PDF_FILES/26445413.pdf
37,Diagnostic_procedure,H & E,0.9808931350708008,1,/content/drive/MyDrive/MACROBATT/INPUT_PDF_FILES/26445413.pdf
38,Diagnostic_procedure,pathologic,0.9999462366104126,1,/content/drive/MyDrive/MACROBATT/INPUT_PDF_FILES/26445413.pdf
39,Diagnostic_procedure,pathologic examination,0.9988029599189758,1,/content/drive/MyDrive/MACROBATT/INPUT_PDF_FILES/26445413.pdf
40,Detailed_description,well-differentiated,0.9999332427978516,1,/content/drive/MyDrive/MACROBATT/INPUT_PDF_FILES/26445413.pdf
41,Diagnostic_procedure,Immunohistochemical,0.9999755620956421,1,/content/drive/MyDrive/MACROBATT/INPUT_PDF_FILES/26445413.pdf
42,Diagnostic_procedure,Immunohistochemical stains,0.972455620765686,1,/content/drive/MyDrive/MACROBATT/INPUT_PDF_FILES/26445413.pdf
43,Lab_value,labeling,0.9998964071273804,1,/content/drive/MyDrive/MACROBATT/INPUT_PDF_FILES/26445413.pdf
44,Diagnostic_procedure,Immunohistochemical chromogranin immunohistochemistry,0.9999266862869263,1,/content/drive/MyDrive/MACROBATT/INPUT_PDF_FILES/26445413.pdf
45,Diagnostic_procedure,chromogranin,0.9641298055648804,1,/content/drive/MyDrive/MACROBATT/INPUT_PDF_FILES/26445413.pdf
46,Diagnostic_procedure,neuron-specific enolase,0.9998464584350586,1,/content/drive/MyDrive/MACROBATT/INPUT_PDF_FILES/26445413.pdf
47,Diagnostic_procedure,synaptophysin,0.9996505975723267,1,/content/drive/MyDrive/MACROBATT/INPUT_PDF_FILES/26445413.pdf
48,Diagnostic_procedure,proliferation index,0.999944269657135,1,/content/drive/MyDrive/MACROBATT/INPUT_PDF_FILES/26445413.pdf
49,Lab_value,less than Fig.2 2 %,0.9999358654022217,1,/content/drive/MyDrive/MACROBATT/INPUT_PDF_FILES/26445413.pdf
50,Diagnostic_procedure,immunohistochemistry,0.999932050704956,1,/content/drive/MyDrive/MACROBATT/INPUT_PDF_FILES/26445413.pdf
51,Therapeutic_procedure,radiation,0.9996817111968994,1,/content/drive/MyDrive/MACROBATT/INPUT_PDF_FILES/26445413.pdf
52,Medication,chemotherapy,0.9998383522033691,1,/content/drive/MyDrive/MACROBATT/INPUT_PDF_FILES/26445413.pdf
53,Date,Nine years after,0.9998263716697693,1,/content/drive/MyDrive/MACROBATT/INPUT_PDF_FILES/26445413.pdf
54,Diagnostic_procedure,computed tomography,0.9999510645866394,1,/content/drive/MyDrive/MACROBATT/INPUT_PDF_FILES/26445413.pdf
55,Biological_structure,abdomen,0.9999446868896484,1,/content/drive/MyDrive/MACROBATT/INPUT_PDF_FILES/26445413.pdf
56,Area,2 cm cm × 1.8 cm cm,0.9992698431015015,1,/content/drive/MyDrive/MACROBATT/INPUT_PDF_FILES/26445413.pdf
57,Detailed_description,cyst,0.9999247789382935,1,/content/drive/MyDrive/MACROBATT/INPUT_PDF_FILES/26445413.pdf
58,Biological_structure,liver,0.6033229231834412,1,/content/drive/MyDrive/MACROBATT/INPUT_PDF_FILES/26445413.pdf
59,Detailed_description,multiple,0.999970555305481,1,/content/drive/MyDrive/MACROBATT/INPUT_PDF_FILES/26445413.pdf
60,Sign_symptom,high density shadow,0.9998965263366699,1,/content/drive/MyDrive/MACROBATT/INPUT_PDF_FILES/26445413.pdf
61,Sign_symptom,enlarged,0.9999319314956665,1,/content/drive/MyDrive/MACROBATT/INPUT_PDF_FILES/26445413.pdf
62,Biological_structure,enlarged lymph abdominal,0.9999094009399414,1,/content/drive/MyDrive/MACROBATT/INPUT_PDF_FILES/26445413.pdf
63,Biological_structure,nodes,0.9997323155403137,1,/content/drive/MyDrive/MACROBATT/INPUT_PDF_FILES/26445413.pdf
64,Therapeutic_procedure,Cholecystectomy,0.9999227523803711,1,/content/drive/MyDrive/MACROBATT/INPUT_PDF_FILES/26445413.pdf
65,Therapeutic_procedure,extirpation,0.9999051094055176,1,/content/drive/MyDrive/MACROBATT/INPUT_PDF_FILES/26445413.pdf
66,Therapeutic_procedure,extirpation hepatic,0.9979986548423767,1,/content/drive/MyDrive/MACROBATT/INPUT_PDF_FILES/26445413.pdf
67,Detailed_description,Cholecystectomy cyst,0.7541888356208801,1,/content/drive/MyDrive/MACROBATT/INPUT_PDF_FILES/26445413.pdf
68,Therapeutic_procedure,laparoscopy,0.9984540939331055,1,/content/drive/MyDrive/MACROBATT/INPUT_PDF_FILES/26445413.pdf
69,Lab_value,trabecular and glandlike and and glandlike growth,0.9997915029525757,1,/content/drive/MyDrive/MACROBATT/INPUT_PDF_FILES/26445413.pdf
70,Lab_value,moderate and glandlike and and uniform nuclei,0.9999232292175293,1,/content/drive/MyDrive/MACROBATT/INPUT_PDF_FILES/26445413.pdf
71,Diagnostic_procedure,mitoses,0.9997941851615906,1,/content/drive/MyDrive/MACROBATT/INPUT_PDF_FILES/26445413.pdf
72,Lab_value,were n't found,0.9998719096183777,1,/content/drive/MyDrive/MACROBATT/INPUT_PDF_FILES/26445413.pdf
73,Lab_value,10 high-power,0.7876161932945251,1,/content/drive/MyDrive/MACROBATT/INPUT_PDF_FILES/26445413.pdf
74,Detailed_description,Advanced,0.9996646642684937,1,/content/drive/MyDrive/MACROBATT/INPUT_PDF_FILES/26445413.pdf
75,Coreference,lesion,0.9995796084403992,1,/content/drive/MyDrive/MACROBATT/INPUT_PDF_FILES/26445413.pdf
76,Lab_value,positive,0.9999474287033081,1,/content/drive/MyDrive/MACROBATT/INPUT_PDF_FILES/26445413.pdf
77,Lab_value,negative,0.9999353885650635,1,/content/drive/MyDrive/MACROBATT/INPUT_PDF_FILES/26445413.pdf
78,Diagnostic_procedure,immunohistochemistry chromogranin,0.9998525381088257,1,/content/drive/MyDrive/MACROBATT/INPUT_PDF_FILES/26445413.pdf
