,Entity Group,Value,Score,Page,Pdf File
0,Age,9 year-old,0.9952865839004517,1,/content/drive/MyDrive/MACROBATT/INPUT_PDF_FILES/26457578.pdf
1,Personal_background,Caucasian,0.9989039897918701,1,/content/drive/MyDrive/MACROBATT/INPUT_PDF_FILES/26457578.pdf
2,History,medulloblastoma,0.9955158233642578,1,/content/drive/MyDrive/MACROBATT/INPUT_PDF_FILES/26457578.pdf
3,Therapeutic_procedure,Treatment,0.999751627445221,1,/content/drive/MyDrive/MACROBATT/INPUT_PDF_FILES/26457578.pdf
4,Therapeutic_procedure,surgical resection,0.9997615814208984,1,/content/drive/MyDrive/MACROBATT/INPUT_PDF_FILES/26457578.pdf
5,Sign_symptom,tumor,0.9999163150787354,1,/content/drive/MyDrive/MACROBATT/INPUT_PDF_FILES/26457578.pdf
6,Medication,chemotherapy,0.9998793601989746,1,/content/drive/MyDrive/MACROBATT/INPUT_PDF_FILES/26457578.pdf
7,Medication,Vincristine,0.9998218417167664,1,/content/drive/MyDrive/MACROBATT/INPUT_PDF_FILES/26457578.pdf
8,Medication,Vincristine craniospinal,0.9977123737335205,1,/content/drive/MyDrive/MACROBATT/INPUT_PDF_FILES/26457578.pdf
9,Medication,Lomustine,0.9996312856674194,1,/content/drive/MyDrive/MACROBATT/INPUT_PDF_FILES/26457578.pdf
10,Medication,Cisplatin,0.8191239237785339,1,/content/drive/MyDrive/MACROBATT/INPUT_PDF_FILES/26457578.pdf
11,Medication,Carboplatin,0.9948720335960388,1,/content/drive/MyDrive/MACROBATT/INPUT_PDF_FILES/26457578.pdf
12,Medication,Cisplatin Carboplatin,0.7324049472808838,1,/content/drive/MyDrive/MACROBATT/INPUT_PDF_FILES/26457578.pdf
13,Medication,Cyclophosphamide,0.9931156039237976,1,/content/drive/MyDrive/MACROBATT/INPUT_PDF_FILES/26457578.pdf
14,Medication,Carboplatin Cyclophosphamide Etoposide,0.6010928750038147,1,/content/drive/MyDrive/MACROBATT/INPUT_PDF_FILES/26457578.pdf
15,Medication,Etoposide,0.9997078776359558,1,/content/drive/MyDrive/MACROBATT/INPUT_PDF_FILES/26457578.pdf
16,Biological_structure,craniospinal,0.9991830587387085,1,/content/drive/MyDrive/MACROBATT/INPUT_PDF_FILES/26457578.pdf
17,Therapeutic_procedure,radiation,0.9999182224273682,1,/content/drive/MyDrive/MACROBATT/INPUT_PDF_FILES/26457578.pdf
18,Lab_value,"2,340",0.9982940554618835,1,/content/drive/MyDrive/MACROBATT/INPUT_PDF_FILES/26457578.pdf
19,Therapeutic_procedure,boost,0.9965621829032898,1,/content/drive/MyDrive/MACROBATT/INPUT_PDF_FILES/26457578.pdf
20,Biological_structure,posterior fossa,0.9998723864555359,1,/content/drive/MyDrive/MACROBATT/INPUT_PDF_FILES/26457578.pdf
21,Medication,Cis-RA,0.999030590057373,1,/content/drive/MyDrive/MACROBATT/INPUT_PDF_FILES/26457578.pdf
22,Dosage,"eleven , , 17,360 24,640 14-day cycles",0.999505341053009,1,/content/drive/MyDrive/MACROBATT/INPUT_PDF_FILES/26457578.pdf
23,Dosage,180mg/m2,0.9828353524208069,1,/content/drive/MyDrive/MACROBATT/INPUT_PDF_FILES/26457578.pdf
24,Duration,13-month period,0.9997432231903076,1,/content/drive/MyDrive/MACROBATT/INPUT_PDF_FILES/26457578.pdf
25,Dosage,"17,360 180mg/m2 mg mg/m2",0.9965757131576538,1,/content/drive/MyDrive/MACROBATT/INPUT_PDF_FILES/26457578.pdf
26,Lab_value,completed,0.9981145858764648,1,/content/drive/MyDrive/MACROBATT/INPUT_PDF_FILES/26457578.pdf
27,Date,5.6,0.7568627595901489,1,/content/drive/MyDrive/MACROBATT/INPUT_PDF_FILES/26457578.pdf
28,Detailed_description,radiation-induced,0.9999268054962158,1,/content/drive/MyDrive/MACROBATT/INPUT_PDF_FILES/26457578.pdf
29,Detailed_description,central,0.9987485408782959,1,/content/drive/MyDrive/MACROBATT/INPUT_PDF_FILES/26457578.pdf
30,Disease_disorder,hypothyroidism,0.9961442351341248,1,/content/drive/MyDrive/MACROBATT/INPUT_PDF_FILES/26457578.pdf
31,Disease_disorder,growth hormone deficiency,0.9998367428779602,1,/content/drive/MyDrive/MACROBATT/INPUT_PDF_FILES/26457578.pdf
32,Disease_disorder,GHD,0.9918719530105591,1,/content/drive/MyDrive/MACROBATT/INPUT_PDF_FILES/26457578.pdf
33,Medication,levothyroxine,0.9998568296432495,1,/content/drive/MyDrive/MACROBATT/INPUT_PDF_FILES/26457578.pdf
34,Detailed_description,biochemical,0.9994162321090698,1,/content/drive/MyDrive/MACROBATT/INPUT_PDF_FILES/26457578.pdf
35,Sign_symptom,euthyroidism,0.9994592070579529,1,/content/drive/MyDrive/MACROBATT/INPUT_PDF_FILES/26457578.pdf
36,Lab_value,abnormal,0.8185392618179321,1,/content/drive/MyDrive/MACROBATT/INPUT_PDF_FILES/26457578.pdf
37,Diagnostic_procedure,height height height velocity velocity velocity,0.794015109539032,1,/content/drive/MyDrive/MACROBATT/INPUT_PDF_FILES/26457578.pdf
38,Lab_value,0.94 cm/year cm cm,0.9842551946640015,1,/content/drive/MyDrive/MACROBATT/INPUT_PDF_FILES/26457578.pdf
39,Medication,growth growth/seven growth/five hormone ( ( ( GH GH,0.9879751205444336,1,/content/drive/MyDrive/MACROBATT/INPUT_PDF_FILES/26457578.pdf
40,Date,age 7 years,0.9997575879096985,1,/content/drive/MyDrive/MACROBATT/INPUT_PDF_FILES/26457578.pdf
41,Lab_value,increased increased,0.9391806125640869,1,/content/drive/MyDrive/MACROBATT/INPUT_PDF_FILES/26457578.pdf
42,Sign_symptom,height height height,0.6477845311164856,1,/content/drive/MyDrive/MACROBATT/INPUT_PDF_FILES/26457578.pdf
43,Diagnostic_procedure,velocity velocity velocity,0.7683567404747009,1,/content/drive/MyDrive/MACROBATT/INPUT_PDF_FILES/26457578.pdf
44,Lab_value,3.6 cm/year cm cm growth growth/seven growth/five,0.9993073344230652,1,/content/drive/MyDrive/MACROBATT/INPUT_PDF_FILES/26457578.pdf
45,Date,growth/seven seven months months months after,0.9998728632926941,1,/content/drive/MyDrive/MACROBATT/INPUT_PDF_FILES/26457578.pdf
46,Sign_symptom,bony prominence,0.9996381998062134,1,/content/drive/MyDrive/MACROBATT/INPUT_PDF_FILES/26457578.pdf
47,Biological_structure,wrists,0.9999289512634277,1,/content/drive/MyDrive/MACROBATT/INPUT_PDF_FILES/26457578.pdf
48,Qualitative_concept,declining,0.6586824059486389,1,/content/drive/MyDrive/MACROBATT/INPUT_PDF_FILES/26457578.pdf
49,Lab_value,1.6,0.9956610798835754,1,/content/drive/MyDrive/MACROBATT/INPUT_PDF_FILES/26457578.pdf
50,Lab_value,cm/year cm cm,0.9485730528831482,1,/content/drive/MyDrive/MACROBATT/INPUT_PDF_FILES/26457578.pdf
51,Diagnostic_procedure,Physical examination,0.9999063014984131,1,/content/drive/MyDrive/MACROBATT/INPUT_PDF_FILES/26457578.pdf
52,Diagnostic_procedure,radiographs,0.9999175071716309,1,/content/drive/MyDrive/MACROBATT/INPUT_PDF_FILES/26457578.pdf
53,Diagnostic_procedure,leg,0.9591861963272095,1,/content/drive/MyDrive/MACROBATT/INPUT_PDF_FILES/26457578.pdf
54,Biological_structure,right right right right lower lower lower extremity extremity extremity,0.9998792409896851,1,/content/drive/MyDrive/MACROBATT/INPUT_PDF_FILES/26457578.pdf
55,Diagnostic_procedure,measured,0.9995418787002563,1,/content/drive/MyDrive/MACROBATT/INPUT_PDF_FILES/26457578.pdf
56,Lab_value,1.75 cm cm cm cm cm cm cm shorter than the the left left left left,0.99951171875,1,/content/drive/MyDrive/MACROBATT/INPUT_PDF_FILES/26457578.pdf
57,Biological_structure,right right right right femur femur,0.8752263188362122,1,/content/drive/MyDrive/MACROBATT/INPUT_PDF_FILES/26457578.pdf
58,Lab_value,24.9 cm cm cm cm cm cm cm,0.9930393099784851,1,/content/drive/MyDrive/MACROBATT/INPUT_PDF_FILES/26457578.pdf
59,Lab_value,right right right right tibia tibia 19.6 cm cm cm cm cm cm cm,0.9965527653694153,1,/content/drive/MyDrive/MACROBATT/INPUT_PDF_FILES/26457578.pdf
60,Lab_value,44.5 cm cm cm cm cm cm cm,0.9978694915771484,1,/content/drive/MyDrive/MACROBATT/INPUT_PDF_FILES/26457578.pdf
61,Lab_value,left left left left femur femur 25.25,0.9972676634788513,1,/content/drive/MyDrive/MACROBATT/INPUT_PDF_FILES/26457578.pdf
62,Lab_value,left left left left tibia tibia,0.9848713278770447,1,/content/drive/MyDrive/MACROBATT/INPUT_PDF_FILES/26457578.pdf
63,Biological_structure,left left left left,0.8637828230857849,1,/content/drive/MyDrive/MACROBATT/INPUT_PDF_FILES/26457578.pdf
64,Lab_value,lower lower lower,0.5316537022590637,1,/content/drive/MyDrive/MACROBATT/INPUT_PDF_FILES/26457578.pdf
65,Biological_structure,examination extremity extremity extremity,0.9140682220458984,1,/content/drive/MyDrive/MACROBATT/INPUT_PDF_FILES/26457578.pdf
66,Lab_value,extremity extremity extremity,0.7952027320861816,1,/content/drive/MyDrive/MACROBATT/INPUT_PDF_FILES/26457578.pdf
67,Lab_value,46.25,0.990698516368866,1,/content/drive/MyDrive/MACROBATT/INPUT_PDF_FILES/26457578.pdf
68,Diagnostic_procedure,height height,0.9999305009841919,1,/content/drive/MyDrive/MACROBATT/INPUT_PDF_FILES/26457578.pdf
69,Diagnostic_procedure,armspan armspan,0.9998576641082764,1,/content/drive/MyDrive/MACROBATT/INPUT_PDF_FILES/26457578.pdf
70,Lab_value,102 102,0.9531826972961426,1,/content/drive/MyDrive/MACROBATT/INPUT_PDF_FILES/26457578.pdf
71,Diagnostic_procedure,upper upper segment/lower segment/lower segment/lower segment segment/lower segment ratio ratio,0.9918451905250549,1,/content/drive/MyDrive/MACROBATT/INPUT_PDF_FILES/26457578.pdf
72,Date,seven months after,0.9991436004638672,1,/content/drive/MyDrive/MACROBATT/INPUT_PDF_FILES/26457578.pdf
73,Qualitative_concept,increased,0.8688532710075378,1,/content/drive/MyDrive/MACROBATT/INPUT_PDF_FILES/26457578.pdf
74,Diagnostic_procedure,Radiographs,0.9998589754104614,1,/content/drive/MyDrive/MACROBATT/INPUT_PDF_FILES/26457578.pdf
75,Lab_value,poorly visualized,0.999764621257782,1,/content/drive/MyDrive/MACROBATT/INPUT_PDF_FILES/26457578.pdf
76,Diagnostic_procedure,growth plates,0.9999452829360962,1,/content/drive/MyDrive/MACROBATT/INPUT_PDF_FILES/26457578.pdf
77,Biological_structure,distal and and proximal femurs and and tibias,0.9998508095741272,1,/content/drive/MyDrive/MACROBATT/INPUT_PDF_FILES/26457578.pdf
78,Disease_disorder,premature closure,0.999342679977417,1,/content/drive/MyDrive/MACROBATT/INPUT_PDF_FILES/26457578.pdf
79,Biological_structure,bone,0.9930545687675476,1,/content/drive/MyDrive/MACROBATT/INPUT_PDF_FILES/26457578.pdf
80,Diagnostic_procedure,ages,0.8718339204788208,1,/content/drive/MyDrive/MACROBATT/INPUT_PDF_FILES/26457578.pdf
81,Biological_structure,left hand,0.9999241232872009,1,/content/drive/MyDrive/MACROBATT/INPUT_PDF_FILES/26457578.pdf
82,Biological_structure,wrist,0.9999388456344604,1,/content/drive/MyDrive/MACROBATT/INPUT_PDF_FILES/26457578.pdf
83,Duration,preceding two years,0.9995706677436829,1,/content/drive/MyDrive/MACROBATT/INPUT_PDF_FILES/26457578.pdf
84,Lab_value,open,0.99835604429245,1,/content/drive/MyDrive/MACROBATT/INPUT_PDF_FILES/26457578.pdf
