,Entity Group,Value,Score,Page,Pdf File
0,Age,73-year-old,0.9980884790420532,1,/content/drive/MyDrive/MACROBATT/INPUT_PDF_FILES/26469535.pdf
1,Sex,woman,0.9998119473457336,1,/content/drive/MyDrive/MACROBATT/INPUT_PDF_FILES/26469535.pdf
2,Clinical_event,referred,0.999821126461029,1,/content/drive/MyDrive/MACROBATT/INPUT_PDF_FILES/26469535.pdf
3,Date,19 months prior,0.9998753070831299,1,/content/drive/MyDrive/MACROBATT/INPUT_PDF_FILES/26469535.pdf
4,Detailed_description,fluorescein,0.9999769926071167,1,/content/drive/MyDrive/MACROBATT/INPUT_PDF_FILES/26469535.pdf
5,Detailed_description,initially fluorescein indocyanine in,0.9937692284584045,1,/content/drive/MyDrive/MACROBATT/INPUT_PDF_FILES/26469535.pdf
6,Detailed_description,indocyanine green,0.9998507499694824,1,/content/drive/MyDrive/MACROBATT/INPUT_PDF_FILES/26469535.pdf
7,Detailed_description,angiography,0.9999679327011108,1,/content/drive/MyDrive/MACROBATT/INPUT_PDF_FILES/26469535.pdf
8,Detailed_description,medium-sized,0.999797523021698,1,/content/drive/MyDrive/MACROBATT/INPUT_PDF_FILES/26469535.pdf
9,Detailed_description,subfoveal,0.9999723434448242,1,/content/drive/MyDrive/MACROBATT/INPUT_PDF_FILES/26469535.pdf
10,Detailed_description,initially subfoveal,0.9921278953552246,1,/content/drive/MyDrive/MACROBATT/INPUT_PDF_FILES/26469535.pdf
11,Detailed_description,classic,0.9998985528945923,1,/content/drive/MyDrive/MACROBATT/INPUT_PDF_FILES/26469535.pdf
12,Disease_disorder,CNV,0.9998691082000732,1,/content/drive/MyDrive/MACROBATT/INPUT_PDF_FILES/26469535.pdf
13,Biological_structure,left,0.9739959239959717,1,/content/drive/MyDrive/MACROBATT/INPUT_PDF_FILES/26469535.pdf
14,Therapeutic_procedure,treatment,0.9997921586036682,1,/content/drive/MyDrive/MACROBATT/INPUT_PDF_FILES/26469535.pdf
15,Sign_symptom,decreased vision,0.9999304413795471,1,/content/drive/MyDrive/MACROBATT/INPUT_PDF_FILES/26469535.pdf
16,Diagnostic_procedure,best-corrected,0.9866273999214172,1,/content/drive/MyDrive/MACROBATT/INPUT_PDF_FILES/26469535.pdf
17,Diagnostic_procedure,best-corrected visual acuity,0.9229354858398438,1,/content/drive/MyDrive/MACROBATT/INPUT_PDF_FILES/26469535.pdf
18,Diagnostic_procedure,BCVA,0.9991748929023743,1,/content/drive/MyDrive/MACROBATT/INPUT_PDF_FILES/26469535.pdf
19,Lab_value,20/100,0.9268417954444885,1,/content/drive/MyDrive/MACROBATT/INPUT_PDF_FILES/26469535.pdf
20,Diagnostic_procedure,Slit lamp examination,0.9999485611915588,1,/content/drive/MyDrive/MACROBATT/INPUT_PDF_FILES/26469535.pdf
21,Detailed_description,small,0.9995943903923035,1,/content/drive/MyDrive/MACROBATT/INPUT_PDF_FILES/26469535.pdf
22,Color,yellowish,0.9980408549308777,1,/content/drive/MyDrive/MACROBATT/INPUT_PDF_FILES/26469535.pdf
23,Sign_symptom,patch,0.9995414018630981,1,/content/drive/MyDrive/MACROBATT/INPUT_PDF_FILES/26469535.pdf
24,Biological_structure,perifoveal region,0.9998393058776855,1,/content/drive/MyDrive/MACROBATT/INPUT_PDF_FILES/26469535.pdf
25,Sign_symptom,region retinal,0.9994093179702759,1,/content/drive/MyDrive/MACROBATT/INPUT_PDF_FILES/26469535.pdf
26,Biological_structure,retinal,0.8071302175521851,1,/content/drive/MyDrive/MACROBATT/INPUT_PDF_FILES/26469535.pdf
27,Detailed_description,Structural,0.999971866607666,1,/content/drive/MyDrive/MACROBATT/INPUT_PDF_FILES/26469535.pdf
28,Diagnostic_procedure,OCT,0.9997912049293518,1,/content/drive/MyDrive/MACROBATT/INPUT_PDF_FILES/26469535.pdf
29,Sign_symptom,revealed retinal subretinal hyper-reflective area,0.9924015998840332,1,/content/drive/MyDrive/MACROBATT/INPUT_PDF_FILES/26469535.pdf
30,Biological_structure,retinal subretinal,0.6577773094177246,1,/content/drive/MyDrive/MACROBATT/INPUT_PDF_FILES/26469535.pdf
31,Sign_symptom,Structural revealed retinal elevation subretinal fluid hyper-reflective elongated,0.9443756937980652,1,/content/drive/MyDrive/MACROBATT/INPUT_PDF_FILES/26469535.pdf
32,Sign_symptom,subretinal fluid,0.9913327693939209,1,/content/drive/MyDrive/MACROBATT/INPUT_PDF_FILES/26469535.pdf
33,Biological_structure,hyper-reflective,0.9966117739677429,1,/content/drive/MyDrive/MACROBATT/INPUT_PDF_FILES/26469535.pdf
34,Sign_symptom,elongated area,0.9994983673095703,1,/content/drive/MyDrive/MACROBATT/INPUT_PDF_FILES/26469535.pdf
35,Biological_structure,above RPE,0.9998660087585449,1,/content/drive/MyDrive/MACROBATT/INPUT_PDF_FILES/26469535.pdf
36,Lab_value,type II,0.9989022016525269,1,/content/drive/MyDrive/MACROBATT/INPUT_PDF_FILES/26469535.pdf
37,Therapeutic_procedure,Anti-angiogenic,0.9982326030731201,1,/content/drive/MyDrive/MACROBATT/INPUT_PDF_FILES/26469535.pdf
38,Therapeutic_procedure,Anti-angiogenic injections,0.7348397374153137,1,/content/drive/MyDrive/MACROBATT/INPUT_PDF_FILES/26469535.pdf
39,Administration,intravitreal,0.9993533492088318,1,/content/drive/MyDrive/MACROBATT/INPUT_PDF_FILES/26469535.pdf
40,Medication,aflibercept,0.9998216032981873,1,/content/drive/MyDrive/MACROBATT/INPUT_PDF_FILES/26469535.pdf
41,Administration,injections,0.9990284442901611,1,/content/drive/MyDrive/MACROBATT/INPUT_PDF_FILES/26469535.pdf
42,Detailed_description,treat-and-extend,0.9890223741531372,1,/content/drive/MyDrive/MACROBATT/INPUT_PDF_FILES/26469535.pdf
43,Detailed_description,angiograms,0.9990752935409546,1,/content/drive/MyDrive/MACROBATT/INPUT_PDF_FILES/26469535.pdf
44,Detailed_description,angiograms reduction injection reduction,0.872309684753418,1,/content/drive/MyDrive/MACROBATT/INPUT_PDF_FILES/26469535.pdf
45,Lab_value,reduction reduction,0.9997230172157288,1,/content/drive/MyDrive/MACROBATT/INPUT_PDF_FILES/26469535.pdf
46,Date,1– 2 2 days post,0.9994235038757324,1,/content/drive/MyDrive/MACROBATT/INPUT_PDF_FILES/26469535.pdf
47,Diagnostic_procedure,vessel density,0.9998979568481445,1,/content/drive/MyDrive/MACROBATT/INPUT_PDF_FILES/26469535.pdf
48,Severity,Significant,0.9997571110725403,1,/content/drive/MyDrive/MACROBATT/INPUT_PDF_FILES/26469535.pdf
49,Lab_value,re-appearance,0.999471127986908,1,/content/drive/MyDrive/MACROBATT/INPUT_PDF_FILES/26469535.pdf
50,Date,4 weeks weeks,0.9998219013214111,1,/content/drive/MyDrive/MACROBATT/INPUT_PDF_FILES/26469535.pdf
51,Date,6 weeks weeks,0.9998507499694824,1,/content/drive/MyDrive/MACROBATT/INPUT_PDF_FILES/26469535.pdf
52,Detailed_description,re-enlarged pretreatment recurrence reopening,0.9999040365219116,1,/content/drive/MyDrive/MACROBATT/INPUT_PDF_FILES/26469535.pdf
53,Sign_symptom,re-enlarged,0.9482611417770386,1,/content/drive/MyDrive/MACROBATT/INPUT_PDF_FILES/26469535.pdf
54,Disease_disorder,CNV CNV,0.7726527452468872,1,/content/drive/MyDrive/MACROBATT/INPUT_PDF_FILES/26469535.pdf
55,Detailed_description,smaller,0.9997701048851013,1,/content/drive/MyDrive/MACROBATT/INPUT_PDF_FILES/26469535.pdf
56,Lab_value,reduction,0.999620795249939,1,/content/drive/MyDrive/MACROBATT/INPUT_PDF_FILES/26469535.pdf
57,Diagnostic_procedure,flow flow index,0.9998337030410767,1,/content/drive/MyDrive/MACROBATT/INPUT_PDF_FILES/26469535.pdf
58,Date,Fig.2A 2 weeks,0.9997754096984863,1,/content/drive/MyDrive/MACROBATT/INPUT_PDF_FILES/26469535.pdf
59,Sign_symptom,Retinal thickness,0.9988184571266174,1,/content/drive/MyDrive/MACROBATT/INPUT_PDF_FILES/26469535.pdf
60,Therapeutic_procedure,treatment treatment,0.9998645782470703,1,/content/drive/MyDrive/MACROBATT/INPUT_PDF_FILES/26469535.pdf
61,Date,Fig.2B 2 weeks weeks,0.999884307384491,1,/content/drive/MyDrive/MACROBATT/INPUT_PDF_FILES/26469535.pdf
62,Sign_symptom,fluid re-accumulated,0.9998199939727783,1,/content/drive/MyDrive/MACROBATT/INPUT_PDF_FILES/26469535.pdf
63,Biological_structure,under the the retina,0.9998989105224609,1,/content/drive/MyDrive/MACROBATT/INPUT_PDF_FILES/26469535.pdf
64,Date,6 weeks,0.9998286962509155,1,/content/drive/MyDrive/MACROBATT/INPUT_PDF_FILES/26469535.pdf
65,Diagnostic_procedure,Visual acuity,0.9999005198478699,1,/content/drive/MyDrive/MACROBATT/INPUT_PDF_FILES/26469535.pdf
66,Lab_value,continued to improve,0.9998784065246582,1,/content/drive/MyDrive/MACROBATT/INPUT_PDF_FILES/26469535.pdf
