,Entity Group,Value,Score,Page,Pdf File
0,Age,8-year-old,0.9969881176948547,1,/content/drive/MyDrive/MACROBATT/INPUT_PDF_FILES/26474553.pdf
1,Sex,boy,0.9994494318962097,1,/content/drive/MyDrive/MACROBATT/INPUT_PDF_FILES/26474553.pdf
2,History,S549R/1717-1G > An A genotype,0.9994230270385742,1,/content/drive/MyDrive/MACROBATT/INPUT_PDF_FILES/26474553.pdf
3,Medication,ivacaftor,0.9092410802841187,1,/content/drive/MyDrive/MACROBATT/INPUT_PDF_FILES/26474553.pdf
4,Dosage,150,0.8839472532272339,1,/content/drive/MyDrive/MACROBATT/INPUT_PDF_FILES/26474553.pdf
5,Date,age of 9 months,0.999777615070343,1,/content/drive/MyDrive/MACROBATT/INPUT_PDF_FILES/26474553.pdf
6,History,recurring nasal polyposis,0.9995420575141907,1,/content/drive/MyDrive/MACROBATT/INPUT_PDF_FILES/26474553.pdf
7,History,endoscopic surgery,0.9997081756591797,1,/content/drive/MyDrive/MACROBATT/INPUT_PDF_FILES/26474553.pdf
8,History,exocrine pancreatic insufficiency,0.9956375956535339,1,/content/drive/MyDrive/MACROBATT/INPUT_PDF_FILES/26474553.pdf
9,History,enzyme replacement,0.9912360906600952,1,/content/drive/MyDrive/MACROBATT/INPUT_PDF_FILES/26474553.pdf
10,Diagnostic_procedure,body weight,0.993700385093689,1,/content/drive/MyDrive/MACROBATT/INPUT_PDF_FILES/26474553.pdf
11,Diagnostic_procedure,height,0.8132431507110596,1,/content/drive/MyDrive/MACROBATT/INPUT_PDF_FILES/26474553.pdf
12,Severity,mild,0.9995317459106445,1,/content/drive/MyDrive/MACROBATT/INPUT_PDF_FILES/26474553.pdf
13,Sign_symptom,respiratory,0.9880160689353943,1,/content/drive/MyDrive/MACROBATT/INPUT_PDF_FILES/26474553.pdf
14,Detailed_description,intermittent,0.9974141120910645,1,/content/drive/MyDrive/MACROBATT/INPUT_PDF_FILES/26474553.pdf
15,Detailed_description,productive,0.9993694424629211,1,/content/drive/MyDrive/MACROBATT/INPUT_PDF_FILES/26474553.pdf
16,Lab_value,close respiratory symptoms to normal,0.9998480677604675,1,/content/drive/MyDrive/MACROBATT/INPUT_PDF_FILES/26474553.pdf
17,Diagnostic_procedure,lung function,0.9997803568840027,1,/content/drive/MyDrive/MACROBATT/INPUT_PDF_FILES/26474553.pdf
18,Date,previous years,0.9990967512130737,1,/content/drive/MyDrive/MACROBATT/INPUT_PDF_FILES/26474553.pdf
19,Diagnostic_procedure,body plethysmography,0.9999160766601562,1,/content/drive/MyDrive/MACROBATT/INPUT_PDF_FILES/26474553.pdf
20,Diagnostic_procedure,respiratory spirometry,0.9999288320541382,1,/content/drive/MyDrive/MACROBATT/INPUT_PDF_FILES/26474553.pdf
21,Diagnostic_procedure,spirometry,0.9191271066665649,1,/content/drive/MyDrive/MACROBATT/INPUT_PDF_FILES/26474553.pdf
22,Lab_value,minimal,0.8506255745887756,1,/content/drive/MyDrive/MACROBATT/INPUT_PDF_FILES/26474553.pdf
23,Diagnostic_procedure,FEV1,0.9956088662147522,1,/content/drive/MyDrive/MACROBATT/INPUT_PDF_FILES/26474553.pdf
24,Diagnostic_procedure,Sputum cultures,0.9999386668205261,1,/content/drive/MyDrive/MACROBATT/INPUT_PDF_FILES/26474553.pdf
25,Lab_value,Haemophilus influenzae,0.9976831674575806,1,/content/drive/MyDrive/MACROBATT/INPUT_PDF_FILES/26474553.pdf
26,Lab_value,Staphylococcus aureus,0.9994562268257141,1,/content/drive/MyDrive/MACROBATT/INPUT_PDF_FILES/26474553.pdf
27,Duration,6 weeks,0.9988540410995483,1,/content/drive/MyDrive/MACROBATT/INPUT_PDF_FILES/26474553.pdf
28,Lab_value,clinical improvements,0.9995070695877075,1,/content/drive/MyDrive/MACROBATT/INPUT_PDF_FILES/26474553.pdf
29,Sign_symptom,cough,0.9998098015785217,1,/content/drive/MyDrive/MACROBATT/INPUT_PDF_FILES/26474553.pdf
30,Sign_symptom,salt,0.9745984077453613,1,/content/drive/MyDrive/MACROBATT/INPUT_PDF_FILES/26474553.pdf
31,Lab_value,gained 1.4 kg,0.9998998641967773,1,/content/drive/MyDrive/MACROBATT/INPUT_PDF_FILES/26474553.pdf
32,Medication,pancreatic enzyme replacement,0.9996598362922668,1,/content/drive/MyDrive/MACROBATT/INPUT_PDF_FILES/26474553.pdf
33,Diagnostic_procedure,sweat chloride level,0.9999017715454102,1,/content/drive/MyDrive/MACROBATT/INPUT_PDF_FILES/26474553.pdf
34,Diagnostic_procedure,Macroduct®,0.9670454859733582,1,/content/drive/MyDrive/MACROBATT/INPUT_PDF_FILES/26474553.pdf
35,Lab_value,115 mmol/l mmol/l mmol/l mmol/l,0.9998992681503296,1,/content/drive/MyDrive/MACROBATT/INPUT_PDF_FILES/26474553.pdf
36,Lab_value,40 mmol/l mmol/l mmol/l mmol/l,0.9998428225517273,1,/content/drive/MyDrive/MACROBATT/INPUT_PDF_FILES/26474553.pdf
37,Duration,6 weeks weeks,0.9995063543319702,1,/content/drive/MyDrive/MACROBATT/INPUT_PDF_FILES/26474553.pdf
38,Lab_value,52 mmol/l mmol/l mmol/l mmol/l,0.9998748898506165,1,/content/drive/MyDrive/MACROBATT/INPUT_PDF_FILES/26474553.pdf
39,Date,after after 41 weeks weeks,0.9997417330741882,1,/content/drive/MyDrive/MACROBATT/INPUT_PDF_FILES/26474553.pdf
40,Lab_value,1.25 L L,0.9998364448547363,1,/content/drive/MyDrive/MACROBATT/INPUT_PDF_FILES/26474553.pdf
41,Lab_value,1.65 L L,0.9772804975509644,1,/content/drive/MyDrive/MACROBATT/INPUT_PDF_FILES/26474553.pdf
42,Date,after 41 weeks,0.9992106556892395,1,/content/drive/MyDrive/MACROBATT/INPUT_PDF_FILES/26474553.pdf
43,Diagnostic_procedure,LCI,0.9997838735580444,1,/content/drive/MyDrive/MACROBATT/INPUT_PDF_FILES/26474553.pdf
44,Lab_value,normal,0.5944394469261169,1,/content/drive/MyDrive/MACROBATT/INPUT_PDF_FILES/26474553.pdf
45,Detailed_description,measured by N2-MBW,0.9999333024024963,1,/content/drive/MyDrive/MACROBATT/INPUT_PDF_FILES/26474553.pdf
46,Lab_value,14.5,0.999748706817627,1,/content/drive/MyDrive/MACROBATT/INPUT_PDF_FILES/26474553.pdf
47,Lab_value,8.3,0.9529398083686829,1,/content/drive/MyDrive/MACROBATT/INPUT_PDF_FILES/26474553.pdf
48,Lab_value,7.8,0.9999306201934814,1,/content/drive/MyDrive/MACROBATT/INPUT_PDF_FILES/26474553.pdf
49,Lab_value,14.5 8.3 7.8 Fig.1 .,0.93881756067276,1,/content/drive/MyDrive/MACROBATT/INPUT_PDF_FILES/26474553.pdf
50,Lab_value,8 8.3 7.8,0.8823379278182983,1,/content/drive/MyDrive/MACROBATT/INPUT_PDF_FILES/26474553.pdf
