,Entity Group,Value,Score,Page,Pdf File
0,Age,36-year-old,0.998130202293396,1,/content/drive/MyDrive/MACROBATT/INPUT_PDF_FILES/26523273.pdf
1,Sex,female,0.9997462630271912,1,/content/drive/MyDrive/MACROBATT/INPUT_PDF_FILES/26523273.pdf
2,Clinical_event,presented,0.9997604489326477,1,/content/drive/MyDrive/MACROBATT/INPUT_PDF_FILES/26523273.pdf
3,Nonbiological_location,emergency department,0.9998143911361694,1,/content/drive/MyDrive/MACROBATT/INPUT_PDF_FILES/26523273.pdf
4,Biological_structure,right upper abdominal,0.992175281047821,1,/content/drive/MyDrive/MACROBATT/INPUT_PDF_FILES/26523273.pdf
5,Sign_symptom,pain,0.9999641180038452,1,/content/drive/MyDrive/MACROBATT/INPUT_PDF_FILES/26523273.pdf
6,History,hepatitis B HBV virus (,0.9974461793899536,1,/content/drive/MyDrive/MACROBATT/INPUT_PDF_FILES/26523273.pdf
7,History,HBV ) carrier,0.955554187297821,1,/content/drive/MyDrive/MACROBATT/INPUT_PDF_FILES/26523273.pdf
8,History,several years,0.7229932546615601,1,/content/drive/MyDrive/MACROBATT/INPUT_PDF_FILES/26523273.pdf
9,History,non-alcoholics,0.9977383613586426,1,/content/drive/MyDrive/MACROBATT/INPUT_PDF_FILES/26523273.pdf
10,History,No other specific personal and familial medical history,0.995303750038147,1,/content/drive/MyDrive/MACROBATT/INPUT_PDF_FILES/26523273.pdf
11,Diagnostic_procedure,blood pressure,0.9999598264694214,1,/content/drive/MyDrive/MACROBATT/INPUT_PDF_FILES/26523273.pdf
12,Lab_value,100/60 mmHg,0.9992449879646301,1,/content/drive/MyDrive/MACROBATT/INPUT_PDF_FILES/26523273.pdf
13,Diagnostic_procedure,pulse rate rate,0.9986557960510254,1,/content/drive/MyDrive/MACROBATT/INPUT_PDF_FILES/26523273.pdf
14,Lab_value,70/min,0.9996170997619629,1,/content/drive/MyDrive/MACROBATT/INPUT_PDF_FILES/26523273.pdf
15,Diagnostic_procedure,pressure respiration,0.9999792575836182,1,/content/drive/MyDrive/MACROBATT/INPUT_PDF_FILES/26523273.pdf
16,Diagnostic_procedure,respiration rate rate,0.984287440776825,1,/content/drive/MyDrive/MACROBATT/INPUT_PDF_FILES/26523273.pdf
17,Lab_value,20/min,0.9979661703109741,1,/content/drive/MyDrive/MACROBATT/INPUT_PDF_FILES/26523273.pdf
18,Diagnostic_procedure,body temperature,0.9998931884765625,1,/content/drive/MyDrive/MACROBATT/INPUT_PDF_FILES/26523273.pdf
19,Lab_value,37.5℃,0.9065135717391968,1,/content/drive/MyDrive/MACROBATT/INPUT_PDF_FILES/26523273.pdf
20,Diagnostic_procedure,laboratory findings,0.9999390244483948,1,/content/drive/MyDrive/MACROBATT/INPUT_PDF_FILES/26523273.pdf
21,Diagnostic_procedure,white blood blood cell,0.9999282956123352,1,/content/drive/MyDrive/MACROBATT/INPUT_PDF_FILES/26523273.pdf
22,Lab_value,"12,000/mm3",0.999438464641571,1,/content/drive/MyDrive/MACROBATT/INPUT_PDF_FILES/26523273.pdf
23,Diagnostic_procedure,hemoglobin,0.999913215637207,1,/content/drive/MyDrive/MACROBATT/INPUT_PDF_FILES/26523273.pdf
24,Lab_value,"12,000/mm3 12.8 12",0.9972437620162964,1,/content/drive/MyDrive/MACROBATT/INPUT_PDF_FILES/26523273.pdf
25,Lab_value,"12.8 198,000/mm3",0.6341848373413086,1,/content/drive/MyDrive/MACROBATT/INPUT_PDF_FILES/26523273.pdf
26,Diagnostic_procedure,platelet,0.9999057054519653,1,/content/drive/MyDrive/MACROBATT/INPUT_PDF_FILES/26523273.pdf
27,Lab_value,"198,000/mm3 12,000/mm3 , , 198,000/mm3 , , , , , , , , , , ,",0.8755570650100708,1,/content/drive/MyDrive/MACROBATT/INPUT_PDF_FILES/26523273.pdf
28,Lab_value,"12,000/mm3 198,000/mm3",0.9469486474990845,1,/content/drive/MyDrive/MACROBATT/INPUT_PDF_FILES/26523273.pdf
29,Diagnostic_procedure,prothrombin time,0.9995325207710266,1,/content/drive/MyDrive/MACROBATT/INPUT_PDF_FILES/26523273.pdf
30,Lab_value,14.3 seconds,0.9918031692504883,1,/content/drive/MyDrive/MACROBATT/INPUT_PDF_FILES/26523273.pdf
31,Diagnostic_procedure,international normalized ratio,0.999936580657959,1,/content/drive/MyDrive/MACROBATT/INPUT_PDF_FILES/26523273.pdf
32,Diagnostic_procedure,aspartate aminotransferase aminotransferase,0.9999139904975891,1,/content/drive/MyDrive/MACROBATT/INPUT_PDF_FILES/26523273.pdf
33,Diagnostic_procedure,alanine aminotransferase aminotransferase,0.9999390840530396,1,/content/drive/MyDrive/MACROBATT/INPUT_PDF_FILES/26523273.pdf
34,Diagnostic_procedure,total bilirubin,0.9999402761459351,1,/content/drive/MyDrive/MACROBATT/INPUT_PDF_FILES/26523273.pdf
35,Lab_value,"12,000/mm3 70 198,000/mm3 0.5 6.4/4.0 5.0 16.6/0.7",0.9999351501464844,1,/content/drive/MyDrive/MACROBATT/INPUT_PDF_FILES/26523273.pdf
36,Lab_value,0.5 295 5.0 mg/dL mg/dL mg/dL,0.8612502813339233,1,/content/drive/MyDrive/MACROBATT/INPUT_PDF_FILES/26523273.pdf
37,Diagnostic_procedure,international normalized alanine total alkaline protein/albumin,0.9999325275421143,1,/content/drive/MyDrive/MACROBATT/INPUT_PDF_FILES/26523273.pdf
38,Diagnostic_procedure,alkaline phosphatase,0.9995336532592773,1,/content/drive/MyDrive/MACROBATT/INPUT_PDF_FILES/26523273.pdf
39,Lab_value,134 IU/L IU/L IU/L IU/L IU/L,0.9506325721740723,1,/content/drive/MyDrive/MACROBATT/INPUT_PDF_FILES/26523273.pdf
40,Diagnostic_procedure,lactate dehydrogenase,0.9999379515647888,1,/content/drive/MyDrive/MACROBATT/INPUT_PDF_FILES/26523273.pdf
41,Lab_value,295 IU/L IU/L IU/L IU/L IU/L,0.9874692559242249,1,/content/drive/MyDrive/MACROBATT/INPUT_PDF_FILES/26523273.pdf
42,Diagnostic_procedure,gamma- glutamyl transpeptidase,0.9999321103096008,1,/content/drive/MyDrive/MACROBATT/INPUT_PDF_FILES/26523273.pdf
43,Diagnostic_procedure,protein/albumin,0.9996075630187988,1,/content/drive/MyDrive/MACROBATT/INPUT_PDF_FILES/26523273.pdf
44,Lab_value,26 6.4/4.0 16.6/0.7,0.9998888969421387,1,/content/drive/MyDrive/MACROBATT/INPUT_PDF_FILES/26523273.pdf
45,Lab_value,14.3 134 6.4/4.0,0.997550904750824,1,/content/drive/MyDrive/MACROBATT/INPUT_PDF_FILES/26523273.pdf
46,Lab_value,6.4/4.0,0.9927315711975098,1,/content/drive/MyDrive/MACROBATT/INPUT_PDF_FILES/26523273.pdf
47,Diagnostic_procedure,uric acid,0.9998955726623535,1,/content/drive/MyDrive/MACROBATT/INPUT_PDF_FILES/26523273.pdf
48,Lab_value,0.5 295 5.0,0.9999195337295532,1,/content/drive/MyDrive/MACROBATT/INPUT_PDF_FILES/26523273.pdf
49,Lab_value,"12,000/mm3 70 198,000/mm3 0.5 6.4/4.0 5.0 16.6/0.7 mg/dL mg/dL mg/dL",0.9685876369476318,1,/content/drive/MyDrive/MACROBATT/INPUT_PDF_FILES/26523273.pdf
50,Diagnostic_procedure,blood blood urea nitrogen/creatinine,0.9993433952331543,1,/content/drive/MyDrive/MACROBATT/INPUT_PDF_FILES/26523273.pdf
51,Diagnostic_procedure,nitrogen/creatinine,0.9869283437728882,1,/content/drive/MyDrive/MACROBATT/INPUT_PDF_FILES/26523273.pdf
52,Lab_value,16.6/0.7,0.9998736381530762,1,/content/drive/MyDrive/MACROBATT/INPUT_PDF_FILES/26523273.pdf
53,Lab_value,70 16.6/0.7,0.6312395930290222,1,/content/drive/MyDrive/MACROBATT/INPUT_PDF_FILES/26523273.pdf
54,Detailed_description,serum,0.9999537467956543,1,/content/drive/MyDrive/MACROBATT/INPUT_PDF_FILES/26523273.pdf
55,Diagnostic_procedure,viral markers,0.9999454617500305,1,/content/drive/MyDrive/MACROBATT/INPUT_PDF_FILES/26523273.pdf
56,Diagnostic_procedure,HBsAg anti-HBs anti-HBc HBeAg anti-HBe HBV-DNA anti-HCV anti-HIV,0.9999455213546753,1,/content/drive/MyDrive/MACROBATT/INPUT_PDF_FILES/26523273.pdf
57,Diagnostic_procedure,HBsAg anti-HBs,0.995917022228241,1,/content/drive/MyDrive/MACROBATT/INPUT_PDF_FILES/26523273.pdf
58,Diagnostic_procedure,HBsAg HBeAg,0.9909472465515137,1,/content/drive/MyDrive/MACROBATT/INPUT_PDF_FILES/26523273.pdf
59,Diagnostic_procedure,anti-HBs anti-HBc anti-HBe anti-HCV anti-HIV,0.9913815259933472,1,/content/drive/MyDrive/MACROBATT/INPUT_PDF_FILES/26523273.pdf
60,Diagnostic_procedure,anti-HBc,0.9307197332382202,1,/content/drive/MyDrive/MACROBATT/INPUT_PDF_FILES/26523273.pdf
61,Diagnostic_procedure,HBeAg,0.9552209973335266,1,/content/drive/MyDrive/MACROBATT/INPUT_PDF_FILES/26523273.pdf
62,Diagnostic_procedure,anti-HBe,0.9526272416114807,1,/content/drive/MyDrive/MACROBATT/INPUT_PDF_FILES/26523273.pdf
63,Diagnostic_procedure,HBV-DNA,0.9984543919563293,1,/content/drive/MyDrive/MACROBATT/INPUT_PDF_FILES/26523273.pdf
64,Lab_value,< 20 IU/mL,0.940061092376709,1,/content/drive/MyDrive/MACROBATT/INPUT_PDF_FILES/26523273.pdf
65,Diagnostic_procedure,anti-HCV,0.9365621209144592,1,/content/drive/MyDrive/MACROBATT/INPUT_PDF_FILES/26523273.pdf
66,Diagnostic_procedure,anti-HIV,0.6069671511650085,1,/content/drive/MyDrive/MACROBATT/INPUT_PDF_FILES/26523273.pdf
67,Diagnostic_procedure,α-fetoprotein,0.9996746182441711,1,/content/drive/MyDrive/MACROBATT/INPUT_PDF_FILES/26523273.pdf
68,Diagnostic_procedure,AFP,0.9988112449645996,1,/content/drive/MyDrive/MACROBATT/INPUT_PDF_FILES/26523273.pdf
69,Lab_value,676.5 ng/mL,0.9999197125434875,1,/content/drive/MyDrive/MACROBATT/INPUT_PDF_FILES/26523273.pdf
70,Diagnostic_procedure,carbohydrate,0.9999376535415649,1,/content/drive/MyDrive/MACROBATT/INPUT_PDF_FILES/26523273.pdf
71,Diagnostic_procedure,carbohydrate antigen 19-9 CA19-9,0.9995130896568298,1,/content/drive/MyDrive/MACROBATT/INPUT_PDF_FILES/26523273.pdf
72,Diagnostic_procedure,CA19-9,0.999321460723877,1,/content/drive/MyDrive/MACROBATT/INPUT_PDF_FILES/26523273.pdf
73,Lab_value,0.6,0.8425589799880981,1,/content/drive/MyDrive/MACROBATT/INPUT_PDF_FILES/26523273.pdf
74,Lab_value,676.5 0.6,0.9930250644683838,1,/content/drive/MyDrive/MACROBATT/INPUT_PDF_FILES/26523273.pdf
75,Biological_structure,abdominal,0.9999629259109497,1,/content/drive/MyDrive/MACROBATT/INPUT_PDF_FILES/26523273.pdf
76,Distance,9 cm,0.9995042085647583,1,/content/drive/MyDrive/MACROBATT/INPUT_PDF_FILES/26523273.pdf
77,Detailed_description,necrotic bisectionectomy,0.9999516010284424,1,/content/drive/MyDrive/MACROBATT/INPUT_PDF_FILES/26523273.pdf
78,Detailed_description,necrotic,0.9999524354934692,1,/content/drive/MyDrive/MACROBATT/INPUT_PDF_FILES/26523273.pdf
79,Detailed_description,which necrotic hepatic hepatic,0.7019660472869873,1,/content/drive/MyDrive/MACROBATT/INPUT_PDF_FILES/26523273.pdf
80,Sign_symptom,mass,0.9999428987503052,1,/content/drive/MyDrive/MACROBATT/INPUT_PDF_FILES/26523273.pdf
81,Detailed_description,with internal hemorrhage,0.9999497532844543,1,/content/drive/MyDrive/MACROBATT/INPUT_PDF_FILES/26523273.pdf
82,Biological_structure,right hepatic hepatic lobe,0.9999344944953918,1,/content/drive/MyDrive/MACROBATT/INPUT_PDF_FILES/26523273.pdf
83,Biological_structure,ruptured,0.9997832179069519,1,/content/drive/MyDrive/MACROBATT/INPUT_PDF_FILES/26523273.pdf
84,Biological_structure,ruptured took to peritoneum bisectionectomy peritoneum,0.999868631362915,1,/content/drive/MyDrive/MACROBATT/INPUT_PDF_FILES/26523273.pdf
85,Detailed_description,emergency,0.999882698059082,1,/content/drive/MyDrive/MACROBATT/INPUT_PDF_FILES/26523273.pdf
86,Biological_structure,She hemorrhage the hepatic hepatic,0.9999498128890991,1,/content/drive/MyDrive/MACROBATT/INPUT_PDF_FILES/26523273.pdf
87,Biological_structure,hepatic hepatic,0.9971939325332642,1,/content/drive/MyDrive/MACROBATT/INPUT_PDF_FILES/26523273.pdf
88,Therapeutic_procedure,central bisectionectomy,0.9983360171318054,1,/content/drive/MyDrive/MACROBATT/INPUT_PDF_FILES/26523273.pdf
89,Disease_disorder,cHCC-CC,0.9998631477355957,1,/content/drive/MyDrive/MACROBATT/INPUT_PDF_FILES/26523273.pdf
90,Detailed_description,spindle cell metaplasia of cholangiocarcinoma element,0.9999285340309143,1,/content/drive/MyDrive/MACROBATT/INPUT_PDF_FILES/26523273.pdf
91,Lab_value,decreased,0.9999498128890991,1,/content/drive/MyDrive/MACROBATT/INPUT_PDF_FILES/26523273.pdf
92,Lab_value,7.67 ng/mL,0.9999212622642517,1,/content/drive/MyDrive/MACROBATT/INPUT_PDF_FILES/26523273.pdf
93,Detailed_description,adjuvant administrated,0.9999667406082153,1,/content/drive/MyDrive/MACROBATT/INPUT_PDF_FILES/26523273.pdf
94,Detailed_description,adjuvant,0.7565565705299377,1,/content/drive/MyDrive/MACROBATT/INPUT_PDF_FILES/26523273.pdf
95,Medication,chemotherapy,0.9998513460159302,1,/content/drive/MyDrive/MACROBATT/INPUT_PDF_FILES/26523273.pdf
96,Medication,tegafur/uracil administrated,0.9998281002044678,1,/content/drive/MyDrive/MACROBATT/INPUT_PDF_FILES/26523273.pdf
97,Medication,tegafur/uracil,0.8773939609527588,1,/content/drive/MyDrive/MACROBATT/INPUT_PDF_FILES/26523273.pdf
98,Medication,UFT,0.8013625144958496,1,/content/drive/MyDrive/MACROBATT/INPUT_PDF_FILES/26523273.pdf
99,Duration,3 Fig.3A 312.06 months,0.9983253479003906,1,/content/drive/MyDrive/MACROBATT/INPUT_PDF_FILES/26523273.pdf
100,Distance,5.5 cm,0.9986037015914917,1,/content/drive/MyDrive/MACROBATT/INPUT_PDF_FILES/26523273.pdf
101,Biological_structure,left subphrenic,0.9998872876167297,1,/content/drive/MyDrive/MACROBATT/INPUT_PDF_FILES/26523273.pdf
102,Severity,mild,0.999768078327179,1,/content/drive/MyDrive/MACROBATT/INPUT_PDF_FILES/26523273.pdf
103,Sign_symptom,enhancement,0.9919379353523254,1,/content/drive/MyDrive/MACROBATT/INPUT_PDF_FILES/26523273.pdf
104,Detailed_description,delayed image,0.9999353289604187,1,/content/drive/MyDrive/MACROBATT/INPUT_PDF_FILES/26523273.pdf
105,Lab_value,increased,0.9999290704727173,1,/content/drive/MyDrive/MACROBATT/INPUT_PDF_FILES/26523273.pdf
106,Lab_value,312.06 scanning ng/mL,0.997499942779541,1,/content/drive/MyDrive/MACROBATT/INPUT_PDF_FILES/26523273.pdf
107,Detailed_description,laparoscopic,0.9999737739562988,1,/content/drive/MyDrive/MACROBATT/INPUT_PDF_FILES/26523273.pdf
108,Therapeutic_procedure,splenectomy,0.9884137511253357,1,/content/drive/MyDrive/MACROBATT/INPUT_PDF_FILES/26523273.pdf
109,Diagnostic_procedure,histologic,0.9973145127296448,1,/content/drive/MyDrive/MACROBATT/INPUT_PDF_FILES/26523273.pdf
110,Diagnostic_procedure,mesenchymal mesenchymal elements elements,0.9991183280944824,1,/content/drive/MyDrive/MACROBATT/INPUT_PDF_FILES/26523273.pdf
111,Detailed_description,primitive-appearing,0.9480858445167542,1,/content/drive/MyDrive/MACROBATT/INPUT_PDF_FILES/26523273.pdf
112,Detailed_description,mesenchymal mesenchymal spindle-shaped,0.9640804529190063,1,/content/drive/MyDrive/MACROBATT/INPUT_PDF_FILES/26523273.pdf
113,Detailed_description,intimately admixed with the epithelial epithelial elements elements,0.994774341583252,1,/content/drive/MyDrive/MACROBATT/INPUT_PDF_FILES/26523273.pdf
114,Diagnostic_procedure,Cytoplasm,0.9999292492866516,1,/content/drive/MyDrive/MACROBATT/INPUT_PDF_FILES/26523273.pdf
115,Lab_value,more abundant than that of mature,0.9311861395835876,1,/content/drive/MyDrive/MACROBATT/INPUT_PDF_FILES/26523273.pdf
116,Diagnostic_procedure,nucleus,0.9998860359191895,1,/content/drive/MyDrive/MACROBATT/INPUT_PDF_FILES/26523273.pdf
117,Shape,elongated,0.9836046099662781,1,/content/drive/MyDrive/MACROBATT/INPUT_PDF_FILES/26523273.pdf
118,Lab_value,cells blended progressively with with areas of less intense cellular acellular mesenchymal,0.8756845593452454,1,/content/drive/MyDrive/MACROBATT/INPUT_PDF_FILES/26523273.pdf
119,Detailed_description,"relatively acellular , , fibrous",0.9997710585594177,1,/content/drive/MyDrive/MACROBATT/INPUT_PDF_FILES/26523273.pdf
120,Diagnostic_procedure,Osteoid,0.9994608759880066,1,/content/drive/MyDrive/MACROBATT/INPUT_PDF_FILES/26523273.pdf
121,Lab_value,present,0.9917761087417603,1,/content/drive/MyDrive/MACROBATT/INPUT_PDF_FILES/26523273.pdf
122,Detailed_description,within within,0.9732273817062378,1,/content/drive/MyDrive/MACROBATT/INPUT_PDF_FILES/26523273.pdf
123,Detailed_description,primitive,0.9604728817939758,1,/content/drive/MyDrive/MACROBATT/INPUT_PDF_FILES/26523273.pdf
124,Detailed_description,near either the the the epithelial fibrous septa or or pseudocapsule,0.9899431467056274,1,/content/drive/MyDrive/MACROBATT/INPUT_PDF_FILES/26523273.pdf
125,Detailed_description,admixed,0.9870684146881104,1,/content/drive/MyDrive/MACROBATT/INPUT_PDF_FILES/26523273.pdf
126,Detailed_description,admixed within within,0.9696540236473083,1,/content/drive/MyDrive/MACROBATT/INPUT_PDF_FILES/26523273.pdf
127,Detailed_description,epithelial,0.9281654357910156,1,/content/drive/MyDrive/MACROBATT/INPUT_PDF_FILES/26523273.pdf
128,Lab_value,cells morphologically identical to osteoblasts,0.999832808971405,1,/content/drive/MyDrive/MACROBATT/INPUT_PDF_FILES/26523273.pdf
129,Diagnostic_procedure,immunohistochemistry vimentin,0.9999715089797974,1,/content/drive/MyDrive/MACROBATT/INPUT_PDF_FILES/26523273.pdf
130,Diagnostic_procedure,immunohistochemistry stains,0.9999199509620667,1,/content/drive/MyDrive/MACROBATT/INPUT_PDF_FILES/26523273.pdf
131,Lab_value,expression,0.9999241828918457,1,/content/drive/MyDrive/MACROBATT/INPUT_PDF_FILES/26523273.pdf
132,Diagnostic_procedure,The immunohistochemistry hepatocyte,0.9995736479759216,1,/content/drive/MyDrive/MACROBATT/INPUT_PDF_FILES/26523273.pdf
133,Diagnostic_procedure,hepatocyte,0.9955475330352783,1,/content/drive/MyDrive/MACROBATT/INPUT_PDF_FILES/26523273.pdf
134,Diagnostic_procedure,immunohistochemistry hepatocyte,0.5033849477767944,1,/content/drive/MyDrive/MACROBATT/INPUT_PDF_FILES/26523273.pdf
135,Diagnostic_procedure,β-HCG β-catenin,0.9777958989143372,1,/content/drive/MyDrive/MACROBATT/INPUT_PDF_FILES/26523273.pdf
136,Diagnostic_procedure,β-HCG,0.9404782652854919,1,/content/drive/MyDrive/MACROBATT/INPUT_PDF_FILES/26523273.pdf
137,Diagnostic_procedure,vimentin,0.914719820022583,1,/content/drive/MyDrive/MACROBATT/INPUT_PDF_FILES/26523273.pdf
138,Diagnostic_procedure,CK7,0.9991292953491211,1,/content/drive/MyDrive/MACROBATT/INPUT_PDF_FILES/26523273.pdf
139,Diagnostic_procedure,CK19,0.9987795352935791,1,/content/drive/MyDrive/MACROBATT/INPUT_PDF_FILES/26523273.pdf
140,Diagnostic_procedure,CD56,0.9997243881225586,1,/content/drive/MyDrive/MACROBATT/INPUT_PDF_FILES/26523273.pdf
141,Diagnostic_procedure,β-catenin,0.9917589426040649,1,/content/drive/MyDrive/MACROBATT/INPUT_PDF_FILES/26523273.pdf
142,Lab_value,negativity,0.9999421834945679,1,/content/drive/MyDrive/MACROBATT/INPUT_PDF_FILES/26523273.pdf
143,Detailed_description,Metastatic,0.9580700397491455,1,/content/drive/MyDrive/MACROBATT/INPUT_PDF_FILES/26523273.pdf
144,Disease_disorder,hepatoblastoma immunohistochemistry immunohistochemistrically hepatoblastoma,0.9998587369918823,1,/content/drive/MyDrive/MACROBATT/INPUT_PDF_FILES/26523273.pdf
145,Disease_disorder,hepatoblastoma hepatoblastoma,0.9995858073234558,1,/content/drive/MyDrive/MACROBATT/INPUT_PDF_FILES/26523273.pdf
146,Diagnostic_procedure,histologic examination re-examination,0.9864577054977417,1,/content/drive/MyDrive/MACROBATT/INPUT_PDF_FILES/26523273.pdf
147,Diagnostic_procedure,immunohistochemistry immunohistochemistrically specimens,0.9955680966377258,1,/content/drive/MyDrive/MACROBATT/INPUT_PDF_FILES/26523273.pdf
148,Diagnostic_procedure,immunohistochemistry immunohistochemistrically,0.8958430290222168,1,/content/drive/MyDrive/MACROBATT/INPUT_PDF_FILES/26523273.pdf
149,Diagnostic_procedure,immunohistochemistrically,0.997266948223114,1,/content/drive/MyDrive/MACROBATT/INPUT_PDF_FILES/26523273.pdf
150,Diagnostic_procedure,re-examination,0.9789087176322937,1,/content/drive/MyDrive/MACROBATT/INPUT_PDF_FILES/26523273.pdf
151,Clinical_event,Follow-up,0.8729751110076904,1,/content/drive/MyDrive/MACROBATT/INPUT_PDF_FILES/26523273.pdf
152,Date,1 1.7,0.806846559047699,1,/content/drive/MyDrive/MACROBATT/INPUT_PDF_FILES/26523273.pdf
153,Detailed_description,newly onset,0.7882848381996155,1,/content/drive/MyDrive/MACROBATT/INPUT_PDF_FILES/26523273.pdf
154,Distance,1.7 cm,0.9994001388549805,1,/content/drive/MyDrive/MACROBATT/INPUT_PDF_FILES/26523273.pdf
155,Detailed_description,subtle enhancing,0.9998204112052917,1,/content/drive/MyDrive/MACROBATT/INPUT_PDF_FILES/26523273.pdf
156,Detailed_description,soft tissue,0.9998843669891357,1,/content/drive/MyDrive/MACROBATT/INPUT_PDF_FILES/26523273.pdf
157,Biological_structure,splenic,0.9651231169700623,1,/content/drive/MyDrive/MACROBATT/INPUT_PDF_FILES/26523273.pdf
158,Diagnostic_procedure,positron,0.9999746084213257,1,/content/drive/MyDrive/MACROBATT/INPUT_PDF_FILES/26523273.pdf
159,Diagnostic_procedure,positron emission tomography,0.9997071027755737,1,/content/drive/MyDrive/MACROBATT/INPUT_PDF_FILES/26523273.pdf
160,Diagnostic_procedure,PET,0.9968801736831665,1,/content/drive/MyDrive/MACROBATT/INPUT_PDF_FILES/26523273.pdf
161,Detailed_description,multiple,0.9998606443405151,1,/content/drive/MyDrive/MACROBATT/INPUT_PDF_FILES/26523273.pdf
162,Diagnostic_procedure,Follow-up FDG Fig.5A,0.5631875991821289,1,/content/drive/MyDrive/MACROBATT/INPUT_PDF_FILES/26523273.pdf
163,Lab_value,max,0.9367417097091675,1,/content/drive/MyDrive/MACROBATT/INPUT_PDF_FILES/26523273.pdf
164,Detailed_description,left,0.9936379790306091,1,/content/drive/MyDrive/MACROBATT/INPUT_PDF_FILES/26523273.pdf
165,Detailed_description,lower quadrant,0.8705828189849854,1,/content/drive/MyDrive/MACROBATT/INPUT_PDF_FILES/26523273.pdf
166,Biological_structure,paralumbar area area area including right subphrenic area area area,0.9999142289161682,1,/content/drive/MyDrive/MACROBATT/INPUT_PDF_FILES/26523273.pdf
167,Lab_value,162.69 ng/mL,0.9914537668228149,1,/content/drive/MyDrive/MACROBATT/INPUT_PDF_FILES/26523273.pdf
168,Detailed_description,Systemic,0.9999567270278931,1,/content/drive/MyDrive/MACROBATT/INPUT_PDF_FILES/26523273.pdf
169,Medication,chemotherapy chemotherapy,0.9998801946640015,1,/content/drive/MyDrive/MACROBATT/INPUT_PDF_FILES/26523273.pdf
170,Medication,cisplatin,0.9494748115539551,1,/content/drive/MyDrive/MACROBATT/INPUT_PDF_FILES/26523273.pdf
171,Dosage,60 600,0.998562753200531,1,/content/drive/MyDrive/MACROBATT/INPUT_PDF_FILES/26523273.pdf
172,Medication,5-fluorourasil,0.9962210655212402,1,/content/drive/MyDrive/MACROBATT/INPUT_PDF_FILES/26523273.pdf
173,Medication,5-fluorourasil 5-FU 1.5,0.6767339110374451,1,/content/drive/MyDrive/MACROBATT/INPUT_PDF_FILES/26523273.pdf
174,Medication,5-FU,0.9433228373527527,1,/content/drive/MyDrive/MACROBATT/INPUT_PDF_FILES/26523273.pdf
175,Medication,vincristine,0.9985766410827637,1,/content/drive/MyDrive/MACROBATT/INPUT_PDF_FILES/26523273.pdf
176,Frequency,cycles,0.7588602900505066,1,/content/drive/MyDrive/MACROBATT/INPUT_PDF_FILES/26523273.pdf
177,Frequency,every 4,0.9493962526321411,1,/content/drive/MyDrive/MACROBATT/INPUT_PDF_FILES/26523273.pdf
178,Medication,Entecavir,0.9998738765716553,2,/content/drive/MyDrive/MACROBATT/INPUT_PDF_FILES/26523273.pdf
179,Dosage,0.5 mg,0.9994311928749084,2,/content/drive/MyDrive/MACROBATT/INPUT_PDF_FILES/26523273.pdf
180,Medication,chemoprophylaxis,0.9998639822006226,2,/content/drive/MyDrive/MACROBATT/INPUT_PDF_FILES/26523273.pdf
181,Disease_disorder,CHB,0.9998761415481567,2,/content/drive/MyDrive/MACROBATT/INPUT_PDF_FILES/26523273.pdf
182,Medication,chemotherapy,0.9997403025627136,2,/content/drive/MyDrive/MACROBATT/INPUT_PDF_FILES/26523273.pdf
183,Biological_structure,abdominal,0.9999563694000244,2,/content/drive/MyDrive/MACROBATT/INPUT_PDF_FILES/26523273.pdf
184,Diagnostic_procedure,PET,0.9999735355377197,2,/content/drive/MyDrive/MACROBATT/INPUT_PDF_FILES/26523273.pdf
185,Detailed_description,multiple,0.9999282360076904,2,/content/drive/MyDrive/MACROBATT/INPUT_PDF_FILES/26523273.pdf
186,Biological_structure,intraperitoneal intraperitoneal,0.9982460141181946,2,/content/drive/MyDrive/MACROBATT/INPUT_PDF_FILES/26523273.pdf
187,Sign_symptom,metastasis,0.9983738660812378,2,/content/drive/MyDrive/MACROBATT/INPUT_PDF_FILES/26523273.pdf
188,Severity,large amount,0.9923583269119263,2,/content/drive/MyDrive/MACROBATT/INPUT_PDF_FILES/26523273.pdf
189,Sign_symptom,fluid,0.9995405673980713,2,/content/drive/MyDrive/MACROBATT/INPUT_PDF_FILES/26523273.pdf
190,Diagnostic_procedure,AFP,0.9998828172683716,2,/content/drive/MyDrive/MACROBATT/INPUT_PDF_FILES/26523273.pdf
191,Lab_value,increased,0.9999077320098877,2,/content/drive/MyDrive/MACROBATT/INPUT_PDF_FILES/26523273.pdf
192,Lab_value,254,0.9999359846115112,2,/content/drive/MyDrive/MACROBATT/INPUT_PDF_FILES/26523273.pdf
193,Medication,carboplatin,0.9998842477798462,2,/content/drive/MyDrive/MACROBATT/INPUT_PDF_FILES/26523273.pdf
194,Dosage,350,0.9987764954566956,2,/content/drive/MyDrive/MACROBATT/INPUT_PDF_FILES/26523273.pdf
195,Medication,doxorubicin,0.9998992681503296,2,/content/drive/MyDrive/MACROBATT/INPUT_PDF_FILES/26523273.pdf
196,Frequency,every,0.6360911726951599,2,/content/drive/MyDrive/MACROBATT/INPUT_PDF_FILES/26523273.pdf
197,Dosage,350 30 3,0.5933811068534851,2,/content/drive/MyDrive/MACROBATT/INPUT_PDF_FILES/26523273.pdf
198,Sign_symptom,neutropenia new,0.9999569654464722,2,/content/drive/MyDrive/MACROBATT/INPUT_PDF_FILES/26523273.pdf
199,Sign_symptom,neutropenia but,0.9999490976333618,2,/content/drive/MyDrive/MACROBATT/INPUT_PDF_FILES/26523273.pdf
200,Sign_symptom,neutropenia,0.9998073577880859,2,/content/drive/MyDrive/MACROBATT/INPUT_PDF_FILES/26523273.pdf
201,Sign_symptom,recovered,0.9996107220649719,2,/content/drive/MyDrive/MACROBATT/INPUT_PDF_FILES/26523273.pdf
202,Medication,granulocyte,0.999339759349823,2,/content/drive/MyDrive/MACROBATT/INPUT_PDF_FILES/26523273.pdf
203,Medication,granulocyte colony-stimulating factor,0.9973207712173462,2,/content/drive/MyDrive/MACROBATT/INPUT_PDF_FILES/26523273.pdf
204,Medication,CSF,0.9907975196838379,2,/content/drive/MyDrive/MACROBATT/INPUT_PDF_FILES/26523273.pdf
205,Medication,doxorubicin abdominal,0.9998689889907837,2,/content/drive/MyDrive/MACROBATT/INPUT_PDF_FILES/26523273.pdf
206,Lab_value,1510.19,0.999678373336792,2,/content/drive/MyDrive/MACROBATT/INPUT_PDF_FILES/26523273.pdf
207,Sign_symptom,was increased ascites was decreased,0.9999539852142334,2,/content/drive/MyDrive/MACROBATT/INPUT_PDF_FILES/26523273.pdf
208,Sign_symptom,ascites,0.999477744102478,2,/content/drive/MyDrive/MACROBATT/INPUT_PDF_FILES/26523273.pdf
209,Lab_value,decreased,0.9977197051048279,2,/content/drive/MyDrive/MACROBATT/INPUT_PDF_FILES/26523273.pdf
210,Detailed_description,metastatic metastasis,0.5409106016159058,2,/content/drive/MyDrive/MACROBATT/INPUT_PDF_FILES/26523273.pdf
211,Biological_structure,chemotherapy hepatic,0.9999305009841919,2,/content/drive/MyDrive/MACROBATT/INPUT_PDF_FILES/26523273.pdf
212,Biological_structure,hepatic,0.9812909364700317,2,/content/drive/MyDrive/MACROBATT/INPUT_PDF_FILES/26523273.pdf
213,Diagnostic_procedure,paracentesis,0.9999088048934937,2,/content/drive/MyDrive/MACROBATT/INPUT_PDF_FILES/26523273.pdf
214,Diagnostic_procedure,white blood cell,0.9999157786369324,2,/content/drive/MyDrive/MACROBATT/INPUT_PDF_FILES/26523273.pdf
215,Lab_value,310/mm3,0.9999113082885742,2,/content/drive/MyDrive/MACROBATT/INPUT_PDF_FILES/26523273.pdf
216,Diagnostic_procedure,protein,0.9999420642852783,2,/content/drive/MyDrive/MACROBATT/INPUT_PDF_FILES/26523273.pdf
217,Lab_value,3.6 g/dL g/dL,0.9999203681945801,2,/content/drive/MyDrive/MACROBATT/INPUT_PDF_FILES/26523273.pdf
218,Diagnostic_procedure,albumin,0.9994499683380127,2,/content/drive/MyDrive/MACROBATT/INPUT_PDF_FILES/26523273.pdf
219,Lab_value,2.3 g/dL g/dL,0.9998692870140076,2,/content/drive/MyDrive/MACROBATT/INPUT_PDF_FILES/26523273.pdf
220,Detailed_description,serum serum-ascites,0.9999386072158813,2,/content/drive/MyDrive/MACROBATT/INPUT_PDF_FILES/26523273.pdf
221,Diagnostic_procedure,albumin albumin,0.9935927987098694,2,/content/drive/MyDrive/MACROBATT/INPUT_PDF_FILES/26523273.pdf
222,Lab_value,3.1 g/dL g/dL,0.9999125599861145,2,/content/drive/MyDrive/MACROBATT/INPUT_PDF_FILES/26523273.pdf
223,Sign_symptom,was serum-ascites was,0.7758306860923767,2,/content/drive/MyDrive/MACROBATT/INPUT_PDF_FILES/26523273.pdf
224,Detailed_description,serum-ascites,0.6518898010253906,2,/content/drive/MyDrive/MACROBATT/INPUT_PDF_FILES/26523273.pdf
225,Diagnostic_procedure,SAAG,0.9987462759017944,2,/content/drive/MyDrive/MACROBATT/INPUT_PDF_FILES/26523273.pdf
226,Lab_value,0.8,0.9814792275428772,2,/content/drive/MyDrive/MACROBATT/INPUT_PDF_FILES/26523273.pdf
227,Diagnostic_procedure,AFB stain and culture,0.9998937845230103,2,/content/drive/MyDrive/MACROBATT/INPUT_PDF_FILES/26523273.pdf
228,Lab_value,negative,0.9999535083770752,2,/content/drive/MyDrive/MACROBATT/INPUT_PDF_FILES/26523273.pdf
229,Lab_value,6881.93 ng/mL,0.9999125003814697,2,/content/drive/MyDrive/MACROBATT/INPUT_PDF_FILES/26523273.pdf
230,Biological_structure,peritoneal,0.9989132881164551,2,/content/drive/MyDrive/MACROBATT/INPUT_PDF_FILES/26523273.pdf
231,Therapeutic_procedure,conservative treatments,0.9996762275695801,2,/content/drive/MyDrive/MACROBATT/INPUT_PDF_FILES/26523273.pdf
232,Detailed_description,repeated,0.9999213218688965,2,/content/drive/MyDrive/MACROBATT/INPUT_PDF_FILES/26523273.pdf
233,Duration,1 month,0.999219536781311,2,/content/drive/MyDrive/MACROBATT/INPUT_PDF_FILES/26523273.pdf
