,Entity Group,Value,Score,Page,Pdf File
0,Age,42-year-old,0.9981532096862793,1,/content/drive/MyDrive/MACROBATT/INPUT_PDF_FILES/26530965.pdf
1,Sex,woman,0.9998169541358948,1,/content/drive/MyDrive/MACROBATT/INPUT_PDF_FILES/26530965.pdf
2,Clinical_event,presented,0.9988250136375427,1,/content/drive/MyDrive/MACROBATT/INPUT_PDF_FILES/26530965.pdf
3,Biological_structure,right,0.9998288154602051,1,/content/drive/MyDrive/MACROBATT/INPUT_PDF_FILES/26530965.pdf
4,Biological_structure,breast,0.9860150814056396,1,/content/drive/MyDrive/MACROBATT/INPUT_PDF_FILES/26530965.pdf
5,Biological_structure,lower back,0.9979327321052551,1,/content/drive/MyDrive/MACROBATT/INPUT_PDF_FILES/26530965.pdf
6,Sign_symptom,loss,0.8471113443374634,1,/content/drive/MyDrive/MACROBATT/INPUT_PDF_FILES/26530965.pdf
7,Sign_symptom,height,0.5736260414123535,1,/content/drive/MyDrive/MACROBATT/INPUT_PDF_FILES/26530965.pdf
8,Sign_symptom,kyphosis,0.9706354141235352,1,/content/drive/MyDrive/MACROBATT/INPUT_PDF_FILES/26530965.pdf
9,Diagnostic_procedure,biopsies,0.9942401051521301,1,/content/drive/MyDrive/MACROBATT/INPUT_PDF_FILES/26530965.pdf
10,Sign_symptom,lump,0.9999476671218872,1,/content/drive/MyDrive/MACROBATT/INPUT_PDF_FILES/26530965.pdf
11,Disease_disorder,ductal carcinoma,0.9998567700386047,1,/content/drive/MyDrive/MACROBATT/INPUT_PDF_FILES/26530965.pdf
12,Diagnostic_procedure,biopsy,0.9999151229858398,1,/content/drive/MyDrive/MACROBATT/INPUT_PDF_FILES/26530965.pdf
13,Biological_structure,ipsilateral,0.9999388456344604,1,/content/drive/MyDrive/MACROBATT/INPUT_PDF_FILES/26530965.pdf
14,Biological_structure,ipsilateral axillary lymph node,0.9976998567581177,1,/content/drive/MyDrive/MACROBATT/INPUT_PDF_FILES/26530965.pdf
15,Detailed_description,metastatic,0.7570624351501465,1,/content/drive/MyDrive/MACROBATT/INPUT_PDF_FILES/26530965.pdf
16,Disease_disorder,ductal adenocarcinoma,0.9998597502708435,1,/content/drive/MyDrive/MACROBATT/INPUT_PDF_FILES/26530965.pdf
17,Diagnostic_procedure,ER+ HER2+,0.999826967716217,1,/content/drive/MyDrive/MACROBATT/INPUT_PDF_FILES/26530965.pdf
18,Diagnostic_procedure,Computed tomography,0.9999553561210632,1,/content/drive/MyDrive/MACROBATT/INPUT_PDF_FILES/26530965.pdf
19,Detailed_description,widespread,0.9999594688415527,1,/content/drive/MyDrive/MACROBATT/INPUT_PDF_FILES/26530965.pdf
20,Biological_structure,pleura,0.9986308217048645,1,/content/drive/MyDrive/MACROBATT/INPUT_PDF_FILES/26530965.pdf
21,Biological_structure,liver,0.999927282333374,1,/content/drive/MyDrive/MACROBATT/INPUT_PDF_FILES/26530965.pdf
22,Medication,treatment trastuzumab,0.9998743534088135,1,/content/drive/MyDrive/MACROBATT/INPUT_PDF_FILES/26530965.pdf
23,Medication,trastuzumab,0.9997932314872742,1,/content/drive/MyDrive/MACROBATT/INPUT_PDF_FILES/26530965.pdf
24,Detailed_description,taxane-based,0.9948219060897827,1,/content/drive/MyDrive/MACROBATT/INPUT_PDF_FILES/26530965.pdf
25,Detailed_description,significant,0.9996545314788818,1,/content/drive/MyDrive/MACROBATT/INPUT_PDF_FILES/26530965.pdf
26,Detailed_description,partial,0.9996364116668701,1,/content/drive/MyDrive/MACROBATT/INPUT_PDF_FILES/26530965.pdf
27,Sign_symptom,response,0.9999181032180786,1,/content/drive/MyDrive/MACROBATT/INPUT_PDF_FILES/26530965.pdf
28,Detailed_description,induction,0.9508845210075378,1,/content/drive/MyDrive/MACROBATT/INPUT_PDF_FILES/26530965.pdf
29,Medication,tamoxifen,0.9998929500579834,1,/content/drive/MyDrive/MACROBATT/INPUT_PDF_FILES/26530965.pdf
30,Duration,19 months,0.9996671676635742,1,/content/drive/MyDrive/MACROBATT/INPUT_PDF_FILES/26530965.pdf
31,Sign_symptom,seizures,0.999927282333374,1,/content/drive/MyDrive/MACROBATT/INPUT_PDF_FILES/26530965.pdf
32,Biological_structure,head,0.99996018409729,1,/content/drive/MyDrive/MACROBATT/INPUT_PDF_FILES/26530965.pdf
33,Diagnostic_procedure,computed tomography,0.9999480843544006,1,/content/drive/MyDrive/MACROBATT/INPUT_PDF_FILES/26530965.pdf
34,Sign_symptom,metastasis,0.9999401569366455,1,/content/drive/MyDrive/MACROBATT/INPUT_PDF_FILES/26530965.pdf
35,Biological_structure,left frontal lobe,0.9999377131462097,1,/content/drive/MyDrive/MACROBATT/INPUT_PDF_FILES/26530965.pdf
36,Therapeutic_procedure,presented seizures resected,0.9998865127563477,1,/content/drive/MyDrive/MACROBATT/INPUT_PDF_FILES/26530965.pdf
37,Therapeutic_procedure,resected,0.7129297852516174,1,/content/drive/MyDrive/MACROBATT/INPUT_PDF_FILES/26530965.pdf
38,Diagnostic_procedure,plasma samples samples,0.9998787641525269,1,/content/drive/MyDrive/MACROBATT/INPUT_PDF_FILES/26530965.pdf
39,Date,Four months after,0.9998542666435242,1,/content/drive/MyDrive/MACROBATT/INPUT_PDF_FILES/26530965.pdf
40,Detailed_description,enlarging Supplementary,0.9999110698699951,1,/content/drive/MyDrive/MACROBATT/INPUT_PDF_FILES/26530965.pdf
41,Detailed_description,enlarging,0.9431241750717163,1,/content/drive/MyDrive/MACROBATT/INPUT_PDF_FILES/26530965.pdf
42,Sign_symptom,lesions,0.9998918771743774,1,/content/drive/MyDrive/MACROBATT/INPUT_PDF_FILES/26530965.pdf
43,Biological_structure,left ovary,0.9999151825904846,1,/content/drive/MyDrive/MACROBATT/INPUT_PDF_FILES/26530965.pdf
44,Therapeutic_procedure,Treatment,0.9997859597206116,1,/content/drive/MyDrive/MACROBATT/INPUT_PDF_FILES/26530965.pdf
45,Medication,lapatinib,0.9998974800109863,1,/content/drive/MyDrive/MACROBATT/INPUT_PDF_FILES/26530965.pdf
46,Medication,capecitabine,0.9998779296875,1,/content/drive/MyDrive/MACROBATT/INPUT_PDF_FILES/26530965.pdf
47,Sign_symptom,stable disease,0.9997873306274414,1,/content/drive/MyDrive/MACROBATT/INPUT_PDF_FILES/26530965.pdf
48,Duration,12 months,0.9996019005775452,1,/content/drive/MyDrive/MACROBATT/INPUT_PDF_FILES/26530965.pdf
49,Sign_symptom,General deterioration,0.999854326248169,1,/content/drive/MyDrive/MACROBATT/INPUT_PDF_FILES/26530965.pdf
50,Sign_symptom,disease progression,0.9998847842216492,1,/content/drive/MyDrive/MACROBATT/INPUT_PDF_FILES/26530965.pdf
51,Biological_structure,chest chest,0.9998840093612671,1,/content/drive/MyDrive/MACROBATT/INPUT_PDF_FILES/26530965.pdf
52,Biological_structure,pulmonary,0.999853253364563,1,/content/drive/MyDrive/MACROBATT/INPUT_PDF_FILES/26530965.pdf
53,Detailed_description,bilateral,0.9999340772628784,1,/content/drive/MyDrive/MACROBATT/INPUT_PDF_FILES/26530965.pdf
54,Disease_disorder,pleural Supplementary,0.9487712979316711,1,/content/drive/MyDrive/MACROBATT/INPUT_PDF_FILES/26530965.pdf
55,Disease_disorder,General deterioration then occurred disease progression the chest new nodules bilateral pleural effusions posterior chest Supplementary Eastern Cooperative performance,0.9196202754974365,1,/content/drive/MyDrive/MACROBATT/INPUT_PDF_FILES/26530965.pdf
56,Diagnostic_procedure,Eastern Cooperative Oncology Group performance,0.9998292922973633,1,/content/drive/MyDrive/MACROBATT/INPUT_PDF_FILES/26530965.pdf
57,Outcome,died,0.9977021813392639,1,/content/drive/MyDrive/MACROBATT/INPUT_PDF_FILES/26530965.pdf
58,Date,months,0.5051356554031372,1,/content/drive/MyDrive/MACROBATT/INPUT_PDF_FILES/26530965.pdf
59,Sign_symptom,metastasis metastatic,0.9998168349266052,1,/content/drive/MyDrive/MACROBATT/INPUT_PDF_FILES/26530965.pdf
60,Sign_symptom,diagnosis metastasis,0.979377269744873,1,/content/drive/MyDrive/MACROBATT/INPUT_PDF_FILES/26530965.pdf
61,Diagnostic_procedure,plasma samples,0.9999192953109741,1,/content/drive/MyDrive/MACROBATT/INPUT_PDF_FILES/26530965.pdf
