,Entity Group,Value,Score,Page,Pdf File
0,Age,22-year-old,0.9961908459663391,1,/content/drive/MyDrive/MACROBATT/INPUT_PDF_FILES/26584481.pdf
1,Sex,woman,0.9997738003730774,1,/content/drive/MyDrive/MACROBATT/INPUT_PDF_FILES/26584481.pdf
2,History,diagnosed in retinal spinal childhood with with type IIb VHL,0.9997742176055908,1,/content/drive/MyDrive/MACROBATT/INPUT_PDF_FILES/26584481.pdf
3,History,multiple retinal angiomas,0.9994834065437317,1,/content/drive/MyDrive/MACROBATT/INPUT_PDF_FILES/26584481.pdf
4,History,pancreatic cysts,0.9990652799606323,1,/content/drive/MyDrive/MACROBATT/INPUT_PDF_FILES/26584481.pdf
5,History,spinal and and cerebellar hemangioblastomas,0.9882664084434509,1,/content/drive/MyDrive/MACROBATT/INPUT_PDF_FILES/26584481.pdf
6,Clinical_event,admitted,0.9998886585235596,1,/content/drive/MyDrive/MACROBATT/INPUT_PDF_FILES/26584481.pdf
7,Nonbiological_location,hospital,0.9996545314788818,1,/content/drive/MyDrive/MACROBATT/INPUT_PDF_FILES/26584481.pdf
8,Detailed_description,progressive,0.9999769926071167,1,/content/drive/MyDrive/MACROBATT/INPUT_PDF_FILES/26584481.pdf
9,Sign_symptom,admitted dyspnea and,0.9999589920043945,1,/content/drive/MyDrive/MACROBATT/INPUT_PDF_FILES/26584481.pdf
10,Sign_symptom,dyspnea,0.999737560749054,1,/content/drive/MyDrive/MACROBATT/INPUT_PDF_FILES/26584481.pdf
11,Sign_symptom,palpitations,0.9999592304229736,1,/content/drive/MyDrive/MACROBATT/INPUT_PDF_FILES/26584481.pdf
12,Diagnostic_procedure,blood pressure,0.9999622702598572,1,/content/drive/MyDrive/MACROBATT/INPUT_PDF_FILES/26584481.pdf
13,Lab_value,159/119 mm Hg,0.9998968243598938,1,/content/drive/MyDrive/MACROBATT/INPUT_PDF_FILES/26584481.pdf
14,Diagnostic_procedure,pulse,0.9998053908348083,1,/content/drive/MyDrive/MACROBATT/INPUT_PDF_FILES/26584481.pdf
15,Lab_value,123 bpm,0.9999410510063171,1,/content/drive/MyDrive/MACROBATT/INPUT_PDF_FILES/26584481.pdf
16,Diagnostic_procedure,examination,0.9972330927848816,1,/content/drive/MyDrive/MACROBATT/INPUT_PDF_FILES/26584481.pdf
17,Detailed_description,systolic,0.9999613761901855,1,/content/drive/MyDrive/MACROBATT/INPUT_PDF_FILES/26584481.pdf
18,Sign_symptom,murmur,0.9999538660049438,1,/content/drive/MyDrive/MACROBATT/INPUT_PDF_FILES/26584481.pdf
19,Biological_structure,mitral focus,0.9989975094795227,1,/content/drive/MyDrive/MACROBATT/INPUT_PDF_FILES/26584481.pdf
20,Biological_structure,irradiation,0.9999243021011353,1,/content/drive/MyDrive/MACROBATT/INPUT_PDF_FILES/26584481.pdf
21,Biological_structure,irradiation systolic to the the axilla,0.9927805662155151,1,/content/drive/MyDrive/MACROBATT/INPUT_PDF_FILES/26584481.pdf
22,Diagnostic_procedure,Electrocardiography,0.981024980545044,1,/content/drive/MyDrive/MACROBATT/INPUT_PDF_FILES/26584481.pdf
23,Detailed_description,sinus,0.9998185038566589,1,/content/drive/MyDrive/MACROBATT/INPUT_PDF_FILES/26584481.pdf
24,Sign_symptom,tachycardia,0.9681819081306458,1,/content/drive/MyDrive/MACROBATT/INPUT_PDF_FILES/26584481.pdf
25,Diagnostic_procedure,Laboratory tests,0.9999657273292542,1,/content/drive/MyDrive/MACROBATT/INPUT_PDF_FILES/26584481.pdf
26,Lab_value,elevated,0.9994804263114929,1,/content/drive/MyDrive/MACROBATT/INPUT_PDF_FILES/26584481.pdf
27,Detailed_description,N-terminal,0.9999691247940063,1,/content/drive/MyDrive/MACROBATT/INPUT_PDF_FILES/26584481.pdf
28,Diagnostic_procedure,pro-brain natriuretic peptide,0.9999198913574219,1,/content/drive/MyDrive/MACROBATT/INPUT_PDF_FILES/26584481.pdf
29,Biological_structure,chest,0.9999215602874756,1,/content/drive/MyDrive/MACROBATT/INPUT_PDF_FILES/26584481.pdf
30,Diagnostic_procedure,X-ray,0.9835889339447021,1,/content/drive/MyDrive/MACROBATT/INPUT_PDF_FILES/26584481.pdf
31,Sign_symptom,pulmonary interstitial,0.8888395428657532,1,/content/drive/MyDrive/MACROBATT/INPUT_PDF_FILES/26584481.pdf
32,Biological_structure,Department of of Cardiology,0.9990313053131104,1,/content/drive/MyDrive/MACROBATT/INPUT_PDF_FILES/26584481.pdf
33,Detailed_description,acute,0.999968409538269,1,/content/drive/MyDrive/MACROBATT/INPUT_PDF_FILES/26584481.pdf
34,Detailed_description,decompensated,0.9998663663864136,1,/content/drive/MyDrive/MACROBATT/INPUT_PDF_FILES/26584481.pdf
35,Detailed_description,Transthoracic,0.9995001554489136,1,/content/drive/MyDrive/MACROBATT/INPUT_PDF_FILES/26584481.pdf
36,Diagnostic_procedure,echocardiography,0.9553499221801758,1,/content/drive/MyDrive/MACROBATT/INPUT_PDF_FILES/26584481.pdf
37,Sign_symptom,dilated,0.9998606443405151,1,/content/drive/MyDrive/MACROBATT/INPUT_PDF_FILES/26584481.pdf
38,Biological_structure,left ventricle,0.9999170303344727,1,/content/drive/MyDrive/MACROBATT/INPUT_PDF_FILES/26584481.pdf
39,Lab_value,severely depressed,0.9999119639396667,1,/content/drive/MyDrive/MACROBATT/INPUT_PDF_FILES/26584481.pdf
40,Diagnostic_procedure,echocardiography showed dilated left ventricle severely depressed ejection due generalized hypokinesia regurgitation,0.999944806098938,1,/content/drive/MyDrive/MACROBATT/INPUT_PDF_FILES/26584481.pdf
41,Diagnostic_procedure,ejection fraction,0.9120693206787109,1,/content/drive/MyDrive/MACROBATT/INPUT_PDF_FILES/26584481.pdf
42,Detailed_description,generalized,0.9999611377716064,1,/content/drive/MyDrive/MACROBATT/INPUT_PDF_FILES/26584481.pdf
43,Sign_symptom,Transthoracic echocardiography showed with hypokinesia,0.9998114705085754,1,/content/drive/MyDrive/MACROBATT/INPUT_PDF_FILES/26584481.pdf
44,Sign_symptom,hypokinesia,0.9707030653953552,1,/content/drive/MyDrive/MACROBATT/INPUT_PDF_FILES/26584481.pdf
45,Severity,mild,0.9998077750205994,1,/content/drive/MyDrive/MACROBATT/INPUT_PDF_FILES/26584481.pdf
46,Sign_symptom,mitral,0.9998941421508789,1,/content/drive/MyDrive/MACROBATT/INPUT_PDF_FILES/26584481.pdf
47,Sign_symptom,generalized mitral regurgitation,0.9113759994506836,1,/content/drive/MyDrive/MACROBATT/INPUT_PDF_FILES/26584481.pdf
48,Detailed_description,several episodes,0.9996916651725769,1,/content/drive/MyDrive/MACROBATT/INPUT_PDF_FILES/26584481.pdf
49,Detailed_description,paroxysmal,0.9999423027038574,1,/content/drive/MyDrive/MACROBATT/INPUT_PDF_FILES/26584481.pdf
50,Sign_symptom,admission had episodes dyspnea despite and diuretics,0.9998960494995117,1,/content/drive/MyDrive/MACROBATT/INPUT_PDF_FILES/26584481.pdf
51,Medication,β-blockers,0.9995719194412231,1,/content/drive/MyDrive/MACROBATT/INPUT_PDF_FILES/26584481.pdf
52,Medication,diuretics,0.9788715243339539,1,/content/drive/MyDrive/MACROBATT/INPUT_PDF_FILES/26584481.pdf
53,Disease_disorder,adrenal,0.9870014190673828,1,/content/drive/MyDrive/MACROBATT/INPUT_PDF_FILES/26584481.pdf
54,Detailed_description,24-hour,0.9996756315231323,1,/content/drive/MyDrive/MACROBATT/INPUT_PDF_FILES/26584481.pdf
55,Biological_structure,24-hour urinary,0.9999532699584961,1,/content/drive/MyDrive/MACROBATT/INPUT_PDF_FILES/26584481.pdf
56,Biological_structure,urinary,0.983543872833252,1,/content/drive/MyDrive/MACROBATT/INPUT_PDF_FILES/26584481.pdf
57,Diagnostic_procedure,catecholamine,0.915368914604187,1,/content/drive/MyDrive/MACROBATT/INPUT_PDF_FILES/26584481.pdf
58,Diagnostic_procedure,metanephrine tests,0.999730110168457,1,/content/drive/MyDrive/MACROBATT/INPUT_PDF_FILES/26584481.pdf
59,Biological_structure,Cardiac,0.9999674558639526,1,/content/drive/MyDrive/MACROBATT/INPUT_PDF_FILES/26584481.pdf
60,Diagnostic_procedure,MRI,0.9999595880508423,1,/content/drive/MyDrive/MACROBATT/INPUT_PDF_FILES/26584481.pdf
61,Detailed_description,great,0.9999192953109741,1,/content/drive/MyDrive/MACROBATT/INPUT_PDF_FILES/26584481.pdf
62,Biological_structure,left,0.9980643391609192,1,/content/drive/MyDrive/MACROBATT/INPUT_PDF_FILES/26584481.pdf
63,Biological_structure,renal,0.7092779874801636,1,/content/drive/MyDrive/MACROBATT/INPUT_PDF_FILES/26584481.pdf
64,Detailed_description,24-hour 24-hour 24-hour 24-hour 24-hour 24-hour,0.9996035695075989,1,/content/drive/MyDrive/MACROBATT/INPUT_PDF_FILES/26584481.pdf
65,Coreference,laboratory tests,0.9915115833282471,1,/content/drive/MyDrive/MACROBATT/INPUT_PDF_FILES/26584481.pdf
66,Diagnostic_procedure,norepinephrine norepinephrine,0.8041004538536072,1,/content/drive/MyDrive/MACROBATT/INPUT_PDF_FILES/26584481.pdf
67,Diagnostic_procedure,urine norepinephrine catecholamines normetanephrine metanephrine epinephrine norepinephrine epinephrine catecholamines normetanephrine metanephrine,0.765154242515564,1,/content/drive/MyDrive/MACROBATT/INPUT_PDF_FILES/26584481.pdf
68,Diagnostic_procedure,total total total catecholamines catecholamines,0.9755401611328125,1,/content/drive/MyDrive/MACROBATT/INPUT_PDF_FILES/26584481.pdf
69,Diagnostic_procedure,normetanephrine normetanephrine,0.9995695352554321,1,/content/drive/MyDrive/MACROBATT/INPUT_PDF_FILES/26584481.pdf
70,Diagnostic_procedure,normetanephrine metanephrine normetanephrine metanephrine,0.9991389513015747,1,/content/drive/MyDrive/MACROBATT/INPUT_PDF_FILES/26584481.pdf
71,Lab_value,normal normal normal normal normal normal,0.9973121881484985,1,/content/drive/MyDrive/MACROBATT/INPUT_PDF_FILES/26584481.pdf
72,Diagnostic_procedure,norepinephrine epinephrine norepinephrine epinephrine,0.9951574802398682,1,/content/drive/MyDrive/MACROBATT/INPUT_PDF_FILES/26584481.pdf
73,Lab_value,468 μg μg μg μg μg,0.8926838636398315,1,/content/drive/MyDrive/MACROBATT/INPUT_PDF_FILES/26584481.pdf
74,Lab_value,"13 3,013 μg μg μg μg μg",0.9998905062675476,1,/content/drive/MyDrive/MACROBATT/INPUT_PDF_FILES/26584481.pdf
75,Diagnostic_procedure,catecholamines catecholamines,0.9820595979690552,1,/content/drive/MyDrive/MACROBATT/INPUT_PDF_FILES/26584481.pdf
76,Lab_value,658 μg μg μg μg μg,0.9999193549156189,1,/content/drive/MyDrive/MACROBATT/INPUT_PDF_FILES/26584481.pdf
77,Lab_value,"2,988 μg μg μg μg μg",0.9281637668609619,1,/content/drive/MyDrive/MACROBATT/INPUT_PDF_FILES/26584481.pdf
78,Lab_value,"3,013 μg μg μg μg μg",0.9977611899375916,1,/content/drive/MyDrive/MACROBATT/INPUT_PDF_FILES/26584481.pdf
79,Biological_structure,abdominal,0.9999586343765259,1,/content/drive/MyDrive/MACROBATT/INPUT_PDF_FILES/26584481.pdf
80,Detailed_description,two,0.9998236298561096,1,/content/drive/MyDrive/MACROBATT/INPUT_PDF_FILES/26584481.pdf
81,Detailed_description,cystic,0.9999537467956543,1,/content/drive/MyDrive/MACROBATT/INPUT_PDF_FILES/26584481.pdf
82,Sign_symptom,masses,0.9999212026596069,1,/content/drive/MyDrive/MACROBATT/INPUT_PDF_FILES/26584481.pdf
83,Detailed_description,Surgical,0.9983878135681152,1,/content/drive/MyDrive/MACROBATT/INPUT_PDF_FILES/26584481.pdf
84,Therapeutic_procedure,resection,0.9990400671958923,1,/content/drive/MyDrive/MACROBATT/INPUT_PDF_FILES/26584481.pdf
85,Therapeutic_procedure,α-blockade,0.9906501173973083,1,/content/drive/MyDrive/MACROBATT/INPUT_PDF_FILES/26584481.pdf
86,Medication,phenoxybenzamine,0.826535165309906,1,/content/drive/MyDrive/MACROBATT/INPUT_PDF_FILES/26584481.pdf
87,Therapeutic_procedure,β-blockade,0.9998194575309753,1,/content/drive/MyDrive/MACROBATT/INPUT_PDF_FILES/26584481.pdf
88,Therapeutic_procedure,α-blockade β-blockade,0.8774797320365906,1,/content/drive/MyDrive/MACROBATT/INPUT_PDF_FILES/26584481.pdf
89,Medication,propranolol,0.9998369216918945,1,/content/drive/MyDrive/MACROBATT/INPUT_PDF_FILES/26584481.pdf
90,Therapeutic_procedure,laparoscopic approach,0.9927142858505249,1,/content/drive/MyDrive/MACROBATT/INPUT_PDF_FILES/26584481.pdf
91,Disease_disorder,pheochromocytoma,0.9882033467292786,1,/content/drive/MyDrive/MACROBATT/INPUT_PDF_FILES/26584481.pdf
92,Detailed_description,clear cell,0.9997571706771851,1,/content/drive/MyDrive/MACROBATT/INPUT_PDF_FILES/26584481.pdf
93,Therapeutic_procedure,renal carcinoma,0.942559540271759,1,/content/drive/MyDrive/MACROBATT/INPUT_PDF_FILES/26584481.pdf
94,Disease_disorder,masses pheochromocytoma carcinoma,0.6679113507270813,1,/content/drive/MyDrive/MACROBATT/INPUT_PDF_FILES/26584481.pdf
95,Diagnostic_procedure,heart rate,0.999954342842102,1,/content/drive/MyDrive/MACROBATT/INPUT_PDF_FILES/26584481.pdf
96,Lab_value,normalized normal,0.9999090433120728,1,/content/drive/MyDrive/MACROBATT/INPUT_PDF_FILES/26584481.pdf
97,Lab_value,124/77,0.9893581867218018,1,/content/drive/MyDrive/MACROBATT/INPUT_PDF_FILES/26584481.pdf
98,Detailed_description,124/77 24-hour μg/24 μg/24 μg/24 μg/24,0.9997676014900208,1,/content/drive/MyDrive/MACROBATT/INPUT_PDF_FILES/26584481.pdf
99,Diagnostic_procedure,catecholamine catecholamine,0.9958006143569946,1,/content/drive/MyDrive/MACROBATT/INPUT_PDF_FILES/26584481.pdf
100,Lab_value,normalized normal range,0.9986060857772827,1,/content/drive/MyDrive/MACROBATT/INPUT_PDF_FILES/26584481.pdf
101,Diagnostic_procedure,norepinephrine,0.9313551783561707,1,/content/drive/MyDrive/MACROBATT/INPUT_PDF_FILES/26584481.pdf
102,Lab_value,69 μg/24 μg/24 μg/24 μg/24,0.9997913241386414,1,/content/drive/MyDrive/MACROBATT/INPUT_PDF_FILES/26584481.pdf
103,Lab_value,221 μg/24 μg/24 μg/24 μg/24,0.999869704246521,1,/content/drive/MyDrive/MACROBATT/INPUT_PDF_FILES/26584481.pdf
104,Diagnostic_procedure,normetanephrine,0.9997996687889099,1,/content/drive/MyDrive/MACROBATT/INPUT_PDF_FILES/26584481.pdf
105,Lab_value,202 μg/24 μg/24 μg/24 μg/24,0.9393813014030457,1,/content/drive/MyDrive/MACROBATT/INPUT_PDF_FILES/26584481.pdf
106,Diagnostic_procedure,normetanephrine metanephrine,0.9988589286804199,1,/content/drive/MyDrive/MACROBATT/INPUT_PDF_FILES/26584481.pdf
107,Lab_value,259 μg/24 μg/24 μg/24 μg/24,0.996597409248352,1,/content/drive/MyDrive/MACROBATT/INPUT_PDF_FILES/26584481.pdf
108,Sign_symptom,blood and normalized returned and and had episodes dyspnea,0.9999562501907349,1,/content/drive/MyDrive/MACROBATT/INPUT_PDF_FILES/26584481.pdf
109,Date,Six months after,0.9998480677604675,1,/content/drive/MyDrive/MACROBATT/INPUT_PDF_FILES/26584481.pdf
110,Sign_symptom,normal diameters,0.9998224377632141,1,/content/drive/MyDrive/MACROBATT/INPUT_PDF_FILES/26584481.pdf
111,Lab_value,preserved,0.9998767375946045,1,/content/drive/MyDrive/MACROBATT/INPUT_PDF_FILES/26584481.pdf
112,Diagnostic_procedure,after resection echocardiography repeated showed left ventricle diameters preserved ejection,0.9999234676361084,1,/content/drive/MyDrive/MACROBATT/INPUT_PDF_FILES/26584481.pdf
113,Diagnostic_procedure,Genetic analysis,0.999952495098114,1,/content/drive/MyDrive/MACROBATT/INPUT_PDF_FILES/26584481.pdf
114,Sign_symptom,germline mutation,0.9997748732566833,1,/content/drive/MyDrive/MACROBATT/INPUT_PDF_FILES/26584481.pdf
115,Detailed_description,VHL tumor suppressor gene,0.9731650352478027,1,/content/drive/MyDrive/MACROBATT/INPUT_PDF_FILES/26584481.pdf
116,Detailed_description,short arm,0.9958528876304626,1,/content/drive/MyDrive/MACROBATT/INPUT_PDF_FILES/26584481.pdf
117,Family_history,no novo family history of VHL,0.9963808059692383,1,/content/drive/MyDrive/MACROBATT/INPUT_PDF_FILES/26584481.pdf
118,Detailed_description,concluded de,0.6872256398200989,1,/content/drive/MyDrive/MACROBATT/INPUT_PDF_FILES/26584481.pdf
