,Entity Group,Value,Score,Page,Pdf File
0,Age,A 49-year-old,0.9978008270263672,1,/content/drive/MyDrive/MACROBATT/INPUT_PDF_FILES/26664317.pdf
1,Sex,man,0.9962884187698364,1,/content/drive/MyDrive/MACROBATT/INPUT_PDF_FILES/26664317.pdf
2,History,no history of of cardiac disease,0.9015405774116516,1,/content/drive/MyDrive/MACROBATT/INPUT_PDF_FILES/26664317.pdf
3,Clinical_event,presented,0.9992792010307312,1,/content/drive/MyDrive/MACROBATT/INPUT_PDF_FILES/26664317.pdf
4,Detailed_description,progressive,0.9999743700027466,1,/content/drive/MyDrive/MACROBATT/INPUT_PDF_FILES/26664317.pdf
5,Sign_symptom,49-year-old cardiac disease presented dyspnea duration,0.999944806098938,1,/content/drive/MyDrive/MACROBATT/INPUT_PDF_FILES/26664317.pdf
6,Sign_symptom,dyspnea,0.9999264478683472,1,/content/drive/MyDrive/MACROBATT/INPUT_PDF_FILES/26664317.pdf
7,Duration,one month,0.9994547367095947,1,/content/drive/MyDrive/MACROBATT/INPUT_PDF_FILES/26664317.pdf
8,Detailed_description,blunt,0.9423022270202637,1,/content/drive/MyDrive/MACROBATT/INPUT_PDF_FILES/26664317.pdf
9,Biological_structure,chest,0.9998883008956909,1,/content/drive/MyDrive/MACROBATT/INPUT_PDF_FILES/26664317.pdf
10,Activity,accidental fall,0.9793327450752258,1,/content/drive/MyDrive/MACROBATT/INPUT_PDF_FILES/26664317.pdf
11,Date,15 months,0.9993506669998169,1,/content/drive/MyDrive/MACROBATT/INPUT_PDF_FILES/26664317.pdf
12,History,He had had fallen approximately 8 feet and landed and had had landed on on the right right side of his his back and landed and on on his his right right shoulder,0.9994469881057739,1,/content/drive/MyDrive/MACROBATT/INPUT_PDF_FILES/26664317.pdf
13,Detailed_description,bilateral,0.999909520149231,1,/content/drive/MyDrive/MACROBATT/INPUT_PDF_FILES/26664317.pdf
14,Disease_disorder,pneumothorax,0.7463467717170715,1,/content/drive/MyDrive/MACROBATT/INPUT_PDF_FILES/26664317.pdf
15,Biological_structure,right right right iliopsoas muscle,0.9671521186828613,1,/content/drive/MyDrive/MACROBATT/INPUT_PDF_FILES/26664317.pdf
16,Detailed_description,multiple,0.9997549653053284,1,/content/drive/MyDrive/MACROBATT/INPUT_PDF_FILES/26664317.pdf
17,Biological_structure,right right right costal,0.9997775554656982,1,/content/drive/MyDrive/MACROBATT/INPUT_PDF_FILES/26664317.pdf
18,Disease_disorder,fractures fracture fractures,0.7743166089057922,1,/content/drive/MyDrive/MACROBATT/INPUT_PDF_FILES/26664317.pdf
19,Biological_structure,L3 vertebral body,0.9998442530632019,1,/content/drive/MyDrive/MACROBATT/INPUT_PDF_FILES/26664317.pdf
20,Biological_structure,transverse,0.6792697310447693,1,/content/drive/MyDrive/MACROBATT/INPUT_PDF_FILES/26664317.pdf
21,Detailed_description,displaced,0.9999403953552246,1,/content/drive/MyDrive/MACROBATT/INPUT_PDF_FILES/26664317.pdf
22,Disease_disorder,fractures fractures,0.9900180697441101,1,/content/drive/MyDrive/MACROBATT/INPUT_PDF_FILES/26664317.pdf
23,Biological_structure,right right right,0.9998743534088135,1,/content/drive/MyDrive/MACROBATT/INPUT_PDF_FILES/26664317.pdf
24,Sign_symptom,murmur,0.9998332262039185,1,/content/drive/MyDrive/MACROBATT/INPUT_PDF_FILES/26664317.pdf
25,Activity,normal activities,0.9946333169937134,1,/content/drive/MyDrive/MACROBATT/INPUT_PDF_FILES/26664317.pdf
26,Date,4 weeks after,0.9998783469200134,1,/content/drive/MyDrive/MACROBATT/INPUT_PDF_FILES/26664317.pdf
27,Clinical_event,discharge,0.9996474981307983,1,/content/drive/MyDrive/MACROBATT/INPUT_PDF_FILES/26664317.pdf
28,Nonbiological_location,hospital,0.9934477210044861,1,/content/drive/MyDrive/MACROBATT/INPUT_PDF_FILES/26664317.pdf
29,Sign_symptom,asymptomatic,0.9999197721481323,1,/content/drive/MyDrive/MACROBATT/INPUT_PDF_FILES/26664317.pdf
30,Duration,one,0.9964678287506104,1,/content/drive/MyDrive/MACROBATT/INPUT_PDF_FILES/26664317.pdf
31,Clinical_event,arrival,0.9989030361175537,1,/content/drive/MyDrive/MACROBATT/INPUT_PDF_FILES/26664317.pdf
32,Diagnostic_procedure,auscultation,0.9505596160888672,1,/content/drive/MyDrive/MACROBATT/INPUT_PDF_FILES/26664317.pdf
33,Detailed_description,bibasilar,0.9994439482688904,1,/content/drive/MyDrive/MACROBATT/INPUT_PDF_FILES/26664317.pdf
34,Sign_symptom,rales,0.994863748550415,1,/content/drive/MyDrive/MACROBATT/INPUT_PDF_FILES/26664317.pdf
35,Detailed_description,pansystolic,0.9995773434638977,1,/content/drive/MyDrive/MACROBATT/INPUT_PDF_FILES/26664317.pdf
36,Biological_structure,Chest,0.9999386072158813,1,/content/drive/MyDrive/MACROBATT/INPUT_PDF_FILES/26664317.pdf
37,Diagnostic_procedure,radiography,0.99955153465271,1,/content/drive/MyDrive/MACROBATT/INPUT_PDF_FILES/26664317.pdf
38,Severity,mild,0.9998326301574707,1,/content/drive/MyDrive/MACROBATT/INPUT_PDF_FILES/26664317.pdf
39,Biological_structure,lung,0.9999328851699829,1,/content/drive/MyDrive/MACROBATT/INPUT_PDF_FILES/26664317.pdf
40,Biological_structure,transthoracic,0.999901294708252,1,/content/drive/MyDrive/MACROBATT/INPUT_PDF_FILES/26664317.pdf
41,Biological_structure,transthoracic acoustic,0.8248035907745361,1,/content/drive/MyDrive/MACROBATT/INPUT_PDF_FILES/26664317.pdf
42,Diagnostic_procedure,echocardiography,0.9999650716781616,1,/content/drive/MyDrive/MACROBATT/INPUT_PDF_FILES/26664317.pdf
43,Detailed_description,limited by suboptimal acoustic,0.9954242706298828,1,/content/drive/MyDrive/MACROBATT/INPUT_PDF_FILES/26664317.pdf
44,Severity,severe,0.9994788765907288,1,/content/drive/MyDrive/MACROBATT/INPUT_PDF_FILES/26664317.pdf
45,Detailed_description,eccentric,0.9983882904052734,1,/content/drive/MyDrive/MACROBATT/INPUT_PDF_FILES/26664317.pdf
46,Biological_structure,valvular subvalvular,0.9874473810195923,1,/content/drive/MyDrive/MACROBATT/INPUT_PDF_FILES/26664317.pdf
47,Biological_structure,subvalvular,0.9997064471244812,1,/content/drive/MyDrive/MACROBATT/INPUT_PDF_FILES/26664317.pdf
48,Biological_structure,left atrium,0.9998480081558228,1,/content/drive/MyDrive/MACROBATT/INPUT_PDF_FILES/26664317.pdf
49,Administration,intravenous,0.999653697013855,1,/content/drive/MyDrive/MACROBATT/INPUT_PDF_FILES/26664317.pdf
50,Medication,diuretics,0.9998518228530884,1,/content/drive/MyDrive/MACROBATT/INPUT_PDF_FILES/26664317.pdf
51,Sign_symptom,congestion,0.999942421913147,1,/content/drive/MyDrive/MACROBATT/INPUT_PDF_FILES/26664317.pdf
52,Biological_structure,Coronary,0.9999358654022217,1,/content/drive/MyDrive/MACROBATT/INPUT_PDF_FILES/26664317.pdf
53,Diagnostic_procedure,angiography,0.9994332194328308,1,/content/drive/MyDrive/MACROBATT/INPUT_PDF_FILES/26664317.pdf
54,Biological_structure,coronary,0.9983968138694763,1,/content/drive/MyDrive/MACROBATT/INPUT_PDF_FILES/26664317.pdf
55,Clinical_event,planned,0.999138593673706,1,/content/drive/MyDrive/MACROBATT/INPUT_PDF_FILES/26664317.pdf
56,Biological_structure,mitral,0.999896764755249,1,/content/drive/MyDrive/MACROBATT/INPUT_PDF_FILES/26664317.pdf
57,Detailed_description,intraoperative,0.9998776912689209,1,/content/drive/MyDrive/MACROBATT/INPUT_PDF_FILES/26664317.pdf
58,Biological_structure,intraoperative transesophageal scallop,0.6040136814117432,1,/content/drive/MyDrive/MACROBATT/INPUT_PDF_FILES/26664317.pdf
59,Biological_structure,transesophageal,0.8689382076263428,1,/content/drive/MyDrive/MACROBATT/INPUT_PDF_FILES/26664317.pdf
60,Severity,trivial,0.9997238516807556,1,/content/drive/MyDrive/MACROBATT/INPUT_PDF_FILES/26664317.pdf
61,Detailed_description,central,0.9998798370361328,1,/content/drive/MyDrive/MACROBATT/INPUT_PDF_FILES/26664317.pdf
62,Sign_symptom,mitral regurgitant regurgitant jet jet,0.9896398186683655,1,/content/drive/MyDrive/MACROBATT/INPUT_PDF_FILES/26664317.pdf
63,Detailed_description,intraoperative perivalvular,0.7666688561439514,1,/content/drive/MyDrive/MACROBATT/INPUT_PDF_FILES/26664317.pdf
64,Lab_value,regurgitant regurgitant,0.5046741962432861,1,/content/drive/MyDrive/MACROBATT/INPUT_PDF_FILES/26664317.pdf
65,Biological_structure,ventriculoatrial,0.9998464584350586,1,/content/drive/MyDrive/MACROBATT/INPUT_PDF_FILES/26664317.pdf
66,Biological_structure,ventriculoatrial fistulous,0.9972136616706848,1,/content/drive/MyDrive/MACROBATT/INPUT_PDF_FILES/26664317.pdf
67,Biological_structure,intraoperative originating ventriculoatrial communication,0.6345845460891724,1,/content/drive/MyDrive/MACROBATT/INPUT_PDF_FILES/26664317.pdf
68,Sign_symptom,fistulous,0.9998483657836914,1,/content/drive/MyDrive/MACROBATT/INPUT_PDF_FILES/26664317.pdf
69,Sign_symptom,fistulous communication,0.9784712195396423,1,/content/drive/MyDrive/MACROBATT/INPUT_PDF_FILES/26664317.pdf
70,Biological_structure,behind the P1 scallop,0.999906599521637,1,/content/drive/MyDrive/MACROBATT/INPUT_PDF_FILES/26664317.pdf
71,Disease_disorder,structural disease,0.9997531175613403,1,/content/drive/MyDrive/MACROBATT/INPUT_PDF_FILES/26664317.pdf
72,Biological_structure,mitral leaflets,0.8802010416984558,1,/content/drive/MyDrive/MACROBATT/INPUT_PDF_FILES/26664317.pdf
73,Therapeutic_procedure,surgical exposure,0.999817967414856,1,/content/drive/MyDrive/MACROBATT/INPUT_PDF_FILES/26664317.pdf
74,Lab_value,small,0.9507586359977722,1,/content/drive/MyDrive/MACROBATT/INPUT_PDF_FILES/26664317.pdf
75,Sign_symptom,tear,0.9999377727508545,1,/content/drive/MyDrive/MACROBATT/INPUT_PDF_FILES/26664317.pdf
76,Detailed_description,lateral,0.7735977172851562,1,/content/drive/MyDrive/MACROBATT/INPUT_PDF_FILES/26664317.pdf
77,Biological_structure,annulus,0.9938535690307617,1,/content/drive/MyDrive/MACROBATT/INPUT_PDF_FILES/26664317.pdf
78,Biological_structure,left atrial,0.9900491237640381,1,/content/drive/MyDrive/MACROBATT/INPUT_PDF_FILES/26664317.pdf
79,Biological_structure,leaflet,0.9997988939285278,1,/content/drive/MyDrive/MACROBATT/INPUT_PDF_FILES/26664317.pdf
80,Sign_symptom,abnormalities,0.9999650716781616,1,/content/drive/MyDrive/MACROBATT/INPUT_PDF_FILES/26664317.pdf
81,Sign_symptom,vegetations,0.9999078512191772,1,/content/drive/MyDrive/MACROBATT/INPUT_PDF_FILES/26664317.pdf
82,Therapeutic_procedure,Valvular repair,0.9808568954467773,1,/content/drive/MyDrive/MACROBATT/INPUT_PDF_FILES/26664317.pdf
83,Therapeutic_procedure,successfully suture subsequent,0.9998409748077393,1,/content/drive/MyDrive/MACROBATT/INPUT_PDF_FILES/26664317.pdf
84,Therapeutic_procedure,suture,0.9892104864120483,1,/content/drive/MyDrive/MACROBATT/INPUT_PDF_FILES/26664317.pdf
85,Detailed_description,three,0.999786913394928,1,/content/drive/MyDrive/MACROBATT/INPUT_PDF_FILES/26664317.pdf
86,Detailed_description,5-0 Prolene,0.9945874214172363,1,/content/drive/MyDrive/MACROBATT/INPUT_PDF_FILES/26664317.pdf
87,Therapeutic_procedure,stitches,0.9998488426208496,1,/content/drive/MyDrive/MACROBATT/INPUT_PDF_FILES/26664317.pdf
88,Distance,30- mm,0.9909506440162659,1,/content/drive/MyDrive/MACROBATT/INPUT_PDF_FILES/26664317.pdf
89,Therapeutic_procedure,mitral annuloplasty,0.8453556895256042,1,/content/drive/MyDrive/MACROBATT/INPUT_PDF_FILES/26664317.pdf
90,Therapeutic_procedure,extubated,0.9461466670036316,1,/content/drive/MyDrive/MACROBATT/INPUT_PDF_FILES/26664317.pdf
91,Therapeutic_procedure,postsurgical course,0.9961085915565491,1,/content/drive/MyDrive/MACROBATT/INPUT_PDF_FILES/26664317.pdf
92,Date,One year one-year,0.9997905492782593,1,/content/drive/MyDrive/MACROBATT/INPUT_PDF_FILES/26664317.pdf
93,Clinical_event,follow-up,0.9997468590736389,1,/content/drive/MyDrive/MACROBATT/INPUT_PDF_FILES/26664317.pdf
94,Diagnostic_procedure,echocardiogram,0.9982061386108398,1,/content/drive/MyDrive/MACROBATT/INPUT_PDF_FILES/26664317.pdf
95,Outcome,excellent result,0.9577283263206482,1,/content/drive/MyDrive/MACROBATT/INPUT_PDF_FILES/26664317.pdf
