,Entity Group,Value,Score,Page,Pdf File
0,Age,60-year-old,0.983593761920929,1,/content/drive/MyDrive/MACROBATT/INPUT_PDF_FILES/26670309.pdf
1,Personal_background,white,0.9987524747848511,1,/content/drive/MyDrive/MACROBATT/INPUT_PDF_FILES/26670309.pdf
2,Personal_background,Brazilian,0.9979439377784729,1,/content/drive/MyDrive/MACROBATT/INPUT_PDF_FILES/26670309.pdf
3,History,controlled hypertension,0.9998304843902588,1,/content/drive/MyDrive/MACROBATT/INPUT_PDF_FILES/26670309.pdf
4,History,stage 2 obesity,0.9997625350952148,1,/content/drive/MyDrive/MACROBATT/INPUT_PDF_FILES/26670309.pdf
5,Clinical_event,presented,0.9994813799858093,1,/content/drive/MyDrive/MACROBATT/INPUT_PDF_FILES/26670309.pdf
6,Non[biological](Detailed_description,institution,0.6272712349891663,1,/content/drive/MyDrive/MACROBATT/INPUT_PDF_FILES/26670309.pdf
7,Detailed_description,progressive,0.9999799728393555,1,/content/drive/MyDrive/MACROBATT/INPUT_PDF_FILES/26670309.pdf
8,Sign_symptom,fatigue,0.9999349117279053,1,/content/drive/MyDrive/MACROBATT/INPUT_PDF_FILES/26670309.pdf
9,Detailed_description,moderate to to light exertion,0.9992695450782776,1,/content/drive/MyDrive/MACROBATT/INPUT_PDF_FILES/26670309.pdf
10,Duration,approximately 1 60-year-old year ’ hypertension stage obesity presented institution progressive s,0.936457633972168,1,/content/drive/MyDrive/MACROBATT/INPUT_PDF_FILES/26670309.pdf
11,Detailed_description,myocardial perfusion,0.99986332654953,1,/content/drive/MyDrive/MACROBATT/INPUT_PDF_FILES/26670309.pdf
12,Diagnostic_procedure,scintigraphy,0.8822533488273621,1,/content/drive/MyDrive/MACROBATT/INPUT_PDF_FILES/26670309.pdf
13,Disease_disorder,obstructive ischemic,0.9995523691177368,1,/content/drive/MyDrive/MACROBATT/INPUT_PDF_FILES/26670309.pdf
14,Detailed_description,systolic,0.990723192691803,1,/content/drive/MyDrive/MACROBATT/INPUT_PDF_FILES/26670309.pdf
15,Detailed_description,biological,0.9999599456787109,1,/content/drive/MyDrive/MACROBATT/INPUT_PDF_FILES/26670309.pdf
16,Therapeutic_procedure,mitral mitral valve valve,0.5464670062065125,1,/content/drive/MyDrive/MACROBATT/INPUT_PDF_FILES/26670309.pdf
17,Coreference,replacement,0.6371204257011414,1,/content/drive/MyDrive/MACROBATT/INPUT_PDF_FILES/26670309.pdf
18,Date,3 years previously previously,0.9998143315315247,1,/content/drive/MyDrive/MACROBATT/INPUT_PDF_FILES/26670309.pdf
19,Disease_disorder,mitral mitral valve valve stenosis,0.9998092651367188,1,/content/drive/MyDrive/MACROBATT/INPUT_PDF_FILES/26670309.pdf
20,Therapeutic_procedure,ablation,0.9992560744285583,1,/content/drive/MyDrive/MACROBATT/INPUT_PDF_FILES/26670309.pdf
21,Biological_structure,ablation atrioventricular,0.9998877048492432,1,/content/drive/MyDrive/MACROBATT/INPUT_PDF_FILES/26670309.pdf
22,Biological_structure,atrioventricular nodal reentry,0.9995691776275635,1,/content/drive/MyDrive/MACROBATT/INPUT_PDF_FILES/26670309.pdf
23,Sign_symptom,tachycardia,0.9101358652114868,1,/content/drive/MyDrive/MACROBATT/INPUT_PDF_FILES/26670309.pdf
24,Date,18 months,0.9995912909507751,1,/content/drive/MyDrive/MACROBATT/INPUT_PDF_FILES/26670309.pdf
25,Coreference,valve,0.9952266216278076,1,/content/drive/MyDrive/MACROBATT/INPUT_PDF_FILES/26670309.pdf
26,Biological_structure,pulmonary,0.9993997812271118,1,/content/drive/MyDrive/MACROBATT/INPUT_PDF_FILES/26670309.pdf
27,Medication,aspirin atorvastatin,0.9998718500137329,1,/content/drive/MyDrive/MACROBATT/INPUT_PDF_FILES/26670309.pdf
28,Medication,aspirin,0.9966071248054504,1,/content/drive/MyDrive/MACROBATT/INPUT_PDF_FILES/26670309.pdf
29,Dosage,100 mg/day mg/day mg/day mg/day,0.9832435846328735,1,/content/drive/MyDrive/MACROBATT/INPUT_PDF_FILES/26670309.pdf
30,Medication,carvedilol,0.9988620281219482,1,/content/drive/MyDrive/MACROBATT/INPUT_PDF_FILES/26670309.pdf
31,Dosage,50 mg/day mg/day mg/day mg/day,0.9675474166870117,1,/content/drive/MyDrive/MACROBATT/INPUT_PDF_FILES/26670309.pdf
32,Medication,patient medication atorvastatin,0.9998890161514282,1,/content/drive/MyDrive/MACROBATT/INPUT_PDF_FILES/26670309.pdf
33,Medication,atorvastatin,0.9550666809082031,1,/content/drive/MyDrive/MACROBATT/INPUT_PDF_FILES/26670309.pdf
34,Dosage,100 10 mg/day mg/day mg/day mg/day,0.836044192314148,1,/content/drive/MyDrive/MACROBATT/INPUT_PDF_FILES/26670309.pdf
35,Medication,losartan,0.9998970031738281,1,/content/drive/MyDrive/MACROBATT/INPUT_PDF_FILES/26670309.pdf
36,Diagnostic_procedure,echocardiogram,0.9999094605445862,1,/content/drive/MyDrive/MACROBATT/INPUT_PDF_FILES/26670309.pdf
37,Lab_value,normal normal function function dysfunction,0.9997464418411255,1,/content/drive/MyDrive/MACROBATT/INPUT_PDF_FILES/26670309.pdf
38,Biological_structure,mitral limits,0.9998522996902466,1,/content/drive/MyDrive/MACROBATT/INPUT_PDF_FILES/26670309.pdf
39,Detailed_description,systolic systolic,0.9752069115638733,1,/content/drive/MyDrive/MACROBATT/INPUT_PDF_FILES/26670309.pdf
40,Lab_value,within normal normal limits,0.9997066855430603,1,/content/drive/MyDrive/MACROBATT/INPUT_PDF_FILES/26670309.pdf
41,Diagnostic_procedure,left left ventricular ventricular ejection fraction,0.999075174331665,1,/content/drive/MyDrive/MACROBATT/INPUT_PDF_FILES/26670309.pdf
42,Lab_value,62 %,0.9981597065925598,1,/content/drive/MyDrive/MACROBATT/INPUT_PDF_FILES/26670309.pdf
43,Lab_value,stage I,0.9996713399887085,1,/content/drive/MyDrive/MACROBATT/INPUT_PDF_FILES/26670309.pdf
44,Detailed_description,mean,0.9979119896888733,1,/content/drive/MyDrive/MACROBATT/INPUT_PDF_FILES/26670309.pdf
45,Biological_structure,pulmonary arterial,0.933674156665802,1,/content/drive/MyDrive/MACROBATT/INPUT_PDF_FILES/26670309.pdf
46,Diagnostic_procedure,blood pressure,0.9991971850395203,1,/content/drive/MyDrive/MACROBATT/INPUT_PDF_FILES/26670309.pdf
47,Detailed_description,6-minute,0.9999547004699707,1,/content/drive/MyDrive/MACROBATT/INPUT_PDF_FILES/26670309.pdf
48,Diagnostic_procedure,walk walked,0.9857341051101685,1,/content/drive/MyDrive/MACROBATT/INPUT_PDF_FILES/26670309.pdf
49,Lab_value,104 meters,0.9998199939727783,1,/content/drive/MyDrive/MACROBATT/INPUT_PDF_FILES/26670309.pdf
50,Diagnostic_procedure,Catheterization,0.996959924697876,1,/content/drive/MyDrive/MACROBATT/INPUT_PDF_FILES/26670309.pdf
51,Biological_structure,right heart chambers,0.9999294281005859,1,/content/drive/MyDrive/MACROBATT/INPUT_PDF_FILES/26670309.pdf
52,Biological_structure,pulmonary pulmonary arteries,0.9999237060546875,1,/content/drive/MyDrive/MACROBATT/INPUT_PDF_FILES/26670309.pdf
53,Disease_disorder,pulmonary pulmonary hypertension,0.9998976588249207,1,/content/drive/MyDrive/MACROBATT/INPUT_PDF_FILES/26670309.pdf
54,Clinical_event,follow-up,0.999643087387085,1,/content/drive/MyDrive/MACROBATT/INPUT_PDF_FILES/26670309.pdf
55,Medication,nifedipine,0.9997890591621399,1,/content/drive/MyDrive/MACROBATT/INPUT_PDF_FILES/26670309.pdf
56,Medication,sildenafil hypotension,0.9997877478599548,1,/content/drive/MyDrive/MACROBATT/INPUT_PDF_FILES/26670309.pdf
57,Medication,sildenafil,0.9576597809791565,1,/content/drive/MyDrive/MACROBATT/INPUT_PDF_FILES/26670309.pdf
58,Detailed_description,orthostatic,0.6612226963043213,1,/content/drive/MyDrive/MACROBATT/INPUT_PDF_FILES/26670309.pdf
59,Clinical_event,referred,0.9998691082000732,1,/content/drive/MyDrive/MACROBATT/INPUT_PDF_FILES/26670309.pdf
60,Detailed_description,radiofrequency,0.9999643564224243,1,/content/drive/MyDrive/MACROBATT/INPUT_PDF_FILES/26670309.pdf
61,Biological_structure,pulmonary pulmonary artery trunk,0.9999178051948547,1,/content/drive/MyDrive/MACROBATT/INPUT_PDF_FILES/26670309.pdf
62,Detailed_description,referred refractory,0.976239800453186,1,/content/drive/MyDrive/MACROBATT/INPUT_PDF_FILES/26670309.pdf
63,Nonbiological_location,catheterization,0.9997279047966003,1,/content/drive/MyDrive/MACROBATT/INPUT_PDF_FILES/26670309.pdf
64,Nonbiological_location,catheterization laboratory,0.9818552136421204,1,/content/drive/MyDrive/MACROBATT/INPUT_PDF_FILES/26670309.pdf
65,Detailed_description,direct visualization,0.9996678829193115,1,/content/drive/MyDrive/MACROBATT/INPUT_PDF_FILES/26670309.pdf
66,Detailed_description,fluoroscopy and radiopaque contrast,0.9944696426391602,1,/content/drive/MyDrive/MACROBATT/INPUT_PDF_FILES/26670309.pdf
67,Biological_structure,right femoral artery,0.9998753070831299,1,/content/drive/MyDrive/MACROBATT/INPUT_PDF_FILES/26670309.pdf
68,Detailed_description,standard Seldinger technique,0.999829888343811,1,/content/drive/MyDrive/MACROBATT/INPUT_PDF_FILES/26670309.pdf
69,Detailed_description,using standard an subcutaneous anesthetic 8-French valved short sheath,0.9998711347579956,1,/content/drive/MyDrive/MACROBATT/INPUT_PDF_FILES/26670309.pdf
70,Administration,subcutaneous,0.9982374906539917,1,/content/drive/MyDrive/MACROBATT/INPUT_PDF_FILES/26670309.pdf
71,Administration,injection,0.996874213218689,1,/content/drive/MyDrive/MACROBATT/INPUT_PDF_FILES/26670309.pdf
72,Medication,local,0.994175374507904,1,/content/drive/MyDrive/MACROBATT/INPUT_PDF_FILES/26670309.pdf
73,Detailed_description,sheath sheath was replaced with sheath was replaced a steerable sheath Medical Paul standard steerable long sheath sheath,0.998162567615509,1,/content/drive/MyDrive/MACROBATT/INPUT_PDF_FILES/26670309.pdf
74,Detailed_description,Agilis®,0.902112603187561,1,/content/drive/MyDrive/MACROBATT/INPUT_PDF_FILES/26670309.pdf
75,Detailed_description,standard over- the-wire,0.9998748898506165,1,/content/drive/MyDrive/MACROBATT/INPUT_PDF_FILES/26670309.pdf
76,Medication,Unfractionated heparin,0.998441219329834,1,/content/drive/MyDrive/MACROBATT/INPUT_PDF_FILES/26670309.pdf
77,Administration,intravenously,0.9968430995941162,1,/content/drive/MyDrive/MACROBATT/INPUT_PDF_FILES/26670309.pdf
78,Diagnostic_procedure,activated coagulation time,0.9986326098442078,1,/content/drive/MyDrive/MACROBATT/INPUT_PDF_FILES/26670309.pdf
79,Lab_value,between,0.9669744968414307,1,/content/drive/MyDrive/MACROBATT/INPUT_PDF_FILES/26670309.pdf
80,Diagnostic_procedure,Electroanatomic reconstruction,0.9998644590377808,1,/content/drive/MyDrive/MACROBATT/INPUT_PDF_FILES/26670309.pdf
81,Biological_structure,right ventricular outflow tract,0.9999078512191772,1,/content/drive/MyDrive/MACROBATT/INPUT_PDF_FILES/26670309.pdf
82,Biological_structure,pulmonary artery,0.9999111890792847,1,/content/drive/MyDrive/MACROBATT/INPUT_PDF_FILES/26670309.pdf
83,Detailed_description,EnSite Velocity Cardiac Mapping System,0.9996677041053772,1,/content/drive/MyDrive/MACROBATT/INPUT_PDF_FILES/26670309.pdf
84,Detailed_description,St.Jude Medical,0.9900510907173157,1,/content/drive/MyDrive/MACROBATT/INPUT_PDF_FILES/26670309.pdf
85,Detailed_description,direct fluoroscopic,0.9300177097320557,1,/content/drive/MyDrive/MACROBATT/INPUT_PDF_FILES/26670309.pdf
86,Biological_structure,cardiac,0.9999570846557617,1,/content/drive/MyDrive/MACROBATT/INPUT_PDF_FILES/26670309.pdf
87,Diagnostic_procedure,computed tomography angiography,0.9999200701713562,1,/content/drive/MyDrive/MACROBATT/INPUT_PDF_FILES/26670309.pdf
88,Diagnostic_procedure,sheath was advanced,0.9997744560241699,1,/content/drive/MyDrive/MACROBATT/INPUT_PDF_FILES/26670309.pdf
89,Biological_structure,before reaching the the pulmonary,0.9984217882156372,1,/content/drive/MyDrive/MACROBATT/INPUT_PDF_FILES/26670309.pdf
90,Detailed_description,open irrigated tip,0.9998348355293274,1,/content/drive/MyDrive/MACROBATT/INPUT_PDF_FILES/26670309.pdf
91,Lab_value,power of of of of 5,0.9970925450325012,1,/content/drive/MyDrive/MACROBATT/INPUT_PDF_FILES/26670309.pdf
92,Lab_value,maximum maximum temperature,0.8049526214599609,1,/content/drive/MyDrive/MACROBATT/INPUT_PDF_FILES/26670309.pdf
93,Lab_value,60-second duration,0.9981949925422668,1,/content/drive/MyDrive/MACROBATT/INPUT_PDF_FILES/26670309.pdf
94,Lab_value,impedance variation of of of of 10 %,0.929256796836853,1,/content/drive/MyDrive/MACROBATT/INPUT_PDF_FILES/26670309.pdf
95,Lab_value,flow,0.534492015838623,1,/content/drive/MyDrive/MACROBATT/INPUT_PDF_FILES/26670309.pdf
96,Lab_value,17 ml/minute,0.9976716637611389,1,/content/drive/MyDrive/MACROBATT/INPUT_PDF_FILES/26670309.pdf
97,Therapeutic_procedure,created,0.9992049336433411,1,/content/drive/MyDrive/MACROBATT/INPUT_PDF_FILES/26670309.pdf
98,Therapeutic_procedure,circle,0.9800736308097839,1,/content/drive/MyDrive/MACROBATT/INPUT_PDF_FILES/26670309.pdf
99,Clinical_event,discharged,0.9997145533561707,1,/content/drive/MyDrive/MACROBATT/INPUT_PDF_FILES/26670309.pdf
100,Sign_symptom,changes,0.9998564720153809,1,/content/drive/MyDrive/MACROBATT/INPUT_PDF_FILES/26670309.pdf
101,Clinical_event,discharge,0.9991297125816345,1,/content/drive/MyDrive/MACROBATT/INPUT_PDF_FILES/26670309.pdf
102,Detailed_description,radiographic noteworthy before or or before or laboratory echocardiographic laboratory parameters,0.9999050498008728,1,/content/drive/MyDrive/MACROBATT/INPUT_PDF_FILES/26670309.pdf
103,Detailed_description,using catheterization,0.9998401403427124,1,/content/drive/MyDrive/MACROBATT/INPUT_PDF_FILES/26670309.pdf
104,Date,6 months,0.9993903636932373,1,/content/drive/MyDrive/MACROBATT/INPUT_PDF_FILES/26670309.pdf
105,Date,3-month,0.9997161030769348,2,/content/drive/MyDrive/MACROBATT/INPUT_PDF_FILES/26670309.pdf
106,Clinical_event,follow-up,0.9998142123222351,2,/content/drive/MyDrive/MACROBATT/INPUT_PDF_FILES/26670309.pdf
107,Lab_value,improvement,0.9999170303344727,2,/content/drive/MyDrive/MACROBATT/INPUT_PDF_FILES/26670309.pdf
108,Sign_symptom,fatigue,0.9999479055404663,2,/content/drive/MyDrive/MACROBATT/INPUT_PDF_FILES/26670309.pdf
109,Lab_value,increased distance,0.9997951984405518,2,/content/drive/MyDrive/MACROBATT/INPUT_PDF_FILES/26670309.pdf
110,Detailed_description,6-minute,0.9984636306762695,2,/content/drive/MyDrive/MACROBATT/INPUT_PDF_FILES/26670309.pdf
111,Diagnostic_procedure,walked walk test,0.9997601509094238,2,/content/drive/MyDrive/MACROBATT/INPUT_PDF_FILES/26670309.pdf
112,Lab_value,reduction,0.9999305009841919,2,/content/drive/MyDrive/MACROBATT/INPUT_PDF_FILES/26670309.pdf
113,Diagnostic_procedure,pressures,0.9999083280563354,2,/content/drive/MyDrive/MACROBATT/INPUT_PDF_FILES/26670309.pdf
114,Biological_structure,right cavities,0.9998605847358704,2,/content/drive/MyDrive/MACROBATT/INPUT_PDF_FILES/26670309.pdf
115,Biological_structure,pulmonary,0.9998764991760254,2,/content/drive/MyDrive/MACROBATT/INPUT_PDF_FILES/26670309.pdf
116,Duration,6 months,0.9993404150009155,2,/content/drive/MyDrive/MACROBATT/INPUT_PDF_FILES/26670309.pdf
117,Diagnostic_procedure,functional classification,0.9998711943626404,2,/content/drive/MyDrive/MACROBATT/INPUT_PDF_FILES/26670309.pdf
118,Activity,pedaling,0.9982500672340393,2,/content/drive/MyDrive/MACROBATT/INPUT_PDF_FILES/26670309.pdf
