,Entity Group,Value,Score,Page,Pdf File
0,Age,50-year old,0.9987217783927917,1,/content/drive/MyDrive/MACROBATT/INPUT_PDF_FILES/26675562.pdf
1,Sex,man,0.999789297580719,1,/content/drive/MyDrive/MACROBATT/INPUT_PDF_FILES/26675562.pdf
2,Detailed_description,bicuspid,0.9717019200325012,1,/content/drive/MyDrive/MACROBATT/INPUT_PDF_FILES/26675562.pdf
3,Biological_structure,aortic valve,0.9922446608543396,1,/content/drive/MyDrive/MACROBATT/INPUT_PDF_FILES/26675562.pdf
4,Detailed_description,ascending,0.9998940229415894,1,/content/drive/MyDrive/MACROBATT/INPUT_PDF_FILES/26675562.pdf
5,Biological_structure,aortic aorta,0.9938564896583557,1,/content/drive/MyDrive/MACROBATT/INPUT_PDF_FILES/26675562.pdf
6,Detailed_description,free-hand,0.9612770080566406,1,/content/drive/MyDrive/MACROBATT/INPUT_PDF_FILES/26675562.pdf
7,Biological_structure,aortic,0.9999086260795593,1,/content/drive/MyDrive/MACROBATT/INPUT_PDF_FILES/26675562.pdf
8,Biological_structure,homograft homograft,0.9852141737937927,1,/content/drive/MyDrive/MACROBATT/INPUT_PDF_FILES/26675562.pdf
9,Therapeutic_procedure,implantation,0.9638877511024475,1,/content/drive/MyDrive/MACROBATT/INPUT_PDF_FILES/26675562.pdf
10,Therapeutic_procedure,replacement,0.9998058676719666,1,/content/drive/MyDrive/MACROBATT/INPUT_PDF_FILES/26675562.pdf
11,Biological_structure,non-coronary sinus,0.9998643398284912,1,/content/drive/MyDrive/MACROBATT/INPUT_PDF_FILES/26675562.pdf
12,Distance,24-mm,0.9359872341156006,1,/content/drive/MyDrive/MACROBATT/INPUT_PDF_FILES/26675562.pdf
13,Date,2006,0.9995445609092712,1,/content/drive/MyDrive/MACROBATT/INPUT_PDF_FILES/26675562.pdf
14,Clinical_event,Follow-up,0.9978844523429871,1,/content/drive/MyDrive/MACROBATT/INPUT_PDF_FILES/26675562.pdf
15,Frequency,every 6 months,0.9982154369354248,1,/content/drive/MyDrive/MACROBATT/INPUT_PDF_FILES/26675562.pdf
16,Severity,mild,0.9992944002151489,1,/content/drive/MyDrive/MACROBATT/INPUT_PDF_FILES/26675562.pdf
17,Duration,8 years,0.9996617436408997,1,/content/drive/MyDrive/MACROBATT/INPUT_PDF_FILES/26675562.pdf
18,Clinical_event,presented,0.9998792409896851,1,/content/drive/MyDrive/MACROBATT/INPUT_PDF_FILES/26675562.pdf
19,Nonbiological_location,hospital,0.994985818862915,1,/content/drive/MyDrive/MACROBATT/INPUT_PDF_FILES/26675562.pdf
20,Sign_symptom,fever,0.9999473094940186,1,/content/drive/MyDrive/MACROBATT/INPUT_PDF_FILES/26675562.pdf
21,Diagnostic_procedure,echocardiography,0.9936851859092712,1,/content/drive/MyDrive/MACROBATT/INPUT_PDF_FILES/26675562.pdf
22,Severity,severe,0.9997426867485046,1,/content/drive/MyDrive/MACROBATT/INPUT_PDF_FILES/26675562.pdf
23,Sign_symptom,rupture,0.999834418296814,1,/content/drive/MyDrive/MACROBATT/INPUT_PDF_FILES/26675562.pdf
24,Biological_structure,one of of of of of of the the the the the cusps,0.9512265920639038,1,/content/drive/MyDrive/MACROBATT/INPUT_PDF_FILES/26675562.pdf
25,Biological_structure,homograft,0.995223343372345,1,/content/drive/MyDrive/MACROBATT/INPUT_PDF_FILES/26675562.pdf
26,Lab_value,worsening,0.9986515641212463,1,/content/drive/MyDrive/MACROBATT/INPUT_PDF_FILES/26675562.pdf
27,Diagnostic_procedure,cardiac contractility,0.9972437024116516,1,/content/drive/MyDrive/MACROBATT/INPUT_PDF_FILES/26675562.pdf
28,Diagnostic_procedure,left left ventricular ejection fraction,0.9975714683532715,1,/content/drive/MyDrive/MACROBATT/INPUT_PDF_FILES/26675562.pdf
29,Diagnostic_procedure,LVEF,0.9626508951187134,1,/content/drive/MyDrive/MACROBATT/INPUT_PDF_FILES/26675562.pdf
30,Lab_value,depression,0.9988824725151062,1,/content/drive/MyDrive/MACROBATT/INPUT_PDF_FILES/26675562.pdf
31,Sign_symptom,dilatation,0.9999556541442871,1,/content/drive/MyDrive/MACROBATT/INPUT_PDF_FILES/26675562.pdf
32,Sign_symptom,ejection fraction dilatation of of of of of of the the the the the left left ventricle,0.9399875402450562,1,/content/drive/MyDrive/MACROBATT/INPUT_PDF_FILES/26675562.pdf
33,Diagnostic_procedure,telediastolic/telesystolic,0.5174499154090881,1,/content/drive/MyDrive/MACROBATT/INPUT_PDF_FILES/26675562.pdf
34,Sign_symptom,orthopnoea,0.9998888969421387,1,/content/drive/MyDrive/MACROBATT/INPUT_PDF_FILES/26675562.pdf
35,Sign_symptom,orthopnoea dopamine,0.9992532134056091,1,/content/drive/MyDrive/MACROBATT/INPUT_PDF_FILES/26675562.pdf
36,Sign_symptom,The orthopnoea hypotension which,0.9995121955871582,1,/content/drive/MyDrive/MACROBATT/INPUT_PDF_FILES/26675562.pdf
37,Sign_symptom,hypotension,0.8743999004364014,1,/content/drive/MyDrive/MACROBATT/INPUT_PDF_FILES/26675562.pdf
38,Administration,infusion dopamine,0.9948102235794067,1,/content/drive/MyDrive/MACROBATT/INPUT_PDF_FILES/26675562.pdf
39,Administration,infusion,0.9721274375915527,1,/content/drive/MyDrive/MACROBATT/INPUT_PDF_FILES/26675562.pdf
40,Medication,dopamine,0.9819716811180115,1,/content/drive/MyDrive/MACROBATT/INPUT_PDF_FILES/26675562.pdf
41,Medication,diuretics,0.9461263418197632,1,/content/drive/MyDrive/MACROBATT/INPUT_PDF_FILES/26675562.pdf
42,Diagnostic_procedure,Computed tomography,0.9999456405639648,1,/content/drive/MyDrive/MACROBATT/INPUT_PDF_FILES/26675562.pdf
43,Sign_symptom,calcifications,0.9996450543403625,1,/content/drive/MyDrive/MACROBATT/INPUT_PDF_FILES/26675562.pdf
44,Sign_symptom,pleural effusions,0.9766266345977783,1,/content/drive/MyDrive/MACROBATT/INPUT_PDF_FILES/26675562.pdf
45,Sign_symptom,pericardial effusions effusion,0.9998579621315002,1,/content/drive/MyDrive/MACROBATT/INPUT_PDF_FILES/26675562.pdf
46,Disease_disorder,endocarditis,0.9951767921447754,1,/content/drive/MyDrive/MACROBATT/INPUT_PDF_FILES/26675562.pdf
47,Disease_disorder,structural deterioration,0.9939565062522888,1,/content/drive/MyDrive/MACROBATT/INPUT_PDF_FILES/26675562.pdf
48,Sign_symptom,calcification,0.9995448589324951,1,/content/drive/MyDrive/MACROBATT/INPUT_PDF_FILES/26675562.pdf
49,Therapeutic_procedure,operation,0.9992464780807495,1,/content/drive/MyDrive/MACROBATT/INPUT_PDF_FILES/26675562.pdf
50,Detailed_description,median,0.9999624490737915,1,/content/drive/MyDrive/MACROBATT/INPUT_PDF_FILES/26675562.pdf
51,Therapeutic_procedure,resternotomy,0.9527294635772705,1,/content/drive/MyDrive/MACROBATT/INPUT_PDF_FILES/26675562.pdf
52,Detailed_description,standard,0.9999364614486694,1,/content/drive/MyDrive/MACROBATT/INPUT_PDF_FILES/26675562.pdf
53,Biological_structure,aorta-right,0.9999374151229858,1,/content/drive/MyDrive/MACROBATT/INPUT_PDF_FILES/26675562.pdf
54,Biological_structure,aorta-right atrium,0.9965019226074219,1,/content/drive/MyDrive/MACROBATT/INPUT_PDF_FILES/26675562.pdf
55,Therapeutic_procedure,central cannulation,0.9993585348129272,1,/content/drive/MyDrive/MACROBATT/INPUT_PDF_FILES/26675562.pdf
56,Biological_structure,leaflets,0.9999480247497559,1,/content/drive/MyDrive/MACROBATT/INPUT_PDF_FILES/26675562.pdf
57,Biological_structure,annulus,0.9997625350952148,1,/content/drive/MyDrive/MACROBATT/INPUT_PDF_FILES/26675562.pdf
58,Detailed_description,Edwards Intuity,0.9998704791069031,1,/content/drive/MyDrive/MACROBATT/INPUT_PDF_FILES/26675562.pdf
59,Biological_structure,bioprosthesis,0.9969360828399658,1,/content/drive/MyDrive/MACROBATT/INPUT_PDF_FILES/26675562.pdf
60,Therapeutic_procedure,implanted,0.8317341804504395,1,/content/drive/MyDrive/MACROBATT/INPUT_PDF_FILES/26675562.pdf
61,Therapeutic_procedure,cross-clamping,0.8878028988838196,1,/content/drive/MyDrive/MACROBATT/INPUT_PDF_FILES/26675562.pdf
62,Therapeutic_procedure,cardiopulmonary bypass,0.9996407628059387,1,/content/drive/MyDrive/MACROBATT/INPUT_PDF_FILES/26675562.pdf
63,Medication,dopamine doses,0.9998303651809692,1,/content/drive/MyDrive/MACROBATT/INPUT_PDF_FILES/26675562.pdf
64,Medication,adrenaline,0.9996984004974365,1,/content/drive/MyDrive/MACROBATT/INPUT_PDF_FILES/26675562.pdf
65,Dosage,low doses,0.9995341300964355,1,/content/drive/MyDrive/MACROBATT/INPUT_PDF_FILES/26675562.pdf
66,Sign_symptom,complications,0.9998279809951782,1,/content/drive/MyDrive/MACROBATT/INPUT_PDF_FILES/26675562.pdf
67,Diagnostic_procedure,Echocardiography,0.9998403191566467,1,/content/drive/MyDrive/MACROBATT/INPUT_PDF_FILES/26675562.pdf
68,Clinical_event,discharge,0.9995527863502502,1,/content/drive/MyDrive/MACROBATT/INPUT_PDF_FILES/26675562.pdf
69,Biological_structure,paravalvular,0.5616025924682617,1,/content/drive/MyDrive/MACROBATT/INPUT_PDF_FILES/26675562.pdf
70,Lab_value,34/20 mmHg,0.999712347984314,1,/content/drive/MyDrive/MACROBATT/INPUT_PDF_FILES/26675562.pdf
71,Date,after 3 38/22 months,0.9998574256896973,1,/content/drive/MyDrive/MACROBATT/INPUT_PDF_FILES/26675562.pdf
72,Sign_symptom,leaks,0.9999247789382935,1,/content/drive/MyDrive/MACROBATT/INPUT_PDF_FILES/26675562.pdf
73,Sign_symptom,malfunctions,0.9119374752044678,1,/content/drive/MyDrive/MACROBATT/INPUT_PDF_FILES/26675562.pdf
74,Diagnostic_procedure,peak/mean gradient,0.9998972415924072,1,/content/drive/MyDrive/MACROBATT/INPUT_PDF_FILES/26675562.pdf
75,Lab_value,38/22 mmHg,0.9998876452445984,1,/content/drive/MyDrive/MACROBATT/INPUT_PDF_FILES/26675562.pdf
76,Lab_value,initial recovery,0.9999116659164429,1,/content/drive/MyDrive/MACROBATT/INPUT_PDF_FILES/26675562.pdf
77,Sign_symptom,was asymptomatic,0.999869704246521,1,/content/drive/MyDrive/MACROBATT/INPUT_PDF_FILES/26675562.pdf
78,Sign_symptom,asymptomatic,0.9997585415840149,1,/content/drive/MyDrive/MACROBATT/INPUT_PDF_FILES/26675562.pdf
