,Entity Group,Value,Score,Page,Pdf File
0,Age,69-year-old,0.9981689453125,1,/content/drive/MyDrive/MACROBATT/INPUT_PDF_FILES/26683938.pdf
1,Sex,woman,0.9998053908348083,1,/content/drive/MyDrive/MACROBATT/INPUT_PDF_FILES/26683938.pdf
2,Disease_disorder,hypertension,0.998813807964325,1,/content/drive/MyDrive/MACROBATT/INPUT_PDF_FILES/26683938.pdf
3,Clinical_event,presented,0.9996821880340576,1,/content/drive/MyDrive/MACROBATT/INPUT_PDF_FILES/26683938.pdf
4,Detailed_description,generalized,0.9999731779098511,1,/content/drive/MyDrive/MACROBATT/INPUT_PDF_FILES/26683938.pdf
5,Detailed_description,petechial,0.9999616146087646,1,/content/drive/MyDrive/MACROBATT/INPUT_PDF_FILES/26683938.pdf
6,Detailed_description,69-year-old generalized petechial,0.5906553864479065,1,/content/drive/MyDrive/MACROBATT/INPUT_PDF_FILES/26683938.pdf
7,Sign_symptom,rash,0.999951958656311,1,/content/drive/MyDrive/MACROBATT/INPUT_PDF_FILES/26683938.pdf
8,Sign_symptom,shortness of of of breath,0.9999170303344727,1,/content/drive/MyDrive/MACROBATT/INPUT_PDF_FILES/26683938.pdf
9,Duration,3 days,0.9997367858886719,1,/content/drive/MyDrive/MACROBATT/INPUT_PDF_FILES/26683938.pdf
10,Detailed_description,progressive,0.9998908042907715,1,/content/drive/MyDrive/MACROBATT/INPUT_PDF_FILES/26683938.pdf
11,Sign_symptom,had dyspnea decrease,0.9999459981918335,1,/content/drive/MyDrive/MACROBATT/INPUT_PDF_FILES/26683938.pdf
12,Sign_symptom,dyspnea,0.9999160766601562,1,/content/drive/MyDrive/MACROBATT/INPUT_PDF_FILES/26683938.pdf
13,Sign_symptom,hemoptysis,0.6745416522026062,1,/content/drive/MyDrive/MACROBATT/INPUT_PDF_FILES/26683938.pdf
14,History,no history of,0.9771561622619629,1,/content/drive/MyDrive/MACROBATT/INPUT_PDF_FILES/26683938.pdf
15,History,"drug use , , , unusual food intake , , , contact with any sick",0.8669267296791077,1,/content/drive/MyDrive/MACROBATT/INPUT_PDF_FILES/26683938.pdf
16,Medication,enalapril been,0.9994514584541321,1,/content/drive/MyDrive/MACROBATT/INPUT_PDF_FILES/26683938.pdf
17,Medication,enalapril,0.9930398464202881,1,/content/drive/MyDrive/MACROBATT/INPUT_PDF_FILES/26683938.pdf
18,History,use,0.5152073502540588,1,/content/drive/MyDrive/MACROBATT/INPUT_PDF_FILES/26683938.pdf
19,History,recreational,0.8520272374153137,1,/content/drive/MyDrive/MACROBATT/INPUT_PDF_FILES/26683938.pdf
20,Sign_symptom,afebrile,0.9999287128448486,1,/content/drive/MyDrive/MACROBATT/INPUT_PDF_FILES/26683938.pdf
21,Sign_symptom,normotensive,0.9993225336074829,1,/content/drive/MyDrive/MACROBATT/INPUT_PDF_FILES/26683938.pdf
22,Severity,mild,0.9996993541717529,1,/content/drive/MyDrive/MACROBATT/INPUT_PDF_FILES/26683938.pdf
23,Sign_symptom,tachypnea,0.9999567270278931,1,/content/drive/MyDrive/MACROBATT/INPUT_PDF_FILES/26683938.pdf
24,Diagnostic_procedure,respiratory,0.9989081621170044,1,/content/drive/MyDrive/MACROBATT/INPUT_PDF_FILES/26683938.pdf
25,Lab_value,22 breaths,0.9491922855377197,1,/content/drive/MyDrive/MACROBATT/INPUT_PDF_FILES/26683938.pdf
26,Diagnostic_procedure,Physical examination,0.999401867389679,1,/content/drive/MyDrive/MACROBATT/INPUT_PDF_FILES/26683938.pdf
27,Biological_structure,lower,0.9990371465682983,1,/content/drive/MyDrive/MACROBATT/INPUT_PDF_FILES/26683938.pdf
28,Biological_structure,extremities,0.8745033740997314,1,/content/drive/MyDrive/MACROBATT/INPUT_PDF_FILES/26683938.pdf
29,Detailed_description,nonpalpable,0.9997701644897461,1,/content/drive/MyDrive/MACROBATT/INPUT_PDF_FILES/26683938.pdf
30,Detailed_description,nonpalpable nonblanching,0.9923130869865417,1,/content/drive/MyDrive/MACROBATT/INPUT_PDF_FILES/26683938.pdf
31,Diagnostic_procedure,Chest auscultation,0.9993127584457397,1,/content/drive/MyDrive/MACROBATT/INPUT_PDF_FILES/26683938.pdf
32,Detailed_description,coarse,0.9998589754104614,1,/content/drive/MyDrive/MACROBATT/INPUT_PDF_FILES/26683938.pdf
33,Sign_symptom,crackles,0.999571681022644,1,/content/drive/MyDrive/MACROBATT/INPUT_PDF_FILES/26683938.pdf
34,Detailed_description,neurological,0.998245358467102,1,/content/drive/MyDrive/MACROBATT/INPUT_PDF_FILES/26683938.pdf
35,Diagnostic_procedure,examinations,0.9988883137702942,1,/content/drive/MyDrive/MACROBATT/INPUT_PDF_FILES/26683938.pdf
36,Sign_symptom,palpable lymphadenopathy visceromegaly,0.999824583530426,1,/content/drive/MyDrive/MACROBATT/INPUT_PDF_FILES/26683938.pdf
37,Sign_symptom,lymphadenopathy,0.9931383728981018,1,/content/drive/MyDrive/MACROBATT/INPUT_PDF_FILES/26683938.pdf
38,Diagnostic_procedure,Laboratory examination,0.999925434589386,1,/content/drive/MyDrive/MACROBATT/INPUT_PDF_FILES/26683938.pdf
39,Sign_symptom,thrombocytopenia,0.9999737739562988,1,/content/drive/MyDrive/MACROBATT/INPUT_PDF_FILES/26683938.pdf
40,Diagnostic_procedure,platelets,0.9925382137298584,1,/content/drive/MyDrive/MACROBATT/INPUT_PDF_FILES/26683938.pdf
41,Lab_value,7000/μL,0.9706064462661743,1,/content/drive/MyDrive/MACROBATT/INPUT_PDF_FILES/26683938.pdf
42,Sign_symptom,anemia and and,0.9999573230743408,1,/content/drive/MyDrive/MACROBATT/INPUT_PDF_FILES/26683938.pdf
43,Sign_symptom,anemia,0.9999572038650513,1,/content/drive/MyDrive/MACROBATT/INPUT_PDF_FILES/26683938.pdf
44,Diagnostic_procedure,hemoglobin hematocrit,0.9999501705169678,1,/content/drive/MyDrive/MACROBATT/INPUT_PDF_FILES/26683938.pdf
45,Diagnostic_procedure,hemoglobin,0.9079297184944153,1,/content/drive/MyDrive/MACROBATT/INPUT_PDF_FILES/26683938.pdf
46,Lab_value,10.8,0.9903496503829956,1,/content/drive/MyDrive/MACROBATT/INPUT_PDF_FILES/26683938.pdf
47,Lab_value,10.8 mg/dL,0.970849871635437,1,/content/drive/MyDrive/MACROBATT/INPUT_PDF_FILES/26683938.pdf
48,Diagnostic_procedure,hematocrit,0.9843788146972656,1,/content/drive/MyDrive/MACROBATT/INPUT_PDF_FILES/26683938.pdf
49,Sign_symptom,leukocytosis,0.9990037083625793,1,/content/drive/MyDrive/MACROBATT/INPUT_PDF_FILES/26683938.pdf
50,Diagnostic_procedure,white blood,0.9689565300941467,1,/content/drive/MyDrive/MACROBATT/INPUT_PDF_FILES/26683938.pdf
51,Coreference,WBCs,0.5200824737548828,1,/content/drive/MyDrive/MACROBATT/INPUT_PDF_FILES/26683938.pdf
52,Diagnostic_procedure,coagulation coagulation,0.9996377229690552,1,/content/drive/MyDrive/MACROBATT/INPUT_PDF_FILES/26683938.pdf
53,Diagnostic_procedure,coagulation coagulation profile,0.7442976832389832,1,/content/drive/MyDrive/MACROBATT/INPUT_PDF_FILES/26683938.pdf
54,Diagnostic_procedure,Arterial blood gas,0.999936044216156,1,/content/drive/MyDrive/MACROBATT/INPUT_PDF_FILES/26683938.pdf
55,Detailed_description,ambient air,0.9998792409896851,1,/content/drive/MyDrive/MACROBATT/INPUT_PDF_FILES/26683938.pdf
56,Diagnostic_procedure,partial partial pressure pressure of of of of oxygen ( ( ( (,0.9994195103645325,1,/content/drive/MyDrive/MACROBATT/INPUT_PDF_FILES/26683938.pdf
57,Diagnostic_procedure,PaO2,0.9998615980148315,1,/content/drive/MyDrive/MACROBATT/INPUT_PDF_FILES/26683938.pdf
58,Lab_value,64 Torr Torr Torr,0.9997812509536743,1,/content/drive/MyDrive/MACROBATT/INPUT_PDF_FILES/26683938.pdf
59,Diagnostic_procedure,partial partial pressure pressure of of of of carbon dioxide ( ( ( (,0.9991521239280701,1,/content/drive/MyDrive/MACROBATT/INPUT_PDF_FILES/26683938.pdf
60,Diagnostic_procedure,PaCO2,0.9996692538261414,1,/content/drive/MyDrive/MACROBATT/INPUT_PDF_FILES/26683938.pdf
61,Lab_value,37 Torr Torr Torr,0.9998481273651123,1,/content/drive/MyDrive/MACROBATT/INPUT_PDF_FILES/26683938.pdf
62,Lab_value,increased,0.9999306201934814,1,/content/drive/MyDrive/MACROBATT/INPUT_PDF_FILES/26683938.pdf
63,Diagnostic_procedure,alveolar-arterial gradient,0.9998237490653992,1,/content/drive/MyDrive/MACROBATT/INPUT_PDF_FILES/26683938.pdf
64,Detailed_description,Diffuse,0.9999396800994873,1,/content/drive/MyDrive/MACROBATT/INPUT_PDF_FILES/26683938.pdf
65,Sign_symptom,airspace consolidation,0.999888002872467,1,/content/drive/MyDrive/MACROBATT/INPUT_PDF_FILES/26683938.pdf
66,Biological_structure,chest,0.9999048709869385,1,/content/drive/MyDrive/MACROBATT/INPUT_PDF_FILES/26683938.pdf
67,Diagnostic_procedure,roentgenogram,0.9999388456344604,1,/content/drive/MyDrive/MACROBATT/INPUT_PDF_FILES/26683938.pdf
68,Diagnostic_procedure,Computed tomography,0.9999400973320007,1,/content/drive/MyDrive/MACROBATT/INPUT_PDF_FILES/26683938.pdf
69,Diagnostic_procedure,( (,0.9997853636741638,1,/content/drive/MyDrive/MACROBATT/INPUT_PDF_FILES/26683938.pdf
70,Detailed_description,diffuse,0.9998786449432373,1,/content/drive/MyDrive/MACROBATT/INPUT_PDF_FILES/26683938.pdf
71,Texture,ground glass,0.9918873906135559,1,/content/drive/MyDrive/MACROBATT/INPUT_PDF_FILES/26683938.pdf
72,Biological_structure,alveolar,0.9995102882385254,1,/content/drive/MyDrive/MACROBATT/INPUT_PDF_FILES/26683938.pdf
73,Sign_symptom,opacities,0.9999521970748901,1,/content/drive/MyDrive/MACROBATT/INPUT_PDF_FILES/26683938.pdf
74,Detailed_description,patchy,0.8266260623931885,1,/content/drive/MyDrive/MACROBATT/INPUT_PDF_FILES/26683938.pdf
75,Sign_symptom,infiltrates,0.9999372959136963,1,/content/drive/MyDrive/MACROBATT/INPUT_PDF_FILES/26683938.pdf
76,Detailed_description,broad-spectrum,0.9999706745147705,1,/content/drive/MyDrive/MACROBATT/INPUT_PDF_FILES/26683938.pdf
77,Medication,antibiotics,0.9997987151145935,1,/content/drive/MyDrive/MACROBATT/INPUT_PDF_FILES/26683938.pdf
78,Administration,intravenous,0.9996181726455688,1,/content/drive/MyDrive/MACROBATT/INPUT_PDF_FILES/26683938.pdf
79,Diagnostic_procedure,Peripheral smear,0.997607946395874,1,/content/drive/MyDrive/MACROBATT/INPUT_PDF_FILES/26683938.pdf
80,Detailed_description,occasional,0.9676001071929932,1,/content/drive/MyDrive/MACROBATT/INPUT_PDF_FILES/26683938.pdf
81,Diagnostic_procedure,flexible fiber-optic bronchoscopy,0.9999039769172668,1,/content/drive/MyDrive/MACROBATT/INPUT_PDF_FILES/26683938.pdf
82,Diagnostic_procedure,FFB,0.9999058246612549,1,/content/drive/MyDrive/MACROBATT/INPUT_PDF_FILES/26683938.pdf
83,Lab_value,normal,0.9989894032478333,1,/content/drive/MyDrive/MACROBATT/INPUT_PDF_FILES/26683938.pdf
84,Diagnostic_procedure,mucosa,0.997642457485199,1,/content/drive/MyDrive/MACROBATT/INPUT_PDF_FILES/26683938.pdf
85,Biological_structure,endobronchial,0.9573407173156738,1,/content/drive/MyDrive/MACROBATT/INPUT_PDF_FILES/26683938.pdf
86,Sign_symptom,lesions,0.9999532699584961,1,/content/drive/MyDrive/MACROBATT/INPUT_PDF_FILES/26683938.pdf
87,Diagnostic_procedure,BAL BALF fluid,0.9809804558753967,1,/content/drive/MyDrive/MACROBATT/INPUT_PDF_FILES/26683938.pdf
88,Diagnostic_procedure,BAL BALF,0.99956876039505,1,/content/drive/MyDrive/MACROBATT/INPUT_PDF_FILES/26683938.pdf
89,Lab_value,hemorrhagic,0.7237151265144348,1,/content/drive/MyDrive/MACROBATT/INPUT_PDF_FILES/26683938.pdf
90,Disease_disorder,DAH,0.8690280914306641,1,/content/drive/MyDrive/MACROBATT/INPUT_PDF_FILES/26683938.pdf
91,Diagnostic_procedure,Cytology,0.9899725914001465,1,/content/drive/MyDrive/MACROBATT/INPUT_PDF_FILES/26683938.pdf
92,Coreference,BALF,0.9997602105140686,1,/content/drive/MyDrive/MACROBATT/INPUT_PDF_FILES/26683938.pdf
93,Detailed_description,hemosiderin-laden,0.999924898147583,1,/content/drive/MyDrive/MACROBATT/INPUT_PDF_FILES/26683938.pdf
94,Detailed_description,hemosiderin-laden diagnosis,0.9925389885902405,1,/content/drive/MyDrive/MACROBATT/INPUT_PDF_FILES/26683938.pdf
95,Detailed_description,macrophages,0.5386002659797668,1,/content/drive/MyDrive/MACROBATT/INPUT_PDF_FILES/26683938.pdf
96,Diagnostic_procedure,cultures,0.9999608993530273,1,/content/drive/MyDrive/MACROBATT/INPUT_PDF_FILES/26683938.pdf
97,Diagnostic_procedure,gram stains,0.9999013543128967,1,/content/drive/MyDrive/MACROBATT/INPUT_PDF_FILES/26683938.pdf
98,Severity,severe,0.9998292922973633,1,/content/drive/MyDrive/MACROBATT/INPUT_PDF_FILES/26683938.pdf
99,Sign_symptom,with thrombocytopenia,0.9999730587005615,1,/content/drive/MyDrive/MACROBATT/INPUT_PDF_FILES/26683938.pdf
100,Sign_symptom,The with thrombocytopenia hypoxia,0.9999626874923706,1,/content/drive/MyDrive/MACROBATT/INPUT_PDF_FILES/26683938.pdf
101,Sign_symptom,hypoxia,0.9999047517776489,1,/content/drive/MyDrive/MACROBATT/INPUT_PDF_FILES/26683938.pdf
102,Medication,steroids,0.9694472551345825,1,/content/drive/MyDrive/MACROBATT/INPUT_PDF_FILES/26683938.pdf
103,Dosage,High doses,0.9994794130325317,1,/content/drive/MyDrive/MACROBATT/INPUT_PDF_FILES/26683938.pdf
104,Medication,immunoglobulins improvement,0.9996562004089355,1,/content/drive/MyDrive/MACROBATT/INPUT_PDF_FILES/26683938.pdf
105,Medication,immunoglobulins,0.9958757162094116,1,/content/drive/MyDrive/MACROBATT/INPUT_PDF_FILES/26683938.pdf
106,Medication,IVIGs,0.9986463189125061,1,/content/drive/MyDrive/MACROBATT/INPUT_PDF_FILES/26683938.pdf
107,Detailed_description,clinico-radiological,0.7533077597618103,1,/content/drive/MyDrive/MACROBATT/INPUT_PDF_FILES/26683938.pdf
108,Diagnostic_procedure,bone marrow aspirate,0.9999402165412903,1,/content/drive/MyDrive/MACROBATT/INPUT_PDF_FILES/26683938.pdf
109,Diagnostic_procedure,laboratory studies,0.9999555349349976,1,/content/drive/MyDrive/MACROBATT/INPUT_PDF_FILES/26683938.pdf
110,Lab_value,failed laboratory to thrombocytopenia reveal an etiology,0.9998667240142822,1,/content/drive/MyDrive/MACROBATT/INPUT_PDF_FILES/26683938.pdf
111,Sign_symptom,thrombocytopenia the,0.9999749660491943,1,/content/drive/MyDrive/MACROBATT/INPUT_PDF_FILES/26683938.pdf
112,Sign_symptom,laboratory thrombocytopenia,0.9999597072601318,1,/content/drive/MyDrive/MACROBATT/INPUT_PDF_FILES/26683938.pdf
113,Disease_disorder,ITP,0.7505108118057251,1,/content/drive/MyDrive/MACROBATT/INPUT_PDF_FILES/26683938.pdf
114,Medication,Steroids,0.9980288743972778,1,/content/drive/MyDrive/MACROBATT/INPUT_PDF_FILES/26683938.pdf
115,Diagnostic_procedure,radiograph,0.999927282333374,1,/content/drive/MyDrive/MACROBATT/INPUT_PDF_FILES/26683938.pdf
116,Detailed_description,bilateral,0.9999502897262573,1,/content/drive/MyDrive/MACROBATT/INPUT_PDF_FILES/26683938.pdf
117,Diagnostic_procedure,Platelet count,0.9999430775642395,1,/content/drive/MyDrive/MACROBATT/INPUT_PDF_FILES/26683938.pdf
118,Date,week 10,0.9998108148574829,1,/content/drive/MyDrive/MACROBATT/INPUT_PDF_FILES/26683938.pdf
119,Therapeutic_procedure,additional therapies,0.9995614290237427,1,/content/drive/MyDrive/MACROBATT/INPUT_PDF_FILES/26683938.pdf
