,Entity Group,Value,Score,Page,Pdf File
0,Age,24-year-old,0.9950993657112122,1,/content/drive/MyDrive/MACROBATT/INPUT_PDF_FILES/26692730.pdf
1,Personal_background,Azeri,0.8936135172843933,1,/content/drive/MyDrive/MACROBATT/INPUT_PDF_FILES/26692730.pdf
2,Sex,male,0.9995484948158264,1,/content/drive/MyDrive/MACROBATT/INPUT_PDF_FILES/26692730.pdf
3,Clinical_event,presented,0.9996591806411743,1,/content/drive/MyDrive/MACROBATT/INPUT_PDF_FILES/26692730.pdf
4,Sign_symptom,blurred vision,0.9999324679374695,1,/content/drive/MyDrive/MACROBATT/INPUT_PDF_FILES/26692730.pdf
5,Lab_value,both,0.9254843592643738,1,/content/drive/MyDrive/MACROBATT/INPUT_PDF_FILES/26692730.pdf
6,History,achondroplasia,0.9876905679702759,1,/content/drive/MyDrive/MACROBATT/INPUT_PDF_FILES/26692730.pdf
7,Lab_value,normal,0.9988951086997986,1,/content/drive/MyDrive/MACROBATT/INPUT_PDF_FILES/26692730.pdf
8,History,no history of hereditary ocular history or systemic,0.9992907047271729,1,/content/drive/MyDrive/MACROBATT/INPUT_PDF_FILES/26692730.pdf
9,History,characteristic achondroplasia,0.9992172718048096,1,/content/drive/MyDrive/MACROBATT/INPUT_PDF_FILES/26692730.pdf
10,Height,108,0.9531604647636414,1,/content/drive/MyDrive/MACROBATT/INPUT_PDF_FILES/26692730.pdf
11,Detailed_description,corrected,0.999967098236084,1,/content/drive/MyDrive/MACROBATT/INPUT_PDF_FILES/26692730.pdf
12,Diagnostic_procedure,visual acuity,0.9999092221260071,1,/content/drive/MyDrive/MACROBATT/INPUT_PDF_FILES/26692730.pdf
13,Lab_value,20/70 20/70,0.9998698830604553,1,/content/drive/MyDrive/MACROBATT/INPUT_PDF_FILES/26692730.pdf
14,Biological_structure,right eye eye,0.99991774559021,1,/content/drive/MyDrive/MACROBATT/INPUT_PDF_FILES/26692730.pdf
15,Lab_value,−0.75 + +0.25 + 1.25 × × 60°,0.9998140931129456,1,/content/drive/MyDrive/MACROBATT/INPUT_PDF_FILES/26692730.pdf
16,Biological_structure,left eye eye,0.9999302625656128,1,/content/drive/MyDrive/MACROBATT/INPUT_PDF_FILES/26692730.pdf
17,Lab_value,+0.25 + +0.25 + 20/70 −0.75 60° 20/70 +0.25 0.50 130°,0.9815264344215393,1,/content/drive/MyDrive/MACROBATT/INPUT_PDF_FILES/26692730.pdf
18,Biological_structure,Pupils,0.9992879033088684,1,/content/drive/MyDrive/MACROBATT/INPUT_PDF_FILES/26692730.pdf
19,Detailed_description,equal,0.9995496869087219,1,/content/drive/MyDrive/MACROBATT/INPUT_PDF_FILES/26692730.pdf
20,Detailed_description,round,0.6694190502166748,1,/content/drive/MyDrive/MACROBATT/INPUT_PDF_FILES/26692730.pdf
21,Detailed_description,reactive to light,0.9908482432365417,1,/content/drive/MyDrive/MACROBATT/INPUT_PDF_FILES/26692730.pdf
22,Sign_symptom,reverse afferent,0.9873482584953308,1,/content/drive/MyDrive/MACROBATT/INPUT_PDF_FILES/26692730.pdf
23,Sign_symptom,pupillary,0.8241990208625793,1,/content/drive/MyDrive/MACROBATT/INPUT_PDF_FILES/26692730.pdf
24,Diagnostic_procedure,Ocular motility,0.9998481273651123,1,/content/drive/MyDrive/MACROBATT/INPUT_PDF_FILES/26692730.pdf
25,Biological_structure,both eyes,0.9998475313186646,1,/content/drive/MyDrive/MACROBATT/INPUT_PDF_FILES/26692730.pdf
26,Diagnostic_procedure,slit lamp examination,0.9999589920043945,1,/content/drive/MyDrive/MACROBATT/INPUT_PDF_FILES/26692730.pdf
27,Diagnostic_procedure,intraocular,0.9986383318901062,1,/content/drive/MyDrive/MACROBATT/INPUT_PDF_FILES/26692730.pdf
28,Diagnostic_procedure,intraocular pressure,0.9994909763336182,1,/content/drive/MyDrive/MACROBATT/INPUT_PDF_FILES/26692730.pdf
29,Lab_value,12 mm Hg,0.9997963309288025,1,/content/drive/MyDrive/MACROBATT/INPUT_PDF_FILES/26692730.pdf
30,Detailed_description,Goldmann applanation,0.9990483522415161,1,/content/drive/MyDrive/MACROBATT/INPUT_PDF_FILES/26692730.pdf
31,Diagnostic_procedure,Central corneal thickness values,0.9999362826347351,1,/content/drive/MyDrive/MACROBATT/INPUT_PDF_FILES/26692730.pdf
32,Biological_structure,left eyes,0.9989383220672607,1,/content/drive/MyDrive/MACROBATT/INPUT_PDF_FILES/26692730.pdf
33,Diagnostic_procedure,Dilated fundus examination,0.999936580657959,1,/content/drive/MyDrive/MACROBATT/INPUT_PDF_FILES/26692730.pdf
34,Detailed_description,well-demarcated,0.9999592304229736,1,/content/drive/MyDrive/MACROBATT/INPUT_PDF_FILES/26692730.pdf
35,Shape,circular,0.9983969330787659,1,/content/drive/MyDrive/MACROBATT/INPUT_PDF_FILES/26692730.pdf
36,Biological_structure,macular,0.9896297454833984,1,/content/drive/MyDrive/MACROBATT/INPUT_PDF_FILES/26692730.pdf
37,Sign_symptom,lesion,0.9993162155151367,1,/content/drive/MyDrive/MACROBATT/INPUT_PDF_FILES/26692730.pdf
38,Sign_symptom,examination lesion,0.9986814856529236,1,/content/drive/MyDrive/MACROBATT/INPUT_PDF_FILES/26692730.pdf
39,Distance,2.5 disc diameters ( DD DD ) in in width,0.9994259476661682,1,/content/drive/MyDrive/MACROBATT/INPUT_PDF_FILES/26692730.pdf
40,Distance,2.7 DD DD,0.9992313385009766,1,/content/drive/MyDrive/MACROBATT/INPUT_PDF_FILES/26692730.pdf
41,Distance,2.5 DD DD in in width,0.9834854602813721,1,/content/drive/MyDrive/MACROBATT/INPUT_PDF_FILES/26692730.pdf
42,Distance,2.8 DD DD,0.9987648129463196,1,/content/drive/MyDrive/MACROBATT/INPUT_PDF_FILES/26692730.pdf
43,Sign_symptom,lesions,0.999935507774353,1,/content/drive/MyDrive/MACROBATT/INPUT_PDF_FILES/26692730.pdf
44,Biological_structure,choroidal,0.9999573230743408,1,/content/drive/MyDrive/MACROBATT/INPUT_PDF_FILES/26692730.pdf
45,Biological_structure,retinal vasculature appeared,0.9999536275863647,1,/content/drive/MyDrive/MACROBATT/INPUT_PDF_FILES/26692730.pdf
46,Biological_structure,retinal,0.9998818635940552,1,/content/drive/MyDrive/MACROBATT/INPUT_PDF_FILES/26692730.pdf
47,Biological_structure,vasculature,0.9952669143676758,1,/content/drive/MyDrive/MACROBATT/INPUT_PDF_FILES/26692730.pdf
48,Sign_symptom,stalk of tissue,0.999832808971405,1,/content/drive/MyDrive/MACROBATT/INPUT_PDF_FILES/26692730.pdf
49,Biological_structure,from the the optic disc,0.9997670650482178,1,/content/drive/MyDrive/MACROBATT/INPUT_PDF_FILES/26692730.pdf
50,Biological_structure,into the the vitreous,0.999737560749054,1,/content/drive/MyDrive/MACROBATT/INPUT_PDF_FILES/26692730.pdf
51,Detailed_description,Fluorescein,0.9999719858169556,1,/content/drive/MyDrive/MACROBATT/INPUT_PDF_FILES/26692730.pdf
52,Detailed_description,Fluorescein coherence,0.9907646179199219,1,/content/drive/MyDrive/MACROBATT/INPUT_PDF_FILES/26692730.pdf
53,Diagnostic_procedure,angiography,0.9997087717056274,1,/content/drive/MyDrive/MACROBATT/INPUT_PDF_FILES/26692730.pdf
54,Biological_structure,posterior segment,0.9999364018440247,1,/content/drive/MyDrive/MACROBATT/INPUT_PDF_FILES/26692730.pdf
55,Diagnostic_procedure,optical coherence tomography,0.9999311566352844,1,/content/drive/MyDrive/MACROBATT/INPUT_PDF_FILES/26692730.pdf
56,Biological_structure,optical optic nerve head,0.9999117851257324,1,/content/drive/MyDrive/MACROBATT/INPUT_PDF_FILES/26692730.pdf
57,Detailed_description,fluorescein,0.9733317494392395,1,/content/drive/MyDrive/MACROBATT/INPUT_PDF_FILES/26692730.pdf
