,Entity Group,Value,Score,Page,Pdf File
0,Age,65-year-old,0.9982836842536926,1,/content/drive/MyDrive/MACROBATT/INPUT_PDF_FILES/27004009.pdf
1,Sex,man,0.9997562766075134,1,/content/drive/MyDrive/MACROBATT/INPUT_PDF_FILES/27004009.pdf
2,Clinical_event,admitted,0.9998615980148315,1,/content/drive/MyDrive/MACROBATT/INPUT_PDF_FILES/27004009.pdf
3,Nonbiological_location,China-Japan Friendship hospital,0.9996457099914551,1,/content/drive/MyDrive/MACROBATT/INPUT_PDF_FILES/27004009.pdf
4,Detailed_description,progressive,0.9999690055847168,1,/content/drive/MyDrive/MACROBATT/INPUT_PDF_FILES/27004009.pdf
5,Sign_symptom,65-year-old admitted Friendship dysphagia,0.9999644756317139,1,/content/drive/MyDrive/MACROBATT/INPUT_PDF_FILES/27004009.pdf
6,Sign_symptom,dysphagia,0.999953031539917,1,/content/drive/MyDrive/MACROBATT/INPUT_PDF_FILES/27004009.pdf
7,Severity,drastic,0.9998088479042053,1,/content/drive/MyDrive/MACROBATT/INPUT_PDF_FILES/27004009.pdf
8,Sign_symptom,weight loss,0.9998902678489685,1,/content/drive/MyDrive/MACROBATT/INPUT_PDF_FILES/27004009.pdf
9,Lab_value,8 kg,0.9998706579208374,1,/content/drive/MyDrive/MACROBATT/INPUT_PDF_FILES/27004009.pdf
10,History,"denied a alcohol intake and substance abuse had a atrophic gastritis nearly years history of smoking , , alcohol intake and substance abuse , ,",0.9490522742271423,1,/content/drive/MyDrive/MACROBATT/INPUT_PDF_FILES/27004009.pdf
11,Detailed_description,chronic,0.9999645948410034,1,/content/drive/MyDrive/MACROBATT/INPUT_PDF_FILES/27004009.pdf
12,Detailed_description,atrophic,0.9999635219573975,1,/content/drive/MyDrive/MACROBATT/INPUT_PDF_FILES/27004009.pdf
13,Disease_disorder,gastritis,0.9997727274894714,1,/content/drive/MyDrive/MACROBATT/INPUT_PDF_FILES/27004009.pdf
14,Family_history,no family history of genetic defect history or malignancy,0.9988236427307129,1,/content/drive/MyDrive/MACROBATT/INPUT_PDF_FILES/27004009.pdf
15,Diagnostic_procedure,Physical examination,0.9998123049736023,1,/content/drive/MyDrive/MACROBATT/INPUT_PDF_FILES/27004009.pdf
16,Diagnostic_procedure,blood test,0.9998403787612915,1,/content/drive/MyDrive/MACROBATT/INPUT_PDF_FILES/27004009.pdf
17,Lab_value,slight decrease,0.9998209476470947,1,/content/drive/MyDrive/MACROBATT/INPUT_PDF_FILES/27004009.pdf
18,Diagnostic_procedure,hemoglobin,0.9997220039367676,1,/content/drive/MyDrive/MACROBATT/INPUT_PDF_FILES/27004009.pdf
19,Biological_structure,Upper gastrointestinal ( (,0.9835346341133118,1,/content/drive/MyDrive/MACROBATT/INPUT_PDF_FILES/27004009.pdf
20,Diagnostic_procedure,examination,0.9998359680175781,1,/content/drive/MyDrive/MACROBATT/INPUT_PDF_FILES/27004009.pdf
21,Detailed_description,barium contrasts,0.9995365142822266,1,/content/drive/MyDrive/MACROBATT/INPUT_PDF_FILES/27004009.pdf
22,Severity,large,0.998664379119873,1,/content/drive/MyDrive/MACROBATT/INPUT_PDF_FILES/27004009.pdf
23,Coreference,tumor,0.9916728138923645,1,/content/drive/MyDrive/MACROBATT/INPUT_PDF_FILES/27004009.pdf
24,Sign_symptom,blocking,0.9998914003372192,1,/content/drive/MyDrive/MACROBATT/INPUT_PDF_FILES/27004009.pdf
25,Biological_structure,esophago-gastric,0.9995575547218323,1,/content/drive/MyDrive/MACROBATT/INPUT_PDF_FILES/27004009.pdf
26,Biological_structure,esophago-gastric junction,0.9779869914054871,1,/content/drive/MyDrive/MACROBATT/INPUT_PDF_FILES/27004009.pdf
27,Diagnostic_procedure,Computed tomography,0.9996633529663086,1,/content/drive/MyDrive/MACROBATT/INPUT_PDF_FILES/27004009.pdf
28,Diagnostic_procedure,( (,0.9999263286590576,1,/content/drive/MyDrive/MACROBATT/INPUT_PDF_FILES/27004009.pdf
29,Texture,soft,0.9978055357933044,1,/content/drive/MyDrive/MACROBATT/INPUT_PDF_FILES/27004009.pdf
30,Sign_symptom,mass,0.9999456405639648,1,/content/drive/MyDrive/MACROBATT/INPUT_PDF_FILES/27004009.pdf
31,Biological_structure,esophago- gastric junction,0.9639159440994263,1,/content/drive/MyDrive/MACROBATT/INPUT_PDF_FILES/27004009.pdf
32,Biological_structure,lymph node,0.9999383091926575,1,/content/drive/MyDrive/MACROBATT/INPUT_PDF_FILES/27004009.pdf
33,Sign_symptom,metastasis,0.9999428987503052,1,/content/drive/MyDrive/MACROBATT/INPUT_PDF_FILES/27004009.pdf
34,Biological_structure,lesser curvature soft of the the the stomach,0.9999231100082397,1,/content/drive/MyDrive/MACROBATT/INPUT_PDF_FILES/27004009.pdf
35,Color,black black black,0.9987624883651733,1,/content/drive/MyDrive/MACROBATT/INPUT_PDF_FILES/27004009.pdf
36,Sign_symptom,spot,0.9998480081558228,1,/content/drive/MyDrive/MACROBATT/INPUT_PDF_FILES/27004009.pdf
37,Biological_structure,lower esophagus,0.9999263882637024,1,/content/drive/MyDrive/MACROBATT/INPUT_PDF_FILES/27004009.pdf
38,Detailed_description,bulky,0.9996650218963623,1,/content/drive/MyDrive/MACROBATT/INPUT_PDF_FILES/27004009.pdf
39,Detailed_description,two,0.9961547255516052,1,/content/drive/MyDrive/MACROBATT/INPUT_PDF_FILES/27004009.pdf
40,Shape,crater-like,0.9399034976959229,1,/content/drive/MyDrive/MACROBATT/INPUT_PDF_FILES/27004009.pdf
41,Sign_symptom,bulky ulcers,0.9999008178710938,1,/content/drive/MyDrive/MACROBATT/INPUT_PDF_FILES/27004009.pdf
42,Sign_symptom,ulcers,0.7631849050521851,1,/content/drive/MyDrive/MACROBATT/INPUT_PDF_FILES/27004009.pdf
43,Biological_structure,fundus of the the the the stomach,0.9999127388000488,1,/content/drive/MyDrive/MACROBATT/INPUT_PDF_FILES/27004009.pdf
44,Diagnostic_procedure,Biopsy,0.9999426603317261,1,/content/drive/MyDrive/MACROBATT/INPUT_PDF_FILES/27004009.pdf
45,Diagnostic_procedure,nutrition status,0.9998830556869507,1,/content/drive/MyDrive/MACROBATT/INPUT_PDF_FILES/27004009.pdf
46,Lab_value,2 2002 2002,0.9996134638786316,1,/content/drive/MyDrive/MACROBATT/INPUT_PDF_FILES/27004009.pdf
47,Coreference,obstructive symptom,0.9883981347084045,1,/content/drive/MyDrive/MACROBATT/INPUT_PDF_FILES/27004009.pdf
48,Therapeutic_procedure,debulking,0.9998903274536133,1,/content/drive/MyDrive/MACROBATT/INPUT_PDF_FILES/27004009.pdf
49,Therapeutic_procedure,debulking surgery,0.9990807175636292,1,/content/drive/MyDrive/MACROBATT/INPUT_PDF_FILES/27004009.pdf
50,Detailed_description,distal,0.9999661445617676,1,/content/drive/MyDrive/MACROBATT/INPUT_PDF_FILES/27004009.pdf
51,Therapeutic_procedure,esophagectomy,0.9992932677268982,1,/content/drive/MyDrive/MACROBATT/INPUT_PDF_FILES/27004009.pdf
52,Detailed_description,proximal,0.9965220093727112,1,/content/drive/MyDrive/MACROBATT/INPUT_PDF_FILES/27004009.pdf
53,Therapeutic_procedure,gastrectomy,0.9970592260360718,1,/content/drive/MyDrive/MACROBATT/INPUT_PDF_FILES/27004009.pdf
54,Biological_structure,Esophagogastric,0.9998794794082642,1,/content/drive/MyDrive/MACROBATT/INPUT_PDF_FILES/27004009.pdf
55,Therapeutic_procedure,anastomosis,0.9995934367179871,1,/content/drive/MyDrive/MACROBATT/INPUT_PDF_FILES/27004009.pdf
56,Therapeutic_procedure,reconstruction,0.9999226331710815,1,/content/drive/MyDrive/MACROBATT/INPUT_PDF_FILES/27004009.pdf
57,Therapeutic_procedure,stapling,0.9988760948181152,1,/content/drive/MyDrive/MACROBATT/INPUT_PDF_FILES/27004009.pdf
58,Coreference,tumor tumor,0.9996371269226074,1,/content/drive/MyDrive/MACROBATT/INPUT_PDF_FILES/27004009.pdf
59,Sign_symptom,infiltrated,0.9994562268257141,1,/content/drive/MyDrive/MACROBATT/INPUT_PDF_FILES/27004009.pdf
60,Biological_structure,whole layer,0.999933660030365,1,/content/drive/MyDrive/MACROBATT/INPUT_PDF_FILES/27004009.pdf
61,Sign_symptom,metastasis station,0.9997575879096985,1,/content/drive/MyDrive/MACROBATT/INPUT_PDF_FILES/27004009.pdf
62,Sign_symptom,ascites was,0.9999504089355469,1,/content/drive/MyDrive/MACROBATT/INPUT_PDF_FILES/27004009.pdf
63,Sign_symptom,ascites,0.9991222620010376,1,/content/drive/MyDrive/MACROBATT/INPUT_PDF_FILES/27004009.pdf
64,Biological_structure,peritoneal,0.9042819142341614,1,/content/drive/MyDrive/MACROBATT/INPUT_PDF_FILES/27004009.pdf
65,Area,3 cm cm × 6 cm cm,0.999303936958313,1,/content/drive/MyDrive/MACROBATT/INPUT_PDF_FILES/27004009.pdf
66,Color,black,0.9984467625617981,1,/content/drive/MyDrive/MACROBATT/INPUT_PDF_FILES/27004009.pdf
67,Detailed_description,several,0.9996415376663208,1,/content/drive/MyDrive/MACROBATT/INPUT_PDF_FILES/27004009.pdf
68,Color,pigmented,0.9492785930633545,1,/content/drive/MyDrive/MACROBATT/INPUT_PDF_FILES/27004009.pdf
69,Detailed_description,satellite,0.9998008608818054,1,/content/drive/MyDrive/MACROBATT/INPUT_PDF_FILES/27004009.pdf
70,Sign_symptom,nodules,0.9917607307434082,1,/content/drive/MyDrive/MACROBATT/INPUT_PDF_FILES/27004009.pdf
71,Severity,largest,0.5856127738952637,1,/content/drive/MyDrive/MACROBATT/INPUT_PDF_FILES/27004009.pdf
72,Area,1 1 cm cm × 1 1 cm cm,0.9991366267204285,1,/content/drive/MyDrive/MACROBATT/INPUT_PDF_FILES/27004009.pdf
73,Detailed_description,ulceration,0.9999308586120605,1,/content/drive/MyDrive/MACROBATT/INPUT_PDF_FILES/27004009.pdf
74,Sign_symptom,lesions,0.9999396800994873,1,/content/drive/MyDrive/MACROBATT/INPUT_PDF_FILES/27004009.pdf
75,Biological_structure,fundus,0.9999292492866516,1,/content/drive/MyDrive/MACROBATT/INPUT_PDF_FILES/27004009.pdf
76,Lab_value,non-organized,0.9994156360626221,1,/content/drive/MyDrive/MACROBATT/INPUT_PDF_FILES/27004009.pdf
77,Lab_value,pleomorphic,0.9875532984733582,1,/content/drive/MyDrive/MACROBATT/INPUT_PDF_FILES/27004009.pdf
78,Diagnostic_procedure,cells,0.999529242515564,1,/content/drive/MyDrive/MACROBATT/INPUT_PDF_FILES/27004009.pdf
79,Lab_value,atypical,0.8078489899635315,1,/content/drive/MyDrive/MACROBATT/INPUT_PDF_FILES/27004009.pdf
80,Lab_value,abundant,0.9999191761016846,1,/content/drive/MyDrive/MACROBATT/INPUT_PDF_FILES/27004009.pdf
81,Diagnostic_procedure,melanin,0.9999524354934692,1,/content/drive/MyDrive/MACROBATT/INPUT_PDF_FILES/27004009.pdf
82,Diagnostic_procedure,melanin granules,0.9998536705970764,1,/content/drive/MyDrive/MACROBATT/INPUT_PDF_FILES/27004009.pdf
83,Diagnostic_procedure,stage,0.9991893172264099,1,/content/drive/MyDrive/MACROBATT/INPUT_PDF_FILES/27004009.pdf
84,Lab_value,IVA,0.9192279577255249,1,/content/drive/MyDrive/MACROBATT/INPUT_PDF_FILES/27004009.pdf
85,Diagnostic_procedure,Immunohistochemical,0.9999686479568481,1,/content/drive/MyDrive/MACROBATT/INPUT_PDF_FILES/27004009.pdf
86,Diagnostic_procedure,Immunohistochemical staining,0.9994186758995056,1,/content/drive/MyDrive/MACROBATT/INPUT_PDF_FILES/27004009.pdf
87,Lab_value,positive,0.9999452829360962,1,/content/drive/MyDrive/MACROBATT/INPUT_PDF_FILES/27004009.pdf
88,Diagnostic_procedure,HMB-45,0.9897928237915039,1,/content/drive/MyDrive/MACROBATT/INPUT_PDF_FILES/27004009.pdf
89,Diagnostic_procedure,mclean-A,0.9966070055961609,1,/content/drive/MyDrive/MACROBATT/INPUT_PDF_FILES/27004009.pdf
90,Diagnostic_procedure,Vimentin,0.999669075012207,1,/content/drive/MyDrive/MACROBATT/INPUT_PDF_FILES/27004009.pdf
91,Lab_value,negative,0.9999299049377441,1,/content/drive/MyDrive/MACROBATT/INPUT_PDF_FILES/27004009.pdf
92,Diagnostic_procedure,cytokeratin cytokeratin 7,0.9978857040405273,1,/content/drive/MyDrive/MACROBATT/INPUT_PDF_FILES/27004009.pdf
93,Diagnostic_procedure,cytokeratin cytokeratin 20,0.9303585886955261,1,/content/drive/MyDrive/MACROBATT/INPUT_PDF_FILES/27004009.pdf
94,Detailed_description,primary,0.9999366998672485,1,/content/drive/MyDrive/MACROBATT/INPUT_PDF_FILES/27004009.pdf
95,Severity,advanced,0.9994263648986816,1,/content/drive/MyDrive/MACROBATT/INPUT_PDF_FILES/27004009.pdf
96,Detailed_description,these results esophago-gastric established,0.9999724626541138,1,/content/drive/MyDrive/MACROBATT/INPUT_PDF_FILES/27004009.pdf
97,Disease_disorder,melanoma,0.9999111890792847,1,/content/drive/MyDrive/MACROBATT/INPUT_PDF_FILES/27004009.pdf
98,Therapeutic_procedure,postoperative course,0.9995582103729248,1,/content/drive/MyDrive/MACROBATT/INPUT_PDF_FILES/27004009.pdf
99,Lab_value,smooth,0.999377965927124,1,/content/drive/MyDrive/MACROBATT/INPUT_PDF_FILES/27004009.pdf
100,Sign_symptom,recovered,0.9996101260185242,1,/content/drive/MyDrive/MACROBATT/INPUT_PDF_FILES/27004009.pdf
101,Clinical_event,discharged,0.9994414448738098,1,/content/drive/MyDrive/MACROBATT/INPUT_PDF_FILES/27004009.pdf
102,Date,14 gradually recovered and discharged d after,0.9997394680976868,1,/content/drive/MyDrive/MACROBATT/INPUT_PDF_FILES/27004009.pdf
103,Medication,adjuvant,0.998887300491333,1,/content/drive/MyDrive/MACROBATT/INPUT_PDF_FILES/27004009.pdf
104,Biological_structure,abdominal,0.9999500513076782,1,/content/drive/MyDrive/MACROBATT/INPUT_PDF_FILES/27004009.pdf
105,Sign_symptom,recurrence,0.999771773815155,1,/content/drive/MyDrive/MACROBATT/INPUT_PDF_FILES/27004009.pdf
106,Biological_structure,the therapy hepatic other,0.9999135732650757,1,/content/drive/MyDrive/MACROBATT/INPUT_PDF_FILES/27004009.pdf
107,Biological_structure,patient hepatic,0.9998712539672852,1,/content/drive/MyDrive/MACROBATT/INPUT_PDF_FILES/27004009.pdf
108,Sign_symptom,metastases,0.9999401569366455,1,/content/drive/MyDrive/MACROBATT/INPUT_PDF_FILES/27004009.pdf
109,Date,within one month,0.9998552203178406,1,/content/drive/MyDrive/MACROBATT/INPUT_PDF_FILES/27004009.pdf
110,Clinical_event,follow-up,0.9967303276062012,1,/content/drive/MyDrive/MACROBATT/INPUT_PDF_FILES/27004009.pdf
111,Therapeutic_procedure,treatment,0.9834532141685486,1,/content/drive/MyDrive/MACROBATT/INPUT_PDF_FILES/27004009.pdf
112,Outcome,died,0.9973942041397095,1,/content/drive/MyDrive/MACROBATT/INPUT_PDF_FILES/27004009.pdf
113,Detailed_description,diffuse,0.9999755620956421,1,/content/drive/MyDrive/MACROBATT/INPUT_PDF_FILES/27004009.pdf
114,Disease_disorder,metastatic disease,0.9986899495124817,1,/content/drive/MyDrive/MACROBATT/INPUT_PDF_FILES/27004009.pdf
