,Entity Group,Value,Score,Page,Pdf File
0,Age,50-year-old,0.9974571466445923,1,/content/drive/MyDrive/MACROBATT/INPUT_PDF_FILES/27059701.pdf
1,Sex,lady,0.9996738433837891,1,/content/drive/MyDrive/MACROBATT/INPUT_PDF_FILES/27059701.pdf
2,Clinical_event,presented,0.9997598528862,1,/content/drive/MyDrive/MACROBATT/INPUT_PDF_FILES/27059701.pdf
3,Sign_symptom,pain,0.9999624490737915,1,/content/drive/MyDrive/MACROBATT/INPUT_PDF_FILES/27059701.pdf
4,Biological_structure,abdomen,0.9999384880065918,1,/content/drive/MyDrive/MACROBATT/INPUT_PDF_FILES/27059701.pdf
5,Sign_symptom,jaundice,0.9999594688415527,1,/content/drive/MyDrive/MACROBATT/INPUT_PDF_FILES/27059701.pdf
6,Duration,one and and 50-year-old lady complaints pain abdomen and jaundice and a half also complained last half,0.9996483325958252,1,/content/drive/MyDrive/MACROBATT/INPUT_PDF_FILES/27059701.pdf
7,Detailed_description,intermittent,0.9979738593101501,1,/content/drive/MyDrive/MACROBATT/INPUT_PDF_FILES/27059701.pdf
8,Sign_symptom,fever,0.9999706745147705,1,/content/drive/MyDrive/MACROBATT/INPUT_PDF_FILES/27059701.pdf
9,Diagnostic_procedure,Physical examination,0.9997768402099609,1,/content/drive/MyDrive/MACROBATT/INPUT_PDF_FILES/27059701.pdf
10,Sign_symptom,icterus,0.999923050403595,1,/content/drive/MyDrive/MACROBATT/INPUT_PDF_FILES/27059701.pdf
11,Detailed_description,palpable,0.6235715746879578,1,/content/drive/MyDrive/MACROBATT/INPUT_PDF_FILES/27059701.pdf
12,Detailed_description,tender,0.9981505274772644,1,/content/drive/MyDrive/MACROBATT/INPUT_PDF_FILES/27059701.pdf
13,Shape,globular right measuring,0.996526300907135,1,/content/drive/MyDrive/MACROBATT/INPUT_PDF_FILES/27059701.pdf
14,Shape,globular,0.9586692452430725,1,/content/drive/MyDrive/MACROBATT/INPUT_PDF_FILES/27059701.pdf
15,Sign_symptom,mass,0.9999431371688843,1,/content/drive/MyDrive/MACROBATT/INPUT_PDF_FILES/27059701.pdf
16,Biological_structure,right hypochondrium,0.9999105930328369,1,/content/drive/MyDrive/MACROBATT/INPUT_PDF_FILES/27059701.pdf
17,Area,3 3 × 3 3,0.9967727661132812,1,/content/drive/MyDrive/MACROBATT/INPUT_PDF_FILES/27059701.pdf
18,Detailed_description,obstructive,0.9998457431793213,1,/content/drive/MyDrive/MACROBATT/INPUT_PDF_FILES/27059701.pdf
19,Disease_disorder,periampullary carcinoma,0.9687989950180054,1,/content/drive/MyDrive/MACROBATT/INPUT_PDF_FILES/27059701.pdf
20,Diagnostic_procedure,Ultrasonographic examination,0.9999125599861145,1,/content/drive/MyDrive/MACROBATT/INPUT_PDF_FILES/27059701.pdf
21,Biological_structure,pelvis,0.9999504089355469,1,/content/drive/MyDrive/MACROBATT/INPUT_PDF_FILES/27059701.pdf
22,Sign_symptom,dilatation,0.992891788482666,1,/content/drive/MyDrive/MACROBATT/INPUT_PDF_FILES/27059701.pdf
23,Biological_structure,intrahepatic biliary radicles,0.9998854398727417,1,/content/drive/MyDrive/MACROBATT/INPUT_PDF_FILES/27059701.pdf
24,Biological_structure,IHBR,0.9994864463806152,1,/content/drive/MyDrive/MACROBATT/INPUT_PDF_FILES/27059701.pdf
25,Detailed_description,multiple,0.9999606609344482,1,/content/drive/MyDrive/MACROBATT/INPUT_PDF_FILES/27059701.pdf
26,Detailed_description,mobile,0.988909900188446,1,/content/drive/MyDrive/MACROBATT/INPUT_PDF_FILES/27059701.pdf
27,Sign_symptom,gall stones,0.99991774559021,1,/content/drive/MyDrive/MACROBATT/INPUT_PDF_FILES/27059701.pdf
28,Sign_symptom,dilatation dilated,0.9993236064910889,1,/content/drive/MyDrive/MACROBATT/INPUT_PDF_FILES/27059701.pdf
29,Sign_symptom,dilated,0.8943638801574707,1,/content/drive/MyDrive/MACROBATT/INPUT_PDF_FILES/27059701.pdf
30,Biological_structure,common mobile bile duct,0.9998745918273926,1,/content/drive/MyDrive/MACROBATT/INPUT_PDF_FILES/27059701.pdf
31,Disease_disorder,CBD,0.5113037824630737,1,/content/drive/MyDrive/MACROBATT/INPUT_PDF_FILES/27059701.pdf
32,Distance,1.8 cm,0.9993804693222046,1,/content/drive/MyDrive/MACROBATT/INPUT_PDF_FILES/27059701.pdf
33,Detailed_description,sudden narrowing,0.9991354942321777,1,/content/drive/MyDrive/MACROBATT/INPUT_PDF_FILES/27059701.pdf
34,Diagnostic_procedure,CT scan,0.9993441104888916,1,/content/drive/MyDrive/MACROBATT/INPUT_PDF_FILES/27059701.pdf
35,Severity,moderate,0.9996408224105835,1,/content/drive/MyDrive/MACROBATT/INPUT_PDF_FILES/27059701.pdf
36,Biological_structure,intrahepatic,0.9995260238647461,1,/content/drive/MyDrive/MACROBATT/INPUT_PDF_FILES/27059701.pdf
37,Biological_structure,the intrahepatic the the,0.999731719493866,1,/content/drive/MyDrive/MACROBATT/INPUT_PDF_FILES/27059701.pdf
38,Biological_structure,biliary,0.8245238065719604,1,/content/drive/MyDrive/MACROBATT/INPUT_PDF_FILES/27059701.pdf
39,Sign_symptom,cholelithiasis,0.9999494552612305,1,/content/drive/MyDrive/MACROBATT/INPUT_PDF_FILES/27059701.pdf
40,Sign_symptom,thickening,0.7330288290977478,1,/content/drive/MyDrive/MACROBATT/INPUT_PDF_FILES/27059701.pdf
41,Biological_structure,gall bladder,0.9998192191123962,1,/content/drive/MyDrive/MACROBATT/INPUT_PDF_FILES/27059701.pdf
42,Sign_symptom,metastasis,0.9999505281448364,1,/content/drive/MyDrive/MACROBATT/INPUT_PDF_FILES/27059701.pdf
43,Disease_disorder,preoperative periampullary,0.9995487332344055,1,/content/drive/MyDrive/MACROBATT/INPUT_PDF_FILES/27059701.pdf
44,Disease_disorder,chronic cholecystitis,0.9997566342353821,1,/content/drive/MyDrive/MACROBATT/INPUT_PDF_FILES/27059701.pdf
45,Clinical_event,planned,0.9996752738952637,1,/content/drive/MyDrive/MACROBATT/INPUT_PDF_FILES/27059701.pdf
46,Therapeutic_procedure,pancreaticoduodenectomy,0.9999109506607056,1,/content/drive/MyDrive/MACROBATT/INPUT_PDF_FILES/27059701.pdf
47,Therapeutic_procedure,Whipple ’ classical s resected specimen stones mucosal fundus,0.8800512552261353,1,/content/drive/MyDrive/MACROBATT/INPUT_PDF_FILES/27059701.pdf
48,Diagnostic_procedure,table examination,0.9999130964279175,1,/content/drive/MyDrive/MACROBATT/INPUT_PDF_FILES/27059701.pdf
49,Biological_structure,resected,0.9999638795852661,1,/content/drive/MyDrive/MACROBATT/INPUT_PDF_FILES/27059701.pdf
50,Biological_structure,resected specimen,0.9505266547203064,1,/content/drive/MyDrive/MACROBATT/INPUT_PDF_FILES/27059701.pdf
51,Sign_symptom,gall gall stones,0.9998811483383179,1,/content/drive/MyDrive/MACROBATT/INPUT_PDF_FILES/27059701.pdf
52,Biological_structure,gall gall bladder,0.999930202960968,1,/content/drive/MyDrive/MACROBATT/INPUT_PDF_FILES/27059701.pdf
53,Biological_structure,multiple mucosal,0.9891062378883362,1,/content/drive/MyDrive/MACROBATT/INPUT_PDF_FILES/27059701.pdf
54,Biological_structure,mucosal,0.7576860785484314,1,/content/drive/MyDrive/MACROBATT/INPUT_PDF_FILES/27059701.pdf
55,Biological_structure,fundus,0.9999258518218994,1,/content/drive/MyDrive/MACROBATT/INPUT_PDF_FILES/27059701.pdf
56,Detailed_description,irregular,0.9998652935028076,1,/content/drive/MyDrive/MACROBATT/INPUT_PDF_FILES/27059701.pdf
57,Detailed_description,specimen circumferential,0.9998019337654114,1,/content/drive/MyDrive/MACROBATT/INPUT_PDF_FILES/27059701.pdf
58,Detailed_description,circumferential,0.7010570168495178,1,/content/drive/MyDrive/MACROBATT/INPUT_PDF_FILES/27059701.pdf
59,Sign_symptom,growth,0.999829888343811,1,/content/drive/MyDrive/MACROBATT/INPUT_PDF_FILES/27059701.pdf
60,Therapeutic_procedure,Postoperative period,0.8841776847839355,1,/content/drive/MyDrive/MACROBATT/INPUT_PDF_FILES/27059701.pdf
61,Clinical_event,recovered,0.9838911890983582,1,/content/drive/MyDrive/MACROBATT/INPUT_PDF_FILES/27059701.pdf
62,Diagnostic_procedure,Histopathological examination,0.9998647570610046,1,/content/drive/MyDrive/MACROBATT/INPUT_PDF_FILES/27059701.pdf
63,Detailed_description,small,0.9998742341995239,1,/content/drive/MyDrive/MACROBATT/INPUT_PDF_FILES/27059701.pdf
64,Distance,1.4 cm,0.9965837001800537,1,/content/drive/MyDrive/MACROBATT/INPUT_PDF_FILES/27059701.pdf
65,Diagnostic_procedure,Sections,0.999957799911499,1,/content/drive/MyDrive/MACROBATT/INPUT_PDF_FILES/27059701.pdf
66,Disease_disorder,adenocarcinoma,0.978540301322937,1,/content/drive/MyDrive/MACROBATT/INPUT_PDF_FILES/27059701.pdf
67,Diagnostic_procedure,Microscopic sections,0.9999329447746277,1,/content/drive/MyDrive/MACROBATT/INPUT_PDF_FILES/27059701.pdf
68,Biological_structure,common bile duct,0.9998847842216492,1,/content/drive/MyDrive/MACROBATT/INPUT_PDF_FILES/27059701.pdf
69,Detailed_description,invasion,0.9997753500938416,1,/content/drive/MyDrive/MACROBATT/INPUT_PDF_FILES/27059701.pdf
70,Biological_structure,muscular,0.9265884160995483,1,/content/drive/MyDrive/MACROBATT/INPUT_PDF_FILES/27059701.pdf
71,Biological_structure,resected lymph nodes,0.9999011158943176,1,/content/drive/MyDrive/MACROBATT/INPUT_PDF_FILES/27059701.pdf
72,Sign_symptom,tumor,0.9985302686691284,1,/content/drive/MyDrive/MACROBATT/INPUT_PDF_FILES/27059701.pdf
73,Detailed_description,pT1aN0M0,0.9451603889465332,1,/content/drive/MyDrive/MACROBATT/INPUT_PDF_FILES/27059701.pdf
74,Disease_disorder,adenocarcinoma adenocarcinoma,0.9995582699775696,1,/content/drive/MyDrive/MACROBATT/INPUT_PDF_FILES/27059701.pdf
75,Detailed_description,pT2N0M0,0.9675747752189636,1,/content/drive/MyDrive/MACROBATT/INPUT_PDF_FILES/27059701.pdf
76,Medication,adenocarcinoma bladder adenocarcinoma made adjuvant,0.9998692274093628,1,/content/drive/MyDrive/MACROBATT/INPUT_PDF_FILES/27059701.pdf
77,Medication,adjuvant,0.9854576587677002,1,/content/drive/MyDrive/MACROBATT/INPUT_PDF_FILES/27059701.pdf
78,Sign_symptom,disease-free,0.9957980513572693,1,/content/drive/MyDrive/MACROBATT/INPUT_PDF_FILES/27059701.pdf
79,Date,2 years after,0.9998003840446472,1,/content/drive/MyDrive/MACROBATT/INPUT_PDF_FILES/27059701.pdf
