,Entity Group,Value,Score,Page,Pdf File
0,Age,65-year-old,0.9982285499572754,1,/content/drive/MyDrive/MACROBATT/INPUT_PDF_FILES/27057898.pdf
1,Sex,man,0.9996275901794434,1,/content/drive/MyDrive/MACROBATT/INPUT_PDF_FILES/27057898.pdf
2,Clinical_event,referred,0.9997239708900452,1,/content/drive/MyDrive/MACROBATT/INPUT_PDF_FILES/27057898.pdf
3,Nonbiological_location,hospital,0.9991858601570129,1,/content/drive/MyDrive/MACROBATT/INPUT_PDF_FILES/27057898.pdf
4,Detailed_description,stuttering,0.9999442100524902,1,/content/drive/MyDrive/MACROBATT/INPUT_PDF_FILES/27057898.pdf
5,Biological_structure,chest,0.999933123588562,1,/content/drive/MyDrive/MACROBATT/INPUT_PDF_FILES/27057898.pdf
6,Sign_symptom,pain,0.9999616146087646,1,/content/drive/MyDrive/MACROBATT/INPUT_PDF_FILES/27057898.pdf
7,Lab_value,no positive finding,0.9998769164085388,1,/content/drive/MyDrive/MACROBATT/INPUT_PDF_FILES/27057898.pdf
8,History,"no medical , , , family , , , and and psychosocial history including co- morbidities",0.9978510141372681,1,/content/drive/MyDrive/MACROBATT/INPUT_PDF_FILES/27057898.pdf
9,Diagnostic_procedure,electrocardiogram,0.9998810291290283,1,/content/drive/MyDrive/MACROBATT/INPUT_PDF_FILES/27057898.pdf
10,Detailed_description,T-wave,0.79439777135849,1,/content/drive/MyDrive/MACROBATT/INPUT_PDF_FILES/27057898.pdf
11,Sign_symptom,inversion,0.9976629018783569,1,/content/drive/MyDrive/MACROBATT/INPUT_PDF_FILES/27057898.pdf
12,Detailed_description,leads V1 to V4,0.9998654723167419,1,/content/drive/MyDrive/MACROBATT/INPUT_PDF_FILES/27057898.pdf
13,Diagnostic_procedure,Coronary angiography,0.9995542764663696,1,/content/drive/MyDrive/MACROBATT/INPUT_PDF_FILES/27057898.pdf
14,Lab_value,90 %,0.9998794794082642,1,/content/drive/MyDrive/MACROBATT/INPUT_PDF_FILES/27057898.pdf
15,Sign_symptom,stenosis,0.9995130300521851,1,/content/drive/MyDrive/MACROBATT/INPUT_PDF_FILES/27057898.pdf
16,Biological_structure,mid-left anterior descending coronary artery,0.9996683597564697,1,/content/drive/MyDrive/MACROBATT/INPUT_PDF_FILES/27057898.pdf
17,Therapeutic_procedure,stenosis stented,0.9997914433479309,1,/content/drive/MyDrive/MACROBATT/INPUT_PDF_FILES/27057898.pdf
18,Therapeutic_procedure,stented,0.9965804219245911,1,/content/drive/MyDrive/MACROBATT/INPUT_PDF_FILES/27057898.pdf
19,Therapeutic_procedure,percutaneous,0.9998003840446472,1,/content/drive/MyDrive/MACROBATT/INPUT_PDF_FILES/27057898.pdf
20,Therapeutic_procedure,percutaneous coronary intervention,0.9458028078079224,1,/content/drive/MyDrive/MACROBATT/INPUT_PDF_FILES/27057898.pdf
21,Therapeutic_procedure,PCI,0.9997492432594299,1,/content/drive/MyDrive/MACROBATT/INPUT_PDF_FILES/27057898.pdf
22,Clinical_event,discharged,0.9996104836463928,1,/content/drive/MyDrive/MACROBATT/INPUT_PDF_FILES/27057898.pdf
23,Date,5 days,0.9998517036437988,1,/content/drive/MyDrive/MACROBATT/INPUT_PDF_FILES/27057898.pdf
24,Clinical_event,recharged,0.9996052384376526,1,/content/drive/MyDrive/MACROBATT/INPUT_PDF_FILES/27057898.pdf
25,Clinical_event,discharged recharged,0.9592748284339905,1,/content/drive/MyDrive/MACROBATT/INPUT_PDF_FILES/27057898.pdf
26,Disease_disorder,ventricular tachycardia,0.9993302226066589,1,/content/drive/MyDrive/MACROBATT/INPUT_PDF_FILES/27057898.pdf
27,Severity,severe,0.9997562766075134,1,/content/drive/MyDrive/MACROBATT/INPUT_PDF_FILES/27057898.pdf
28,Diagnostic_procedure,blood pressure,0.9996631741523743,1,/content/drive/MyDrive/MACROBATT/INPUT_PDF_FILES/27057898.pdf
29,Lab_value,fluctuation,0.8911723494529724,1,/content/drive/MyDrive/MACROBATT/INPUT_PDF_FILES/27057898.pdf
30,Lab_value,between 224/76 and and 70/50 mm,0.9981521964073181,1,/content/drive/MyDrive/MACROBATT/INPUT_PDF_FILES/27057898.pdf
31,Medication,antihypertensive drugs,0.9197819828987122,1,/content/drive/MyDrive/MACROBATT/INPUT_PDF_FILES/27057898.pdf
32,Sign_symptom,antihypertensive hypertension,0.9996092915534973,1,/content/drive/MyDrive/MACROBATT/INPUT_PDF_FILES/27057898.pdf
33,Sign_symptom,hypertension,0.6306744813919067,1,/content/drive/MyDrive/MACROBATT/INPUT_PDF_FILES/27057898.pdf
34,Biological_structure,abdominal abdominal,0.9999631643295288,1,/content/drive/MyDrive/MACROBATT/INPUT_PDF_FILES/27057898.pdf
35,Diagnostic_procedure,ultrasound,0.9999641180038452,1,/content/drive/MyDrive/MACROBATT/INPUT_PDF_FILES/27057898.pdf
36,Biological_structure,right adrenal gland,0.9979879260063171,1,/content/drive/MyDrive/MACROBATT/INPUT_PDF_FILES/27057898.pdf
37,Detailed_description,Enhanced,0.9999229907989502,1,/content/drive/MyDrive/MACROBATT/INPUT_PDF_FILES/27057898.pdf
38,Diagnostic_procedure,computed tomography,0.9999465346336365,1,/content/drive/MyDrive/MACROBATT/INPUT_PDF_FILES/27057898.pdf
39,Biological_structure,adrenal adrenal,0.9991321563720703,1,/content/drive/MyDrive/MACROBATT/INPUT_PDF_FILES/27057898.pdf
40,Biological_structure,adrenal adrenal aldosterone gland gland,0.843653678894043,1,/content/drive/MyDrive/MACROBATT/INPUT_PDF_FILES/27057898.pdf
41,Sign_symptom,tumor,0.9999368190765381,1,/content/drive/MyDrive/MACROBATT/INPUT_PDF_FILES/27057898.pdf
42,Biological_structure,right adrenal adrenal gland gland,0.9976937174797058,1,/content/drive/MyDrive/MACROBATT/INPUT_PDF_FILES/27057898.pdf
43,Lab_value,upset,0.9998458623886108,1,/content/drive/MyDrive/MACROBATT/INPUT_PDF_FILES/27057898.pdf
44,Diagnostic_procedure,aldosterone,0.9999520778656006,1,/content/drive/MyDrive/MACROBATT/INPUT_PDF_FILES/27057898.pdf
45,Therapeutic_procedure,removed,0.9997001886367798,1,/content/drive/MyDrive/MACROBATT/INPUT_PDF_FILES/27057898.pdf
46,Therapeutic_procedure,laparoscope,0.9550820589065552,1,/content/drive/MyDrive/MACROBATT/INPUT_PDF_FILES/27057898.pdf
47,Diagnostic_procedure,pathological examination,0.9999420642852783,1,/content/drive/MyDrive/MACROBATT/INPUT_PDF_FILES/27057898.pdf
48,Disease_disorder,pheochromocytoma,0.9978600144386292,1,/content/drive/MyDrive/MACROBATT/INPUT_PDF_FILES/27057898.pdf
49,Lab_value,normal,0.999805748462677,1,/content/drive/MyDrive/MACROBATT/INPUT_PDF_FILES/27057898.pdf
50,Sign_symptom,T-wave inversion,0.9471527934074402,1,/content/drive/MyDrive/MACROBATT/INPUT_PDF_FILES/27057898.pdf
51,Detailed_description,lead V1-V4,0.9998248219490051,1,/content/drive/MyDrive/MACROBATT/INPUT_PDF_FILES/27057898.pdf
