,Entity Group,Value,Score,Page,Pdf File
0,Age,53-year-old,0.9982485771179199,1,/content/drive/MyDrive/MACROBATT/INPUT_PDF_FILES/27064109.pdf
1,Sex,man,0.9998065829277039,1,/content/drive/MyDrive/MACROBATT/INPUT_PDF_FILES/27064109.pdf
2,Clinical_event,came,0.9996080994606018,1,/content/drive/MyDrive/MACROBATT/INPUT_PDF_FILES/27064109.pdf
3,Nonbiological_location,hospital,0.997517466545105,1,/content/drive/MyDrive/MACROBATT/INPUT_PDF_FILES/27064109.pdf
4,Sign_symptom,symptoms,0.9997380375862122,1,/content/drive/MyDrive/MACROBATT/INPUT_PDF_FILES/27064109.pdf
5,Detailed_description,acute,0.9999758005142212,1,/content/drive/MyDrive/MACROBATT/INPUT_PDF_FILES/27064109.pdf
6,Disease_disorder,heart failure,0.9996517896652222,1,/content/drive/MyDrive/MACROBATT/INPUT_PDF_FILES/27064109.pdf
7,Duration,2-week history,0.9996655583381653,1,/content/drive/MyDrive/MACROBATT/INPUT_PDF_FILES/27064109.pdf
8,Detailed_description,progressive,0.999980092048645,1,/content/drive/MyDrive/MACROBATT/INPUT_PDF_FILES/27064109.pdf
9,Frequency,recurrent,0.9964616894721985,1,/content/drive/MyDrive/MACROBATT/INPUT_PDF_FILES/27064109.pdf
10,Biological_structure,skin,0.999890923500061,1,/content/drive/MyDrive/MACROBATT/INPUT_PDF_FILES/27064109.pdf
11,Sign_symptom,abscesses,0.9999527931213379,1,/content/drive/MyDrive/MACROBATT/INPUT_PDF_FILES/27064109.pdf
12,Detailed_description,atopic,0.9659788012504578,1,/content/drive/MyDrive/MACROBATT/INPUT_PDF_FILES/27064109.pdf
13,Disease_disorder,dermatitis,0.9552311301231384,1,/content/drive/MyDrive/MACROBATT/INPUT_PDF_FILES/27064109.pdf
14,Frequency,regularly,0.9971033930778503,1,/content/drive/MyDrive/MACROBATT/INPUT_PDF_FILES/27064109.pdf
15,Clinical_event,visited,0.9993972778320312,1,/content/drive/MyDrive/MACROBATT/INPUT_PDF_FILES/27064109.pdf
16,Nonbiological_location,dermatologist,0.8408330082893372,1,/content/drive/MyDrive/MACROBATT/INPUT_PDF_FILES/27064109.pdf
17,Clinical_event,arriving,0.9997385144233704,1,/content/drive/MyDrive/MACROBATT/INPUT_PDF_FILES/27064109.pdf
18,Biological_structure,extremities,0.9999357461929321,1,/content/drive/MyDrive/MACROBATT/INPUT_PDF_FILES/27064109.pdf
19,Sign_symptom,warm,0.9903936982154846,1,/content/drive/MyDrive/MACROBATT/INPUT_PDF_FILES/27064109.pdf
20,Lab_value,class III,0.982540488243103,1,/content/drive/MyDrive/MACROBATT/INPUT_PDF_FILES/27064109.pdf
21,Disease_disorder,congestive,0.9966282248497009,1,/content/drive/MyDrive/MACROBATT/INPUT_PDF_FILES/27064109.pdf
22,Disease_disorder,congestive heart failure,0.9711553454399109,1,/content/drive/MyDrive/MACROBATT/INPUT_PDF_FILES/27064109.pdf
23,Disease_disorder,CHF,0.9998461008071899,1,/content/drive/MyDrive/MACROBATT/INPUT_PDF_FILES/27064109.pdf
24,Diagnostic_procedure,electrocardiogram,0.9999077916145325,1,/content/drive/MyDrive/MACROBATT/INPUT_PDF_FILES/27064109.pdf
25,Detailed_description,diffuse,0.9999431371688843,1,/content/drive/MyDrive/MACROBATT/INPUT_PDF_FILES/27064109.pdf
26,Detailed_description,nonspecific,0.5065649747848511,1,/content/drive/MyDrive/MACROBATT/INPUT_PDF_FILES/27064109.pdf
27,Sign_symptom,T-wave,0.9996667504310608,1,/content/drive/MyDrive/MACROBATT/INPUT_PDF_FILES/27064109.pdf
28,Lab_value,low voltage,0.9856593608856201,1,/content/drive/MyDrive/MACROBATT/INPUT_PDF_FILES/27064109.pdf
29,Biological_structure,extremity,0.9998169541358948,1,/content/drive/MyDrive/MACROBATT/INPUT_PDF_FILES/27064109.pdf
30,Lab_value,poor,0.9993658661842346,1,/content/drive/MyDrive/MACROBATT/INPUT_PDF_FILES/27064109.pdf
31,Sign_symptom,R-wave progression,0.930813729763031,1,/content/drive/MyDrive/MACROBATT/INPUT_PDF_FILES/27064109.pdf
32,Biological_structure,anterior chest,0.9952969551086426,1,/content/drive/MyDrive/MACROBATT/INPUT_PDF_FILES/27064109.pdf
33,Quantitative_concept,Multiple,0.9880460500717163,1,/content/drive/MyDrive/MACROBATT/INPUT_PDF_FILES/27064109.pdf
34,Frequency,sporadic,0.9922877550125122,1,/content/drive/MyDrive/MACROBATT/INPUT_PDF_FILES/27064109.pdf
35,Biological_structure,ventricular,0.9999617338180542,1,/content/drive/MyDrive/MACROBATT/INPUT_PDF_FILES/27064109.pdf
36,Sign_symptom,premature beats,0.9999372959136963,1,/content/drive/MyDrive/MACROBATT/INPUT_PDF_FILES/27064109.pdf
37,Biological_structure,Chest,0.9999057054519653,1,/content/drive/MyDrive/MACROBATT/INPUT_PDF_FILES/27064109.pdf
38,Diagnostic_procedure,x-ray,0.9999696016311646,1,/content/drive/MyDrive/MACROBATT/INPUT_PDF_FILES/27064109.pdf
39,Diagnostic_procedure,x-ray film,0.9997134208679199,1,/content/drive/MyDrive/MACROBATT/INPUT_PDF_FILES/27064109.pdf
40,Detailed_description,right,0.5778174996376038,1,/content/drive/MyDrive/MACROBATT/INPUT_PDF_FILES/27064109.pdf
41,Disease_disorder,pleural,0.8322106599807739,1,/content/drive/MyDrive/MACROBATT/INPUT_PDF_FILES/27064109.pdf
42,Severity,mild,0.9997727274894714,1,/content/drive/MyDrive/MACROBATT/INPUT_PDF_FILES/27064109.pdf
43,Sign_symptom,cardiomegaly,0.9480419754981995,1,/content/drive/MyDrive/MACROBATT/INPUT_PDF_FILES/27064109.pdf
44,Biological_structure,pulmonary,0.9998210072517395,1,/content/drive/MyDrive/MACROBATT/INPUT_PDF_FILES/27064109.pdf
45,Sign_symptom,congestion,0.9975838661193848,1,/content/drive/MyDrive/MACROBATT/INPUT_PDF_FILES/27064109.pdf
46,Diagnostic_procedure,Blood tests,0.9999575018882751,1,/content/drive/MyDrive/MACROBATT/INPUT_PDF_FILES/27064109.pdf
47,Lab_value,severely elevated,0.9988857507705688,1,/content/drive/MyDrive/MACROBATT/INPUT_PDF_FILES/27064109.pdf
48,Diagnostic_procedure,B-type natriuretic peptide,0.9999509453773499,1,/content/drive/MyDrive/MACROBATT/INPUT_PDF_FILES/27064109.pdf
49,Lab_value,901,0.9992202520370483,1,/content/drive/MyDrive/MACROBATT/INPUT_PDF_FILES/27064109.pdf
50,Lab_value,markedly raised,0.998580813407898,1,/content/drive/MyDrive/MACROBATT/INPUT_PDF_FILES/27064109.pdf
51,Diagnostic_procedure,IgE,0.9985201358795166,1,/content/drive/MyDrive/MACROBATT/INPUT_PDF_FILES/27064109.pdf
52,Sign_symptom,eosinophilia,0.9791051149368286,1,/content/drive/MyDrive/MACROBATT/INPUT_PDF_FILES/27064109.pdf
53,Diagnostic_procedure,tests showed severely elevated B-type natriuretic peptide markedly raised eosinophilia eosinophil,0.9999557733535767,1,/content/drive/MyDrive/MACROBATT/INPUT_PDF_FILES/27064109.pdf
54,Diagnostic_procedure,eosinophilia eosinophil,0.9495949149131775,1,/content/drive/MyDrive/MACROBATT/INPUT_PDF_FILES/27064109.pdf
55,Diagnostic_procedure,Biochemical analysis,0.999953031539917,1,/content/drive/MyDrive/MACROBATT/INPUT_PDF_FILES/27064109.pdf
56,Diagnostic_procedure,blood urea nitrogen,0.9999423027038574,1,/content/drive/MyDrive/MACROBATT/INPUT_PDF_FILES/27064109.pdf
57,Lab_value,14.3 mg/dL mg/dL mg/dL,0.9999241828918457,1,/content/drive/MyDrive/MACROBATT/INPUT_PDF_FILES/27064109.pdf
58,Lab_value,7.00â€,0.9920756816864014,1,/content/drive/MyDrive/MACROBATT/INPUT_PDF_FILES/27064109.pdf
59,Diagnostic_procedure,creatinine,0.9968646764755249,1,/content/drive/MyDrive/MACROBATT/INPUT_PDF_FILES/27064109.pdf
60,Lab_value,0.90 mg/dL mg/dL mg/dL,0.9999068379402161,1,/content/drive/MyDrive/MACROBATT/INPUT_PDF_FILES/27064109.pdf
61,Diagnostic_procedure,C-reactive protein,0.999945878982544,1,/content/drive/MyDrive/MACROBATT/INPUT_PDF_FILES/27064109.pdf
62,Diagnostic_procedure,CRP,0.8979510068893433,1,/content/drive/MyDrive/MACROBATT/INPUT_PDF_FILES/27064109.pdf
63,Lab_value,0.2 mg/dL mg/dL mg/dL,0.9999203085899353,1,/content/drive/MyDrive/MACROBATT/INPUT_PDF_FILES/27064109.pdf
64,Detailed_description,serum,0.985714316368103,1,/content/drive/MyDrive/MACROBATT/INPUT_PDF_FILES/27064109.pdf
65,Diagnostic_procedure,amyloid A SAA,0.9475956559181213,1,/content/drive/MyDrive/MACROBATT/INPUT_PDF_FILES/27064109.pdf
66,Diagnostic_procedure,SAA,0.9991387128829956,1,/content/drive/MyDrive/MACROBATT/INPUT_PDF_FILES/27064109.pdf
67,Lab_value,7.00â€ 7.0 Î¼g/mL,0.9998825788497925,1,/content/drive/MyDrive/MACROBATT/INPUT_PDF_FILES/27064109.pdf
68,Diagnostic_procedure,nitrogen troponin,0.9999581575393677,1,/content/drive/MyDrive/MACROBATT/INPUT_PDF_FILES/27064109.pdf
69,Diagnostic_procedure,troponin T,0.9862877130508423,1,/content/drive/MyDrive/MACROBATT/INPUT_PDF_FILES/27064109.pdf
70,Lab_value,7.00â€ 22.00 0.90 0.60â€ 1.00 0.2 0.00â€ 0.50 7.0 0â€ 8.0 0.07 0â€ 0.1,0.9999426603317261,1,/content/drive/MyDrive/MACROBATT/INPUT_PDF_FILES/27064109.pdf
71,Lab_value,0.07 ng/mL,0.926019549369812,1,/content/drive/MyDrive/MACROBATT/INPUT_PDF_FILES/27064109.pdf
72,Diagnostic_procedure,Immunology testing,0.9990721940994263,1,/content/drive/MyDrive/MACROBATT/INPUT_PDF_FILES/27064109.pdf
73,Lab_value,negative,0.9999463558197021,1,/content/drive/MyDrive/MACROBATT/INPUT_PDF_FILES/27064109.pdf
74,Diagnostic_procedure,perinuclear myeloperoxidase,0.9994755387306213,1,/content/drive/MyDrive/MACROBATT/INPUT_PDF_FILES/27064109.pdf
75,Diagnostic_procedure,perinuclear anti-neutrophil cytoplasmic antibodies antibodies,0.9850084781646729,1,/content/drive/MyDrive/MACROBATT/INPUT_PDF_FILES/27064109.pdf
76,Lab_value,elevation,0.7054662108421326,1,/content/drive/MyDrive/MACROBATT/INPUT_PDF_FILES/27064109.pdf
77,Diagnostic_procedure,myeloperoxidase,0.9524350166320801,1,/content/drive/MyDrive/MACROBATT/INPUT_PDF_FILES/27064109.pdf
78,Diagnostic_procedure,albumin,0.9973734021186829,1,/content/drive/MyDrive/MACROBATT/INPUT_PDF_FILES/27064109.pdf
79,Diagnostic_procedure,globulin,0.9995957016944885,1,/content/drive/MyDrive/MACROBATT/INPUT_PDF_FILES/27064109.pdf
80,Diagnostic_procedure,Serum protein M-protein protein,0.9982277154922485,1,/content/drive/MyDrive/MACROBATT/INPUT_PDF_FILES/27064109.pdf
81,Diagnostic_procedure,immuno-electrophoresis,0.9987745881080627,1,/content/drive/MyDrive/MACROBATT/INPUT_PDF_FILES/27064109.pdf
82,Diagnostic_procedure,urinalysis,0.9865805506706238,1,/content/drive/MyDrive/MACROBATT/INPUT_PDF_FILES/27064109.pdf
83,Diagnostic_procedure,Bence-Jones,0.8460277318954468,1,/content/drive/MyDrive/MACROBATT/INPUT_PDF_FILES/27064109.pdf
84,Biological_structure,Transthoracic,0.9997310042381287,1,/content/drive/MyDrive/MACROBATT/INPUT_PDF_FILES/27064109.pdf
85,Diagnostic_procedure,echocardiography,0.9999455213546753,1,/content/drive/MyDrive/MACROBATT/INPUT_PDF_FILES/27064109.pdf
86,Detailed_description,concentric,0.9999411106109619,1,/content/drive/MyDrive/MACROBATT/INPUT_PDF_FILES/27064109.pdf
87,Biological_structure,left,0.6967839002609253,1,/content/drive/MyDrive/MACROBATT/INPUT_PDF_FILES/27064109.pdf
88,Biological_structure,ventricular ventricular,0.9116754531860352,1,/content/drive/MyDrive/MACROBATT/INPUT_PDF_FILES/27064109.pdf
89,Sign_symptom,hypertrophy,0.6124566793441772,1,/content/drive/MyDrive/MACROBATT/INPUT_PDF_FILES/27064109.pdf
90,Sign_symptom,granular sparkling appearance,0.9966834187507629,1,/content/drive/MyDrive/MACROBATT/INPUT_PDF_FILES/27064109.pdf
91,Disease_disorder,hypertrophy pericardial,0.6610943675041199,1,/content/drive/MyDrive/MACROBATT/INPUT_PDF_FILES/27064109.pdf
92,Lab_value,preserved,0.9996951818466187,1,/content/drive/MyDrive/MACROBATT/INPUT_PDF_FILES/27064109.pdf
93,Diagnostic_procedure,echocardiography Figure showed concentric left ventricular hypertrophy the characteristic appearance pericardial effusion preserved ejection enlargement ventricular chambers,0.9999490976333618,1,/content/drive/MyDrive/MACROBATT/INPUT_PDF_FILES/27064109.pdf
94,Diagnostic_procedure,ejection,0.999674916267395,1,/content/drive/MyDrive/MACROBATT/INPUT_PDF_FILES/27064109.pdf
95,Diagnostic_procedure,effusion ejection fraction fraction,0.9998805522918701,1,/content/drive/MyDrive/MACROBATT/INPUT_PDF_FILES/27064109.pdf
96,Biological_structure,bi-atrial,0.9954148530960083,1,/content/drive/MyDrive/MACROBATT/INPUT_PDF_FILES/27064109.pdf
97,Sign_symptom,concentric ventricular enlargement ventricular,0.9999500513076782,1,/content/drive/MyDrive/MACROBATT/INPUT_PDF_FILES/27064109.pdf
98,Sign_symptom,ventricular granular enlargement ventricular,0.993838369846344,1,/content/drive/MyDrive/MACROBATT/INPUT_PDF_FILES/27064109.pdf
99,Sign_symptom,enlargement,0.9945328235626221,1,/content/drive/MyDrive/MACROBATT/INPUT_PDF_FILES/27064109.pdf
100,Lab_value,normal,0.9882651567459106,1,/content/drive/MyDrive/MACROBATT/INPUT_PDF_FILES/27064109.pdf
101,Detailed_description,Doppler-derived,0.9989004135131836,1,/content/drive/MyDrive/MACROBATT/INPUT_PDF_FILES/27064109.pdf
102,Diagnostic_procedure,diastolic filling filling,0.9998757243156433,1,/content/drive/MyDrive/MACROBATT/INPUT_PDF_FILES/27064109.pdf
103,Lab_value,restrictive pattern,0.9997467994689941,1,/content/drive/MyDrive/MACROBATT/INPUT_PDF_FILES/27064109.pdf
104,Biological_structure,trans-mitral,0.9999125003814697,1,/content/drive/MyDrive/MACROBATT/INPUT_PDF_FILES/27064109.pdf
105,Diagnostic_procedure,early filling filling wave deceleration time,0.9999268651008606,1,/content/drive/MyDrive/MACROBATT/INPUT_PDF_FILES/27064109.pdf
106,Lab_value,160 ms,0.9998703002929688,1,/content/drive/MyDrive/MACROBATT/INPUT_PDF_FILES/27064109.pdf
107,Lab_value,elevated,0.9999253749847412,1,/content/drive/MyDrive/MACROBATT/INPUT_PDF_FILES/27064109.pdf
108,Diagnostic_procedure,E/A deceleration ratio,0.9999220371246338,1,/content/drive/MyDrive/MACROBATT/INPUT_PDF_FILES/27064109.pdf
109,Diagnostic_procedure,E/eâ€™,0.8100101351737976,1,/content/drive/MyDrive/MACROBATT/INPUT_PDF_FILES/27064109.pdf
110,Diagnostic_procedure,E/eâ€™ ratio,0.6779091954231262,1,/content/drive/MyDrive/MACROBATT/INPUT_PDF_FILES/27064109.pdf
111,Lab_value,27.3,0.9997408986091614,1,/content/drive/MyDrive/MACROBATT/INPUT_PDF_FILES/27064109.pdf
112,Date,day 1,0.997800350189209,1,/content/drive/MyDrive/MACROBATT/INPUT_PDF_FILES/27064109.pdf
113,Medication,angiotensin-converting enzyme ( ACE ) inhibitor,0.9995918273925781,1,/content/drive/MyDrive/MACROBATT/INPUT_PDF_FILES/27064109.pdf
114,Dosage,low-dose,0.9913238286972046,1,/content/drive/MyDrive/MACROBATT/INPUT_PDF_FILES/27064109.pdf
115,Date,day 3,0.999743640422821,1,/content/drive/MyDrive/MACROBATT/INPUT_PDF_FILES/27064109.pdf
116,Medication,ACE inhibitor,0.9998006820678711,1,/content/drive/MyDrive/MACROBATT/INPUT_PDF_FILES/27064109.pdf
117,Medication,diuretic,0.9998257756233215,1,/content/drive/MyDrive/MACROBATT/INPUT_PDF_FILES/27064109.pdf
118,Lab_value,patientâ€™s,0.9042471647262573,1,/content/drive/MyDrive/MACROBATT/INPUT_PDF_FILES/27064109.pdf
119,Nonbiological_location,dermatologists,0.9982396364212036,1,/content/drive/MyDrive/MACROBATT/INPUT_PDF_FILES/27064109.pdf
120,Diagnostic_procedure,biopsy,0.9998786449432373,1,/content/drive/MyDrive/MACROBATT/INPUT_PDF_FILES/27064109.pdf
121,Color,blue,0.9983760118484497,1,/content/drive/MyDrive/MACROBATT/INPUT_PDF_FILES/27064109.pdf
122,Sign_symptom,macula,0.8677562475204468,1,/content/drive/MyDrive/MACROBATT/INPUT_PDF_FILES/27064109.pdf
123,Medication,Î²-blocker,0.9878814816474915,1,/content/drive/MyDrive/MACROBATT/INPUT_PDF_FILES/27064109.pdf
124,Detailed_description,EMB,0.6758182048797607,1,/content/drive/MyDrive/MACROBATT/INPUT_PDF_FILES/27064109.pdf
125,Quantitative_concept,3 fragments,0.9768261909484863,1,/content/drive/MyDrive/MACROBATT/INPUT_PDF_FILES/27064109.pdf
126,Biological_structure,cardiac,0.9999115467071533,1,/content/drive/MyDrive/MACROBATT/INPUT_PDF_FILES/27064109.pdf
127,Disease_disorder,amyloidosis,0.9978270530700684,1,/content/drive/MyDrive/MACROBATT/INPUT_PDF_FILES/27064109.pdf
128,Detailed_description,amyloidosis amyloid,0.880415141582489,1,/content/drive/MyDrive/MACROBATT/INPUT_PDF_FILES/27064109.pdf
129,Diagnostic_procedure,coronary coronary,0.6035127639770508,1,/content/drive/MyDrive/MACROBATT/INPUT_PDF_FILES/27064109.pdf
130,Diagnostic_procedure,angiography,0.8725879788398743,1,/content/drive/MyDrive/MACROBATT/INPUT_PDF_FILES/27064109.pdf
131,Diagnostic_procedure,RHC,0.9994332790374756,1,/content/drive/MyDrive/MACROBATT/INPUT_PDF_FILES/27064109.pdf
132,Lab_value,subset type IV,0.9998859763145447,1,/content/drive/MyDrive/MACROBATT/INPUT_PDF_FILES/27064109.pdf
133,Diagnostic_procedure,pressure curve,0.7338976860046387,1,/content/drive/MyDrive/MACROBATT/INPUT_PDF_FILES/27064109.pdf
134,Sign_symptom,dip-and-plateau,0.9999040365219116,1,/content/drive/MyDrive/MACROBATT/INPUT_PDF_FILES/27064109.pdf
135,Biological_structure,Skin,0.9999467134475708,1,/content/drive/MyDrive/MACROBATT/INPUT_PDF_FILES/27064109.pdf
136,Sign_symptom,hyperkeratosis,0.9999681711196899,1,/content/drive/MyDrive/MACROBATT/INPUT_PDF_FILES/27064109.pdf
137,Biological_structure,epidermis,0.9999425411224365,1,/content/drive/MyDrive/MACROBATT/INPUT_PDF_FILES/27064109.pdf
138,Sign_symptom,inflammatory changes,0.9999336004257202,1,/content/drive/MyDrive/MACROBATT/INPUT_PDF_FILES/27064109.pdf
139,Biological_structure,epidermis dermis,0.9998557567596436,1,/content/drive/MyDrive/MACROBATT/INPUT_PDF_FILES/27064109.pdf
140,Color,apple-green,0.920342743396759,1,/content/drive/MyDrive/MACROBATT/INPUT_PDF_FILES/27064109.pdf
141,Lab_value,birefringence,0.9998970031738281,1,/content/drive/MyDrive/MACROBATT/INPUT_PDF_FILES/27064109.pdf
142,Detailed_description,polarized light,0.999880850315094,1,/content/drive/MyDrive/MACROBATT/INPUT_PDF_FILES/27064109.pdf
143,Diagnostic_procedure,Congo red staining,0.9999313354492188,1,/content/drive/MyDrive/MACROBATT/INPUT_PDF_FILES/27064109.pdf
144,Diagnostic_procedure,Histological examination,0.999916672706604,1,/content/drive/MyDrive/MACROBATT/INPUT_PDF_FILES/27064109.pdf
145,Biological_structure,myocardial myocarditis,0.9996966123580933,1,/content/drive/MyDrive/MACROBATT/INPUT_PDF_FILES/27064109.pdf
146,Biological_structure,myocardial specimen,0.9997684955596924,1,/content/drive/MyDrive/MACROBATT/INPUT_PDF_FILES/27064109.pdf
147,Disease_disorder,myocardial myocarditis cardiomyopathy,0.996834933757782,1,/content/drive/MyDrive/MACROBATT/INPUT_PDF_FILES/27064109.pdf
148,Disease_disorder,cardiomyopathy,0.84605473279953,1,/content/drive/MyDrive/MACROBATT/INPUT_PDF_FILES/27064109.pdf
149,Diagnostic_procedure,iron,0.8030974268913269,2,/content/drive/MyDrive/MACROBATT/INPUT_PDF_FILES/27064109.pdf
150,Diagnostic_procedure,Congo red staining,0.9999187588691711,2,/content/drive/MyDrive/MACROBATT/INPUT_PDF_FILES/27064109.pdf
151,Sign_symptom,amyloid deposits,0.9998477101325989,2,/content/drive/MyDrive/MACROBATT/INPUT_PDF_FILES/27064109.pdf
152,Lab_value,strongly,0.9190376400947571,2,/content/drive/MyDrive/MACROBATT/INPUT_PDF_FILES/27064109.pdf
153,Lab_value,positive,0.6545695662498474,2,/content/drive/MyDrive/MACROBATT/INPUT_PDF_FILES/27064109.pdf
154,Diagnostic_procedure,immunohistochemical immunoglobulin,0.9998946189880371,2,/content/drive/MyDrive/MACROBATT/INPUT_PDF_FILES/27064109.pdf
155,Diagnostic_procedure,immunohistochemical,0.9882593154907227,2,/content/drive/MyDrive/MACROBATT/INPUT_PDF_FILES/27064109.pdf
156,Diagnostic_procedure,immunoglobulin,0.9024220705032349,2,/content/drive/MyDrive/MACROBATT/INPUT_PDF_FILES/27064109.pdf
157,Detailed_description,Î » -chain,0.9575425982475281,2,/content/drive/MyDrive/MACROBATT/INPUT_PDF_FILES/27064109.pdf
158,Biological_structure,myocardial interstitium,0.9970635771751404,2,/content/drive/MyDrive/MACROBATT/INPUT_PDF_FILES/27064109.pdf
159,Lab_value,patientâ€™s,0.9869675040245056,2,/content/drive/MyDrive/MACROBATT/INPUT_PDF_FILES/27064109.pdf
160,Detailed_description,systemic,0.9999600648880005,2,/content/drive/MyDrive/MACROBATT/INPUT_PDF_FILES/27064109.pdf
161,Disease_disorder,amyloidosis amyloidosis,0.9999315738677979,2,/content/drive/MyDrive/MACROBATT/INPUT_PDF_FILES/27064109.pdf
162,Dosage,low-dose,0.9940821528434753,2,/content/drive/MyDrive/MACROBATT/INPUT_PDF_FILES/27064109.pdf
163,Medication,Î²-blocker,0.9864058494567871,2,/content/drive/MyDrive/MACROBATT/INPUT_PDF_FILES/27064109.pdf
164,Clinical_event,discharged,0.9995346069335938,2,/content/drive/MyDrive/MACROBATT/INPUT_PDF_FILES/27064109.pdf
165,Date,day 10,0.999840259552002,2,/content/drive/MyDrive/MACROBATT/INPUT_PDF_FILES/27064109.pdf
166,Clinical_event,followed-up,0.995104968547821,2,/content/drive/MyDrive/MACROBATT/INPUT_PDF_FILES/27064109.pdf
167,Frequency,6-month intervals,0.9939559102058411,2,/content/drive/MyDrive/MACROBATT/INPUT_PDF_FILES/27064109.pdf
168,Disease_disorder,CHF,0.9998866319656372,2,/content/drive/MyDrive/MACROBATT/INPUT_PDF_FILES/27064109.pdf
