,Entity Group,Value,Score,Page,Pdf File
0,Age,66-year-old,0.9945304989814758,1,/content/drive/MyDrive/MACROBATT/INPUT_PDF_FILES/27100441.pdf
1,Occupation,farmer,0.9783260822296143,1,/content/drive/MyDrive/MACROBATT/INPUT_PDF_FILES/27100441.pdf
2,History,ventricular tachycardia,0.9497231841087341,1,/content/drive/MyDrive/MACROBATT/INPUT_PDF_FILES/27100441.pdf
3,History,hypertension,0.9976210594177246,1,/content/drive/MyDrive/MACROBATT/INPUT_PDF_FILES/27100441.pdf
4,Clinical_event,presented,0.9998213648796082,1,/content/drive/MyDrive/MACROBATT/INPUT_PDF_FILES/27100441.pdf
5,Nonbiological_location,Emergency Department,0.9997763633728027,1,/content/drive/MyDrive/MACROBATT/INPUT_PDF_FILES/27100441.pdf
6,Detailed_description,continuous,0.9998518228530884,1,/content/drive/MyDrive/MACROBATT/INPUT_PDF_FILES/27100441.pdf
7,Sign_symptom,palpitation,0.9998984336853027,1,/content/drive/MyDrive/MACROBATT/INPUT_PDF_FILES/27100441.pdf
8,Biological_structure,chest,0.9999074935913086,1,/content/drive/MyDrive/MACROBATT/INPUT_PDF_FILES/27100441.pdf
9,Sign_symptom,tightness,0.9972745776176453,1,/content/drive/MyDrive/MACROBATT/INPUT_PDF_FILES/27100441.pdf
10,Severity,profuse,0.9932030439376831,1,/content/drive/MyDrive/MACROBATT/INPUT_PDF_FILES/27100441.pdf
11,Sign_symptom,sweating,0.9999204874038696,1,/content/drive/MyDrive/MACROBATT/INPUT_PDF_FILES/27100441.pdf
12,Sign_symptom,nausea,0.9999418258666992,1,/content/drive/MyDrive/MACROBATT/INPUT_PDF_FILES/27100441.pdf
13,Lab_value,sudden drop,0.9998496770858765,1,/content/drive/MyDrive/MACROBATT/INPUT_PDF_FILES/27100441.pdf
14,Diagnostic_procedure,blood pressure,0.9999457597732544,1,/content/drive/MyDrive/MACROBATT/INPUT_PDF_FILES/27100441.pdf
15,Detailed_description,acute,0.9999533891677856,1,/content/drive/MyDrive/MACROBATT/INPUT_PDF_FILES/27100441.pdf
16,Detailed_description,immediate,0.9998047947883606,1,/content/drive/MyDrive/MACROBATT/INPUT_PDF_FILES/27100441.pdf
17,Therapeutic_procedure,electrical,0.9948016405105591,1,/content/drive/MyDrive/MACROBATT/INPUT_PDF_FILES/27100441.pdf
18,Sign_symptom,consciousness,0.9997567534446716,1,/content/drive/MyDrive/MACROBATT/INPUT_PDF_FILES/27100441.pdf
19,Sign_symptom,symptoms,0.9999364614486694,1,/content/drive/MyDrive/MACROBATT/INPUT_PDF_FILES/27100441.pdf
20,Clinical_event,transferred,0.9998351335525513,1,/content/drive/MyDrive/MACROBATT/INPUT_PDF_FILES/27100441.pdf
21,Nonbiological_location,Department of Cardiology,0.9978805780410767,1,/content/drive/MyDrive/MACROBATT/INPUT_PDF_FILES/27100441.pdf
22,Lab_value,105/75 mm Hg,0.999933660030365,1,/content/drive/MyDrive/MACROBATT/INPUT_PDF_FILES/27100441.pdf
23,Diagnostic_procedure,heart rate rate,0.9999644756317139,1,/content/drive/MyDrive/MACROBATT/INPUT_PDF_FILES/27100441.pdf
24,Lab_value,105/75 75 beats/min,0.9984745979309082,1,/content/drive/MyDrive/MACROBATT/INPUT_PDF_FILES/27100441.pdf
25,Diagnostic_procedure,body temperature,0.9999602437019348,1,/content/drive/MyDrive/MACROBATT/INPUT_PDF_FILES/27100441.pdf
26,Lab_value,36.6°C,0.9998922348022461,1,/content/drive/MyDrive/MACROBATT/INPUT_PDF_FILES/27100441.pdf
27,Diagnostic_procedure,pressure respiration,0.9999760389328003,1,/content/drive/MyDrive/MACROBATT/INPUT_PDF_FILES/27100441.pdf
28,Diagnostic_procedure,respiration rate rate,0.9999256134033203,1,/content/drive/MyDrive/MACROBATT/INPUT_PDF_FILES/27100441.pdf
29,Lab_value,18 times/min,0.998417854309082,1,/content/drive/MyDrive/MACROBATT/INPUT_PDF_FILES/27100441.pdf
30,Biological_structure,heart border,0.9989925622940063,1,/content/drive/MyDrive/MACROBATT/INPUT_PDF_FILES/27100441.pdf
31,Sign_symptom,extended,0.9990246295928955,1,/content/drive/MyDrive/MACROBATT/INPUT_PDF_FILES/27100441.pdf
32,Diagnostic_procedure,apical impulse,0.9999508857727051,1,/content/drive/MyDrive/MACROBATT/INPUT_PDF_FILES/27100441.pdf
33,Lab_value,left left 5th intercostal,0.9027228355407715,1,/content/drive/MyDrive/MACROBATT/INPUT_PDF_FILES/27100441.pdf
34,Distance,1.0 cm lateral,0.972004234790802,1,/content/drive/MyDrive/MACROBATT/INPUT_PDF_FILES/27100441.pdf
35,Distance,midclavicular,0.922574520111084,1,/content/drive/MyDrive/MACROBATT/INPUT_PDF_FILES/27100441.pdf
36,Duration,30 years,0.9992110729217529,1,/content/drive/MyDrive/MACROBATT/INPUT_PDF_FILES/27100441.pdf
37,Medication,antihypertensive,0.7962794899940491,1,/content/drive/MyDrive/MACROBATT/INPUT_PDF_FILES/27100441.pdf
38,Detailed_description,highest,0.9997887015342712,1,/content/drive/MyDrive/MACROBATT/INPUT_PDF_FILES/27100441.pdf
39,Lab_value,170/110 mm,0.9998370409011841,1,/content/drive/MyDrive/MACROBATT/INPUT_PDF_FILES/27100441.pdf
40,Family_history,no family history of early coronary artery disease history coronary or sudden cardiac death,0.999086320400238,1,/content/drive/MyDrive/MACROBATT/INPUT_PDF_FILES/27100441.pdf
41,History,not smoke,0.5754513740539551,1,/content/drive/MyDrive/MACROBATT/INPUT_PDF_FILES/27100441.pdf
42,Activity,cigarettes,0.6669301986694336,1,/content/drive/MyDrive/MACROBATT/INPUT_PDF_FILES/27100441.pdf
43,History,use illicit,0.6090826392173767,1,/content/drive/MyDrive/MACROBATT/INPUT_PDF_FILES/27100441.pdf
44,Activity,consumed,0.5061788558959961,1,/content/drive/MyDrive/MACROBATT/INPUT_PDF_FILES/27100441.pdf
45,History,no known no known contacts with sick persons and no known no recent,0.9966326951980591,1,/content/drive/MyDrive/MACROBATT/INPUT_PDF_FILES/27100441.pdf
46,Detailed_description,Twelve-lead,0.9996415972709656,1,/content/drive/MyDrive/MACROBATT/INPUT_PDF_FILES/27100441.pdf
47,Detailed_description,surface,0.9998317956924438,1,/content/drive/MyDrive/MACROBATT/INPUT_PDF_FILES/27100441.pdf
48,Diagnostic_procedure,electrocardiogram,0.9933029413223267,1,/content/drive/MyDrive/MACROBATT/INPUT_PDF_FILES/27100441.pdf
49,Diagnostic_procedure,ECG,0.9984821677207947,1,/content/drive/MyDrive/MACROBATT/INPUT_PDF_FILES/27100441.pdf
50,Disease_disorder,VT VT,0.999894380569458,1,/content/drive/MyDrive/MACROBATT/INPUT_PDF_FILES/27100441.pdf
51,Biological_structure,boundary between,0.9425129294395447,1,/content/drive/MyDrive/MACROBATT/INPUT_PDF_FILES/27100441.pdf
52,Biological_structure,ventricular outflow tract,0.9995973706245422,1,/content/drive/MyDrive/MACROBATT/INPUT_PDF_FILES/27100441.pdf
53,Biological_structure,RVOT,0.9318008422851562,1,/content/drive/MyDrive/MACROBATT/INPUT_PDF_FILES/27100441.pdf
54,Lab_value,increased,0.9996984004974365,1,/content/drive/MyDrive/MACROBATT/INPUT_PDF_FILES/27100441.pdf
55,Lab_value,150 beats/min,0.9999099969863892,1,/content/drive/MyDrive/MACROBATT/INPUT_PDF_FILES/27100441.pdf
56,Sign_symptom,epsilon waves,0.9999401569366455,1,/content/drive/MyDrive/MACROBATT/INPUT_PDF_FILES/27100441.pdf
57,Diagnostic_procedure,precordial,0.9993722438812256,1,/content/drive/MyDrive/MACROBATT/INPUT_PDF_FILES/27100441.pdf
58,Diagnostic_procedure,precordial leads,0.9064627289772034,1,/content/drive/MyDrive/MACROBATT/INPUT_PDF_FILES/27100441.pdf
59,Lab_value,decreased,0.9996089339256287,1,/content/drive/MyDrive/MACROBATT/INPUT_PDF_FILES/27100441.pdf
60,Lab_value,120 beats/min or,0.9996469616889954,1,/content/drive/MyDrive/MACROBATT/INPUT_PDF_FILES/27100441.pdf
61,Diagnostic_procedure,leads V1–V2,0.9999191761016846,1,/content/drive/MyDrive/MACROBATT/INPUT_PDF_FILES/27100441.pdf
62,Sign_symptom,epsilon waves waves,0.9998772144317627,1,/content/drive/MyDrive/MACROBATT/INPUT_PDF_FILES/27100441.pdf
63,Lab_value,preceded QRS waves waves,0.9999277591705322,1,/content/drive/MyDrive/MACROBATT/INPUT_PDF_FILES/27100441.pdf
64,Diagnostic_procedure,endocardiac,0.9998797178268433,1,/content/drive/MyDrive/MACROBATT/INPUT_PDF_FILES/27100441.pdf
65,Diagnostic_procedure,endocardiac tracing,0.9991018176078796,1,/content/drive/MyDrive/MACROBATT/INPUT_PDF_FILES/27100441.pdf
66,Lab_value,local potential,0.9997503757476807,1,/content/drive/MyDrive/MACROBATT/INPUT_PDF_FILES/27100441.pdf
67,Biological_structure,ventricular,0.9997697472572327,1,/content/drive/MyDrive/MACROBATT/INPUT_PDF_FILES/27100441.pdf
68,Detailed_description,Sinus,0.9999643564224243,1,/content/drive/MyDrive/MACROBATT/INPUT_PDF_FILES/27100441.pdf
69,Date,2013,0.9991949200630188,1,/content/drive/MyDrive/MACROBATT/INPUT_PDF_FILES/27100441.pdf
70,Severity,slight,0.999755322933197,1,/content/drive/MyDrive/MACROBATT/INPUT_PDF_FILES/27100441.pdf
71,Lab_value,left deviation,0.9993884563446045,1,/content/drive/MyDrive/MACROBATT/INPUT_PDF_FILES/27100441.pdf
72,Diagnostic_procedure,heart rate,0.9999515414237976,1,/content/drive/MyDrive/MACROBATT/INPUT_PDF_FILES/27100441.pdf
73,Lab_value,87 beats/min,0.9999358057975769,1,/content/drive/MyDrive/MACROBATT/INPUT_PDF_FILES/27100441.pdf
74,Sign_symptom,flat T waves,0.9999213218688965,1,/content/drive/MyDrive/MACROBATT/INPUT_PDF_FILES/27100441.pdf
75,Diagnostic_procedure,lead,0.9999545812606812,1,/content/drive/MyDrive/MACROBATT/INPUT_PDF_FILES/27100441.pdf
76,Sign_symptom,T wave waves inversions,0.9998658299446106,1,/content/drive/MyDrive/MACROBATT/INPUT_PDF_FILES/27100441.pdf
77,Diagnostic_procedure,"leads leads III , , avF and V1–V3 V1–V3",0.9985374212265015,1,/content/drive/MyDrive/MACROBATT/INPUT_PDF_FILES/27100441.pdf
78,Lab_value,following QRS complex,0.9999104738235474,1,/content/drive/MyDrive/MACROBATT/INPUT_PDF_FILES/27100441.pdf
79,Diagnostic_procedure,leads leads V1–V3 V1–V3,0.999917209148407,1,/content/drive/MyDrive/MACROBATT/INPUT_PDF_FILES/27100441.pdf
80,Diagnostic_procedure,lead avR,0.9992630481719971,1,/content/drive/MyDrive/MACROBATT/INPUT_PDF_FILES/27100441.pdf
81,Lab_value,behind QRS waves waves,0.9999161958694458,1,/content/drive/MyDrive/MACROBATT/INPUT_PDF_FILES/27100441.pdf
82,Biological_structure,Atrial,0.9999555349349976,1,/content/drive/MyDrive/MACROBATT/INPUT_PDF_FILES/27100441.pdf
83,Sign_symptom,premature beats,0.9999457001686096,1,/content/drive/MyDrive/MACROBATT/INPUT_PDF_FILES/27100441.pdf
84,Biological_structure,ventricular ventricular,0.9999665021896362,1,/content/drive/MyDrive/MACROBATT/INPUT_PDF_FILES/27100441.pdf
85,Biological_structure,sinus,0.9999459981918335,1,/content/drive/MyDrive/MACROBATT/INPUT_PDF_FILES/27100441.pdf
86,Date,year of of of 1999,0.999833345413208,1,/content/drive/MyDrive/MACROBATT/INPUT_PDF_FILES/27100441.pdf
87,Sign_symptom,flat T T waves waves,0.9999191164970398,1,/content/drive/MyDrive/MACROBATT/INPUT_PDF_FILES/27100441.pdf
88,Sign_symptom,T T waves wave waves inversions,0.9705851078033447,1,/content/drive/MyDrive/MACROBATT/INPUT_PDF_FILES/27100441.pdf
89,Diagnostic_procedure,biochemical assays,0.9999359846115112,1,/content/drive/MyDrive/MACROBATT/INPUT_PDF_FILES/27100441.pdf
90,Diagnostic_procedure,cardiac troponin I,0.9999439120292664,1,/content/drive/MyDrive/MACROBATT/INPUT_PDF_FILES/27100441.pdf
91,Lab_value,0.714 μg/L μg/L,0.9999181032180786,1,/content/drive/MyDrive/MACROBATT/INPUT_PDF_FILES/27100441.pdf
92,Diagnostic_procedure,serum serum serum serum B-type natriuretic peptide,0.9999536871910095,1,/content/drive/MyDrive/MACROBATT/INPUT_PDF_FILES/27100441.pdf
93,Lab_value,466.530 pg/mL pg/mL,0.9999326467514038,1,/content/drive/MyDrive/MACROBATT/INPUT_PDF_FILES/27100441.pdf
94,Diagnostic_procedure,serum serum serum serum d-dimer,0.9999533891677856,1,/content/drive/MyDrive/MACROBATT/INPUT_PDF_FILES/27100441.pdf
95,Lab_value,8.14 mg/L mg/L,0.9999235272407532,1,/content/drive/MyDrive/MACROBATT/INPUT_PDF_FILES/27100441.pdf
96,Diagnostic_procedure,blood urea,0.9999592900276184,1,/content/drive/MyDrive/MACROBATT/INPUT_PDF_FILES/27100441.pdf
97,Lab_value,11.69 mmol/L mmol/L,0.9999305605888367,1,/content/drive/MyDrive/MACROBATT/INPUT_PDF_FILES/27100441.pdf
98,Diagnostic_procedure,serum serum serum serum creatinine,0.9999547004699707,1,/content/drive/MyDrive/MACROBATT/INPUT_PDF_FILES/27100441.pdf
99,Lab_value,144.00 μmol/L μmol/L,0.9998869895935059,1,/content/drive/MyDrive/MACROBATT/INPUT_PDF_FILES/27100441.pdf
100,Diagnostic_procedure,serum serum serum serum uric acid,0.99993896484375,1,/content/drive/MyDrive/MACROBATT/INPUT_PDF_FILES/27100441.pdf
101,Lab_value,611.40 μmol/L μmol/L,0.999922513961792,2,/content/drive/MyDrive/MACROBATT/INPUT_PDF_FILES/27100441.pdf
102,Lab_value,normal normal,0.996326744556427,2,/content/drive/MyDrive/MACROBATT/INPUT_PDF_FILES/27100441.pdf
103,Diagnostic_procedure,endogenous creatinine clearing,0.9997805953025818,2,/content/drive/MyDrive/MACROBATT/INPUT_PDF_FILES/27100441.pdf
104,Lab_value,57.90 mL/min mL/min,0.9999304413795471,2,/content/drive/MyDrive/MACROBATT/INPUT_PDF_FILES/27100441.pdf
105,Diagnostic_procedure,Echo,0.999955415725708,2,/content/drive/MyDrive/MACROBATT/INPUT_PDF_FILES/27100441.pdf
106,Severity,remarkably,0.9992807507514954,2,/content/drive/MyDrive/MACROBATT/INPUT_PDF_FILES/27100441.pdf
107,Sign_symptom,enlarged,0.9998688697814941,2,/content/drive/MyDrive/MACROBATT/INPUT_PDF_FILES/27100441.pdf
108,Biological_structure,right right atrium,0.9999491572380066,2,/content/drive/MyDrive/MACROBATT/INPUT_PDF_FILES/27100441.pdf
109,Biological_structure,right right ventricle,0.9999240040779114,2,/content/drive/MyDrive/MACROBATT/INPUT_PDF_FILES/27100441.pdf
110,Sign_symptom,widened,0.9680742025375366,2,/content/drive/MyDrive/MACROBATT/INPUT_PDF_FILES/27100441.pdf
111,Sign_symptom,Uncoordinated motions,0.9999328851699829,2,/content/drive/MyDrive/MACROBATT/INPUT_PDF_FILES/27100441.pdf
112,Biological_structure,ventricular,0.9999291896820068,2,/content/drive/MyDrive/MACROBATT/INPUT_PDF_FILES/27100441.pdf
113,Biological_structure,aortic valve,0.9995026588439941,2,/content/drive/MyDrive/MACROBATT/INPUT_PDF_FILES/27100441.pdf
114,Sign_symptom,degradation,0.9999293088912964,2,/content/drive/MyDrive/MACROBATT/INPUT_PDF_FILES/27100441.pdf
115,Severity,slight slight,0.9997773766517639,2,/content/drive/MyDrive/MACROBATT/INPUT_PDF_FILES/27100441.pdf
116,Biological_structure,mitral,0.9999333620071411,2,/content/drive/MyDrive/MACROBATT/INPUT_PDF_FILES/27100441.pdf
117,Severity,moderate,0.9997965693473816,2,/content/drive/MyDrive/MACROBATT/INPUT_PDF_FILES/27100441.pdf
118,Severity,severe,0.9277352094650269,2,/content/drive/MyDrive/MACROBATT/INPUT_PDF_FILES/27100441.pdf
119,Biological_structure,tricuspid,0.8484485745429993,2,/content/drive/MyDrive/MACROBATT/INPUT_PDF_FILES/27100441.pdf
120,Lab_value,reduced,0.9999369382858276,2,/content/drive/MyDrive/MACROBATT/INPUT_PDF_FILES/27100441.pdf
121,Lab_value,55 %,0.9999346137046814,2,/content/drive/MyDrive/MACROBATT/INPUT_PDF_FILES/27100441.pdf
122,Diagnostic_procedure,coronary angiogram,0.9998180270195007,2,/content/drive/MyDrive/MACROBATT/INPUT_PDF_FILES/27100441.pdf
123,Disease_disorder,vascular stenosis,0.9997305274009705,2,/content/drive/MyDrive/MACROBATT/INPUT_PDF_FILES/27100441.pdf
124,Therapeutic_procedure,diet,0.9990707635879517,2,/content/drive/MyDrive/MACROBATT/INPUT_PDF_FILES/27100441.pdf
125,Detailed_description,low low salt,0.999899685382843,2,/content/drive/MyDrive/MACROBATT/INPUT_PDF_FILES/27100441.pdf
126,Detailed_description,low low fat,0.9998909831047058,2,/content/drive/MyDrive/MACROBATT/INPUT_PDF_FILES/27100441.pdf
127,Medication,metoprolol succinate,0.9319272041320801,2,/content/drive/MyDrive/MACROBATT/INPUT_PDF_FILES/27100441.pdf
128,Detailed_description,sustained-release,0.9996774196624756,2,/content/drive/MyDrive/MACROBATT/INPUT_PDF_FILES/27100441.pdf
129,Administration,tablets,0.9995304346084595,2,/content/drive/MyDrive/MACROBATT/INPUT_PDF_FILES/27100441.pdf
130,Dosage,23.75 mg,0.886970579624176,2,/content/drive/MyDrive/MACROBATT/INPUT_PDF_FILES/27100441.pdf
131,Administration,patient metoprolol p.o,0.9946863651275635,2,/content/drive/MyDrive/MACROBATT/INPUT_PDF_FILES/27100441.pdf
132,Medication,amiodarone,0.9998489618301392,2,/content/drive/MyDrive/MACROBATT/INPUT_PDF_FILES/27100441.pdf
133,Dosage,200 mg,0.8213346600532532,2,/content/drive/MyDrive/MACROBATT/INPUT_PDF_FILES/27100441.pdf
134,Administration,p.o,0.9881500005722046,2,/content/drive/MyDrive/MACROBATT/INPUT_PDF_FILES/27100441.pdf
135,Dosage,p.o .,0.540584921836853,2,/content/drive/MyDrive/MACROBATT/INPUT_PDF_FILES/27100441.pdf
136,Medication,furosemide,0.921353816986084,2,/content/drive/MyDrive/MACROBATT/INPUT_PDF_FILES/27100441.pdf
137,Dosage,20 mg,0.9296269416809082,2,/content/drive/MyDrive/MACROBATT/INPUT_PDF_FILES/27100441.pdf
138,Detailed_description,compound,0.9997468590736389,2,/content/drive/MyDrive/MACROBATT/INPUT_PDF_FILES/27100441.pdf
139,Medication,α-ketoacid,0.9980188608169556,2,/content/drive/MyDrive/MACROBATT/INPUT_PDF_FILES/27100441.pdf
140,Dosage,2.52,0.9987248778343201,2,/content/drive/MyDrive/MACROBATT/INPUT_PDF_FILES/27100441.pdf
141,Dosage,2.52 g,0.9922906160354614,2,/content/drive/MyDrive/MACROBATT/INPUT_PDF_FILES/27100441.pdf
142,Disease_disorder,VTs,0.9998420476913452,2,/content/drive/MyDrive/MACROBATT/INPUT_PDF_FILES/27100441.pdf
143,Detailed_description,different morphologies and cycle lengths,0.9999217987060547,2,/content/drive/MyDrive/MACROBATT/INPUT_PDF_FILES/27100441.pdf
144,Therapeutic_procedure,radiofrequency ablation,0.9996940493583679,2,/content/drive/MyDrive/MACROBATT/INPUT_PDF_FILES/27100441.pdf
145,Diagnostic_procedure,substrate voltage mapping,0.9999499320983887,2,/content/drive/MyDrive/MACROBATT/INPUT_PDF_FILES/27100441.pdf
146,Biological_structure,RVOT,0.9997298717498779,2,/content/drive/MyDrive/MACROBATT/INPUT_PDF_FILES/27100441.pdf
147,Shape,circular,0.9984682202339172,2,/content/drive/MyDrive/MACROBATT/INPUT_PDF_FILES/27100441.pdf
148,Sign_symptom,scar,0.9999516010284424,2,/content/drive/MyDrive/MACROBATT/INPUT_PDF_FILES/27100441.pdf
149,Therapeutic_procedure,substrate ablation,0.999783992767334,2,/content/drive/MyDrive/MACROBATT/INPUT_PDF_FILES/27100441.pdf
150,Detailed_description,linear,0.9999783039093018,2,/content/drive/MyDrive/MACROBATT/INPUT_PDF_FILES/27100441.pdf
151,Detailed_description,focal,0.9999721050262451,2,/content/drive/MyDrive/MACROBATT/INPUT_PDF_FILES/27100441.pdf
152,Therapeutic_procedure,ablations,0.9994494915008545,2,/content/drive/MyDrive/MACROBATT/INPUT_PDF_FILES/27100441.pdf
153,Detailed_description,programmed,0.9999762773513794,2,/content/drive/MyDrive/MACROBATT/INPUT_PDF_FILES/27100441.pdf
154,Diagnostic_procedure,stimulation stimulation,0.9998621940612793,2,/content/drive/MyDrive/MACROBATT/INPUT_PDF_FILES/27100441.pdf
155,Detailed_description,induced,0.9999511241912842,2,/content/drive/MyDrive/MACROBATT/INPUT_PDF_FILES/27100441.pdf
156,Diagnostic_procedure,ECG,0.9998183250427246,2,/content/drive/MyDrive/MACROBATT/INPUT_PDF_FILES/27100441.pdf
157,Biological_structure,sinus,0.789797306060791,2,/content/drive/MyDrive/MACROBATT/INPUT_PDF_FILES/27100441.pdf
158,Diagnostic_procedure,heart rate,0.9999604225158691,2,/content/drive/MyDrive/MACROBATT/INPUT_PDF_FILES/27100441.pdf
159,Lab_value,61 beats/min,0.9997527003288269,2,/content/drive/MyDrive/MACROBATT/INPUT_PDF_FILES/27100441.pdf
160,Sign_symptom,The T T wave waves wave inversions inversions,0.9996956586837769,2,/content/drive/MyDrive/MACROBATT/INPUT_PDF_FILES/27100441.pdf
161,Diagnostic_procedure,leads leads III,0.9980259537696838,2,/content/drive/MyDrive/MACROBATT/INPUT_PDF_FILES/27100441.pdf
162,Diagnostic_procedure,wave avF waves wave,0.9994841814041138,2,/content/drive/MyDrive/MACROBATT/INPUT_PDF_FILES/27100441.pdf
163,Sign_symptom,epsilon waves,0.9999380707740784,2,/content/drive/MyDrive/MACROBATT/INPUT_PDF_FILES/27100441.pdf
164,Diagnostic_procedure,leads leads V1–V3,0.9996802806854248,2,/content/drive/MyDrive/MACROBATT/INPUT_PDF_FILES/27100441.pdf
165,Clinical_event,discharged,0.999845027923584,2,/content/drive/MyDrive/MACROBATT/INPUT_PDF_FILES/27100441.pdf
166,Nonbiological_location,hospital,0.9997126460075378,2,/content/drive/MyDrive/MACROBATT/INPUT_PDF_FILES/27100441.pdf
167,Date,day 9,0.9998630881309509,2,/content/drive/MyDrive/MACROBATT/INPUT_PDF_FILES/27100441.pdf
168,Dosage,23.75,0.9137590527534485,2,/content/drive/MyDrive/MACROBATT/INPUT_PDF_FILES/27100441.pdf
169,Administration,patient hospital metoprolol p.o,0.9962194561958313,2,/content/drive/MyDrive/MACROBATT/INPUT_PDF_FILES/27100441.pdf
170,Medication,amiodarone hydrochloride,0.9972224235534668,2,/content/drive/MyDrive/MACROBATT/INPUT_PDF_FILES/27100441.pdf
171,Medication,spironolactone,0.9998824596405029,2,/content/drive/MyDrive/MACROBATT/INPUT_PDF_FILES/27100441.pdf
172,Dosage,40 mg,0.9973980188369751,2,/content/drive/MyDrive/MACROBATT/INPUT_PDF_FILES/27100441.pdf
173,Administration,spironolactone p.o,0.991214394569397,2,/content/drive/MyDrive/MACROBATT/INPUT_PDF_FILES/27100441.pdf
174,Medication,fosinopril,0.9998760223388672,2,/content/drive/MyDrive/MACROBATT/INPUT_PDF_FILES/27100441.pdf
175,Medication,fosinopril sodium,0.9883635640144348,2,/content/drive/MyDrive/MACROBATT/INPUT_PDF_FILES/27100441.pdf
176,Dosage,10 mg,0.8967843651771545,2,/content/drive/MyDrive/MACROBATT/INPUT_PDF_FILES/27100441.pdf
177,Clinical_event,followed up,0.9992675185203552,2,/content/drive/MyDrive/MACROBATT/INPUT_PDF_FILES/27100441.pdf
178,Date,3 months after,0.9998911023139954,2,/content/drive/MyDrive/MACROBATT/INPUT_PDF_FILES/27100441.pdf
179,Sign_symptom,palpitation,0.8059372305870056,2,/content/drive/MyDrive/MACROBATT/INPUT_PDF_FILES/27100441.pdf
180,Biological_structure,chest,0.9987699389457703,2,/content/drive/MyDrive/MACROBATT/INPUT_PDF_FILES/27100441.pdf
181,Severity,profuse,0.9989604949951172,2,/content/drive/MyDrive/MACROBATT/INPUT_PDF_FILES/27100441.pdf
182,Sign_symptom,sweating,0.9551316499710083,2,/content/drive/MyDrive/MACROBATT/INPUT_PDF_FILES/27100441.pdf
183,Disease_disorder,ARVC,0.9071884751319885,2,/content/drive/MyDrive/MACROBATT/INPUT_PDF_FILES/27100441.pdf
