,Entity Group,Value,Score,Page,Pdf File
0,Age,36- year- old,0.9974592328071594,1,/content/drive/MyDrive/MACROBATT/INPUT_PDF_FILES/27130218.pdf
1,Personal_background,white,0.9987033605575562,1,/content/drive/MyDrive/MACROBATT/INPUT_PDF_FILES/27130218.pdf
2,Sex,woman,0.9997726082801819,1,/content/drive/MyDrive/MACROBATT/INPUT_PDF_FILES/27130218.pdf
3,Lab_value,40 week,0.9978873133659363,1,/content/drive/MyDrive/MACROBATT/INPUT_PDF_FILES/27130218.pdf
4,Clinical_event,gestation,0.9996438026428223,1,/content/drive/MyDrive/MACROBATT/INPUT_PDF_FILES/27130218.pdf
5,Clinical_event,admitted,0.9997851252555847,1,/content/drive/MyDrive/MACROBATT/INPUT_PDF_FILES/27130218.pdf
6,Nonbiological_location,local obstetric clinic,0.9996603727340698,1,/content/drive/MyDrive/MACROBATT/INPUT_PDF_FILES/27130218.pdf
7,Detailed_description,elective,0.999968409538269,1,/content/drive/MyDrive/MACROBATT/INPUT_PDF_FILES/27130218.pdf
8,Detailed_description,repeated,0.999956488609314,1,/content/drive/MyDrive/MACROBATT/INPUT_PDF_FILES/27130218.pdf
9,Therapeutic_procedure,cesarean delivery,0.684105396270752,1,/content/drive/MyDrive/MACROBATT/INPUT_PDF_FILES/27130218.pdf
10,Detailed_description,slanting position,0.9985430836677551,1,/content/drive/MyDrive/MACROBATT/INPUT_PDF_FILES/27130218.pdf
11,History,previous and current pregnancy,0.9994073510169983,1,/content/drive/MyDrive/MACROBATT/INPUT_PDF_FILES/27130218.pdf
12,History,uncomplicated,0.941423237323761,1,/content/drive/MyDrive/MACROBATT/INPUT_PDF_FILES/27130218.pdf
13,History,past medical history history was was unremarkable,0.9997011423110962,1,/content/drive/MyDrive/MACROBATT/INPUT_PDF_FILES/27130218.pdf
14,Family_history,no family history history of cardiac disease,0.9995026588439941,1,/content/drive/MyDrive/MACROBATT/INPUT_PDF_FILES/27130218.pdf
15,Clinical_event,caesarean,0.9987700581550598,1,/content/drive/MyDrive/MACROBATT/INPUT_PDF_FILES/27130218.pdf
16,Clinical_event,delivery,0.9756774306297302,1,/content/drive/MyDrive/MACROBATT/INPUT_PDF_FILES/27130218.pdf
17,Detailed_description,standard,0.9941779375076294,1,/content/drive/MyDrive/MACROBATT/INPUT_PDF_FILES/27130218.pdf
18,Biological_structure,spinal,0.9999485015869141,1,/content/drive/MyDrive/MACROBATT/INPUT_PDF_FILES/27130218.pdf
19,Coreference,surgery,0.9994556307792664,1,/content/drive/MyDrive/MACROBATT/INPUT_PDF_FILES/27130218.pdf
20,Sign_symptom,the hypotensive ephedrine her the,0.9999455213546753,1,/content/drive/MyDrive/MACROBATT/INPUT_PDF_FILES/27130218.pdf
21,Sign_symptom,hypotensive,0.9999336004257202,1,/content/drive/MyDrive/MACROBATT/INPUT_PDF_FILES/27130218.pdf
22,Medication,ephedrine,0.9997192025184631,1,/content/drive/MyDrive/MACROBATT/INPUT_PDF_FILES/27130218.pdf
23,Administration,injected,0.9988937973976135,1,/content/drive/MyDrive/MACROBATT/INPUT_PDF_FILES/27130218.pdf
24,Diagnostic_procedure,blood pressure,0.9999397397041321,1,/content/drive/MyDrive/MACROBATT/INPUT_PDF_FILES/27130218.pdf
25,Lab_value,normal,0.9999351501464844,1,/content/drive/MyDrive/MACROBATT/INPUT_PDF_FILES/27130218.pdf
26,Time,Three hours after,0.9992595314979553,1,/content/drive/MyDrive/MACROBATT/INPUT_PDF_FILES/27130218.pdf
27,Detailed_description,healthy,0.998621940612793,1,/content/drive/MyDrive/MACROBATT/INPUT_PDF_FILES/27130218.pdf
28,Detailed_description,male,0.9970095157623291,1,/content/drive/MyDrive/MACROBATT/INPUT_PDF_FILES/27130218.pdf
29,Sign_symptom,delivery complained dyspnoea and,0.9998956918716431,1,/content/drive/MyDrive/MACROBATT/INPUT_PDF_FILES/27130218.pdf
30,Sign_symptom,dyspnoea,0.999817967414856,1,/content/drive/MyDrive/MACROBATT/INPUT_PDF_FILES/27130218.pdf
31,Diagnostic_procedure,physical examination,0.9999262094497681,1,/content/drive/MyDrive/MACROBATT/INPUT_PDF_FILES/27130218.pdf
32,Sign_symptom,tachycardia,0.999954104423523,1,/content/drive/MyDrive/MACROBATT/INPUT_PDF_FILES/27130218.pdf
33,Biological_structure,ventricular,0.9993047118186951,1,/content/drive/MyDrive/MACROBATT/INPUT_PDF_FILES/27130218.pdf
34,Sign_symptom,extra systoles,0.9996311664581299,1,/content/drive/MyDrive/MACROBATT/INPUT_PDF_FILES/27130218.pdf
35,Biological_structure,pulmonary,0.9999607801437378,1,/content/drive/MyDrive/MACROBATT/INPUT_PDF_FILES/27130218.pdf
36,Sign_symptom,rales,0.9992150068283081,1,/content/drive/MyDrive/MACROBATT/INPUT_PDF_FILES/27130218.pdf
37,Lab_value,80/40 mmHg,0.9998774528503418,1,/content/drive/MyDrive/MACROBATT/INPUT_PDF_FILES/27130218.pdf
38,Medication,inotropic agents,0.9807785153388977,1,/content/drive/MyDrive/MACROBATT/INPUT_PDF_FILES/27130218.pdf
39,Administration,continuous infusion,0.9900297522544861,1,/content/drive/MyDrive/MACROBATT/INPUT_PDF_FILES/27130218.pdf
40,Medication,norepinephrine,0.994449257850647,1,/content/drive/MyDrive/MACROBATT/INPUT_PDF_FILES/27130218.pdf
41,Dosage,0.5 mg/h,0.9992746710777283,1,/content/drive/MyDrive/MACROBATT/INPUT_PDF_FILES/27130218.pdf
42,Medication,dobutamine,0.9403070211410522,1,/content/drive/MyDrive/MACROBATT/INPUT_PDF_FILES/27130218.pdf
43,Dosage,7 μg/kg/min,0.9959181547164917,1,/content/drive/MyDrive/MACROBATT/INPUT_PDF_FILES/27130218.pdf
44,Lab_value,worsening,0.9999321699142456,1,/content/drive/MyDrive/MACROBATT/INPUT_PDF_FILES/27130218.pdf
45,Diagnostic_procedure,oxygen saturation,0.9999363422393799,1,/content/drive/MyDrive/MACROBATT/INPUT_PDF_FILES/27130218.pdf
46,Lab_value,up to to to 70 %,0.999769389629364,1,/content/drive/MyDrive/MACROBATT/INPUT_PDF_FILES/27130218.pdf
47,Severity,gradual,0.9118943214416504,1,/content/drive/MyDrive/MACROBATT/INPUT_PDF_FILES/27130218.pdf
48,Therapeutic_procedure,mechanical ventilation,0.9996227025985718,1,/content/drive/MyDrive/MACROBATT/INPUT_PDF_FILES/27130218.pdf
49,Clinical_event,transferred,0.9998693466186523,1,/content/drive/MyDrive/MACROBATT/INPUT_PDF_FILES/27130218.pdf
50,Biological_structure,Chest,0.9999467134475708,1,/content/drive/MyDrive/MACROBATT/INPUT_PDF_FILES/27130218.pdf
51,Diagnostic_procedure,X ray,0.9999344944953918,1,/content/drive/MyDrive/MACROBATT/INPUT_PDF_FILES/27130218.pdf
52,Detailed_description,Emergency,0.9999557733535767,1,/content/drive/MyDrive/MACROBATT/INPUT_PDF_FILES/27130218.pdf
53,Diagnostic_procedure,computer tomography,0.9998431205749512,1,/content/drive/MyDrive/MACROBATT/INPUT_PDF_FILES/27130218.pdf
54,Biological_structure,pulmonary pulmonary,0.9999552965164185,1,/content/drive/MyDrive/MACROBATT/INPUT_PDF_FILES/27130218.pdf
55,Severity,severe,0.9997616410255432,1,/content/drive/MyDrive/MACROBATT/INPUT_PDF_FILES/27130218.pdf
56,Therapeutic_procedure,diuretic,0.5679254531860352,1,/content/drive/MyDrive/MACROBATT/INPUT_PDF_FILES/27130218.pdf
57,Medication,furosemide,0.9997745156288147,1,/content/drive/MyDrive/MACROBATT/INPUT_PDF_FILES/27130218.pdf
58,Dosage,daily,0.997286319732666,1,/content/drive/MyDrive/MACROBATT/INPUT_PDF_FILES/27130218.pdf
59,Coreference,diuretic discontinued,0.9994514584541321,1,/content/drive/MyDrive/MACROBATT/INPUT_PDF_FILES/27130218.pdf
60,Date,after 12 days,0.9998425841331482,1,/content/drive/MyDrive/MACROBATT/INPUT_PDF_FILES/27130218.pdf
61,Diagnostic_procedure,electrocardiogram,0.999913215637207,1,/content/drive/MyDrive/MACROBATT/INPUT_PDF_FILES/27130218.pdf
62,Sign_symptom,ST- ST- segment segment elevation,0.9998983144760132,1,/content/drive/MyDrive/MACROBATT/INPUT_PDF_FILES/27130218.pdf
63,Lab_value,"1,5 mm mm",0.9994267821311951,1,/content/drive/MyDrive/MACROBATT/INPUT_PDF_FILES/27130218.pdf
64,Sign_symptom,negative The ST- T ST- waves,0.9999146461486816,1,/content/drive/MyDrive/MACROBATT/INPUT_PDF_FILES/27130218.pdf
65,Diagnostic_procedure,aVL,0.999897301197052,1,/content/drive/MyDrive/MACROBATT/INPUT_PDF_FILES/27130218.pdf
66,Sign_symptom,ST- ST- segment segment depression,0.9999062418937683,1,/content/drive/MyDrive/MACROBATT/INPUT_PDF_FILES/27130218.pdf
67,Lab_value,"1,5 1 mm mm",0.9997990727424622,1,/content/drive/MyDrive/MACROBATT/INPUT_PDF_FILES/27130218.pdf
68,Diagnostic_procedure,II III,0.8818789720535278,1,/content/drive/MyDrive/MACROBATT/INPUT_PDF_FILES/27130218.pdf
69,Detailed_description,aVL aVF,0.6205332279205322,1,/content/drive/MyDrive/MACROBATT/INPUT_PDF_FILES/27130218.pdf
70,Detailed_description,"1,5 , , , V5-V6",0.7945312261581421,1,/content/drive/MyDrive/MACROBATT/INPUT_PDF_FILES/27130218.pdf
71,Diagnostic_procedure,Laboratory tests,0.9999491572380066,1,/content/drive/MyDrive/MACROBATT/INPUT_PDF_FILES/27130218.pdf
72,Lab_value,elevated,0.999936580657959,1,/content/drive/MyDrive/MACROBATT/INPUT_PDF_FILES/27130218.pdf
73,Diagnostic_procedure,troponin,0.9999508857727051,1,/content/drive/MyDrive/MACROBATT/INPUT_PDF_FILES/27130218.pdf
74,Lab_value,up Laboratory to 908 pg/ml pg/ml pg/ml pg/ml,0.9999276399612427,1,/content/drive/MyDrive/MACROBATT/INPUT_PDF_FILES/27130218.pdf
75,Diagnostic_procedure,NT- pro BNP,0.999916672706604,1,/content/drive/MyDrive/MACROBATT/INPUT_PDF_FILES/27130218.pdf
76,Lab_value,6236 pg/ml pg/ml pg/ml pg/ml,0.999923050403595,1,/content/drive/MyDrive/MACROBATT/INPUT_PDF_FILES/27130218.pdf
77,Detailed_description,bedside,0.9999592304229736,1,/content/drive/MyDrive/MACROBATT/INPUT_PDF_FILES/27130218.pdf
78,Diagnostic_procedure,transthoracic,0.9698782563209534,1,/content/drive/MyDrive/MACROBATT/INPUT_PDF_FILES/27130218.pdf
79,Diagnostic_procedure,echocardiography,0.7898111939430237,1,/content/drive/MyDrive/MACROBATT/INPUT_PDF_FILES/27130218.pdf
80,Diagnostic_procedure,TTE,0.9994621872901917,1,/content/drive/MyDrive/MACROBATT/INPUT_PDF_FILES/27130218.pdf
81,Biological_structure,Intensive Cardiac Therapy,0.841986358165741,1,/content/drive/MyDrive/MACROBATT/INPUT_PDF_FILES/27130218.pdf
82,Diagnostic_procedure,Repeated showed ejection hypokinesis the segments posterior anterior lateral preserved the segments,0.9999657869338989,1,/content/drive/MyDrive/MACROBATT/INPUT_PDF_FILES/27130218.pdf
83,Diagnostic_procedure,ejection fraction,0.9996309280395508,1,/content/drive/MyDrive/MACROBATT/INPUT_PDF_FILES/27130218.pdf
84,Lab_value,30 %,0.9999237656593323,1,/content/drive/MyDrive/MACROBATT/INPUT_PDF_FILES/27130218.pdf
85,Sign_symptom,showed with hypokinesis the with the,0.9999675750732422,1,/content/drive/MyDrive/MACROBATT/INPUT_PDF_FILES/27130218.pdf
86,Sign_symptom,hypokinesis,0.999958872795105,1,/content/drive/MyDrive/MACROBATT/INPUT_PDF_FILES/27130218.pdf
87,Detailed_description,mid and and basal segments segments,0.9998406767845154,1,/content/drive/MyDrive/MACROBATT/INPUT_PDF_FILES/27130218.pdf
88,Biological_structure,"posterior , anterior and and lateral wall",0.9996495842933655,1,/content/drive/MyDrive/MACROBATT/INPUT_PDF_FILES/27130218.pdf
89,Lab_value,preserved,0.9998760223388672,1,/content/drive/MyDrive/MACROBATT/INPUT_PDF_FILES/27130218.pdf
90,Diagnostic_procedure,contractility,0.9980994462966919,1,/content/drive/MyDrive/MACROBATT/INPUT_PDF_FILES/27130218.pdf
91,Detailed_description,Urgent,0.9999607801437378,1,/content/drive/MyDrive/MACROBATT/INPUT_PDF_FILES/27130218.pdf
92,Diagnostic_procedure,coronary coronary,0.9999489784240723,1,/content/drive/MyDrive/MACROBATT/INPUT_PDF_FILES/27130218.pdf
93,Diagnostic_procedure,coronary coronary angiography,0.9992453455924988,1,/content/drive/MyDrive/MACROBATT/INPUT_PDF_FILES/27130218.pdf
94,Detailed_description,inverted,0.9999657869338989,1,/content/drive/MyDrive/MACROBATT/INPUT_PDF_FILES/27130218.pdf
95,Detailed_description,stress-,0.9999667406082153,1,/content/drive/MyDrive/MACROBATT/INPUT_PDF_FILES/27130218.pdf
96,Detailed_description,induced,0.9997619986534119,1,/content/drive/MyDrive/MACROBATT/INPUT_PDF_FILES/27130218.pdf
97,Disease_disorder,cardiomyopathy,0.9986051321029663,1,/content/drive/MyDrive/MACROBATT/INPUT_PDF_FILES/27130218.pdf
98,Date,After 3 days,0.999894917011261,1,/content/drive/MyDrive/MACROBATT/INPUT_PDF_FILES/27130218.pdf
99,Diagnostic_procedure,hemodynamic,0.9987881779670715,1,/content/drive/MyDrive/MACROBATT/INPUT_PDF_FILES/27130218.pdf
100,Diagnostic_procedure,magnetic resonance imaging,0.999921977519989,1,/content/drive/MyDrive/MACROBATT/INPUT_PDF_FILES/27130218.pdf
101,Date,resonance on function the fifth day,0.9998679161071777,1,/content/drive/MyDrive/MACROBATT/INPUT_PDF_FILES/27130218.pdf
102,Lab_value,complete recovery,0.9996113777160645,1,/content/drive/MyDrive/MACROBATT/INPUT_PDF_FILES/27130218.pdf
103,Clinical_event,discharged,0.9995498061180115,1,/content/drive/MyDrive/MACROBATT/INPUT_PDF_FILES/27130218.pdf
104,Date,after 15 days,0.9998604655265808,1,/content/drive/MyDrive/MACROBATT/INPUT_PDF_FILES/27130218.pdf
105,Lab_value,good,0.999775230884552,1,/content/drive/MyDrive/MACROBATT/INPUT_PDF_FILES/27130218.pdf
106,Date,12- month,0.9998564124107361,1,/content/drive/MyDrive/MACROBATT/INPUT_PDF_FILES/27130218.pdf
107,Clinical_event,follow- up,0.9644877314567566,1,/content/drive/MyDrive/MACROBATT/INPUT_PDF_FILES/27130218.pdf
108,Sign_symptom,asymptomatic,0.9998352527618408,1,/content/drive/MyDrive/MACROBATT/INPUT_PDF_FILES/27130218.pdf
