,Entity Group,Value,Score,Page,Pdf File
0,Age,66-year-old,0.9983126521110535,1,/content/drive/MyDrive/MACROBATT/INPUT_PDF_FILES/27196481.pdf
1,Sex,man,0.999805748462677,1,/content/drive/MyDrive/MACROBATT/INPUT_PDF_FILES/27196481.pdf
2,Clinical_event,admitted,0.9998397827148438,1,/content/drive/MyDrive/MACROBATT/INPUT_PDF_FILES/27196481.pdf
3,Nonbiological_location,Hospital,0.9956462979316711,1,/content/drive/MyDrive/MACROBATT/INPUT_PDF_FILES/27196481.pdf
4,Date,November 2008,0.9998660087585449,1,/content/drive/MyDrive/MACROBATT/INPUT_PDF_FILES/27196481.pdf
5,Sign_symptom,Hospital splenomegaly,0.6735587120056152,1,/content/drive/MyDrive/MACROBATT/INPUT_PDF_FILES/27196481.pdf
6,Lab_value,high,0.9997957348823547,1,/content/drive/MyDrive/MACROBATT/INPUT_PDF_FILES/27196481.pdf
7,Diagnostic_procedure,red,0.9654299020767212,1,/content/drive/MyDrive/MACROBATT/INPUT_PDF_FILES/27196481.pdf
8,Diagnostic_procedure,subnormal,0.9956268072128296,1,/content/drive/MyDrive/MACROBATT/INPUT_PDF_FILES/27196481.pdf
9,Diagnostic_procedure,serum erythropoietin,0.9791354537010193,1,/content/drive/MyDrive/MACROBATT/INPUT_PDF_FILES/27196481.pdf
10,Diagnostic_procedure,Cytogenetic analysis,0.9999397993087769,1,/content/drive/MyDrive/MACROBATT/INPUT_PDF_FILES/27196481.pdf
11,Lab_value,normal,0.9999011754989624,1,/content/drive/MyDrive/MACROBATT/INPUT_PDF_FILES/27196481.pdf
12,Lab_value,male,0.9996567964553833,1,/content/drive/MyDrive/MACROBATT/INPUT_PDF_FILES/27196481.pdf
13,Diagnostic_procedure,Molecular studies,0.9999064803123474,1,/content/drive/MyDrive/MACROBATT/INPUT_PDF_FILES/27196481.pdf
14,Lab_value,negative,0.9999480247497559,1,/content/drive/MyDrive/MACROBATT/INPUT_PDF_FILES/27196481.pdf
15,Diagnostic_procedure,BCR-ABL1,0.954262375831604,1,/content/drive/MyDrive/MACROBATT/INPUT_PDF_FILES/27196481.pdf
16,Sign_symptom,JAK2V617F mutation,0.9997622966766357,1,/content/drive/MyDrive/MACROBATT/INPUT_PDF_FILES/27196481.pdf
17,Lab_value,allele burden,0.999570369720459,1,/content/drive/MyDrive/MACROBATT/INPUT_PDF_FILES/27196481.pdf
18,Lab_value,44.9,0.9215717315673828,1,/content/drive/MyDrive/MACROBATT/INPUT_PDF_FILES/27196481.pdf
19,Detailed_description,morphological,0.9992530941963196,1,/content/drive/MyDrive/MACROBATT/INPUT_PDF_FILES/27196481.pdf
20,Diagnostic_procedure,bone marrow analysis,0.9899495244026184,1,/content/drive/MyDrive/MACROBATT/INPUT_PDF_FILES/27196481.pdf
21,Detailed_description,WHO,0.9997605681419373,1,/content/drive/MyDrive/MACROBATT/INPUT_PDF_FILES/27196481.pdf
22,Medication,hydroxyurea,0.9258405566215515,1,/content/drive/MyDrive/MACROBATT/INPUT_PDF_FILES/27196481.pdf
23,Therapeutic_procedure,phlebotomies,0.880781888961792,1,/content/drive/MyDrive/MACROBATT/INPUT_PDF_FILES/27196481.pdf
24,Date,Six years later bilateral,0.9854066371917725,1,/content/drive/MyDrive/MACROBATT/INPUT_PDF_FILES/27196481.pdf
25,Biological_structure,abdominal,0.9999687671661377,1,/content/drive/MyDrive/MACROBATT/INPUT_PDF_FILES/27196481.pdf
26,Diagnostic_procedure,ultrasound,0.9999669790267944,1,/content/drive/MyDrive/MACROBATT/INPUT_PDF_FILES/27196481.pdf
27,Detailed_description,dense,0.9960481524467468,1,/content/drive/MyDrive/MACROBATT/INPUT_PDF_FILES/27196481.pdf
28,Detailed_description,bilateral,0.9997636675834656,1,/content/drive/MyDrive/MACROBATT/INPUT_PDF_FILES/27196481.pdf
29,Biological_structure,perinephric,0.9991612434387207,1,/content/drive/MyDrive/MACROBATT/INPUT_PDF_FILES/27196481.pdf
30,Biological_structure,whole-,0.9998007416725159,1,/content/drive/MyDrive/MACROBATT/INPUT_PDF_FILES/27196481.pdf
31,Biological_structure,body,0.9995105266571045,1,/content/drive/MyDrive/MACROBATT/INPUT_PDF_FILES/27196481.pdf
32,Diagnostic_procedure,computed tomography tomography,0.9998162388801575,1,/content/drive/MyDrive/MACROBATT/INPUT_PDF_FILES/27196481.pdf
33,Diagnostic_procedure,( (,0.9999579191207886,1,/content/drive/MyDrive/MACROBATT/INPUT_PDF_FILES/27196481.pdf
34,Diagnostic_procedure,fluotine-18 fluordeoxyglucose positron emission tomography tomography,0.9996870756149292,1,/content/drive/MyDrive/MACROBATT/INPUT_PDF_FILES/27196481.pdf
35,Diagnostic_procedure,F-FDG-PET,0.9931269884109497,1,/content/drive/MyDrive/MACROBATT/INPUT_PDF_FILES/27196481.pdf
36,Lab_value,increased,0.9988282322883606,1,/content/drive/MyDrive/MACROBATT/INPUT_PDF_FILES/27196481.pdf
37,Sign_symptom,fluordeoxyglucose glucose uptake,0.999859631061554,1,/content/drive/MyDrive/MACROBATT/INPUT_PDF_FILES/27196481.pdf
38,Biological_structure,medullary channels,0.9989726543426514,1,/content/drive/MyDrive/MACROBATT/INPUT_PDF_FILES/27196481.pdf
39,Biological_structure,both humeri,0.9999372959136963,1,/content/drive/MyDrive/MACROBATT/INPUT_PDF_FILES/27196481.pdf
40,Biological_structure,femurs,0.9998657703399658,1,/content/drive/MyDrive/MACROBATT/INPUT_PDF_FILES/27196481.pdf
41,Detailed_description,Morphological,0.9999619722366333,1,/content/drive/MyDrive/MACROBATT/INPUT_PDF_FILES/27196481.pdf
42,Biological_structure,bone bone marrow marrow,0.9590892791748047,1,/content/drive/MyDrive/MACROBATT/INPUT_PDF_FILES/27196481.pdf
43,Diagnostic_procedure,analysis analysis,0.9992709755897522,1,/content/drive/MyDrive/MACROBATT/INPUT_PDF_FILES/27196481.pdf
44,Disease_disorder,confirmed fibrosis,0.9996404647827148,1,/content/drive/MyDrive/MACROBATT/INPUT_PDF_FILES/27196481.pdf
45,Disease_disorder,fibrosis,0.997342586517334,1,/content/drive/MyDrive/MACROBATT/INPUT_PDF_FILES/27196481.pdf
46,Diagnostic_procedure,Morphological MF-0 EUMNET,0.7789731621742249,1,/content/drive/MyDrive/MACROBATT/INPUT_PDF_FILES/27196481.pdf
47,Lab_value,",13",0.9987519979476929,1,/content/drive/MyDrive/MACROBATT/INPUT_PDF_FILES/27196481.pdf
48,Diagnostic_procedure,cytogenetic analysis analysis,0.9998044967651367,1,/content/drive/MyDrive/MACROBATT/INPUT_PDF_FILES/27196481.pdf
49,Diagnostic_procedure,karyotype,0.9899210929870605,1,/content/drive/MyDrive/MACROBATT/INPUT_PDF_FILES/27196481.pdf
50,Lab_value,"47 ,47",0.9974173307418823,1,/content/drive/MyDrive/MACROBATT/INPUT_PDF_FILES/27196481.pdf
51,Diagnostic_procedure,histological nature,0.9996863603591919,1,/content/drive/MyDrive/MACROBATT/INPUT_PDF_FILES/27196481.pdf
52,Sign_symptom,perinephric infiltration,0.9999048709869385,1,/content/drive/MyDrive/MACROBATT/INPUT_PDF_FILES/27196481.pdf
53,Sign_symptom,infiltration,0.9997230172157288,1,/content/drive/MyDrive/MACROBATT/INPUT_PDF_FILES/27196481.pdf
54,Detailed_description,CT-guided,0.8816675543785095,1,/content/drive/MyDrive/MACROBATT/INPUT_PDF_FILES/27196481.pdf
55,Detailed_description,core,0.9999656677246094,1,/content/drive/MyDrive/MACROBATT/INPUT_PDF_FILES/27196481.pdf
56,Diagnostic_procedure,biopsy,0.989366888999939,1,/content/drive/MyDrive/MACROBATT/INPUT_PDF_FILES/27196481.pdf
57,Sign_symptom,foamy histiocytes,0.999690055847168,1,/content/drive/MyDrive/MACROBATT/INPUT_PDF_FILES/27196481.pdf
58,Lab_value,positive,0.9999563694000244,1,/content/drive/MyDrive/MACROBATT/INPUT_PDF_FILES/27196481.pdf
59,Diagnostic_procedure,CD68,0.9996904730796814,1,/content/drive/MyDrive/MACROBATT/INPUT_PDF_FILES/27196481.pdf
60,Diagnostic_procedure,CD68 CD1a,0.9996620416641235,1,/content/drive/MyDrive/MACROBATT/INPUT_PDF_FILES/27196481.pdf
61,Disease_disorder,fibrosis infiltrate,0.9998828172683716,1,/content/drive/MyDrive/MACROBATT/INPUT_PDF_FILES/27196481.pdf
62,Detailed_description,scanty,0.9839438199996948,1,/content/drive/MyDrive/MACROBATT/INPUT_PDF_FILES/27196481.pdf
63,Detailed_description,Morphological analysis accumulation cell lympho-monocytic infiltrate,0.9999434947967529,1,/content/drive/MyDrive/MACROBATT/INPUT_PDF_FILES/27196481.pdf
64,Detailed_description,lympho-monocytic,0.550104022026062,1,/content/drive/MyDrive/MACROBATT/INPUT_PDF_FILES/27196481.pdf
65,Sign_symptom,infiltrate,0.999934196472168,1,/content/drive/MyDrive/MACROBATT/INPUT_PDF_FILES/27196481.pdf
66,Sign_symptom,BRAFV600E mutation,0.9998307824134827,1,/content/drive/MyDrive/MACROBATT/INPUT_PDF_FILES/27196481.pdf
67,Disease_disorder,ECD,0.9998773336410522,1,/content/drive/MyDrive/MACROBATT/INPUT_PDF_FILES/27196481.pdf
68,Biological_structure,Cardiac,0.999774158000946,1,/content/drive/MyDrive/MACROBATT/INPUT_PDF_FILES/27196481.pdf
69,Diagnostic_procedure,magnetic resonance imaging imaging,0.9994025826454163,1,/content/drive/MyDrive/MACROBATT/INPUT_PDF_FILES/27196481.pdf
70,Diagnostic_procedure,MRI,0.9999573230743408,1,/content/drive/MyDrive/MACROBATT/INPUT_PDF_FILES/27196481.pdf
71,Detailed_description,pseudo-tumoral,0.9999552965164185,1,/content/drive/MyDrive/MACROBATT/INPUT_PDF_FILES/27196481.pdf
72,Sign_symptom,imaging infiltration in findings imaging,0.9999434947967529,1,/content/drive/MyDrive/MACROBATT/INPUT_PDF_FILES/27196481.pdf
73,Biological_structure,infiltration atrioventricular negative,0.9999473094940186,1,/content/drive/MyDrive/MACROBATT/INPUT_PDF_FILES/27196481.pdf
74,Biological_structure,atrioventricular,0.9676513075828552,1,/content/drive/MyDrive/MACROBATT/INPUT_PDF_FILES/27196481.pdf
75,Biological_structure,"wall,14",0.9996776580810547,1,/content/drive/MyDrive/MACROBATT/INPUT_PDF_FILES/27196481.pdf
76,Diagnostic_procedure,bone bones scan,0.9943528771400452,1,/content/drive/MyDrive/MACROBATT/INPUT_PDF_FILES/27196481.pdf
77,Detailed_description,symmetrically,0.9998958110809326,1,/content/drive/MyDrive/MACROBATT/INPUT_PDF_FILES/27196481.pdf
78,Detailed_description,irregular,0.9983407258987427,1,/content/drive/MyDrive/MACROBATT/INPUT_PDF_FILES/27196481.pdf
79,Detailed_description,radiotracer cerebral,0.6554447412490845,1,/content/drive/MyDrive/MACROBATT/INPUT_PDF_FILES/27196481.pdf
80,Sign_symptom,uptake,0.9962965250015259,1,/content/drive/MyDrive/MACROBATT/INPUT_PDF_FILES/27196481.pdf
81,Biological_structure,long bones of of of the the the the limbs,0.9999178051948547,1,/content/drive/MyDrive/MACROBATT/INPUT_PDF_FILES/27196481.pdf
82,Biological_structure,cerebral,0.9999406337738037,1,/content/drive/MyDrive/MACROBATT/INPUT_PDF_FILES/27196481.pdf
83,Biological_structure,pulmonary,0.9999619722366333,1,/content/drive/MyDrive/MACROBATT/INPUT_PDF_FILES/27196481.pdf
84,Diagnostic_procedure,imaging imaging,0.99992835521698,1,/content/drive/MyDrive/MACROBATT/INPUT_PDF_FILES/27196481.pdf
85,Disease_disorder,"ECD,1",0.8821719288825989,1,/content/drive/MyDrive/MACROBATT/INPUT_PDF_FILES/27196481.pdf
86,Detailed_description,pegylated,0.999968409538269,1,/content/drive/MyDrive/MACROBATT/INPUT_PDF_FILES/27196481.pdf
87,Medication,interferon ( IFN ) -alpha,0.998637855052948,1,/content/drive/MyDrive/MACROBATT/INPUT_PDF_FILES/27196481.pdf
88,Date,after 3 months,0.9995503425598145,1,/content/drive/MyDrive/MACROBATT/INPUT_PDF_FILES/27196481.pdf
89,Lab_value,normalization,0.9999303817749023,1,/content/drive/MyDrive/MACROBATT/INPUT_PDF_FILES/27196481.pdf
90,Diagnostic_procedure,blood cell counts,0.9999584555625916,1,/content/drive/MyDrive/MACROBATT/INPUT_PDF_FILES/27196481.pdf
