,Entity Group,Value,Score,Page,Pdf File
0,Age,50-year old,0.9979304075241089,1,/content/drive/MyDrive/MACROBATT/INPUT_PDF_FILES/27218632.pdf
1,Sex,man,0.9997819066047668,1,/content/drive/MyDrive/MACROBATT/INPUT_PDF_FILES/27218632.pdf
2,Detailed_description,metastatic,0.9979684352874756,1,/content/drive/MyDrive/MACROBATT/INPUT_PDF_FILES/27218632.pdf
3,Detailed_description,mucinous,0.9999665021896362,1,/content/drive/MyDrive/MACROBATT/INPUT_PDF_FILES/27218632.pdf
4,Disease_disorder,appendiceal adenocarcinoma,0.9994291663169861,1,/content/drive/MyDrive/MACROBATT/INPUT_PDF_FILES/27218632.pdf
5,Clinical_event,presents,0.9996265172958374,1,/content/drive/MyDrive/MACROBATT/INPUT_PDF_FILES/27218632.pdf
6,Detailed_description,desquamating,0.7954152822494507,1,/content/drive/MyDrive/MACROBATT/INPUT_PDF_FILES/27218632.pdf
7,Sign_symptom,rash,0.999951958656311,1,/content/drive/MyDrive/MACROBATT/INPUT_PDF_FILES/27218632.pdf
8,Biological_structure,face,0.9996127486228943,1,/content/drive/MyDrive/MACROBATT/INPUT_PDF_FILES/27218632.pdf
9,Biological_structure,inguinal,0.9998376369476318,1,/content/drive/MyDrive/MACROBATT/INPUT_PDF_FILES/27218632.pdf
10,Biological_structure,perineum,0.9997501969337463,1,/content/drive/MyDrive/MACROBATT/INPUT_PDF_FILES/27218632.pdf
11,Duration,over the past 4 months,0.9995848536491394,1,/content/drive/MyDrive/MACROBATT/INPUT_PDF_FILES/27218632.pdf
12,Disease_disorder,alopecia scalp,0.999866247177124,1,/content/drive/MyDrive/MACROBATT/INPUT_PDF_FILES/27218632.pdf
13,Disease_disorder,alopecia,0.9996390342712402,1,/content/drive/MyDrive/MACROBATT/INPUT_PDF_FILES/27218632.pdf
14,Dosage,multiple rounds,0.9987268447875977,1,/content/drive/MyDrive/MACROBATT/INPUT_PDF_FILES/27218632.pdf
15,Administration,oral,0.9993632435798645,1,/content/drive/MyDrive/MACROBATT/INPUT_PDF_FILES/27218632.pdf
16,Medication,fluconazole,0.9975475668907166,1,/content/drive/MyDrive/MACROBATT/INPUT_PDF_FILES/27218632.pdf
17,Administration,topical,0.9996274709701538,1,/content/drive/MyDrive/MACROBATT/INPUT_PDF_FILES/27218632.pdf
18,Medication,antibiotic antibiotics,0.8132293820381165,1,/content/drive/MyDrive/MACROBATT/INPUT_PDF_FILES/27218632.pdf
19,Administration,intravenous,0.9993017911911011,1,/content/drive/MyDrive/MACROBATT/INPUT_PDF_FILES/27218632.pdf
20,Detailed_description,neoadjuvant,0.9998300075531006,1,/content/drive/MyDrive/MACROBATT/INPUT_PDF_FILES/27218632.pdf
21,Medication,chemotherapy,0.9998348951339722,1,/content/drive/MyDrive/MACROBATT/INPUT_PDF_FILES/27218632.pdf
22,Therapeutic_procedure,colostomy,0.9997690320014954,1,/content/drive/MyDrive/MACROBATT/INPUT_PDF_FILES/27218632.pdf
23,Therapeutic_procedure,surgical correction,0.9997963309288025,1,/content/drive/MyDrive/MACROBATT/INPUT_PDF_FILES/27218632.pdf
24,Disease_disorder,enterocutaneous,0.9814831018447876,1,/content/drive/MyDrive/MACROBATT/INPUT_PDF_FILES/27218632.pdf
25,Therapeutic_procedure,total parenteral nutrition (,0.9888569116592407,1,/content/drive/MyDrive/MACROBATT/INPUT_PDF_FILES/27218632.pdf
26,Therapeutic_procedure,TPN,0.9984481930732727,1,/content/drive/MyDrive/MACROBATT/INPUT_PDF_FILES/27218632.pdf
27,Sign_symptom,changes in during ostomy output,0.9999280571937561,1,/content/drive/MyDrive/MACROBATT/INPUT_PDF_FILES/27218632.pdf
28,Diagnostic_procedure,Dermatological examination,0.9999010562896729,1,/content/drive/MyDrive/MACROBATT/INPUT_PDF_FILES/27218632.pdf
29,Detailed_description,widespread,0.9997246861457825,1,/content/drive/MyDrive/MACROBATT/INPUT_PDF_FILES/27218632.pdf
30,Detailed_description,Dermatological erythematous bilaterally scattered,0.9999173879623413,1,/content/drive/MyDrive/MACROBATT/INPUT_PDF_FILES/27218632.pdf
31,Detailed_description,erythematous,0.9997707009315491,1,/content/drive/MyDrive/MACROBATT/INPUT_PDF_FILES/27218632.pdf
32,Sign_symptom,plaques,0.9997798800468445,1,/content/drive/MyDrive/MACROBATT/INPUT_PDF_FILES/27218632.pdf
33,Biological_structure,medial aspect of thighs,0.9999146461486816,1,/content/drive/MyDrive/MACROBATT/INPUT_PDF_FILES/27218632.pdf
34,Detailed_description,bilaterally,0.9999384880065918,1,/content/drive/MyDrive/MACROBATT/INPUT_PDF_FILES/27218632.pdf
35,Detailed_description,scattered,0.9997209906578064,1,/content/drive/MyDrive/MACROBATT/INPUT_PDF_FILES/27218632.pdf
36,Sign_symptom,papules,0.9999061822891235,1,/content/drive/MyDrive/MACROBATT/INPUT_PDF_FILES/27218632.pdf
37,Detailed_description,scaling,0.9711046814918518,1,/content/drive/MyDrive/MACROBATT/INPUT_PDF_FILES/27218632.pdf
38,Detailed_description,non-scarring,0.9997995495796204,1,/content/drive/MyDrive/MACROBATT/INPUT_PDF_FILES/27218632.pdf
39,Biological_structure,axillae,0.9554409384727478,1,/content/drive/MyDrive/MACROBATT/INPUT_PDF_FILES/27218632.pdf
40,Detailed_description,acquired,0.9998231530189514,1,/content/drive/MyDrive/MACROBATT/INPUT_PDF_FILES/27218632.pdf
41,Diagnostic_procedure,zinc,0.9998852014541626,1,/content/drive/MyDrive/MACROBATT/INPUT_PDF_FILES/27218632.pdf
42,Diagnostic_procedure,zinc zinc,0.9999167919158936,1,/content/drive/MyDrive/MACROBATT/INPUT_PDF_FILES/27218632.pdf
43,Lab_value,inadequate,0.9995230436325073,1,/content/drive/MyDrive/MACROBATT/INPUT_PDF_FILES/27218632.pdf
44,Medication,trace elements,0.9995732307434082,1,/content/drive/MyDrive/MACROBATT/INPUT_PDF_FILES/27218632.pdf
45,Duration,one year,0.9994443655014038,1,/content/drive/MyDrive/MACROBATT/INPUT_PDF_FILES/27218632.pdf
46,Lab_value,29 ug/dL ug/dL,0.9999176859855652,1,/content/drive/MyDrive/MACROBATT/INPUT_PDF_FILES/27218632.pdf
47,Sign_symptom,hair growth,0.9998893141746521,1,/content/drive/MyDrive/MACROBATT/INPUT_PDF_FILES/27218632.pdf
48,Lab_value,90 ug/dL,0.9514641761779785,1,/content/drive/MyDrive/MACROBATT/INPUT_PDF_FILES/27218632.pdf
49,Outcome,passed,0.8005011677742004,1,/content/drive/MyDrive/MACROBATT/INPUT_PDF_FILES/27218632.pdf
