,Entity Group,Value,Score,Page,Pdf File
0,Age,16-year-old,0.9945998191833496,1,/content/drive/MyDrive/MACROBATT/INPUT_PDF_FILES/27661040.pdf
1,Sex,girl,0.5163949131965637,1,/content/drive/MyDrive/MACROBATT/INPUT_PDF_FILES/27661040.pdf
2,Clinical_event,admitted,0.9982878565788269,1,/content/drive/MyDrive/MACROBATT/INPUT_PDF_FILES/27661040.pdf
3,Nonbiological_location,clinic,0.999302864074707,1,/content/drive/MyDrive/MACROBATT/INPUT_PDF_FILES/27661040.pdf
4,Severity,severe,0.9992892742156982,1,/content/drive/MyDrive/MACROBATT/INPUT_PDF_FILES/27661040.pdf
5,Biological_structure,abdominal,0.9997816681861877,1,/content/drive/MyDrive/MACROBATT/INPUT_PDF_FILES/27661040.pdf
6,Sign_symptom,loss of of appetite,0.9317668080329895,1,/content/drive/MyDrive/MACROBATT/INPUT_PDF_FILES/27661040.pdf
7,Diagnostic_procedure,anamnesis,0.9999566078186035,1,/content/drive/MyDrive/MACROBATT/INPUT_PDF_FILES/27661040.pdf
8,Family_history,family,0.9800461530685425,1,/content/drive/MyDrive/MACROBATT/INPUT_PDF_FILES/27661040.pdf
9,Family_history,potters pottery,0.968017041683197,1,/content/drive/MyDrive/MACROBATT/INPUT_PDF_FILES/27661040.pdf
10,Occupation,participated in being poisoning the the father process of of,0.9247676134109497,1,/content/drive/MyDrive/MACROBATT/INPUT_PDF_FILES/27661040.pdf
11,Disease_disorder,lead,0.7553967237472534,1,/content/drive/MyDrive/MACROBATT/INPUT_PDF_FILES/27661040.pdf
12,Occupation,poisoning,0.5865235328674316,1,/content/drive/MyDrive/MACROBATT/INPUT_PDF_FILES/27661040.pdf
13,Date,1 219 year ago,0.9998793601989746,1,/content/drive/MyDrive/MACROBATT/INPUT_PDF_FILES/27661040.pdf
14,Detailed_description,acute,0.9998377561569214,1,/content/drive/MyDrive/MACROBATT/INPUT_PDF_FILES/27661040.pdf
15,Disease_disorder,appendicitis,0.9978092312812805,1,/content/drive/MyDrive/MACROBATT/INPUT_PDF_FILES/27661040.pdf
16,Therapeutic_procedure,approximately appendicitis appendectomy,0.9104129672050476,1,/content/drive/MyDrive/MACROBATT/INPUT_PDF_FILES/27661040.pdf
17,Sign_symptom,pain pain,0.9999319314956665,1,/content/drive/MyDrive/MACROBATT/INPUT_PDF_FILES/27661040.pdf
18,Disease_disorder,saturnine colic,0.9114726781845093,1,/content/drive/MyDrive/MACROBATT/INPUT_PDF_FILES/27661040.pdf
19,Disease_disorder,lead lead lead poisoning poisoning,0.9806718826293945,1,/content/drive/MyDrive/MACROBATT/INPUT_PDF_FILES/27661040.pdf
20,Lab_value,219,0.9998793601989746,1,/content/drive/MyDrive/MACROBATT/INPUT_PDF_FILES/27661040.pdf
21,Date,3 113.2 weeks before before,0.9998309016227722,1,/content/drive/MyDrive/MACROBATT/INPUT_PDF_FILES/27661040.pdf
22,Nonbiological_location,regional hospital,0.9998061656951904,1,/content/drive/MyDrive/MACROBATT/INPUT_PDF_FILES/27661040.pdf
23,Medication,chelation therapy,0.999596893787384,1,/content/drive/MyDrive/MACROBATT/INPUT_PDF_FILES/27661040.pdf
24,Medication,EDTA,0.9996262788772583,1,/content/drive/MyDrive/MACROBATT/INPUT_PDF_FILES/27661040.pdf
25,Date,4 days,0.9948335886001587,1,/content/drive/MyDrive/MACROBATT/INPUT_PDF_FILES/27661040.pdf
26,Dosage,113.2 2 tablets,0.9648531675338745,1,/content/drive/MyDrive/MACROBATT/INPUT_PDF_FILES/27661040.pdf
27,Dosage,one one clinic saturnine in clinic initiated in morning in evening the another therapy the the the morning,0.9984731674194336,1,/content/drive/MyDrive/MACROBATT/INPUT_PDF_FILES/27661040.pdf
28,Dosage,one one clinic saturnine in clinic initiated in morning in evening the another therapy the the the evening,0.9978193044662476,1,/content/drive/MyDrive/MACROBATT/INPUT_PDF_FILES/27661040.pdf
29,Medication,calcium,0.5416908860206604,1,/content/drive/MyDrive/MACROBATT/INPUT_PDF_FILES/27661040.pdf
30,Diagnostic_procedure,clinical examination,0.9864377379417419,1,/content/drive/MyDrive/MACROBATT/INPUT_PDF_FILES/27661040.pdf
31,Sign_symptom,influenced,0.9879725575447083,1,/content/drive/MyDrive/MACROBATT/INPUT_PDF_FILES/27661040.pdf
32,Sign_symptom,ailing nails painful,0.9988054037094116,1,/content/drive/MyDrive/MACROBATT/INPUT_PDF_FILES/27661040.pdf
33,Sign_symptom,jaundice,0.9999488592147827,1,/content/drive/MyDrive/MACROBATT/INPUT_PDF_FILES/27661040.pdf
34,Biological_structure,sclera,0.9903333783149719,1,/content/drive/MyDrive/MACROBATT/INPUT_PDF_FILES/27661040.pdf
35,Color,blue,0.9939151406288147,1,/content/drive/MyDrive/MACROBATT/INPUT_PDF_FILES/27661040.pdf
36,Sign_symptom,pigmentation,0.9059615731239319,1,/content/drive/MyDrive/MACROBATT/INPUT_PDF_FILES/27661040.pdf
37,Sign_symptom,painful,0.9798468351364136,1,/content/drive/MyDrive/MACROBATT/INPUT_PDF_FILES/27661040.pdf
38,Biological_structure,abdomen,0.9791198372840881,1,/content/drive/MyDrive/MACROBATT/INPUT_PDF_FILES/27661040.pdf
39,Diagnostic_procedure,laboratory test,0.9999545216560364,1,/content/drive/MyDrive/MACROBATT/INPUT_PDF_FILES/27661040.pdf
40,Detailed_description,The hypochromic hemoglobin hematocrit hyperbilirubinemia hyponatremia hypopotassemia,0.999913215637207,1,/content/drive/MyDrive/MACROBATT/INPUT_PDF_FILES/27661040.pdf
41,Detailed_description,hypochromic hyperbilirubinemia hyponatremia hypopotassemia,0.9999042749404907,1,/content/drive/MyDrive/MACROBATT/INPUT_PDF_FILES/27661040.pdf
42,Detailed_description,hypochromic,0.9990083575248718,1,/content/drive/MyDrive/MACROBATT/INPUT_PDF_FILES/27661040.pdf
43,Sign_symptom,anemia transaminases alanine- aminotransferase aspartate-aminotransferase gamma-glutamyl-transferase and,0.9999634027481079,1,/content/drive/MyDrive/MACROBATT/INPUT_PDF_FILES/27661040.pdf
44,Sign_symptom,anemia hyperbilirubinemia hyponatremia hypopotassemia,0.9998980760574341,1,/content/drive/MyDrive/MACROBATT/INPUT_PDF_FILES/27661040.pdf
45,Diagnostic_procedure,( ( ( ( ( ( ( ( ( ( ( (,0.9996896982192993,1,/content/drive/MyDrive/MACROBATT/INPUT_PDF_FILES/27661040.pdf
46,Diagnostic_procedure,hemoglobin hematocrit,0.9999736547470093,1,/content/drive/MyDrive/MACROBATT/INPUT_PDF_FILES/27661040.pdf
47,Diagnostic_procedure,hemoglobin,0.9730110764503479,1,/content/drive/MyDrive/MACROBATT/INPUT_PDF_FILES/27661040.pdf
48,Diagnostic_procedure,hemoglobin hyperbilirubinemia bilirubin,0.7832097411155701,1,/content/drive/MyDrive/MACROBATT/INPUT_PDF_FILES/27661040.pdf
49,Lab_value,10.9,0.9989045858383179,1,/content/drive/MyDrive/MACROBATT/INPUT_PDF_FILES/27661040.pdf
50,Diagnostic_procedure,hematocrit,0.9986845254898071,1,/content/drive/MyDrive/MACROBATT/INPUT_PDF_FILES/27661040.pdf
51,Diagnostic_procedure,Hb Htc,0.9827306866645813,1,/content/drive/MyDrive/MACROBATT/INPUT_PDF_FILES/27661040.pdf
52,Diagnostic_procedure,medium cellular volume,0.9987337589263916,1,/content/drive/MyDrive/MACROBATT/INPUT_PDF_FILES/27661040.pdf
53,Diagnostic_procedure,MCV,0.9993875026702881,1,/content/drive/MyDrive/MACROBATT/INPUT_PDF_FILES/27661040.pdf
54,Lab_value,increased,0.9991089701652527,1,/content/drive/MyDrive/MACROBATT/INPUT_PDF_FILES/27661040.pdf
55,Diagnostic_procedure,liver transaminases,0.9999465942382812,1,/content/drive/MyDrive/MACROBATT/INPUT_PDF_FILES/27661040.pdf
56,Diagnostic_procedure,alanine- aminotransferase aspartate-aminotransferase,0.9974551796913147,1,/content/drive/MyDrive/MACROBATT/INPUT_PDF_FILES/27661040.pdf
57,Diagnostic_procedure,ALAT,0.999941349029541,1,/content/drive/MyDrive/MACROBATT/INPUT_PDF_FILES/27661040.pdf
58,Lab_value,158.9,0.9986807703971863,1,/content/drive/MyDrive/MACROBATT/INPUT_PDF_FILES/27661040.pdf
59,Diagnostic_procedure,increased transaminases aminotransferase aspartate-aminotransferase gamma-glutamyl-transferase hypopotassemia,0.9999436140060425,1,/content/drive/MyDrive/MACROBATT/INPUT_PDF_FILES/27661040.pdf
60,Diagnostic_procedure,aspartate-aminotransferase,0.9992011785507202,1,/content/drive/MyDrive/MACROBATT/INPUT_PDF_FILES/27661040.pdf
61,Diagnostic_procedure,ASAT,0.9999470710754395,1,/content/drive/MyDrive/MACROBATT/INPUT_PDF_FILES/27661040.pdf
62,Diagnostic_procedure,gamma-glutamyl-transferase,0.9998997449874878,1,/content/drive/MyDrive/MACROBATT/INPUT_PDF_FILES/27661040.pdf
63,Sign_symptom,conjugated,0.8053116798400879,1,/content/drive/MyDrive/MACROBATT/INPUT_PDF_FILES/27661040.pdf
64,Sign_symptom,conjugated hyperbilirubinemia,0.971535861492157,1,/content/drive/MyDrive/MACROBATT/INPUT_PDF_FILES/27661040.pdf
65,Diagnostic_procedure,direct hyperbilirubinemia bilirubin,0.988990306854248,1,/content/drive/MyDrive/MACROBATT/INPUT_PDF_FILES/27661040.pdf
66,Sign_symptom,hyponatremia,0.9964146018028259,1,/content/drive/MyDrive/MACROBATT/INPUT_PDF_FILES/27661040.pdf
67,Sign_symptom,hypopotassemia,0.9988849759101868,1,/content/drive/MyDrive/MACROBATT/INPUT_PDF_FILES/27661040.pdf
68,Detailed_description,systolic,0.9998008608818054,1,/content/drive/MyDrive/MACROBATT/INPUT_PDF_FILES/27661040.pdf
69,Diagnostic_procedure,arterial pressure,0.9998994469642639,1,/content/drive/MyDrive/MACROBATT/INPUT_PDF_FILES/27661040.pdf
70,Lab_value,156 mm mm,0.9999256134033203,1,/content/drive/MyDrive/MACROBATT/INPUT_PDF_FILES/27661040.pdf
71,Detailed_description,diastolic,0.9999426603317261,1,/content/drive/MyDrive/MACROBATT/INPUT_PDF_FILES/27661040.pdf
72,Detailed_description,systolic diastolic,0.9991461038589478,1,/content/drive/MyDrive/MACROBATT/INPUT_PDF_FILES/27661040.pdf
73,Lab_value,96 mm mm,0.9999024271965027,1,/content/drive/MyDrive/MACROBATT/INPUT_PDF_FILES/27661040.pdf
74,Lab_value,66.28 μg/dL μg/L μg/L,0.9999014139175415,1,/content/drive/MyDrive/MACROBATT/INPUT_PDF_FILES/27661040.pdf
75,Biological_structure,urinary,0.9999135732650757,1,/content/drive/MyDrive/MACROBATT/INPUT_PDF_FILES/27661040.pdf
76,Lab_value,419.7 μg/L μg/L,0.9999113082885742,1,/content/drive/MyDrive/MACROBATT/INPUT_PDF_FILES/27661040.pdf
77,Diagnostic_procedure,delta-aminolevulinic,0.9996166229248047,1,/content/drive/MyDrive/MACROBATT/INPUT_PDF_FILES/27661040.pdf
78,Diagnostic_procedure,delta-aminolevulinic acid,0.9163249135017395,1,/content/drive/MyDrive/MACROBATT/INPUT_PDF_FILES/27661040.pdf
79,Lab_value,7.66 mg/L mg/L,0.9999175071716309,1,/content/drive/MyDrive/MACROBATT/INPUT_PDF_FILES/27661040.pdf
80,Diagnostic_procedure,ultrasound,0.999972939491272,1,/content/drive/MyDrive/MACROBATT/INPUT_PDF_FILES/27661040.pdf
81,Sign_symptom,disappearance,0.9998873472213745,1,/content/drive/MyDrive/MACROBATT/INPUT_PDF_FILES/27661040.pdf
82,Detailed_description,delimitation,0.999873161315918,1,/content/drive/MyDrive/MACROBATT/INPUT_PDF_FILES/27661040.pdf
83,Detailed_description,delimitation between the the cortical and medullar parts,0.990496814250946,1,/content/drive/MyDrive/MACROBATT/INPUT_PDF_FILES/27661040.pdf
84,Biological_structure,both,0.5368666648864746,1,/content/drive/MyDrive/MACROBATT/INPUT_PDF_FILES/27661040.pdf
85,Clinical_event,consultation,0.9990904331207275,1,/content/drive/MyDrive/MACROBATT/INPUT_PDF_FILES/27661040.pdf
86,Nonbiological_location,occupational healthcare,0.9738587141036987,1,/content/drive/MyDrive/MACROBATT/INPUT_PDF_FILES/27661040.pdf
87,Dosage,4 tablets/day,0.9488230347633362,1,/content/drive/MyDrive/MACROBATT/INPUT_PDF_FILES/27661040.pdf
88,Detailed_description,neurological,0.6504132151603699,1,/content/drive/MyDrive/MACROBATT/INPUT_PDF_FILES/27661040.pdf
89,Disease_disorder,behavioral disorders,0.9998679757118225,1,/content/drive/MyDrive/MACROBATT/INPUT_PDF_FILES/27661040.pdf
90,Disease_disorder,disorders depressive recommended,0.9999080896377563,1,/content/drive/MyDrive/MACROBATT/INPUT_PDF_FILES/27661040.pdf
91,Disease_disorder,depressive,0.9998062252998352,1,/content/drive/MyDrive/MACROBATT/INPUT_PDF_FILES/27661040.pdf
92,Therapeutic_procedure,i.v i.v .,0.581356942653656,1,/content/drive/MyDrive/MACROBATT/INPUT_PDF_FILES/27661040.pdf
93,Medication,hydration,0.982375979423523,1,/content/drive/MyDrive/MACROBATT/INPUT_PDF_FILES/27661040.pdf
94,Dosage,3 liters per 24 hours,0.9991533160209656,1,/content/drive/MyDrive/MACROBATT/INPUT_PDF_FILES/27661040.pdf
95,Sign_symptom,consume,0.5799168944358826,1,/content/drive/MyDrive/MACROBATT/INPUT_PDF_FILES/27661040.pdf
96,Medication,diuretics,0.9979047775268555,1,/content/drive/MyDrive/MACROBATT/INPUT_PDF_FILES/27661040.pdf
97,Medication,diuretics pressure,0.7963403463363647,1,/content/drive/MyDrive/MACROBATT/INPUT_PDF_FILES/27661040.pdf
98,Medication,furosemide,0.9998900890350342,1,/content/drive/MyDrive/MACROBATT/INPUT_PDF_FILES/27661040.pdf
99,Diagnostic_procedure,arterial arterial pressure,0.9997180700302124,1,/content/drive/MyDrive/MACROBATT/INPUT_PDF_FILES/27661040.pdf
100,Medication,angiotensin-converting,0.9858319759368896,1,/content/drive/MyDrive/MACROBATT/INPUT_PDF_FILES/27661040.pdf
101,Medication,angiotensin-converting enzyme,0.9786361455917358,1,/content/drive/MyDrive/MACROBATT/INPUT_PDF_FILES/27661040.pdf
102,Medication,amino acids,0.9995694160461426,1,/content/drive/MyDrive/MACROBATT/INPUT_PDF_FILES/27661040.pdf
103,Administration,intravenously,0.9971281886100769,1,/content/drive/MyDrive/MACROBATT/INPUT_PDF_FILES/27661040.pdf
104,Medication,liver liver protectors,0.9995182156562805,1,/content/drive/MyDrive/MACROBATT/INPUT_PDF_FILES/27661040.pdf
105,Medication,vitamins of the the B complex,0.9997177124023438,1,/content/drive/MyDrive/MACROBATT/INPUT_PDF_FILES/27661040.pdf
106,Diagnostic_procedure,evolution,0.9998075366020203,1,/content/drive/MyDrive/MACROBATT/INPUT_PDF_FILES/27661040.pdf
107,Date,3 days after,0.9997145533561707,1,/content/drive/MyDrive/MACROBATT/INPUT_PDF_FILES/27661040.pdf
108,Biological_structure,evolution lumbar,0.9999604225158691,1,/content/drive/MyDrive/MACROBATT/INPUT_PDF_FILES/27661040.pdf
109,Biological_structure,lumbar,0.9998788833618164,1,/content/drive/MyDrive/MACROBATT/INPUT_PDF_FILES/27661040.pdf
110,Diagnostic_procedure,laboratory parameters,0.9999315738677979,2,/content/drive/MyDrive/MACROBATT/INPUT_PDF_FILES/27661040.pdf
111,Lab_value,normalization,0.9999305009841919,2,/content/drive/MyDrive/MACROBATT/INPUT_PDF_FILES/27661040.pdf
112,Duration,approximately 10 days,0.9996978640556335,2,/content/drive/MyDrive/MACROBATT/INPUT_PDF_FILES/27661040.pdf
113,Date,6th day,0.9998393058776855,2,/content/drive/MyDrive/MACROBATT/INPUT_PDF_FILES/27661040.pdf
114,Medication,chelation therapy,0.9995450377464294,2,/content/drive/MyDrive/MACROBATT/INPUT_PDF_FILES/27661040.pdf
115,Medication,EDTA,0.9998444318771362,2,/content/drive/MyDrive/MACROBATT/INPUT_PDF_FILES/27661040.pdf
116,Biological_structure,blood,0.9993523955345154,2,/content/drive/MyDrive/MACROBATT/INPUT_PDF_FILES/27661040.pdf
117,Biological_structure,urinary,0.9636613130569458,2,/content/drive/MyDrive/MACROBATT/INPUT_PDF_FILES/27661040.pdf
118,Diagnostic_procedure,lead,0.9999239444732666,2,/content/drive/MyDrive/MACROBATT/INPUT_PDF_FILES/27661040.pdf
119,Diagnostic_procedure,level,0.9898362755775452,2,/content/drive/MyDrive/MACROBATT/INPUT_PDF_FILES/27661040.pdf
120,Lab_value,45.57 μg/dL μg/L,0.9998290538787842,2,/content/drive/MyDrive/MACROBATT/INPUT_PDF_FILES/27661040.pdf
121,Lab_value,836.4 μg/L,0.9998946785926819,2,/content/drive/MyDrive/MACROBATT/INPUT_PDF_FILES/27661040.pdf
122,Clinical_event,discharging,0.9995703101158142,2,/content/drive/MyDrive/MACROBATT/INPUT_PDF_FILES/27661040.pdf
123,Biological_structure,abdominal,0.9999481439590454,2,/content/drive/MyDrive/MACROBATT/INPUT_PDF_FILES/27661040.pdf
124,Diagnostic_procedure,ultrasound,0.9999562501907349,2,/content/drive/MyDrive/MACROBATT/INPUT_PDF_FILES/27661040.pdf
125,Date,After 14 days,0.9945669770240784,2,/content/drive/MyDrive/MACROBATT/INPUT_PDF_FILES/27661040.pdf
126,Clinical_event,discharged,0.9984166622161865,2,/content/drive/MyDrive/MACROBATT/INPUT_PDF_FILES/27661040.pdf
127,Other_entity,we recommended no further exposure,0.8016446232795715,2,/content/drive/MyDrive/MACROBATT/INPUT_PDF_FILES/27661040.pdf
128,Diagnostic_procedure,ASAT,0.999630331993103,2,/content/drive/MyDrive/MACROBATT/INPUT_PDF_FILES/27661040.pdf
129,Diagnostic_procedure,ALAT,0.9997244477272034,2,/content/drive/MyDrive/MACROBATT/INPUT_PDF_FILES/27661040.pdf
130,Diagnostic_procedure,GGT,0.9981892704963684,2,/content/drive/MyDrive/MACROBATT/INPUT_PDF_FILES/27661040.pdf
