,Entity Group,Value,Score,Page,Pdf File
0,Age,19-year-old,0.9841256141662598,1,/content/drive/MyDrive/MACROBATT/INPUT_PDF_FILES/27683825.pdf
1,Sex,woman,0.9911202788352966,1,/content/drive/MyDrive/MACROBATT/INPUT_PDF_FILES/27683825.pdf
2,Family_history,child of healthy unrelated,0.8400815725326538,1,/content/drive/MyDrive/MACROBATT/INPUT_PDF_FILES/27683825.pdf
3,Family_history,family history was unremarkable,0.9815292954444885,1,/content/drive/MyDrive/MACROBATT/INPUT_PDF_FILES/27683825.pdf
4,Clinical_event,born,0.9860964417457581,1,/content/drive/MyDrive/MACROBATT/INPUT_PDF_FILES/27683825.pdf
5,Detailed_description,at term,0.9945326447486877,1,/content/drive/MyDrive/MACROBATT/INPUT_PDF_FILES/27683825.pdf
6,Lab_value,normal,0.997097373008728,1,/content/drive/MyDrive/MACROBATT/INPUT_PDF_FILES/27683825.pdf
7,Diagnostic_procedure,perinatal period,0.9999597072601318,1,/content/drive/MyDrive/MACROBATT/INPUT_PDF_FILES/27683825.pdf
8,Diagnostic_procedure,perinatal,0.998824417591095,1,/content/drive/MyDrive/MACROBATT/INPUT_PDF_FILES/27683825.pdf
9,Lab_value,uneventful,0.9995098114013672,1,/content/drive/MyDrive/MACROBATT/INPUT_PDF_FILES/27683825.pdf
10,Diagnostic_procedure,early development,0.9999409914016724,1,/content/drive/MyDrive/MACROBATT/INPUT_PDF_FILES/27683825.pdf
11,Date,1 year,0.9997215270996094,1,/content/drive/MyDrive/MACROBATT/INPUT_PDF_FILES/27683825.pdf
12,Disease_disorder,psychomotor delay,0.9998102188110352,1,/content/drive/MyDrive/MACROBATT/INPUT_PDF_FILES/27683825.pdf
13,Activity,walking,0.9977230429649353,1,/content/drive/MyDrive/MACROBATT/INPUT_PDF_FILES/27683825.pdf
14,Detailed_description,autonomously,0.9999152421951294,1,/content/drive/MyDrive/MACROBATT/INPUT_PDF_FILES/27683825.pdf
15,Lab_value,poor,0.9994544386863708,1,/content/drive/MyDrive/MACROBATT/INPUT_PDF_FILES/27683825.pdf
16,Diagnostic_procedure,balance,0.9997058510780334,1,/content/drive/MyDrive/MACROBATT/INPUT_PDF_FILES/27683825.pdf
17,Frequency,frequent,0.9966434240341187,1,/content/drive/MyDrive/MACROBATT/INPUT_PDF_FILES/27683825.pdf
18,Date,3 years,0.9997636675834656,1,/content/drive/MyDrive/MACROBATT/INPUT_PDF_FILES/27683825.pdf
19,Disease_disorder,demyelinating,0.9992474317550659,1,/content/drive/MyDrive/MACROBATT/INPUT_PDF_FILES/27683825.pdf
20,Disease_disorder,demyelinating sensorimotor neuropathy,0.9995443820953369,1,/content/drive/MyDrive/MACROBATT/INPUT_PDF_FILES/27683825.pdf
21,Biological_structure,brain,0.999935507774353,1,/content/drive/MyDrive/MACROBATT/INPUT_PDF_FILES/27683825.pdf
22,Diagnostic_procedure,MRI,0.999962329864502,1,/content/drive/MyDrive/MACROBATT/INPUT_PDF_FILES/27683825.pdf
23,Biological_structure,supratentorial,0.5656071305274963,1,/content/drive/MyDrive/MACROBATT/INPUT_PDF_FILES/27683825.pdf
24,Disease_disorder,leukodystrophy,0.7484161257743835,1,/content/drive/MyDrive/MACROBATT/INPUT_PDF_FILES/27683825.pdf
25,Diagnostic_procedure,clinical signs,0.9284223318099976,1,/content/drive/MyDrive/MACROBATT/INPUT_PDF_FILES/27683825.pdf
26,Biological_structure,limb,0.9999285936355591,1,/content/drive/MyDrive/MACROBATT/INPUT_PDF_FILES/27683825.pdf
27,Sign_symptom,weakness,0.9999649524688721,1,/content/drive/MyDrive/MACROBATT/INPUT_PDF_FILES/27683825.pdf
28,Sign_symptom,tremor,0.9999719858169556,1,/content/drive/MyDrive/MACROBATT/INPUT_PDF_FILES/27683825.pdf
29,Diagnostic_procedure,neurological evaluation,0.9998065233230591,1,/content/drive/MyDrive/MACROBATT/INPUT_PDF_FILES/27683825.pdf
30,Sign_symptom,showed dysarthria dysmetria and,0.9999376535415649,1,/content/drive/MyDrive/MACROBATT/INPUT_PDF_FILES/27683825.pdf
31,Sign_symptom,dysarthria dysmetria,0.9193879961967468,1,/content/drive/MyDrive/MACROBATT/INPUT_PDF_FILES/27683825.pdf
32,Sign_symptom,dysmetria,0.8402356505393982,1,/content/drive/MyDrive/MACROBATT/INPUT_PDF_FILES/27683825.pdf
33,Sign_symptom,ataxic,0.959054708480835,1,/content/drive/MyDrive/MACROBATT/INPUT_PDF_FILES/27683825.pdf
34,Diagnostic_procedure,gait,0.9996168613433838,1,/content/drive/MyDrive/MACROBATT/INPUT_PDF_FILES/27683825.pdf
35,Diagnostic_procedure,gait with,0.9913300275802612,1,/content/drive/MyDrive/MACROBATT/INPUT_PDF_FILES/27683825.pdf
36,Sign_symptom,The showed dysarthria hyporeflexia the with,0.9999492168426514,1,/content/drive/MyDrive/MACROBATT/INPUT_PDF_FILES/27683825.pdf
37,Sign_symptom,hyporeflexia,0.9998587369918823,1,/content/drive/MyDrive/MACROBATT/INPUT_PDF_FILES/27683825.pdf
38,Biological_structure,four,0.9995837807655334,1,/content/drive/MyDrive/MACROBATT/INPUT_PDF_FILES/27683825.pdf
39,Biological_structure,limbs,0.8988617062568665,1,/content/drive/MyDrive/MACROBATT/INPUT_PDF_FILES/27683825.pdf
40,Biological_structure,muscle,0.9999282360076904,1,/content/drive/MyDrive/MACROBATT/INPUT_PDF_FILES/27683825.pdf
41,Activity,walk,0.9988541603088379,1,/content/drive/MyDrive/MACROBATT/INPUT_PDF_FILES/27683825.pdf
42,Detailed_description,alone,0.9997005462646484,1,/content/drive/MyDrive/MACROBATT/INPUT_PDF_FILES/27683825.pdf
43,Lab_value,only for was able walk alone a an ataxic gait few steps,0.9996374845504761,1,/content/drive/MyDrive/MACROBATT/INPUT_PDF_FILES/27683825.pdf
44,Severity,Mild,0.9997819066047668,1,/content/drive/MyDrive/MACROBATT/INPUT_PDF_FILES/27683825.pdf
45,Disease_disorder,cognitive impairment,0.9994021654129028,1,/content/drive/MyDrive/MACROBATT/INPUT_PDF_FILES/27683825.pdf
46,Diagnostic_procedure,Histological analysis,0.9999281167984009,1,/content/drive/MyDrive/MACROBATT/INPUT_PDF_FILES/27683825.pdf
47,Diagnostic_procedure,biopsy,0.999906063079834,1,/content/drive/MyDrive/MACROBATT/INPUT_PDF_FILES/27683825.pdf
48,Sign_symptom,showed hypo/atrophy,0.9999666213989258,1,/content/drive/MyDrive/MACROBATT/INPUT_PDF_FILES/27683825.pdf
49,Sign_symptom,hypo/atrophy,0.9816365838050842,1,/content/drive/MyDrive/MACROBATT/INPUT_PDF_FILES/27683825.pdf
50,Diagnostic_procedure,clinical evolution,0.9999462962150574,1,/content/drive/MyDrive/MACROBATT/INPUT_PDF_FILES/27683825.pdf
51,Clinical_event,follow-up,0.9997918009757996,1,/content/drive/MyDrive/MACROBATT/INPUT_PDF_FILES/27683825.pdf
52,Date,19 years of,0.9837021231651306,1,/content/drive/MyDrive/MACROBATT/INPUT_PDF_FILES/27683825.pdf
53,Detailed_description,ankle-foot,0.9993907809257507,1,/content/drive/MyDrive/MACROBATT/INPUT_PDF_FILES/27683825.pdf
54,Therapeutic_procedure,orthotic aids,0.956800639629364,1,/content/drive/MyDrive/MACROBATT/INPUT_PDF_FILES/27683825.pdf
55,Severity,marked,0.9985737800598145,1,/content/drive/MyDrive/MACROBATT/INPUT_PDF_FILES/27683825.pdf
56,Biological_structure,dorsal-lumbar,0.9999573230743408,1,/content/drive/MyDrive/MACROBATT/INPUT_PDF_FILES/27683825.pdf
57,Diagnostic_procedure,Neurophysiological,0.9999686479568481,1,/content/drive/MyDrive/MACROBATT/INPUT_PDF_FILES/27683825.pdf
58,Diagnostic_procedure,Neurophysiological studies,0.9906498789787292,1,/content/drive/MyDrive/MACROBATT/INPUT_PDF_FILES/27683825.pdf
59,Lab_value,worsening,0.9998819828033447,1,/content/drive/MyDrive/MACROBATT/INPUT_PDF_FILES/27683825.pdf
60,Detailed_description,mixed,0.9996787309646606,1,/content/drive/MyDrive/MACROBATT/INPUT_PDF_FILES/27683825.pdf
61,Biological_structure,axonal,0.9999314546585083,1,/content/drive/MyDrive/MACROBATT/INPUT_PDF_FILES/27683825.pdf
62,Biological_structure,Brain,0.999969482421875,1,/content/drive/MyDrive/MACROBATT/INPUT_PDF_FILES/27683825.pdf
63,Biological_structure,spinal spinal cord cord,0.9999364614486694,1,/content/drive/MyDrive/MACROBATT/INPUT_PDF_FILES/27683825.pdf
64,Severity,mild,0.9997877478599548,1,/content/drive/MyDrive/MACROBATT/INPUT_PDF_FILES/27683825.pdf
65,Lab_value,extension,0.9851544499397278,1,/content/drive/MyDrive/MACROBATT/INPUT_PDF_FILES/27683825.pdf
66,Sign_symptom,signal abnormalities,0.8219161033630371,1,/content/drive/MyDrive/MACROBATT/INPUT_PDF_FILES/27683825.pdf
67,Severity,extensive,0.9996993541717529,1,/content/drive/MyDrive/MACROBATT/INPUT_PDF_FILES/27683825.pdf
68,Sign_symptom,cavitations focal,0.9999657869338989,1,/content/drive/MyDrive/MACROBATT/INPUT_PDF_FILES/27683825.pdf
69,Sign_symptom,cavitations,0.7671719789505005,1,/content/drive/MyDrive/MACROBATT/INPUT_PDF_FILES/27683825.pdf
70,Biological_structure,cerebral,0.9999386072158813,1,/content/drive/MyDrive/MACROBATT/INPUT_PDF_FILES/27683825.pdf
71,Biological_structure,cerebellum,0.9998006820678711,1,/content/drive/MyDrive/MACROBATT/INPUT_PDF_FILES/27683825.pdf
72,Biological_structure,brainstem,0.9999399185180664,1,/content/drive/MyDrive/MACROBATT/INPUT_PDF_FILES/27683825.pdf
73,Sign_symptom,spared,0.9998769760131836,1,/content/drive/MyDrive/MACROBATT/INPUT_PDF_FILES/27683825.pdf
74,Sign_symptom,thin,0.9999016523361206,1,/content/drive/MyDrive/MACROBATT/INPUT_PDF_FILES/27683825.pdf
75,Detailed_description,focal,0.9999624490737915,1,/content/drive/MyDrive/MACROBATT/INPUT_PDF_FILES/27683825.pdf
76,Sign_symptom,lesions,0.9999558925628662,1,/content/drive/MyDrive/MACROBATT/INPUT_PDF_FILES/27683825.pdf
77,Diagnostic_procedure,Plasma lactate,0.9999547004699707,1,/content/drive/MyDrive/MACROBATT/INPUT_PDF_FILES/27683825.pdf
78,Lab_value,2.9 mM,0.9997674226760864,1,/content/drive/MyDrive/MACROBATT/INPUT_PDF_FILES/27683825.pdf
