,Entity Group,Value,Score,Page,Pdf File
0,Age,69-year-old,0.9985923767089844,1,/content/drive/MyDrive/MACROBATT/INPUT_PDF_FILES/27773410.pdf
1,Sex,male,0.998898983001709,1,/content/drive/MyDrive/MACROBATT/INPUT_PDF_FILES/27773410.pdf
2,History,diabetic,0.992011547088623,1,/content/drive/MyDrive/MACROBATT/INPUT_PDF_FILES/27773410.pdf
3,Clinical_event,admitted,0.9997625946998596,1,/content/drive/MyDrive/MACROBATT/INPUT_PDF_FILES/27773410.pdf
4,Detailed_description,acute,0.9997746348381042,1,/content/drive/MyDrive/MACROBATT/INPUT_PDF_FILES/27773410.pdf
5,Disease_disorder,left ventricular (,0.9995937347412109,1,/content/drive/MyDrive/MACROBATT/INPUT_PDF_FILES/27773410.pdf
6,Disease_disorder,LV ) failure,0.9838671088218689,1,/content/drive/MyDrive/MACROBATT/INPUT_PDF_FILES/27773410.pdf
7,Detailed_description,intensive,0.9997089505195618,1,/content/drive/MyDrive/MACROBATT/INPUT_PDF_FILES/27773410.pdf
8,Therapeutic_procedure,decongestive,0.9997237324714661,1,/content/drive/MyDrive/MACROBATT/INPUT_PDF_FILES/27773410.pdf
9,Severity,severe,0.9995434880256653,1,/content/drive/MyDrive/MACROBATT/INPUT_PDF_FILES/27773410.pdf
10,Biological_structure,peripheral,0.9999257326126099,1,/content/drive/MyDrive/MACROBATT/INPUT_PDF_FILES/27773410.pdf
11,Sign_symptom,edema,0.9999557733535767,1,/content/drive/MyDrive/MACROBATT/INPUT_PDF_FILES/27773410.pdf
12,Detailed_description,bilateral,0.9999563694000244,1,/content/drive/MyDrive/MACROBATT/INPUT_PDF_FILES/27773410.pdf
13,Detailed_description,basal,0.999970555305481,1,/content/drive/MyDrive/MACROBATT/INPUT_PDF_FILES/27773410.pdf
14,Sign_symptom,crepitations,0.999969482421875,1,/content/drive/MyDrive/MACROBATT/INPUT_PDF_FILES/27773410.pdf
15,Diagnostic_procedure,workup,0.9995214939117432,1,/content/drive/MyDrive/MACROBATT/INPUT_PDF_FILES/27773410.pdf
16,Lab_value,normal,0.9997068047523499,1,/content/drive/MyDrive/MACROBATT/INPUT_PDF_FILES/27773410.pdf
17,Diagnostic_procedure,troponine,0.9999171495437622,1,/content/drive/MyDrive/MACROBATT/INPUT_PDF_FILES/27773410.pdf
18,Diagnostic_procedure,CPK- MB,0.9995406866073608,1,/content/drive/MyDrive/MACROBATT/INPUT_PDF_FILES/27773410.pdf
19,Diagnostic_procedure,BNP,0.9999420642852783,1,/content/drive/MyDrive/MACROBATT/INPUT_PDF_FILES/27773410.pdf
20,Lab_value,1230 pg/ml,0.9997549057006836,1,/content/drive/MyDrive/MACROBATT/INPUT_PDF_FILES/27773410.pdf
21,Diagnostic_procedure,Echocardiographic assessment,0.9999111890792847,1,/content/drive/MyDrive/MACROBATT/INPUT_PDF_FILES/27773410.pdf
22,Diagnostic_procedure,LVEF LV,0.9995831847190857,1,/content/drive/MyDrive/MACROBATT/INPUT_PDF_FILES/27773410.pdf
23,Diagnostic_procedure,LVEF,0.9983074069023132,1,/content/drive/MyDrive/MACROBATT/INPUT_PDF_FILES/27773410.pdf
24,Lab_value,10 %,0.9998950362205505,1,/content/drive/MyDrive/MACROBATT/INPUT_PDF_FILES/27773410.pdf
25,Sign_symptom,dilated,0.9979984164237976,1,/content/drive/MyDrive/MACROBATT/INPUT_PDF_FILES/27773410.pdf
26,Diagnostic_procedure,pulmonary artery,0.9247875213623047,1,/content/drive/MyDrive/MACROBATT/INPUT_PDF_FILES/27773410.pdf
27,Diagnostic_procedure,systolic,0.8184325695037842,1,/content/drive/MyDrive/MACROBATT/INPUT_PDF_FILES/27773410.pdf
28,Diagnostic_procedure,pressure pressure,0.5999948382377625,1,/content/drive/MyDrive/MACROBATT/INPUT_PDF_FILES/27773410.pdf
29,Diagnostic_procedure,PASP,0.9963133931159973,1,/content/drive/MyDrive/MACROBATT/INPUT_PDF_FILES/27773410.pdf
30,Lab_value,70 mm of of of Hg,0.9999263882637024,1,/content/drive/MyDrive/MACROBATT/INPUT_PDF_FILES/27773410.pdf
31,Lab_value,features,0.9976244568824768,1,/content/drive/MyDrive/MACROBATT/INPUT_PDF_FILES/27773410.pdf
32,Lab_value,raised,0.999846339225769,1,/content/drive/MyDrive/MACROBATT/INPUT_PDF_FILES/27773410.pdf
33,Diagnostic_procedure,Angiography,0.999901533126831,1,/content/drive/MyDrive/MACROBATT/INPUT_PDF_FILES/27773410.pdf
34,Duration,after 3 days,0.9996671080589294,1,/content/drive/MyDrive/MACROBATT/INPUT_PDF_FILES/27773410.pdf
35,Therapeutic_procedure,decongestive therapy,0.9993760585784912,1,/content/drive/MyDrive/MACROBATT/INPUT_PDF_FILES/27773410.pdf
36,Severity,critical,0.9994006156921387,1,/content/drive/MyDrive/MACROBATT/INPUT_PDF_FILES/27773410.pdf
37,Disease_disorder,triple vessel disease disease,0.999854564666748,1,/content/drive/MyDrive/MACROBATT/INPUT_PDF_FILES/27773410.pdf
38,Biological_structure,left main,0.9999339580535889,1,/content/drive/MyDrive/MACROBATT/INPUT_PDF_FILES/27773410.pdf
39,Disease_disorder,coronary,0.9997537732124329,1,/content/drive/MyDrive/MACROBATT/INPUT_PDF_FILES/27773410.pdf
40,Disease_disorder,coronary artery artery disease disease,0.9730811715126038,1,/content/drive/MyDrive/MACROBATT/INPUT_PDF_FILES/27773410.pdf
41,Clinical_event,referred,0.999313473701477,1,/content/drive/MyDrive/MACROBATT/INPUT_PDF_FILES/27773410.pdf
42,Medication,frusemide,0.9296441674232483,1,/content/drive/MyDrive/MACROBATT/INPUT_PDF_FILES/27773410.pdf
43,Administration,infusion,0.9982897639274597,1,/content/drive/MyDrive/MACROBATT/INPUT_PDF_FILES/27773410.pdf
44,Administration,oral,0.9995334148406982,1,/content/drive/MyDrive/MACROBATT/INPUT_PDF_FILES/27773410.pdf
45,Medication,ramipril,0.9998396635055542,1,/content/drive/MyDrive/MACROBATT/INPUT_PDF_FILES/27773410.pdf
46,Medication,oral aldactone,0.9998717308044434,1,/content/drive/MyDrive/MACROBATT/INPUT_PDF_FILES/27773410.pdf
47,Medication,aldactone,0.7805516123771667,1,/content/drive/MyDrive/MACROBATT/INPUT_PDF_FILES/27773410.pdf
48,Therapeutic_procedure,OPCAB,0.9760556817054749,1,/content/drive/MyDrive/MACROBATT/INPUT_PDF_FILES/27773410.pdf
49,Date,1 week after,0.9993548393249512,1,/content/drive/MyDrive/MACROBATT/INPUT_PDF_FILES/27773410.pdf
50,Diagnostic_procedure,Renal function,0.9999344348907471,1,/content/drive/MyDrive/MACROBATT/INPUT_PDF_FILES/27773410.pdf
51,Detailed_description,monitored to adjust,0.8890113234519958,1,/content/drive/MyDrive/MACROBATT/INPUT_PDF_FILES/27773410.pdf
52,Diagnostic_procedure,STS risk of mortality,0.9999271631240845,1,/content/drive/MyDrive/MACROBATT/INPUT_PDF_FILES/27773410.pdf
53,Lab_value,2.4,0.9996367692947388,1,/content/drive/MyDrive/MACROBATT/INPUT_PDF_FILES/27773410.pdf
54,Diagnostic_procedure,echocardiographic assessment,0.9015410542488098,1,/content/drive/MyDrive/MACROBATT/INPUT_PDF_FILES/27773410.pdf
55,Lab_value,improvement,0.9999427795410156,1,/content/drive/MyDrive/MACROBATT/INPUT_PDF_FILES/27773410.pdf
56,Lab_value,15 %,0.9999322295188904,1,/content/drive/MyDrive/MACROBATT/INPUT_PDF_FILES/27773410.pdf
57,Lab_value,decrease decrease,0.9999481439590454,1,/content/drive/MyDrive/MACROBATT/INPUT_PDF_FILES/27773410.pdf
58,Lab_value,30 mm Hg,0.9997248649597168,1,/content/drive/MyDrive/MACROBATT/INPUT_PDF_FILES/27773410.pdf
59,Detailed_description,median,0.9759742617607117,1,/content/drive/MyDrive/MACROBATT/INPUT_PDF_FILES/27773410.pdf
60,Biological_structure,Left ITA,0.9998806118965149,1,/content/drive/MyDrive/MACROBATT/INPUT_PDF_FILES/27773410.pdf
61,Therapeutic_procedure,grafting,0.79248046875,1,/content/drive/MyDrive/MACROBATT/INPUT_PDF_FILES/27773410.pdf
62,Biological_structure,left anterior descending artery,0.9998917579650879,1,/content/drive/MyDrive/MACROBATT/INPUT_PDF_FILES/27773410.pdf
63,Therapeutic_procedure,revascularizing,0.9999074935913086,1,/content/drive/MyDrive/MACROBATT/INPUT_PDF_FILES/27773410.pdf
64,Therapeutic_procedure,revascularizing was,0.9989724159240723,1,/content/drive/MyDrive/MACROBATT/INPUT_PDF_FILES/27773410.pdf
65,Biological_structure,right ITA RITA,0.9998278021812439,1,/content/drive/MyDrive/MACROBATT/INPUT_PDF_FILES/27773410.pdf
66,Therapeutic_procedure,graft,0.7955272197723389,1,/content/drive/MyDrive/MACROBATT/INPUT_PDF_FILES/27773410.pdf
67,Detailed_description,distal,0.9996392726898193,1,/content/drive/MyDrive/MACROBATT/INPUT_PDF_FILES/27773410.pdf
68,Biological_structure,RITA,0.999803364276886,1,/content/drive/MyDrive/MACROBATT/INPUT_PDF_FILES/27773410.pdf
69,Detailed_description,significant,0.8712220788002014,1,/content/drive/MyDrive/MACROBATT/INPUT_PDF_FILES/27773410.pdf
70,Detailed_description,systolic anastomosis,0.5477014780044556,1,/content/drive/MyDrive/MACROBATT/INPUT_PDF_FILES/27773410.pdf
71,Diagnostic_procedure,blood pressure,0.9999558925628662,1,/content/drive/MyDrive/MACROBATT/INPUT_PDF_FILES/27773410.pdf
72,Therapeutic_procedure,grafts,0.8482394218444824,1,/content/drive/MyDrive/MACROBATT/INPUT_PDF_FILES/27773410.pdf
73,Biological_structure,heart,0.9999078512191772,1,/content/drive/MyDrive/MACROBATT/INPUT_PDF_FILES/27773410.pdf
74,Therapeutic_procedure,lifted,0.999811589717865,1,/content/drive/MyDrive/MACROBATT/INPUT_PDF_FILES/27773410.pdf
75,Therapeutic_procedure,incision,0.9965443015098572,1,/content/drive/MyDrive/MACROBATT/INPUT_PDF_FILES/27773410.pdf
76,Therapeutic_procedure,open the the the sternum,0.9963008165359497,1,/content/drive/MyDrive/MACROBATT/INPUT_PDF_FILES/27773410.pdf
77,Therapeutic_procedure,release pericardium,0.9748228192329407,1,/content/drive/MyDrive/MACROBATT/INPUT_PDF_FILES/27773410.pdf
78,Detailed_description,headlow,0.999815821647644,1,/content/drive/MyDrive/MACROBATT/INPUT_PDF_FILES/27773410.pdf
79,Detailed_description,lateral tilt,0.9995367527008057,1,/content/drive/MyDrive/MACROBATT/INPUT_PDF_FILES/27773410.pdf
80,Dosage,Liberal doses,0.999648928642273,1,/content/drive/MyDrive/MACROBATT/INPUT_PDF_FILES/27773410.pdf
81,Medication,inotropic,0.913288950920105,1,/content/drive/MyDrive/MACROBATT/INPUT_PDF_FILES/27773410.pdf
82,Medication,inotropic support,0.8922443985939026,1,/content/drive/MyDrive/MACROBATT/INPUT_PDF_FILES/27773410.pdf
83,Detailed_description,sequential,0.999687910079956,1,/content/drive/MyDrive/MACROBATT/INPUT_PDF_FILES/27773410.pdf
84,Biological_structure,posterior posterior LV,0.9927058219909668,1,/content/drive/MyDrive/MACROBATT/INPUT_PDF_FILES/27773410.pdf
85,Biological_structure,posterior posterior,0.9993143081665039,1,/content/drive/MyDrive/MACROBATT/INPUT_PDF_FILES/27773410.pdf
86,Lab_value,five,0.997627317905426,1,/content/drive/MyDrive/MACROBATT/INPUT_PDF_FILES/27773410.pdf
87,Therapeutic_procedure,anastamoses,0.9505308866500854,1,/content/drive/MyDrive/MACROBATT/INPUT_PDF_FILES/27773410.pdf
88,Therapeutic_procedure,ventilated,0.8347181677818298,1,/content/drive/MyDrive/MACROBATT/INPUT_PDF_FILES/27773410.pdf
89,Diagnostic_procedure,Echocardiography,0.9997597336769104,1,/content/drive/MyDrive/MACROBATT/INPUT_PDF_FILES/27773410.pdf
90,Date,1st POD,0.9997280240058899,1,/content/drive/MyDrive/MACROBATT/INPUT_PDF_FILES/27773410.pdf
91,Dosage,low dose,0.9996312856674194,1,/content/drive/MyDrive/MACROBATT/INPUT_PDF_FILES/27773410.pdf
92,Medication,beta blockers,0.9996816515922546,1,/content/drive/MyDrive/MACROBATT/INPUT_PDF_FILES/27773410.pdf
93,Medication,inotropic supports,0.9928345680236816,1,/content/drive/MyDrive/MACROBATT/INPUT_PDF_FILES/27773410.pdf
94,Lab_value,slow,0.9997254014015198,1,/content/drive/MyDrive/MACROBATT/INPUT_PDF_FILES/27773410.pdf
95,Lab_value,uneventful,0.9788842797279358,1,/content/drive/MyDrive/MACROBATT/INPUT_PDF_FILES/27773410.pdf
96,Date,4th POD,0.9996929168701172,1,/content/drive/MyDrive/MACROBATT/INPUT_PDF_FILES/27773410.pdf
97,Lab_value,30 %,0.9999213814735413,1,/content/drive/MyDrive/MACROBATT/INPUT_PDF_FILES/27773410.pdf
98,Detailed_description,persistent,0.9998341798782349,1,/content/drive/MyDrive/MACROBATT/INPUT_PDF_FILES/27773410.pdf
99,Sign_symptom,pleural drainage,0.9835795164108276,1,/content/drive/MyDrive/MACROBATT/INPUT_PDF_FILES/27773410.pdf
100,Clinical_event,discharged,0.9992974996566772,1,/content/drive/MyDrive/MACROBATT/INPUT_PDF_FILES/27773410.pdf
101,Medication,discharged diuretics,0.950918972492218,1,/content/drive/MyDrive/MACROBATT/INPUT_PDF_FILES/27773410.pdf
102,Medication,diuretics,0.9681592583656311,1,/content/drive/MyDrive/MACROBATT/INPUT_PDF_FILES/27773410.pdf
103,Medication,beta,0.9980117082595825,1,/content/drive/MyDrive/MACROBATT/INPUT_PDF_FILES/27773410.pdf
