,Entity Group,Value,Score,Page,Pdf File
0,Age,59-year-old,0.9977523684501648,1,/content/drive/MyDrive/MACROBATT/INPUT_PDF_FILES/27821134.pdf
1,Sex,man,0.9997965693473816,1,/content/drive/MyDrive/MACROBATT/INPUT_PDF_FILES/27821134.pdf
2,Sign_symptom,Fluctuations,0.9998121857643127,1,/content/drive/MyDrive/MACROBATT/INPUT_PDF_FILES/27821134.pdf
3,Other_event,“ off ” states,0.9364635944366455,1,/content/drive/MyDrive/MACROBATT/INPUT_PDF_FILES/27821134.pdf
4,Detailed_description,peak dose,0.9997810125350952,1,/content/drive/MyDrive/MACROBATT/INPUT_PDF_FILES/27821134.pdf
5,Disease_disorder,and dose dyskinesias had diminished,0.9998183846473694,1,/content/drive/MyDrive/MACROBATT/INPUT_PDF_FILES/27821134.pdf
6,Disease_disorder,dyskinesias,0.9948244094848633,1,/content/drive/MyDrive/MACROBATT/INPUT_PDF_FILES/27821134.pdf
7,Lab_value,diminished,0.8397485613822937,1,/content/drive/MyDrive/MACROBATT/INPUT_PDF_FILES/27821134.pdf
8,Detailed_description,bilateral,0.9999561309814453,1,/content/drive/MyDrive/MACROBATT/INPUT_PDF_FILES/27821134.pdf
9,Detailed_description,subthalamic,0.9998942613601685,1,/content/drive/MyDrive/MACROBATT/INPUT_PDF_FILES/27821134.pdf
10,Therapeutic_procedure,DBS,0.997717022895813,1,/content/drive/MyDrive/MACROBATT/INPUT_PDF_FILES/27821134.pdf
11,Diagnostic_procedure,Multidisciplinary,0.9999302625656128,1,/content/drive/MyDrive/MACROBATT/INPUT_PDF_FILES/27821134.pdf
12,Diagnostic_procedure,Multidisciplinary evaluation,0.821840763092041,1,/content/drive/MyDrive/MACROBATT/INPUT_PDF_FILES/27821134.pdf
13,Lab_value,75 % positive,0.999603271484375,1,/content/drive/MyDrive/MACROBATT/INPUT_PDF_FILES/27821134.pdf
14,Medication,levodopa relevant,0.9997190833091736,1,/content/drive/MyDrive/MACROBATT/INPUT_PDF_FILES/27821134.pdf
15,Medication,levodopa,0.9575148820877075,1,/content/drive/MyDrive/MACROBATT/INPUT_PDF_FILES/27821134.pdf
16,Disease_disorder,cognitive decline,0.9993917942047119,1,/content/drive/MyDrive/MACROBATT/INPUT_PDF_FILES/27821134.pdf
17,Disease_disorder,comorbitity,0.7157557010650635,1,/content/drive/MyDrive/MACROBATT/INPUT_PDF_FILES/27821134.pdf
18,Disease_disorder,brain damage,0.9990166425704956,1,/content/drive/MyDrive/MACROBATT/INPUT_PDF_FILES/27821134.pdf
19,Therapeutic_procedure,surgery,0.9991292357444763,1,/content/drive/MyDrive/MACROBATT/INPUT_PDF_FILES/27821134.pdf
20,Medication,medication,0.9979446530342102,1,/content/drive/MyDrive/MACROBATT/INPUT_PDF_FILES/27821134.pdf
21,Dosage,1112.5 mg mg,0.9996830224990845,1,/content/drive/MyDrive/MACROBATT/INPUT_PDF_FILES/27821134.pdf
22,Dosage,150 mg mg,0.9996602535247803,1,/content/drive/MyDrive/MACROBATT/INPUT_PDF_FILES/27821134.pdf
23,Medication,piribedil,0.965103268623352,1,/content/drive/MyDrive/MACROBATT/INPUT_PDF_FILES/27821134.pdf
24,Biological_structure,orofacial,0.9822522401809692,1,/content/drive/MyDrive/MACROBATT/INPUT_PDF_FILES/27821134.pdf
25,Other_event,“ on ” state,0.8799777626991272,1,/content/drive/MyDrive/MACROBATT/INPUT_PDF_FILES/27821134.pdf
26,Sign_symptom,alert,0.9998352527618408,1,/content/drive/MyDrive/MACROBATT/INPUT_PDF_FILES/27821134.pdf
27,Sign_symptom,psychiatric,0.9792415499687195,1,/content/drive/MyDrive/MACROBATT/INPUT_PDF_FILES/27821134.pdf
28,Diagnostic_procedure,Neuropsychological testing,0.9393336176872253,1,/content/drive/MyDrive/MACROBATT/INPUT_PDF_FILES/27821134.pdf
29,Biological_structure,cranial,0.9995068311691284,1,/content/drive/MyDrive/MACROBATT/INPUT_PDF_FILES/27821134.pdf
30,Sign_symptom,nerve deficits,0.9999269843101501,1,/content/drive/MyDrive/MACROBATT/INPUT_PDF_FILES/27821134.pdf
31,Diagnostic_procedure,swallowing,0.9998316764831543,1,/content/drive/MyDrive/MACROBATT/INPUT_PDF_FILES/27821134.pdf
32,Diagnostic_procedure,Gait,0.9672209024429321,1,/content/drive/MyDrive/MACROBATT/INPUT_PDF_FILES/27821134.pdf
33,Diagnostic_procedure,postural,0.999970555305481,1,/content/drive/MyDrive/MACROBATT/INPUT_PDF_FILES/27821134.pdf
34,Diagnostic_procedure,postural stability,0.8328067064285278,1,/content/drive/MyDrive/MACROBATT/INPUT_PDF_FILES/27821134.pdf
35,Lab_value,normal,0.9998815059661865,1,/content/drive/MyDrive/MACROBATT/INPUT_PDF_FILES/27821134.pdf
36,Severity,minimal,0.9995290040969849,1,/content/drive/MyDrive/MACROBATT/INPUT_PDF_FILES/27821134.pdf
37,Sign_symptom,rigidity,0.9997485876083374,1,/content/drive/MyDrive/MACROBATT/INPUT_PDF_FILES/27821134.pdf
38,Biological_structure,neck,0.9998873472213745,1,/content/drive/MyDrive/MACROBATT/INPUT_PDF_FILES/27821134.pdf
39,Diagnostic_procedure,Coordinative,0.999931812286377,1,/content/drive/MyDrive/MACROBATT/INPUT_PDF_FILES/27821134.pdf
40,Diagnostic_procedure,Coordinative motor skills,0.9615200161933899,1,/content/drive/MyDrive/MACROBATT/INPUT_PDF_FILES/27821134.pdf
41,Diagnostic_procedure,pro- and hand supination,0.999906599521637,1,/content/drive/MyDrive/MACROBATT/INPUT_PDF_FILES/27821134.pdf
42,Lab_value,restricted,0.9986244440078735,1,/content/drive/MyDrive/MACROBATT/INPUT_PDF_FILES/27821134.pdf
43,Sign_symptom,Dyskinesias,0.9996393918991089,1,/content/drive/MyDrive/MACROBATT/INPUT_PDF_FILES/27821134.pdf
44,Severity,moderate,0.9997186064720154,1,/content/drive/MyDrive/MACROBATT/INPUT_PDF_FILES/27821134.pdf
45,Other_event,off ” state,0.8763638138771057,1,/content/drive/MyDrive/MACROBATT/INPUT_PDF_FILES/27821134.pdf
46,Severity,mild,0.9997720122337341,1,/content/drive/MyDrive/MACROBATT/INPUT_PDF_FILES/27821134.pdf
47,Sign_symptom,dysarthria,0.9406868815422058,1,/content/drive/MyDrive/MACROBATT/INPUT_PDF_FILES/27821134.pdf
48,Sign_symptom,medication held showed mild dysarthria and dysphonia and hand,0.9999213218688965,1,/content/drive/MyDrive/MACROBATT/INPUT_PDF_FILES/27821134.pdf
49,Sign_symptom,dysarthria dysphonia,0.999671220779419,1,/content/drive/MyDrive/MACROBATT/INPUT_PDF_FILES/27821134.pdf
50,Sign_symptom,dysphonia,0.9992786049842834,1,/content/drive/MyDrive/MACROBATT/INPUT_PDF_FILES/27821134.pdf
51,Detailed_description,resting,0.9999284744262695,1,/content/drive/MyDrive/MACROBATT/INPUT_PDF_FILES/27821134.pdf
52,Sign_symptom,tremor tremor,0.9999282360076904,1,/content/drive/MyDrive/MACROBATT/INPUT_PDF_FILES/27821134.pdf
53,Biological_structure,right right,0.690234899520874,1,/content/drive/MyDrive/MACROBATT/INPUT_PDF_FILES/27821134.pdf
54,Severity,slight,0.9993172883987427,1,/content/drive/MyDrive/MACROBATT/INPUT_PDF_FILES/27821134.pdf
55,Detailed_description,action,0.9980237483978271,1,/content/drive/MyDrive/MACROBATT/INPUT_PDF_FILES/27821134.pdf
56,Sign_symptom,Rigidity,0.9999249577522278,1,/content/drive/MyDrive/MACROBATT/INPUT_PDF_FILES/27821134.pdf
57,Severity,severe,0.9998363256454468,1,/content/drive/MyDrive/MACROBATT/INPUT_PDF_FILES/27821134.pdf
58,Severity,marked,0.9831933975219727,1,/content/drive/MyDrive/MACROBATT/INPUT_PDF_FILES/27821134.pdf
59,Detailed_description,left,0.9982337951660156,1,/content/drive/MyDrive/MACROBATT/INPUT_PDF_FILES/27821134.pdf
60,Diagnostic_procedure,Motor skills,0.9999347925186157,1,/content/drive/MyDrive/MACROBATT/INPUT_PDF_FILES/27821134.pdf
61,Biological_structure,hands,0.9999129772186279,1,/content/drive/MyDrive/MACROBATT/INPUT_PDF_FILES/27821134.pdf
62,Diagnostic_procedure,Gait intermittent,0.9998568296432495,1,/content/drive/MyDrive/MACROBATT/INPUT_PDF_FILES/27821134.pdf
63,Lab_value,slow,0.999728262424469,1,/content/drive/MyDrive/MACROBATT/INPUT_PDF_FILES/27821134.pdf
64,Lab_value,unaided,0.9996503591537476,1,/content/drive/MyDrive/MACROBATT/INPUT_PDF_FILES/27821134.pdf
65,Frequency,intermittent,0.998033344745636,1,/content/drive/MyDrive/MACROBATT/INPUT_PDF_FILES/27821134.pdf
66,Sign_symptom,unaided and comprised mild dystonic,0.9999349117279053,1,/content/drive/MyDrive/MACROBATT/INPUT_PDF_FILES/27821134.pdf
67,Sign_symptom,dystonic,0.9997089505195618,1,/content/drive/MyDrive/MACROBATT/INPUT_PDF_FILES/27821134.pdf
68,Sign_symptom,dystonic posturing,0.9960495829582214,1,/content/drive/MyDrive/MACROBATT/INPUT_PDF_FILES/27821134.pdf
69,Detailed_description,right,0.9996411800384521,1,/content/drive/MyDrive/MACROBATT/INPUT_PDF_FILES/27821134.pdf
70,Biological_structure,laryngeal,0.999953031539917,1,/content/drive/MyDrive/MACROBATT/INPUT_PDF_FILES/27821134.pdf
71,Sign_symptom,spasms,0.9782374501228333,1,/content/drive/MyDrive/MACROBATT/INPUT_PDF_FILES/27821134.pdf
72,Date,day before,0.9995101690292358,1,/content/drive/MyDrive/MACROBATT/INPUT_PDF_FILES/27821134.pdf
73,Time,07:00 p.m.,0.9544909596443176,1,/content/drive/MyDrive/MACROBATT/INPUT_PDF_FILES/27821134.pdf
74,Administration,bedtime dose dose,0.8738524317741394,1,/content/drive/MyDrive/MACROBATT/INPUT_PDF_FILES/27821134.pdf
75,Date,day,0.9993563294410706,1,/content/drive/MyDrive/MACROBATT/INPUT_PDF_FILES/27821134.pdf
76,Therapeutic_procedure,stereotactic frame,0.9975324869155884,1,/content/drive/MyDrive/MACROBATT/INPUT_PDF_FILES/27821134.pdf
77,Medication,local anaesthesia,0.997903048992157,1,/content/drive/MyDrive/MACROBATT/INPUT_PDF_FILES/27821134.pdf
78,Time,09:00 a.m.,0.9914076328277588,1,/content/drive/MyDrive/MACROBATT/INPUT_PDF_FILES/27821134.pdf
79,Date,a.m. O.R .,0.8595438599586487,1,/content/drive/MyDrive/MACROBATT/INPUT_PDF_FILES/27821134.pdf
80,Activity,semi-sitting position,0.9821019768714905,1,/content/drive/MyDrive/MACROBATT/INPUT_PDF_FILES/27821134.pdf
81,Nonbiological_location,O.R a.m. O.R .,0.9970107078552246,1,/content/drive/MyDrive/MACROBATT/INPUT_PDF_FILES/27821134.pdf
82,Biological_structure,head,0.9999195337295532,1,/content/drive/MyDrive/MACROBATT/INPUT_PDF_FILES/27821134.pdf
83,Detailed_description,slightly,0.9946075677871704,1,/content/drive/MyDrive/MACROBATT/INPUT_PDF_FILES/27821134.pdf
84,Activity,flexed,0.9205482006072998,1,/content/drive/MyDrive/MACROBATT/INPUT_PDF_FILES/27821134.pdf
85,Detailed_description,anteriorly,0.9998873472213745,1,/content/drive/MyDrive/MACROBATT/INPUT_PDF_FILES/27821134.pdf
86,Therapeutic_procedure,electrode,0.9995700716972351,1,/content/drive/MyDrive/MACROBATT/INPUT_PDF_FILES/27821134.pdf
87,Therapeutic_procedure,bur hole,0.9996902346611023,1,/content/drive/MyDrive/MACROBATT/INPUT_PDF_FILES/27821134.pdf
88,Sign_symptom,cramping,0.9999628067016602,1,/content/drive/MyDrive/MACROBATT/INPUT_PDF_FILES/27821134.pdf
89,Biological_structure,facial muscles,0.9999237656593323,1,/content/drive/MyDrive/MACROBATT/INPUT_PDF_FILES/27821134.pdf
90,Sign_symptom,difficulties breathing,0.9999021291732788,1,/content/drive/MyDrive/MACROBATT/INPUT_PDF_FILES/27821134.pdf
91,Diagnostic_procedure,pulse oximetry,0.9999473094940186,1,/content/drive/MyDrive/MACROBATT/INPUT_PDF_FILES/27821134.pdf
92,Lab_value,good,0.9996321201324463,1,/content/drive/MyDrive/MACROBATT/INPUT_PDF_FILES/27821134.pdf
93,Diagnostic_procedure,saturation,0.964400589466095,1,/content/drive/MyDrive/MACROBATT/INPUT_PDF_FILES/27821134.pdf
94,Sign_symptom,progressed dystonic dysarthria,0.9998849630355835,1,/content/drive/MyDrive/MACROBATT/INPUT_PDF_FILES/27821134.pdf
95,Diagnostic_procedure,Microelectrode recordings,0.9999368786811829,1,/content/drive/MyDrive/MACROBATT/INPUT_PDF_FILES/27821134.pdf
96,Diagnostic_procedure,macroelectrode test,0.9994236826896667,1,/content/drive/MyDrive/MACROBATT/INPUT_PDF_FILES/27821134.pdf
97,Detailed_description,high-pitched,0.992324709892273,1,/content/drive/MyDrive/MACROBATT/INPUT_PDF_FILES/27821134.pdf
98,Sign_symptom,inspiratory,0.8140096664428711,1,/content/drive/MyDrive/MACROBATT/INPUT_PDF_FILES/27821134.pdf
99,Detailed_description,high-pitched inspiratory,0.682569682598114,1,/content/drive/MyDrive/MACROBATT/INPUT_PDF_FILES/27821134.pdf
100,Sign_symptom,already inspiratory,0.8582928776741028,1,/content/drive/MyDrive/MACROBATT/INPUT_PDF_FILES/27821134.pdf
101,Diagnostic_procedure,Pulse oximetry,0.9999587535858154,1,/content/drive/MyDrive/MACROBATT/INPUT_PDF_FILES/27821134.pdf
102,Lab_value,decreasing oxygen saturation,0.9999008178710938,1,/content/drive/MyDrive/MACROBATT/INPUT_PDF_FILES/27821134.pdf
103,Time,02:15 p.m. p.m. .,0.9989915490150452,1,/content/drive/MyDrive/MACROBATT/INPUT_PDF_FILES/27821134.pdf
104,Detailed_description,narrow,0.9998875856399536,1,/content/drive/MyDrive/MACROBATT/INPUT_PDF_FILES/27821134.pdf
105,Detailed_description,complex,0.9998873472213745,1,/content/drive/MyDrive/MACROBATT/INPUT_PDF_FILES/27821134.pdf
106,Sign_symptom,tachycardia,0.9999517202377319,1,/content/drive/MyDrive/MACROBATT/INPUT_PDF_FILES/27821134.pdf
107,Therapeutic_procedure,Cardiac resuscitation,0.9996249079704285,1,/content/drive/MyDrive/MACROBATT/INPUT_PDF_FILES/27821134.pdf
108,Detailed_description,fiberoptically,0.990780770778656,1,/content/drive/MyDrive/MACROBATT/INPUT_PDF_FILES/27821134.pdf
109,Therapeutic_procedure,intubated,0.9603235721588135,1,/content/drive/MyDrive/MACROBATT/INPUT_PDF_FILES/27821134.pdf
110,Therapeutic_procedure,front bar,0.991840124130249,1,/content/drive/MyDrive/MACROBATT/INPUT_PDF_FILES/27821134.pdf
111,Detailed_description,fiberoptic,0.9802790284156799,1,/content/drive/MyDrive/MACROBATT/INPUT_PDF_FILES/27821134.pdf
112,Therapeutic_procedure,intubation,0.9613134860992432,1,/content/drive/MyDrive/MACROBATT/INPUT_PDF_FILES/27821134.pdf
113,Sign_symptom,spasm,0.924054741859436,1,/content/drive/MyDrive/MACROBATT/INPUT_PDF_FILES/27821134.pdf
114,Diagnostic_procedure,transthoracic echocardiogram,0.9996097087860107,1,/content/drive/MyDrive/MACROBATT/INPUT_PDF_FILES/27821134.pdf
115,Biological_structure,cardiac,0.9999063014984131,1,/content/drive/MyDrive/MACROBATT/INPUT_PDF_FILES/27821134.pdf
116,Sign_symptom,pathology,0.9999562501907349,1,/content/drive/MyDrive/MACROBATT/INPUT_PDF_FILES/27821134.pdf
117,Therapeutic_procedure,Stimulation,0.9998218417167664,1,/content/drive/MyDrive/MACROBATT/INPUT_PDF_FILES/27821134.pdf
118,Therapeutic_procedure,impulse generator,0.9997747540473938,1,/content/drive/MyDrive/MACROBATT/INPUT_PDF_FILES/27821134.pdf
119,Detailed_description,right,0.999970555305481,2,/content/drive/MyDrive/MACROBATT/INPUT_PDF_FILES/27821134.pdf
120,Detailed_description,permanent,0.9996587038040161,2,/content/drive/MyDrive/MACROBATT/INPUT_PDF_FILES/27821134.pdf
121,Therapeutic_procedure,electrode microelectrode,0.9962420463562012,2,/content/drive/MyDrive/MACROBATT/INPUT_PDF_FILES/27821134.pdf
122,Detailed_description,microelectrode,0.582471489906311,2,/content/drive/MyDrive/MACROBATT/INPUT_PDF_FILES/27821134.pdf
123,Dosage,50 mg,0.9997299909591675,2,/content/drive/MyDrive/MACROBATT/INPUT_PDF_FILES/27821134.pdf
124,Medication,levodopa,0.9998306035995483,2,/content/drive/MyDrive/MACROBATT/INPUT_PDF_FILES/27821134.pdf
125,Therapeutic_procedure,nasogastric tube,0.9907200932502747,2,/content/drive/MyDrive/MACROBATT/INPUT_PDF_FILES/27821134.pdf
126,Dosage,every two hours,0.9993531107902527,2,/content/drive/MyDrive/MACROBATT/INPUT_PDF_FILES/27821134.pdf
127,Biological_structure,head,0.9999358654022217,2,/content/drive/MyDrive/MACROBATT/INPUT_PDF_FILES/27821134.pdf
128,Clinical_event,transferred,0.9998682737350464,2,/content/drive/MyDrive/MACROBATT/INPUT_PDF_FILES/27821134.pdf
129,Nonbiological_location,intensive care unit,0.9997947812080383,2,/content/drive/MyDrive/MACROBATT/INPUT_PDF_FILES/27821134.pdf
130,Therapeutic_procedure,extubated,0.9197394847869873,2,/content/drive/MyDrive/MACROBATT/INPUT_PDF_FILES/27821134.pdf
131,Time,02:00 p.m. p.m. .,0.9973850250244141,2,/content/drive/MyDrive/MACROBATT/INPUT_PDF_FILES/27821134.pdf
132,Date,following day,0.822486400604248,2,/content/drive/MyDrive/MACROBATT/INPUT_PDF_FILES/27821134.pdf
133,Sign_symptom,neurological deficit,0.9999068379402161,2,/content/drive/MyDrive/MACROBATT/INPUT_PDF_FILES/27821134.pdf
134,Biological_structure,laryngeal,0.9999561309814453,2,/content/drive/MyDrive/MACROBATT/INPUT_PDF_FILES/27821134.pdf
135,Medication,medication,0.9997432827949524,2,/content/drive/MyDrive/MACROBATT/INPUT_PDF_FILES/27821134.pdf
136,Diagnostic_procedure,Cardiac workup,0.9999557137489319,2,/content/drive/MyDrive/MACROBATT/INPUT_PDF_FILES/27821134.pdf
137,Therapeutic_procedure,impulse generator,0.999768853187561,2,/content/drive/MyDrive/MACROBATT/INPUT_PDF_FILES/27821134.pdf
138,Date,7 days later,0.9998812675476074,2,/content/drive/MyDrive/MACROBATT/INPUT_PDF_FILES/27821134.pdf
139,Lab_value,good,0.9795011878013611,2,/content/drive/MyDrive/MACROBATT/INPUT_PDF_FILES/27821134.pdf
140,Diagnostic_procedure,symptom,0.9998630285263062,2,/content/drive/MyDrive/MACROBATT/INPUT_PDF_FILES/27821134.pdf
141,Diagnostic_procedure,symptom control,0.875364363193512,2,/content/drive/MyDrive/MACROBATT/INPUT_PDF_FILES/27821134.pdf
