,Entity Group,Value,Score,Page,Pdf File
0,Age,20-year-old,0.9955285787582397,1,/content/drive/MyDrive/MACROBATT/INPUT_PDF_FILES/27846860.pdf
1,History,previously healthy,0.9995436668395996,1,/content/drive/MyDrive/MACROBATT/INPUT_PDF_FILES/27846860.pdf
2,Personal_background,Bengali,0.9987479448318481,1,/content/drive/MyDrive/MACROBATT/INPUT_PDF_FILES/27846860.pdf
3,Sex,man,0.9995552897453308,1,/content/drive/MyDrive/MACROBATT/INPUT_PDF_FILES/27846860.pdf
4,Clinical_event,presented,0.9998615980148315,1,/content/drive/MyDrive/MACROBATT/INPUT_PDF_FILES/27846860.pdf
5,Nonbiological_location,hospital,0.9451210498809814,1,/content/drive/MyDrive/MACROBATT/INPUT_PDF_FILES/27846860.pdf
6,Sign_symptom,man anuria and,0.9999477863311768,1,/content/drive/MyDrive/MACROBATT/INPUT_PDF_FILES/27846860.pdf
7,Sign_symptom,anuria,0.9999330043792725,1,/content/drive/MyDrive/MACROBATT/INPUT_PDF_FILES/27846860.pdf
8,Detailed_description,our anuria features uremic,0.9999139308929443,1,/content/drive/MyDrive/MACROBATT/INPUT_PDF_FILES/27846860.pdf
9,Date,Ten days prior,0.999847412109375,1,/content/drive/MyDrive/MACROBATT/INPUT_PDF_FILES/27846860.pdf
10,Severity,severe,0.9997989535331726,1,/content/drive/MyDrive/MACROBATT/INPUT_PDF_FILES/27846860.pdf
11,Biological_structure,upper abdominal,0.9998672008514404,1,/content/drive/MyDrive/MACROBATT/INPUT_PDF_FILES/27846860.pdf
12,Sign_symptom,pain,0.9999648332595825,1,/content/drive/MyDrive/MACROBATT/INPUT_PDF_FILES/27846860.pdf
13,Therapeutic_procedure,treated,0.9998587369918823,1,/content/drive/MyDrive/MACROBATT/INPUT_PDF_FILES/27846860.pdf
14,Nonbiological_location,primary care facility,0.9997262358665466,1,/content/drive/MyDrive/MACROBATT/INPUT_PDF_FILES/27846860.pdf
15,Detailed_description,acute,0.9999525547027588,1,/content/drive/MyDrive/MACROBATT/INPUT_PDF_FILES/27846860.pdf
16,Sign_symptom,initial symptoms,0.9997761845588684,1,/content/drive/MyDrive/MACROBATT/INPUT_PDF_FILES/27846860.pdf
17,Lab_value,improved,0.6352337598800659,1,/content/drive/MyDrive/MACROBATT/INPUT_PDF_FILES/27846860.pdf
18,Sign_symptom,anuric and,0.9997687935829163,1,/content/drive/MyDrive/MACROBATT/INPUT_PDF_FILES/27846860.pdf
19,Sign_symptom,anuric,0.9996347427368164,1,/content/drive/MyDrive/MACROBATT/INPUT_PDF_FILES/27846860.pdf
20,Sign_symptom,disoriented,0.9440476298332214,1,/content/drive/MyDrive/MACROBATT/INPUT_PDF_FILES/27846860.pdf
21,Clinical_event,transferred,0.9998749494552612,1,/content/drive/MyDrive/MACROBATT/INPUT_PDF_FILES/27846860.pdf
22,Clinical_event,presentation,0.9997671246528625,1,/content/drive/MyDrive/MACROBATT/INPUT_PDF_FILES/27846860.pdf
23,Severity,severely,0.990685760974884,1,/content/drive/MyDrive/MACROBATT/INPUT_PDF_FILES/27846860.pdf
24,Sign_symptom,agitated,0.9990284442901611,1,/content/drive/MyDrive/MACROBATT/INPUT_PDF_FILES/27846860.pdf
25,Sign_symptom,restless,0.9851714968681335,1,/content/drive/MyDrive/MACROBATT/INPUT_PDF_FILES/27846860.pdf
26,Sign_symptom,tachypneic,0.9999077320098877,1,/content/drive/MyDrive/MACROBATT/INPUT_PDF_FILES/27846860.pdf
27,Sign_symptom,acidotic,0.5944740176200867,1,/content/drive/MyDrive/MACROBATT/INPUT_PDF_FILES/27846860.pdf
28,Severity,Mild,0.999817430973053,1,/content/drive/MyDrive/MACROBATT/INPUT_PDF_FILES/27846860.pdf
29,Biological_structure,pedal,0.9999402761459351,1,/content/drive/MyDrive/MACROBATT/INPUT_PDF_FILES/27846860.pdf
30,Sign_symptom,pedal edema raised,0.9999492168426514,1,/content/drive/MyDrive/MACROBATT/INPUT_PDF_FILES/27846860.pdf
31,Sign_symptom,edema,0.9998326301574707,1,/content/drive/MyDrive/MACROBATT/INPUT_PDF_FILES/27846860.pdf
32,Diagnostic_procedure,jugular venous pressure,0.9995125532150269,1,/content/drive/MyDrive/MACROBATT/INPUT_PDF_FILES/27846860.pdf
33,Diagnostic_procedure,pulse,0.9999700784683228,1,/content/drive/MyDrive/MACROBATT/INPUT_PDF_FILES/27846860.pdf
34,Lab_value,112 beats/minute,0.9999363422393799,1,/content/drive/MyDrive/MACROBATT/INPUT_PDF_FILES/27846860.pdf
35,Diagnostic_procedure,blood pressure,0.9999622702598572,1,/content/drive/MyDrive/MACROBATT/INPUT_PDF_FILES/27846860.pdf
36,Lab_value,140/90,0.9987831711769104,1,/content/drive/MyDrive/MACROBATT/INPUT_PDF_FILES/27846860.pdf
37,Lab_value,140/90 mmHg,0.9798875451087952,1,/content/drive/MyDrive/MACROBATT/INPUT_PDF_FILES/27846860.pdf
38,Diagnostic_procedure,body temperature,0.9981282949447632,1,/content/drive/MyDrive/MACROBATT/INPUT_PDF_FILES/27846860.pdf
39,Biological_structure,meningeal,0.9992697238922119,1,/content/drive/MyDrive/MACROBATT/INPUT_PDF_FILES/27846860.pdf
40,Sign_symptom,irritation,0.9999363422393799,1,/content/drive/MyDrive/MACROBATT/INPUT_PDF_FILES/27846860.pdf
41,Diagnostic_procedure,plantar response,0.9997847080230713,1,/content/drive/MyDrive/MACROBATT/INPUT_PDF_FILES/27846860.pdf
42,Lab_value,bilaterally,0.5111744999885559,1,/content/drive/MyDrive/MACROBATT/INPUT_PDF_FILES/27846860.pdf
43,Diagnostic_procedure,fundus,0.9998942017555237,1,/content/drive/MyDrive/MACROBATT/INPUT_PDF_FILES/27846860.pdf
44,Diagnostic_procedure,examination,0.9993367791175842,1,/content/drive/MyDrive/MACROBATT/INPUT_PDF_FILES/27846860.pdf
45,Biological_structure,other systems,0.9999150633811951,1,/content/drive/MyDrive/MACROBATT/INPUT_PDF_FILES/27846860.pdf
46,Diagnostic_procedure,laboratory parameters,0.9999483227729797,1,/content/drive/MyDrive/MACROBATT/INPUT_PDF_FILES/27846860.pdf
47,Disease_disorder,renal,0.8172754645347595,1,/content/drive/MyDrive/MACROBATT/INPUT_PDF_FILES/27846860.pdf
48,Sign_symptom,dysfunction,0.5646116137504578,1,/content/drive/MyDrive/MACROBATT/INPUT_PDF_FILES/27846860.pdf
49,Diagnostic_procedure,serum serum serum serum serum serum creatinine,0.9758208990097046,1,/content/drive/MyDrive/MACROBATT/INPUT_PDF_FILES/27846860.pdf
50,Lab_value,13 13–60,0.9999465942382812,1,/content/drive/MyDrive/MACROBATT/INPUT_PDF_FILES/27846860.pdf
51,Diagnostic_procedure,serum serum serum serum serum serum urea,0.9999025464057922,1,/content/drive/MyDrive/MACROBATT/INPUT_PDF_FILES/27846860.pdf
52,Lab_value,293,0.9999345541000366,1,/content/drive/MyDrive/MACROBATT/INPUT_PDF_FILES/27846860.pdf
53,Lab_value,raised,0.999915361404419,1,/content/drive/MyDrive/MACROBATT/INPUT_PDF_FILES/27846860.pdf
54,Diagnostic_procedure,pancreatic enzymes,0.9944585561752319,1,/content/drive/MyDrive/MACROBATT/INPUT_PDF_FILES/27846860.pdf
55,Diagnostic_procedure,serum serum serum serum serum serum,0.9995028972625732,1,/content/drive/MyDrive/MACROBATT/INPUT_PDF_FILES/27846860.pdf
56,Diagnostic_procedure,amylase,0.9854497313499451,1,/content/drive/MyDrive/MACROBATT/INPUT_PDF_FILES/27846860.pdf
57,Lab_value,249 U/L U/L U/L U/L U/L U/L U/L,0.9998779296875,1,/content/drive/MyDrive/MACROBATT/INPUT_PDF_FILES/27846860.pdf
58,Diagnostic_procedure,serum serum serum serum serum serum lipase,0.9999144673347473,1,/content/drive/MyDrive/MACROBATT/INPUT_PDF_FILES/27846860.pdf
59,Lab_value,227 U/L U/L U/L U/L U/L U/L U/L,0.9998155832290649,1,/content/drive/MyDrive/MACROBATT/INPUT_PDF_FILES/27846860.pdf
60,Lab_value,normal normal normal normal,0.9998257756233215,1,/content/drive/MyDrive/MACROBATT/INPUT_PDF_FILES/27846860.pdf
61,Diagnostic_procedure,liver dysfunction function,0.9999604821205139,1,/content/drive/MyDrive/MACROBATT/INPUT_PDF_FILES/27846860.pdf
62,Diagnostic_procedure,serum serum serum serum serum serum bilirubin,0.9993675947189331,1,/content/drive/MyDrive/MACROBATT/INPUT_PDF_FILES/27846860.pdf
63,Lab_value,100 13–60 0.9,0.9912727475166321,1,/content/drive/MyDrive/MACROBATT/INPUT_PDF_FILES/27846860.pdf
64,Diagnostic_procedure,alanine aminotransferase aminotransferase,0.9999008178710938,1,/content/drive/MyDrive/MACROBATT/INPUT_PDF_FILES/27846860.pdf
65,Diagnostic_procedure,aspartate aminotransferase aminotransferase,0.9913370609283447,1,/content/drive/MyDrive/MACROBATT/INPUT_PDF_FILES/27846860.pdf
66,Diagnostic_procedure,renal normal alanine alkaline albumin normal normal normal,0.9999469518661499,1,/content/drive/MyDrive/MACROBATT/INPUT_PDF_FILES/27846860.pdf
67,Diagnostic_procedure,alkaline phosphatase,0.9998862147331238,1,/content/drive/MyDrive/MACROBATT/INPUT_PDF_FILES/27846860.pdf
68,Lab_value,122,0.9977197051048279,1,/content/drive/MyDrive/MACROBATT/INPUT_PDF_FILES/27846860.pdf
69,Diagnostic_procedure,serum serum serum serum serum serum albumin,0.9884045124053955,1,/content/drive/MyDrive/MACROBATT/INPUT_PDF_FILES/27846860.pdf
70,Diagnostic_procedure,potassium,0.9999542236328125,1,/content/drive/MyDrive/MACROBATT/INPUT_PDF_FILES/27846860.pdf
71,Diagnostic_procedure,bilirubin bicarbonate,0.9999109506607056,1,/content/drive/MyDrive/MACROBATT/INPUT_PDF_FILES/27846860.pdf
72,Diagnostic_procedure,bicarbonate,0.9701225161552429,1,/content/drive/MyDrive/MACROBATT/INPUT_PDF_FILES/27846860.pdf
73,Diagnostic_procedure,triglycerides,0.9545887112617493,1,/content/drive/MyDrive/MACROBATT/INPUT_PDF_FILES/27846860.pdf
74,Diagnostic_procedure,perinuclear antineutrophil antineutrophil,0.931817352771759,1,/content/drive/MyDrive/MACROBATT/INPUT_PDF_FILES/27846860.pdf
75,Lab_value,normal,0.9998483657836914,1,/content/drive/MyDrive/MACROBATT/INPUT_PDF_FILES/27846860.pdf
76,Diagnostic_procedure,ultrasonogram,0.9989844560623169,1,/content/drive/MyDrive/MACROBATT/INPUT_PDF_FILES/27846860.pdf
77,Biological_structure,abdomen,0.9999150037765503,1,/content/drive/MyDrive/MACROBATT/INPUT_PDF_FILES/27846860.pdf
78,Detailed_description,non-contrast- enhanced,0.9968674778938293,1,/content/drive/MyDrive/MACROBATT/INPUT_PDF_FILES/27846860.pdf
79,Diagnostic_procedure,computed tomography,0.9996004104614258,1,/content/drive/MyDrive/MACROBATT/INPUT_PDF_FILES/27846860.pdf
80,Diagnostic_procedure,( (,0.9999127388000488,1,/content/drive/MyDrive/MACROBATT/INPUT_PDF_FILES/27846860.pdf
81,Disease_disorder,pancreatitis,0.9998182654380798,1,/content/drive/MyDrive/MACROBATT/INPUT_PDF_FILES/27846860.pdf
82,Diagnostic_procedure,kidneys,0.9978233575820923,1,/content/drive/MyDrive/MACROBATT/INPUT_PDF_FILES/27846860.pdf
83,Lab_value,unremarkable,0.9783520698547363,1,/content/drive/MyDrive/MACROBATT/INPUT_PDF_FILES/27846860.pdf
84,Disease_disorder,AKI,0.9512042999267578,1,/content/drive/MyDrive/MACROBATT/INPUT_PDF_FILES/27846860.pdf
85,Detailed_description,Urgent,0.9999545812606812,1,/content/drive/MyDrive/MACROBATT/INPUT_PDF_FILES/27846860.pdf
86,Therapeutic_procedure,hemodialysis,0.9968801736831665,1,/content/drive/MyDrive/MACROBATT/INPUT_PDF_FILES/27846860.pdf
87,Detailed_description,two sessions,0.9996408224105835,1,/content/drive/MyDrive/MACROBATT/INPUT_PDF_FILES/27846860.pdf
88,Diagnostic_procedure,level of of of profound consciousness,0.9998281598091125,1,/content/drive/MyDrive/MACROBATT/INPUT_PDF_FILES/27846860.pdf
89,Detailed_description,funduscopic,0.9991104006767273,1,/content/drive/MyDrive/MACROBATT/INPUT_PDF_FILES/27846860.pdf
90,Sign_symptom,retinal retinopathy,0.9998987913131714,1,/content/drive/MyDrive/MACROBATT/INPUT_PDF_FILES/27846860.pdf
91,Sign_symptom,retinal whitening,0.9997875690460205,1,/content/drive/MyDrive/MACROBATT/INPUT_PDF_FILES/27846860.pdf
92,Severity,extensive,0.9996947050094604,1,/content/drive/MyDrive/MACROBATT/INPUT_PDF_FILES/27846860.pdf
93,Sign_symptom,cotton wool exudates,0.9998663067817688,1,/content/drive/MyDrive/MACROBATT/INPUT_PDF_FILES/27846860.pdf
94,Sign_symptom,Purtscher Purtscher ’ ’ funduscopic showed extensive exudates as as Purtscher s Purtscher s flecken,0.999431312084198,1,/content/drive/MyDrive/MACROBATT/INPUT_PDF_FILES/27846860.pdf
95,Dosage,High-dose,0.9662134647369385,1,/content/drive/MyDrive/MACROBATT/INPUT_PDF_FILES/27846860.pdf
96,Administration,parenteral,0.9993056058883667,1,/content/drive/MyDrive/MACROBATT/INPUT_PDF_FILES/27846860.pdf
97,Medication,methylprednisolone,0.9996808767318726,1,/content/drive/MyDrive/MACROBATT/INPUT_PDF_FILES/27846860.pdf
98,Dosage,1 High-dose g,0.9992994070053101,1,/content/drive/MyDrive/MACROBATT/INPUT_PDF_FILES/27846860.pdf
99,Administration,intravenously,0.9993718266487122,1,/content/drive/MyDrive/MACROBATT/INPUT_PDF_FILES/27846860.pdf
100,Dosage,once daily,0.9991003274917603,1,/content/drive/MyDrive/MACROBATT/INPUT_PDF_FILES/27846860.pdf
101,Biological_structure,renal renal renal,0.9998809099197388,1,/content/drive/MyDrive/MACROBATT/INPUT_PDF_FILES/27846860.pdf
102,Diagnostic_procedure,biopsy,0.999913215637207,1,/content/drive/MyDrive/MACROBATT/INPUT_PDF_FILES/27846860.pdf
103,Diagnostic_procedure,histopathological findings,0.9998693466186523,1,/content/drive/MyDrive/MACROBATT/INPUT_PDF_FILES/27846860.pdf
104,History,denied substance abuse or alcohol ingestion,0.9795788526535034,1,/content/drive/MyDrive/MACROBATT/INPUT_PDF_FILES/27846860.pdf
105,History,did not consume any nephrotoxic drugs or herbal products in the recent,0.9996837377548218,1,/content/drive/MyDrive/MACROBATT/INPUT_PDF_FILES/27846860.pdf
106,History,No history history suggesting connective tissue diseases,0.9997188448905945,1,/content/drive/MyDrive/MACROBATT/INPUT_PDF_FILES/27846860.pdf
107,Sign_symptom,history he have history hypotension throughout the his,0.9999083280563354,1,/content/drive/MyDrive/MACROBATT/INPUT_PDF_FILES/27846860.pdf
108,Sign_symptom,hypotension,0.9993922710418701,1,/content/drive/MyDrive/MACROBATT/INPUT_PDF_FILES/27846860.pdf
109,Disease_disorder,Purtscher,0.9997772574424744,1,/content/drive/MyDrive/MACROBATT/INPUT_PDF_FILES/27846860.pdf
110,Disease_disorder,Purtscher ’ was diagnosed pancreatitis necrosis Purtscher s blindness retinopathy,0.9980619549751282,1,/content/drive/MyDrive/MACROBATT/INPUT_PDF_FILES/27846860.pdf
111,Severity,complete,0.9994737505912781,1,/content/drive/MyDrive/MACROBATT/INPUT_PDF_FILES/27846860.pdf
112,Detailed_description,bilateral,0.9999490976333618,1,/content/drive/MyDrive/MACROBATT/INPUT_PDF_FILES/27846860.pdf
113,Outcome,died,0.9974933862686157,1,/content/drive/MyDrive/MACROBATT/INPUT_PDF_FILES/27846860.pdf
114,Date,16 months after,0.9998772740364075,1,/content/drive/MyDrive/MACROBATT/INPUT_PDF_FILES/27846860.pdf
115,Detailed_description,recurrent,0.9955547451972961,1,/content/drive/MyDrive/MACROBATT/INPUT_PDF_FILES/27846860.pdf
116,Detailed_description,maintenance,0.9998641014099121,2,/content/drive/MyDrive/MACROBATT/INPUT_PDF_FILES/27846860.pdf
117,Therapeutic_procedure,hemodialysis,0.9779759049415588,2,/content/drive/MyDrive/MACROBATT/INPUT_PDF_FILES/27846860.pdf
118,Biological_structure,renal,0.9996331930160522,2,/content/drive/MyDrive/MACROBATT/INPUT_PDF_FILES/27846860.pdf
119,Diagnostic_procedure,vision,0.9999071359634399,2,/content/drive/MyDrive/MACROBATT/INPUT_PDF_FILES/27846860.pdf
120,Lab_value,improved,0.999500036239624,2,/content/drive/MyDrive/MACROBATT/INPUT_PDF_FILES/27846860.pdf
121,Diagnostic_procedure,finger-counting,0.9998301863670349,2,/content/drive/MyDrive/MACROBATT/INPUT_PDF_FILES/27846860.pdf
