,Entity Group,Value,Score,Page,Pdf File
0,Age,76-year-old,0.9980341196060181,1,/content/drive/MyDrive/MACROBATT/INPUT_PDF_FILES/27842605.pdf
1,Sex,woman,0.9998156428337097,1,/content/drive/MyDrive/MACROBATT/INPUT_PDF_FILES/27842605.pdf
2,Clinical_event,presented,0.9998842477798462,1,/content/drive/MyDrive/MACROBATT/INPUT_PDF_FILES/27842605.pdf
3,Nonbiological_location,hospital,0.9989097118377686,1,/content/drive/MyDrive/MACROBATT/INPUT_PDF_FILES/27842605.pdf
4,Sign_symptom,epigastralgia,0.9863713383674622,1,/content/drive/MyDrive/MACROBATT/INPUT_PDF_FILES/27842605.pdf
5,Date,76-year-old woman hospital complaints epigastralgia a day admission day prior,0.9995421767234802,1,/content/drive/MyDrive/MACROBATT/INPUT_PDF_FILES/27842605.pdf
6,Diagnostic_procedure,Laboratory data,0.9981997013092041,1,/content/drive/MyDrive/MACROBATT/INPUT_PDF_FILES/27842605.pdf
7,Clinical_event,admission,0.9995631575584412,1,/content/drive/MyDrive/MACROBATT/INPUT_PDF_FILES/27842605.pdf
8,Lab_value,elevation,0.9986514449119568,1,/content/drive/MyDrive/MACROBATT/INPUT_PDF_FILES/27842605.pdf
9,Diagnostic_procedure,aminotransferase aminotransferase,0.5094385743141174,1,/content/drive/MyDrive/MACROBATT/INPUT_PDF_FILES/27842605.pdf
10,Diagnostic_procedure,ɤ-guanosine,0.999289870262146,1,/content/drive/MyDrive/MACROBATT/INPUT_PDF_FILES/27842605.pdf
11,Diagnostic_procedure,revealed alanine alkaline,0.958482563495636,1,/content/drive/MyDrive/MACROBATT/INPUT_PDF_FILES/27842605.pdf
12,Detailed_description,Serum,0.999933123588562,1,/content/drive/MyDrive/MACROBATT/INPUT_PDF_FILES/27842605.pdf
13,Diagnostic_procedure,total bilirubin,0.9957612156867981,1,/content/drive/MyDrive/MACROBATT/INPUT_PDF_FILES/27842605.pdf
14,Sign_symptom,tumor,0.9395804405212402,1,/content/drive/MyDrive/MACROBATT/INPUT_PDF_FILES/27842605.pdf
15,Diagnostic_procedure,carcinoembryonic carbohydrate,0.9999645948410034,1,/content/drive/MyDrive/MACROBATT/INPUT_PDF_FILES/27842605.pdf
16,Diagnostic_procedure,carcinoembryonic antigen antigen,0.9991382360458374,1,/content/drive/MyDrive/MACROBATT/INPUT_PDF_FILES/27842605.pdf
17,Diagnostic_procedure,CEA,0.9999310970306396,1,/content/drive/MyDrive/MACROBATT/INPUT_PDF_FILES/27842605.pdf
18,Diagnostic_procedure,carbohydrate antigen antigen 19-9 CA19-9,0.9987277984619141,1,/content/drive/MyDrive/MACROBATT/INPUT_PDF_FILES/27842605.pdf
19,Diagnostic_procedure,CA19-9,0.9999209642410278,1,/content/drive/MyDrive/MACROBATT/INPUT_PDF_FILES/27842605.pdf
20,Diagnostic_procedure,SPan-1,0.9999067783355713,1,/content/drive/MyDrive/MACROBATT/INPUT_PDF_FILES/27842605.pdf
21,Diagnostic_procedure,neuron-specific enolase,0.9969074130058289,1,/content/drive/MyDrive/MACROBATT/INPUT_PDF_FILES/27842605.pdf
22,Diagnostic_procedure,NSE,0.9999481439590454,1,/content/drive/MyDrive/MACROBATT/INPUT_PDF_FILES/27842605.pdf
23,Lab_value,normal,0.9998664855957031,1,/content/drive/MyDrive/MACROBATT/INPUT_PDF_FILES/27842605.pdf
24,Diagnostic_procedure,computed tomography,0.9999009966850281,1,/content/drive/MyDrive/MACROBATT/INPUT_PDF_FILES/27842605.pdf
25,Diagnostic_procedure,( ( (,0.9968919157981873,1,/content/drive/MyDrive/MACROBATT/INPUT_PDF_FILES/27842605.pdf
26,Diagnostic_procedure,magnetic resonance cholangiopancreatography,0.9994374513626099,1,/content/drive/MyDrive/MACROBATT/INPUT_PDF_FILES/27842605.pdf
27,Diagnostic_procedure,MRCP,0.9999229907989502,1,/content/drive/MyDrive/MACROBATT/INPUT_PDF_FILES/27842605.pdf
28,Sign_symptom,mass,0.9999358654022217,1,/content/drive/MyDrive/MACROBATT/INPUT_PDF_FILES/27842605.pdf
29,Sign_symptom,enlarged,0.9994444251060486,1,/content/drive/MyDrive/MACROBATT/INPUT_PDF_FILES/27842605.pdf
30,Biological_structure,gallbladder,0.9997504353523254,1,/content/drive/MyDrive/MACROBATT/INPUT_PDF_FILES/27842605.pdf
31,Sign_symptom,bulky,0.9989864230155945,1,/content/drive/MyDrive/MACROBATT/INPUT_PDF_FILES/27842605.pdf
32,Biological_structure,hepatic the hepatic,0.9999372959136963,1,/content/drive/MyDrive/MACROBATT/INPUT_PDF_FILES/27842605.pdf
33,Biological_structure,hepatic hepatic,0.9924383759498596,1,/content/drive/MyDrive/MACROBATT/INPUT_PDF_FILES/27842605.pdf
34,Biological_structure,lymph nodes,0.9984920024871826,1,/content/drive/MyDrive/MACROBATT/INPUT_PDF_FILES/27842605.pdf
35,Biological_structure,hepatic hepatic hilum,0.9991651773452759,1,/content/drive/MyDrive/MACROBATT/INPUT_PDF_FILES/27842605.pdf
36,Sign_symptom,lesions,0.99996018409729,1,/content/drive/MyDrive/MACROBATT/INPUT_PDF_FILES/27842605.pdf
37,Detailed_description,upper,0.9998948574066162,1,/content/drive/MyDrive/MACROBATT/INPUT_PDF_FILES/27842605.pdf
38,Detailed_description,lower,0.9999141693115234,1,/content/drive/MyDrive/MACROBATT/INPUT_PDF_FILES/27842605.pdf
39,Biological_structure,gastrointestinal,0.9972109198570251,1,/content/drive/MyDrive/MACROBATT/INPUT_PDF_FILES/27842605.pdf
40,Diagnostic_procedure,endoscopy,0.9622457027435303,1,/content/drive/MyDrive/MACROBATT/INPUT_PDF_FILES/27842605.pdf
41,Diagnostic_procedure,Endoscopic,0.9991119503974915,1,/content/drive/MyDrive/MACROBATT/INPUT_PDF_FILES/27842605.pdf
42,Diagnostic_procedure,ultrasound-guided fine-needle aspiration,0.9996856451034546,1,/content/drive/MyDrive/MACROBATT/INPUT_PDF_FILES/27842605.pdf
43,Diagnostic_procedure,EUS-FNA,0.9986478686332703,1,/content/drive/MyDrive/MACROBATT/INPUT_PDF_FILES/27842605.pdf
44,Diagnostic_procedure,Immunohistochemical,0.9999573230743408,1,/content/drive/MyDrive/MACROBATT/INPUT_PDF_FILES/27842605.pdf
45,Diagnostic_procedure,Immunohistochemical staining,0.930325984954834,1,/content/drive/MyDrive/MACROBATT/INPUT_PDF_FILES/27842605.pdf
46,Lab_value,positivity,0.9999376535415649,1,/content/drive/MyDrive/MACROBATT/INPUT_PDF_FILES/27842605.pdf
47,Diagnostic_procedure,keratin,0.9992706179618835,1,/content/drive/MyDrive/MACROBATT/INPUT_PDF_FILES/27842605.pdf
48,Diagnostic_procedure,CD56,0.8367654085159302,1,/content/drive/MyDrive/MACROBATT/INPUT_PDF_FILES/27842605.pdf
49,Diagnostic_procedure,synaptophysin,0.9984310865402222,1,/content/drive/MyDrive/MACROBATT/INPUT_PDF_FILES/27842605.pdf
50,Detailed_description,endoscopic,0.999769389629364,1,/content/drive/MyDrive/MACROBATT/INPUT_PDF_FILES/27842605.pdf
51,Therapeutic_procedure,naso-gallbladder,0.8119363784790039,1,/content/drive/MyDrive/MACROBATT/INPUT_PDF_FILES/27842605.pdf
52,Therapeutic_procedure,drainage,0.9142677783966064,1,/content/drive/MyDrive/MACROBATT/INPUT_PDF_FILES/27842605.pdf
53,Therapeutic_procedure,ENGBD,0.867591381072998,1,/content/drive/MyDrive/MACROBATT/INPUT_PDF_FILES/27842605.pdf
54,Therapeutic_procedure,catheter,0.9795354008674622,1,/content/drive/MyDrive/MACROBATT/INPUT_PDF_FILES/27842605.pdf
55,Diagnostic_procedure,bile cytology,0.9994284510612488,1,/content/drive/MyDrive/MACROBATT/INPUT_PDF_FILES/27842605.pdf
56,Lab_value,class V,0.9978547096252441,1,/content/drive/MyDrive/MACROBATT/INPUT_PDF_FILES/27842605.pdf
57,Diagnostic_procedure,positron,0.9984922409057617,1,/content/drive/MyDrive/MACROBATT/INPUT_PDF_FILES/27842605.pdf
58,Diagnostic_procedure,emission tomography/computed tomography,0.7658441066741943,1,/content/drive/MyDrive/MACROBATT/INPUT_PDF_FILES/27842605.pdf
59,Diagnostic_procedure,tomography/computed tomography/computed tomography,0.9508976936340332,1,/content/drive/MyDrive/MACROBATT/INPUT_PDF_FILES/27842605.pdf
60,Diagnostic_procedure,PET/CT,0.9995050430297852,1,/content/drive/MyDrive/MACROBATT/INPUT_PDF_FILES/27842605.pdf
61,Lab_value,accumulation,0.9997830986976624,1,/content/drive/MyDrive/MACROBATT/INPUT_PDF_FILES/27842605.pdf
62,Diagnostic_procedure,18F fluorodeoxyglucose,0.9813773036003113,1,/content/drive/MyDrive/MACROBATT/INPUT_PDF_FILES/27842605.pdf
63,Diagnostic_procedure,FDG,0.8780577182769775,1,/content/drive/MyDrive/MACROBATT/INPUT_PDF_FILES/27842605.pdf
64,Diagnostic_procedure,SUVmax SUVmax,0.9990590214729309,1,/content/drive/MyDrive/MACROBATT/INPUT_PDF_FILES/27842605.pdf
65,Biological_structure,revealed accumulated lesions accumulation fluorodeoxyglucose gallbladder lymph,0.9999239444732666,1,/content/drive/MyDrive/MACROBATT/INPUT_PDF_FILES/27842605.pdf
66,Biological_structure,lymph,0.9998759031295776,1,/content/drive/MyDrive/MACROBATT/INPUT_PDF_FILES/27842605.pdf
67,Disease_disorder,NEC,0.9999184608459473,1,/content/drive/MyDrive/MACROBATT/INPUT_PDF_FILES/27842605.pdf
68,Biological_structure,the these the the hepatic,0.9999305009841919,1,/content/drive/MyDrive/MACROBATT/INPUT_PDF_FILES/27842605.pdf
69,Biological_structure,hepatic hilar,0.9819156527519226,1,/content/drive/MyDrive/MACROBATT/INPUT_PDF_FILES/27842605.pdf
70,Biological_structure,nodes,0.9992491602897644,1,/content/drive/MyDrive/MACROBATT/INPUT_PDF_FILES/27842605.pdf
71,Therapeutic_procedure,resection,0.999901294708252,1,/content/drive/MyDrive/MACROBATT/INPUT_PDF_FILES/27842605.pdf
72,Medication,chemotherapy,0.9997537732124329,1,/content/drive/MyDrive/MACROBATT/INPUT_PDF_FILES/27842605.pdf
73,Detailed_description,mechanical,0.9998973608016968,1,/content/drive/MyDrive/MACROBATT/INPUT_PDF_FILES/27842605.pdf
74,Disease_disorder,obstruction,0.9997733235359192,1,/content/drive/MyDrive/MACROBATT/INPUT_PDF_FILES/27842605.pdf
75,Biological_structure,chemotherapy the hepatic the,0.9999483823776245,1,/content/drive/MyDrive/MACROBATT/INPUT_PDF_FILES/27842605.pdf
76,Biological_structure,hepatic,0.9997221231460571,1,/content/drive/MyDrive/MACROBATT/INPUT_PDF_FILES/27842605.pdf
77,Biological_structure,hilum,0.9997768998146057,1,/content/drive/MyDrive/MACROBATT/INPUT_PDF_FILES/27842605.pdf
78,Therapeutic_procedure,cholecystectomy,0.9728654026985168,1,/content/drive/MyDrive/MACROBATT/INPUT_PDF_FILES/27842605.pdf
79,Biological_structure,She hepatic extrahepatic hepaticojejunostomy,0.9999313354492188,1,/content/drive/MyDrive/MACROBATT/INPUT_PDF_FILES/27842605.pdf
80,Biological_structure,hepatic extrahepatic hepaticojejunostomy hilar,0.994924783706665,1,/content/drive/MyDrive/MACROBATT/INPUT_PDF_FILES/27842605.pdf
81,Therapeutic_procedure,lymphadenectomy,0.9137598872184753,1,/content/drive/MyDrive/MACROBATT/INPUT_PDF_FILES/27842605.pdf
82,Biological_structure,extrahepatic biliary duct,0.9475640058517456,1,/content/drive/MyDrive/MACROBATT/INPUT_PDF_FILES/27842605.pdf
83,Biological_structure,bulky lymph totally bloc,0.9999469518661499,1,/content/drive/MyDrive/MACROBATT/INPUT_PDF_FILES/27842605.pdf
84,Therapeutic_procedure,resected,0.9998300075531006,1,/content/drive/MyDrive/MACROBATT/INPUT_PDF_FILES/27842605.pdf
85,Diagnostic_procedure,postoperative course,0.9999323487281799,1,/content/drive/MyDrive/MACROBATT/INPUT_PDF_FILES/27842605.pdf
86,Lab_value,uneventful,0.9986035823822021,1,/content/drive/MyDrive/MACROBATT/INPUT_PDF_FILES/27842605.pdf
87,Clinical_event,discharged,0.993536114692688,1,/content/drive/MyDrive/MACROBATT/INPUT_PDF_FILES/27842605.pdf
88,Date,tenth day after,0.9998744130134583,1,/content/drive/MyDrive/MACROBATT/INPUT_PDF_FILES/27842605.pdf
89,Diagnostic_procedure,Macroscopically,0.8723915815353394,1,/content/drive/MyDrive/MACROBATT/INPUT_PDF_FILES/27842605.pdf
90,Area,58 × 42 mm,0.9990355372428894,1,/content/drive/MyDrive/MACROBATT/INPUT_PDF_FILES/27842605.pdf
91,Biological_structure,fundus,0.9995071887969971,1,/content/drive/MyDrive/MACROBATT/INPUT_PDF_FILES/27842605.pdf
92,Color,yellowish,0.9982752799987793,1,/content/drive/MyDrive/MACROBATT/INPUT_PDF_FILES/27842605.pdf
93,Sign_symptom,gallstone,0.9998165965080261,1,/content/drive/MyDrive/MACROBATT/INPUT_PDF_FILES/27842605.pdf
94,Biological_structure,hepatic hilar lymph nodes,0.9998919367790222,1,/content/drive/MyDrive/MACROBATT/INPUT_PDF_FILES/27842605.pdf
95,Area,71 × 37 mm,0.896310567855835,1,/content/drive/MyDrive/MACROBATT/INPUT_PDF_FILES/27842605.pdf
96,Therapeutic_procedure,excised,0.9997884631156921,1,/content/drive/MyDrive/MACROBATT/INPUT_PDF_FILES/27842605.pdf
97,Diagnostic_procedure,Microscopic examination,0.9999078512191772,1,/content/drive/MyDrive/MACROBATT/INPUT_PDF_FILES/27842605.pdf
98,Detailed_description,moderate to to well differentiated,0.9996343851089478,1,/content/drive/MyDrive/MACROBATT/INPUT_PDF_FILES/27842605.pdf
99,Detailed_description,tubular,0.9949275255203247,1,/content/drive/MyDrive/MACROBATT/INPUT_PDF_FILES/27842605.pdf
100,Disease_disorder,adenocarcinoma,0.9804094433784485,1,/content/drive/MyDrive/MACROBATT/INPUT_PDF_FILES/27842605.pdf
101,Biological_structure,mucosa muscular,0.9999618530273438,1,/content/drive/MyDrive/MACROBATT/INPUT_PDF_FILES/27842605.pdf
102,Biological_structure,mucosa,0.9945484399795532,1,/content/drive/MyDrive/MACROBATT/INPUT_PDF_FILES/27842605.pdf
103,Biological_structure,muscular,0.9909539818763733,1,/content/drive/MyDrive/MACROBATT/INPUT_PDF_FILES/27842605.pdf
104,Lab_value,positive,0.9999346733093262,1,/content/drive/MyDrive/MACROBATT/INPUT_PDF_FILES/27842605.pdf
105,Lab_value,negative,0.9999412298202515,1,/content/drive/MyDrive/MACROBATT/INPUT_PDF_FILES/27842605.pdf
106,Diagnostic_procedure,chromogranin,0.999940037727356,1,/content/drive/MyDrive/MACROBATT/INPUT_PDF_FILES/27842605.pdf
107,Diagnostic_procedure,chromogranin A,0.9999041557312012,1,/content/drive/MyDrive/MACROBATT/INPUT_PDF_FILES/27842605.pdf
108,Biological_structure,liver bed,0.9998195171356201,1,/content/drive/MyDrive/MACROBATT/INPUT_PDF_FILES/27842605.pdf
109,Biological_structure,epithelium,0.971775233745575,1,/content/drive/MyDrive/MACROBATT/INPUT_PDF_FILES/27842605.pdf
110,Disease_disorder,carcinoma,0.9897083640098572,1,/content/drive/MyDrive/MACROBATT/INPUT_PDF_FILES/27842605.pdf
111,Biological_structure,intestinal,0.9999599456787109,1,/content/drive/MyDrive/MACROBATT/INPUT_PDF_FILES/27842605.pdf
112,Sign_symptom,metaplasia,0.999943733215332,1,/content/drive/MyDrive/MACROBATT/INPUT_PDF_FILES/27842605.pdf
113,Biological_structure,goblet,0.9999560117721558,1,/content/drive/MyDrive/MACROBATT/INPUT_PDF_FILES/27842605.pdf
114,Biological_structure,goblet cells,0.8893296122550964,1,/content/drive/MyDrive/MACROBATT/INPUT_PDF_FILES/27842605.pdf
115,Diagnostic_procedure,alcian blue,0.9980647563934326,1,/content/drive/MyDrive/MACROBATT/INPUT_PDF_FILES/27842605.pdf
116,Biological_structure,the other the hepatic,0.999929666519165,1,/content/drive/MyDrive/MACROBATT/INPUT_PDF_FILES/27842605.pdf
117,Detailed_description,small,0.9998544454574585,1,/content/drive/MyDrive/MACROBATT/INPUT_PDF_FILES/27842605.pdf
118,Shape,round,0.656203031539917,1,/content/drive/MyDrive/MACROBATT/INPUT_PDF_FILES/27842605.pdf
119,Lab_value,hyperchromatic,0.99973464012146,1,/content/drive/MyDrive/MACROBATT/INPUT_PDF_FILES/27842605.pdf
120,Diagnostic_procedure,nuclei,0.9997249245643616,1,/content/drive/MyDrive/MACROBATT/INPUT_PDF_FILES/27842605.pdf
121,Lab_value,scant,0.999840497970581,1,/content/drive/MyDrive/MACROBATT/INPUT_PDF_FILES/27842605.pdf
122,Diagnostic_procedure,cytoplasm,0.9995068311691284,1,/content/drive/MyDrive/MACROBATT/INPUT_PDF_FILES/27842605.pdf
123,Detailed_description,Some,0.9986777901649475,1,/content/drive/MyDrive/MACROBATT/INPUT_PDF_FILES/27842605.pdf
124,Sign_symptom,tumor cells,0.9942855834960938,1,/content/drive/MyDrive/MACROBATT/INPUT_PDF_FILES/27842605.pdf
125,Qualitative_concept,large,0.8684526085853577,1,/content/drive/MyDrive/MACROBATT/INPUT_PDF_FILES/27842605.pdf
126,Texture,vesicular,0.9494056105613708,1,/content/drive/MyDrive/MACROBATT/INPUT_PDF_FILES/27842605.pdf
127,Detailed_description,rosette,0.8786931037902832,1,/content/drive/MyDrive/MACROBATT/INPUT_PDF_FILES/27842605.pdf
128,Diagnostic_procedure,immunohistochemically,0.9999608993530273,1,/content/drive/MyDrive/MACROBATT/INPUT_PDF_FILES/27842605.pdf
129,Diagnostic_procedure,immunohistochemically chromogranin,0.9999001026153564,1,/content/drive/MyDrive/MACROBATT/INPUT_PDF_FILES/27842605.pdf
130,Diagnostic_procedure,mitotic,0.9999632835388184,2,/content/drive/MyDrive/MACROBATT/INPUT_PDF_FILES/27842605.pdf
131,Diagnostic_procedure,mitotic count,0.990364670753479,2,/content/drive/MyDrive/MACROBATT/INPUT_PDF_FILES/27842605.pdf
132,Lab_value,24 per 10 high-power,0.9998011589050293,2,/content/drive/MyDrive/MACROBATT/INPUT_PDF_FILES/27842605.pdf
133,Diagnostic_procedure,Ki-67 proliferation index,0.9999432563781738,2,/content/drive/MyDrive/MACROBATT/INPUT_PDF_FILES/27842605.pdf
134,Lab_value,70–80 %,0.9224295616149902,2,/content/drive/MyDrive/MACROBATT/INPUT_PDF_FILES/27842605.pdf
135,Biological_structure,surgical dissection margin,0.9998391270637512,2,/content/drive/MyDrive/MACROBATT/INPUT_PDF_FILES/27842605.pdf
136,Biological_structure,hepatic lymph nodes,0.989352822303772,2,/content/drive/MyDrive/MACROBATT/INPUT_PDF_FILES/27842605.pdf
137,Detailed_description,microscopically,0.9991956353187561,2,/content/drive/MyDrive/MACROBATT/INPUT_PDF_FILES/27842605.pdf
138,Therapeutic_procedure,surgical microscopically cauterized,0.9795545935630798,2,/content/drive/MyDrive/MACROBATT/INPUT_PDF_FILES/27842605.pdf
139,Therapeutic_procedure,cauterized,0.6610106229782104,2,/content/drive/MyDrive/MACROBATT/INPUT_PDF_FILES/27842605.pdf
140,Coreference,tumor,0.999583899974823,2,/content/drive/MyDrive/MACROBATT/INPUT_PDF_FILES/27842605.pdf
141,Sign_symptom,invasion,0.9999608993530273,2,/content/drive/MyDrive/MACROBATT/INPUT_PDF_FILES/27842605.pdf
142,Biological_structure,extrahepatic,0.9999300241470337,2,/content/drive/MyDrive/MACROBATT/INPUT_PDF_FILES/27842605.pdf
143,Biological_structure,There the extrahepatic,0.9937835931777954,2,/content/drive/MyDrive/MACROBATT/INPUT_PDF_FILES/27842605.pdf
144,Biological_structure,biliary,0.9837418794631958,2,/content/drive/MyDrive/MACROBATT/INPUT_PDF_FILES/27842605.pdf
145,Diagnostic_procedure,pathological result re-evaluation area,0.9640970826148987,2,/content/drive/MyDrive/MACROBATT/INPUT_PDF_FILES/27842605.pdf
146,Diagnostic_procedure,re-evaluation,0.9997434020042419,2,/content/drive/MyDrive/MACROBATT/INPUT_PDF_FILES/27842605.pdf
147,Diagnostic_procedure,total,0.7694880366325378,2,/content/drive/MyDrive/MACROBATT/INPUT_PDF_FILES/27842605.pdf
148,Severity,negligible,0.9984466433525085,2,/content/drive/MyDrive/MACROBATT/INPUT_PDF_FILES/27842605.pdf
149,Severity,negligible area,0.9915563464164734,2,/content/drive/MyDrive/MACROBATT/INPUT_PDF_FILES/27842605.pdf
150,Disease_disorder,adenocarcinoma,0.9996743202209473,2,/content/drive/MyDrive/MACROBATT/INPUT_PDF_FILES/27842605.pdf
151,Biological_structure,lymph nodes,0.992063581943512,2,/content/drive/MyDrive/MACROBATT/INPUT_PDF_FILES/27842605.pdf
152,Biological_structure,intestinal,0.9999420642852783,2,/content/drive/MyDrive/MACROBATT/INPUT_PDF_FILES/27842605.pdf
153,Biological_structure,epithelium,0.9999428987503052,2,/content/drive/MyDrive/MACROBATT/INPUT_PDF_FILES/27842605.pdf
154,Biological_structure,gallbladder,0.999926745891571,2,/content/drive/MyDrive/MACROBATT/INPUT_PDF_FILES/27842605.pdf
155,Lab_value,positive,0.9999356269836426,2,/content/drive/MyDrive/MACROBATT/INPUT_PDF_FILES/27842605.pdf
156,Diagnostic_procedure,CDX2 CDX2,0.9987182021141052,2,/content/drive/MyDrive/MACROBATT/INPUT_PDF_FILES/27842605.pdf
157,Biological_structure,hilar lymph nodes,0.9998413324356079,2,/content/drive/MyDrive/MACROBATT/INPUT_PDF_FILES/27842605.pdf
158,Lab_value,negative,0.9999359846115112,2,/content/drive/MyDrive/MACROBATT/INPUT_PDF_FILES/27842605.pdf
159,Dosage,three cycles,0.9995988011360168,2,/content/drive/MyDrive/MACROBATT/INPUT_PDF_FILES/27842605.pdf
160,Medication,carboplatin,0.9998939037322998,2,/content/drive/MyDrive/MACROBATT/INPUT_PDF_FILES/27842605.pdf
161,Medication,etoposide,0.9842251539230347,2,/content/drive/MyDrive/MACROBATT/INPUT_PDF_FILES/27842605.pdf
162,Dosage,80 mg/m2,0.999649167060852,2,/content/drive/MyDrive/MACROBATT/INPUT_PDF_FILES/27842605.pdf
163,Severity,grade 4,0.9975330829620361,2,/content/drive/MyDrive/MACROBATT/INPUT_PDF_FILES/27842605.pdf
164,Sign_symptom,neutropenia fluoroquinolones,0.9999433755874634,2,/content/drive/MyDrive/MACROBATT/INPUT_PDF_FILES/27842605.pdf
165,Sign_symptom,neutropenia,0.9996724128723145,2,/content/drive/MyDrive/MACROBATT/INPUT_PDF_FILES/27842605.pdf
166,Detailed_description,prophylactic,0.9985597729682922,2,/content/drive/MyDrive/MACROBATT/INPUT_PDF_FILES/27842605.pdf
167,Medication,fluoroquinolones,0.9997079968452454,2,/content/drive/MyDrive/MACROBATT/INPUT_PDF_FILES/27842605.pdf
168,Detailed_description,multiple,0.9998911619186401,2,/content/drive/MyDrive/MACROBATT/INPUT_PDF_FILES/27842605.pdf
169,Sign_symptom,recurrences,0.9998863935470581,2,/content/drive/MyDrive/MACROBATT/INPUT_PDF_FILES/27842605.pdf
170,Biological_structure,para-aortic,0.9631714820861816,2,/content/drive/MyDrive/MACROBATT/INPUT_PDF_FILES/27842605.pdf
171,Diagnostic_procedure,EUS-FNA,0.9999477863311768,2,/content/drive/MyDrive/MACROBATT/INPUT_PDF_FILES/27842605.pdf
172,Detailed_description,second-line,0.9999767541885376,2,/content/drive/MyDrive/MACROBATT/INPUT_PDF_FILES/27842605.pdf
173,Medication,chemotherapy,0.9997727274894714,2,/content/drive/MyDrive/MACROBATT/INPUT_PDF_FILES/27842605.pdf
174,Medication,amrubicin,0.9998983144760132,2,/content/drive/MyDrive/MACROBATT/INPUT_PDF_FILES/27842605.pdf
175,Dosage,24 mg/m2,0.9996010065078735,2,/content/drive/MyDrive/MACROBATT/INPUT_PDF_FILES/27842605.pdf
176,Severity,Grade 4,0.9970214366912842,2,/content/drive/MyDrive/MACROBATT/INPUT_PDF_FILES/27842605.pdf
177,Sign_symptom,neutropenia anemia needed,0.9999642372131348,2,/content/drive/MyDrive/MACROBATT/INPUT_PDF_FILES/27842605.pdf
178,Sign_symptom,and anemia and granulocyte and transfusion,0.9999532699584961,2,/content/drive/MyDrive/MACROBATT/INPUT_PDF_FILES/27842605.pdf
179,Sign_symptom,anemia,0.9728303551673889,2,/content/drive/MyDrive/MACROBATT/INPUT_PDF_FILES/27842605.pdf
180,Detailed_description,pegylated,0.9998950958251953,2,/content/drive/MyDrive/MACROBATT/INPUT_PDF_FILES/27842605.pdf
181,Medication,granulocyte colony-stimulating factor,0.9993230104446411,2,/content/drive/MyDrive/MACROBATT/INPUT_PDF_FILES/27842605.pdf
182,Detailed_description,red blood cell,0.9983654022216797,2,/content/drive/MyDrive/MACROBATT/INPUT_PDF_FILES/27842605.pdf
183,Activity,died,0.9056280255317688,2,/content/drive/MyDrive/MACROBATT/INPUT_PDF_FILES/27842605.pdf
184,Disease_disorder,progressive disease,0.9998641014099121,2,/content/drive/MyDrive/MACROBATT/INPUT_PDF_FILES/27842605.pdf
185,Date,8 months after,0.9998838305473328,2,/content/drive/MyDrive/MACROBATT/INPUT_PDF_FILES/27842605.pdf
