,Entity Group,Value,Score,Page,Pdf File
0,Age,47-year-old,0.9980826377868652,1,/content/drive/MyDrive/MACROBATT/INPUT_PDF_FILES/27842595.pdf
1,Sex,woman,0.999800980091095,1,/content/drive/MyDrive/MACROBATT/INPUT_PDF_FILES/27842595.pdf
2,Clinical_event,presented,0.9998800754547119,1,/content/drive/MyDrive/MACROBATT/INPUT_PDF_FILES/27842595.pdf
3,Nonbiological_location,hospital,0.9034795761108398,1,/content/drive/MyDrive/MACROBATT/INPUT_PDF_FILES/27842595.pdf
4,Duration,1-month,0.9993948340415955,1,/content/drive/MyDrive/MACROBATT/INPUT_PDF_FILES/27842595.pdf
5,Biological_structure,abdominal,0.9999421834945679,1,/content/drive/MyDrive/MACROBATT/INPUT_PDF_FILES/27842595.pdf
6,Diagnostic_procedure,Physical examination,0.994959831237793,1,/content/drive/MyDrive/MACROBATT/INPUT_PDF_FILES/27842595.pdf
7,Detailed_description,huge,0.9796037077903748,1,/content/drive/MyDrive/MACROBATT/INPUT_PDF_FILES/27842595.pdf
8,Sign_symptom,mass,0.9553924798965454,1,/content/drive/MyDrive/MACROBATT/INPUT_PDF_FILES/27842595.pdf
9,Diagnostic_procedure,peripheral blood test,0.9999501705169678,1,/content/drive/MyDrive/MACROBATT/INPUT_PDF_FILES/27842595.pdf
10,Lab_value,elevated,0.9979530572891235,1,/content/drive/MyDrive/MACROBATT/INPUT_PDF_FILES/27842595.pdf
11,Diagnostic_procedure,carcinoembryonic carbohydrate,0.999964714050293,1,/content/drive/MyDrive/MACROBATT/INPUT_PDF_FILES/27842595.pdf
12,Diagnostic_procedure,carcinoembryonic antigen antigen,0.9998459815979004,1,/content/drive/MyDrive/MACROBATT/INPUT_PDF_FILES/27842595.pdf
13,Diagnostic_procedure,CEA,0.9999409914016724,1,/content/drive/MyDrive/MACROBATT/INPUT_PDF_FILES/27842595.pdf
14,Lab_value,335.2 ng/mL ng/mL,0.9997270703315735,1,/content/drive/MyDrive/MACROBATT/INPUT_PDF_FILES/27842595.pdf
15,Diagnostic_procedure,carbohydrate antigen antigen ( ( ( ( CA CA19-9,0.9964641332626343,1,/content/drive/MyDrive/MACROBATT/INPUT_PDF_FILES/27842595.pdf
16,Lab_value,125,0.9998370409011841,1,/content/drive/MyDrive/MACROBATT/INPUT_PDF_FILES/27842595.pdf
17,Lab_value,219,0.9999192953109741,1,/content/drive/MyDrive/MACROBATT/INPUT_PDF_FILES/27842595.pdf
18,Lab_value,normal normal normal normal,0.9966418743133545,1,/content/drive/MyDrive/MACROBATT/INPUT_PDF_FILES/27842595.pdf
19,Diagnostic_procedure,CA19-9,0.9999380111694336,1,/content/drive/MyDrive/MACROBATT/INPUT_PDF_FILES/27842595.pdf
20,Lab_value,219 CA19-9 9,0.9999133348464966,1,/content/drive/MyDrive/MACROBATT/INPUT_PDF_FILES/27842595.pdf
21,Diagnostic_procedure,Computed tomography,0.9999048113822937,1,/content/drive/MyDrive/MACROBATT/INPUT_PDF_FILES/27842595.pdf
22,Diagnostic_procedure,( (,0.9986502528190613,1,/content/drive/MyDrive/MACROBATT/INPUT_PDF_FILES/27842595.pdf
23,Detailed_description,large,0.9986633062362671,1,/content/drive/MyDrive/MACROBATT/INPUT_PDF_FILES/27842595.pdf
24,Shape,round,0.9969092011451721,1,/content/drive/MyDrive/MACROBATT/INPUT_PDF_FILES/27842595.pdf
25,Distance,15 cm,0.9991287589073181,1,/content/drive/MyDrive/MACROBATT/INPUT_PDF_FILES/27842595.pdf
26,Biological_structure,pelvic cavity,0.9989862442016602,1,/content/drive/MyDrive/MACROBATT/INPUT_PDF_FILES/27842595.pdf
27,Sign_symptom,ascites,0.9240497946739197,1,/content/drive/MyDrive/MACROBATT/INPUT_PDF_FILES/27842595.pdf
28,Disease_disorder,pleural,0.9146154522895813,1,/content/drive/MyDrive/MACROBATT/INPUT_PDF_FILES/27842595.pdf
29,Disease_disorder,Computed demonstrated large diameter the pelvic the presence ascites pleural effusion,0.8200209736824036,1,/content/drive/MyDrive/MACROBATT/INPUT_PDF_FILES/27842595.pdf
30,Sign_symptom,effusion,0.656507134437561,1,/content/drive/MyDrive/MACROBATT/INPUT_PDF_FILES/27842595.pdf
31,Diagnostic_procedure,Colonoscopy,0.9996237754821777,1,/content/drive/MyDrive/MACROBATT/INPUT_PDF_FILES/27842595.pdf
32,Sign_symptom,lesion,0.9997530579566956,1,/content/drive/MyDrive/MACROBATT/INPUT_PDF_FILES/27842595.pdf
33,Sign_symptom,lesion examination,0.9989174604415894,1,/content/drive/MyDrive/MACROBATT/INPUT_PDF_FILES/27842595.pdf
34,Severity,severe,0.9998290538787842,1,/content/drive/MyDrive/MACROBATT/INPUT_PDF_FILES/27842595.pdf
35,Sign_symptom,stenosis,0.9323861598968506,1,/content/drive/MyDrive/MACROBATT/INPUT_PDF_FILES/27842595.pdf
36,Diagnostic_procedure,histopathological,0.9999722242355347,1,/content/drive/MyDrive/MACROBATT/INPUT_PDF_FILES/27842595.pdf
37,Diagnostic_procedure,histopathological examination,0.9978703260421753,1,/content/drive/MyDrive/MACROBATT/INPUT_PDF_FILES/27842595.pdf
38,Diagnostic_procedure,biopsy,0.99994957447052,1,/content/drive/MyDrive/MACROBATT/INPUT_PDF_FILES/27842595.pdf
39,Coreference,tumor,0.9988493919372559,1,/content/drive/MyDrive/MACROBATT/INPUT_PDF_FILES/27842595.pdf
40,Severity,moderately differentiated,0.8866212368011475,1,/content/drive/MyDrive/MACROBATT/INPUT_PDF_FILES/27842595.pdf
41,Detailed_description,acute,0.9261203408241272,1,/content/drive/MyDrive/MACROBATT/INPUT_PDF_FILES/27842595.pdf
42,Sign_symptom,scheduled developed dyspnea and edema,0.9999494552612305,1,/content/drive/MyDrive/MACROBATT/INPUT_PDF_FILES/27842595.pdf
43,Sign_symptom,dyspnea,0.9998453259468079,1,/content/drive/MyDrive/MACROBATT/INPUT_PDF_FILES/27842595.pdf
44,Detailed_description,general,0.9982174038887024,1,/content/drive/MyDrive/MACROBATT/INPUT_PDF_FILES/27842595.pdf
45,Sign_symptom,edema,0.8451934456825256,1,/content/drive/MyDrive/MACROBATT/INPUT_PDF_FILES/27842595.pdf
46,Date,2 weeks after,0.9998235702514648,1,/content/drive/MyDrive/MACROBATT/INPUT_PDF_FILES/27842595.pdf
47,Diagnostic_procedure,CT scan,0.9992077350616455,1,/content/drive/MyDrive/MACROBATT/INPUT_PDF_FILES/27842595.pdf
48,Severity,massive,0.9996063113212585,1,/content/drive/MyDrive/MACROBATT/INPUT_PDF_FILES/27842595.pdf
49,Detailed_description,bilateral,0.9998016953468323,1,/content/drive/MyDrive/MACROBATT/INPUT_PDF_FILES/27842595.pdf
50,Disease_disorder,pleural effusion,0.9996463060379028,1,/content/drive/MyDrive/MACROBATT/INPUT_PDF_FILES/27842595.pdf
51,Disease_disorder,atelectasis,0.9986358284950256,1,/content/drive/MyDrive/MACROBATT/INPUT_PDF_FILES/27842595.pdf
52,Sign_symptom,massive atelectasis ascites,0.9999630451202393,1,/content/drive/MyDrive/MACROBATT/INPUT_PDF_FILES/27842595.pdf
53,Therapeutic_procedure,Thoracic drainage,0.9996647238731384,1,/content/drive/MyDrive/MACROBATT/INPUT_PDF_FILES/27842595.pdf
54,Therapeutic_procedure,laparotomy,0.9998922348022461,1,/content/drive/MyDrive/MACROBATT/INPUT_PDF_FILES/27842595.pdf
55,Sign_symptom,tumor tumor,0.899122416973114,1,/content/drive/MyDrive/MACROBATT/INPUT_PDF_FILES/27842595.pdf
56,Biological_structure,sigmoid,0.9974873065948486,1,/content/drive/MyDrive/MACROBATT/INPUT_PDF_FILES/27842595.pdf
57,Biological_structure,colon,0.9998975992202759,1,/content/drive/MyDrive/MACROBATT/INPUT_PDF_FILES/27842595.pdf
58,Biological_structure,pelvic,0.9999173879623413,1,/content/drive/MyDrive/MACROBATT/INPUT_PDF_FILES/27842595.pdf
59,Detailed_description,small,0.8613317608833313,1,/content/drive/MyDrive/MACROBATT/INPUT_PDF_FILES/27842595.pdf
60,Sign_symptom,nodules,0.9440264701843262,1,/content/drive/MyDrive/MACROBATT/INPUT_PDF_FILES/27842595.pdf
61,Biological_structure,peritoneal,0.9999384880065918,1,/content/drive/MyDrive/MACROBATT/INPUT_PDF_FILES/27842595.pdf
62,Sign_symptom,dissemination,0.9951267242431641,1,/content/drive/MyDrive/MACROBATT/INPUT_PDF_FILES/27842595.pdf
63,Volume,3800 mL,0.9975975155830383,1,/content/drive/MyDrive/MACROBATT/INPUT_PDF_FILES/27842595.pdf
64,Detailed_description,serous,0.5723443031311035,1,/content/drive/MyDrive/MACROBATT/INPUT_PDF_FILES/27842595.pdf
65,Sign_symptom,fluid,0.9888890981674194,1,/content/drive/MyDrive/MACROBATT/INPUT_PDF_FILES/27842595.pdf
66,Diagnostic_procedure,Cytodiagnosis,0.9980717897415161,1,/content/drive/MyDrive/MACROBATT/INPUT_PDF_FILES/27842595.pdf
67,Detailed_description,Bilateral,0.9999628067016602,1,/content/drive/MyDrive/MACROBATT/INPUT_PDF_FILES/27842595.pdf
68,Therapeutic_procedure,oophorectomy total hysterectomy omentectomy sigmoidectomy regional node dissection performed,0.9996910095214844,1,/content/drive/MyDrive/MACROBATT/INPUT_PDF_FILES/27842595.pdf
69,Therapeutic_procedure,oophorectomy,0.99918133020401,1,/content/drive/MyDrive/MACROBATT/INPUT_PDF_FILES/27842595.pdf
70,Detailed_description,total,0.999945878982544,1,/content/drive/MyDrive/MACROBATT/INPUT_PDF_FILES/27842595.pdf
71,Therapeutic_procedure,oophorectomy hysterectomy with,0.9981371164321899,1,/content/drive/MyDrive/MACROBATT/INPUT_PDF_FILES/27842595.pdf
72,Therapeutic_procedure,hysterectomy,0.9957707524299622,1,/content/drive/MyDrive/MACROBATT/INPUT_PDF_FILES/27842595.pdf
73,Therapeutic_procedure,omentectomy,0.9401677250862122,1,/content/drive/MyDrive/MACROBATT/INPUT_PDF_FILES/27842595.pdf
74,Therapeutic_procedure,sigmoidectomy,0.9999303817749023,1,/content/drive/MyDrive/MACROBATT/INPUT_PDF_FILES/27842595.pdf
75,Therapeutic_procedure,oophorectomy hysterectomy omentectomy sigmoidectomy dissection,0.9969732761383057,1,/content/drive/MyDrive/MACROBATT/INPUT_PDF_FILES/27842595.pdf
76,Therapeutic_procedure,oophorectomy hysterectomy omentectomy sigmoidectomy,0.7914235591888428,1,/content/drive/MyDrive/MACROBATT/INPUT_PDF_FILES/27842595.pdf
77,Detailed_description,regional,0.9999709129333496,1,/content/drive/MyDrive/MACROBATT/INPUT_PDF_FILES/27842595.pdf
78,Therapeutic_procedure,node dissection,0.9975086450576782,1,/content/drive/MyDrive/MACROBATT/INPUT_PDF_FILES/27842595.pdf
79,Diagnostic_procedure,Histopathological examination,0.999909520149231,1,/content/drive/MyDrive/MACROBATT/INPUT_PDF_FILES/27842595.pdf
80,Disease_disorder,adenocarcinoma,0.9980646371841431,1,/content/drive/MyDrive/MACROBATT/INPUT_PDF_FILES/27842595.pdf
81,Coreference,tumors,0.9654175639152527,1,/content/drive/MyDrive/MACROBATT/INPUT_PDF_FILES/27842595.pdf
82,Biological_structure,Histopathological examination of showed moderately adenocarcinoma tumors of both ovaries sigmoid colon,0.9999383687973022,1,/content/drive/MyDrive/MACROBATT/INPUT_PDF_FILES/27842595.pdf
83,Biological_structure,ovaries,0.9953048229217529,1,/content/drive/MyDrive/MACROBATT/INPUT_PDF_FILES/27842595.pdf
84,Biological_structure,paracolic,0.6528925895690918,1,/content/drive/MyDrive/MACROBATT/INPUT_PDF_FILES/27842595.pdf
85,Biological_structure,nodes,0.9786062836647034,1,/content/drive/MyDrive/MACROBATT/INPUT_PDF_FILES/27842595.pdf
86,Diagnostic_procedure,Immunohistochemically,0.7311223745346069,1,/content/drive/MyDrive/MACROBATT/INPUT_PDF_FILES/27842595.pdf
87,Coreference,tumor tumors,0.995991051197052,1,/content/drive/MyDrive/MACROBATT/INPUT_PDF_FILES/27842595.pdf
88,Biological_structure,Immunohistochemically tumor from ovaries colon both showed positive expression of cytokeratin no expression of cytokeratin confirming ovarian tumors from colon,0.9998455047607422,1,/content/drive/MyDrive/MACROBATT/INPUT_PDF_FILES/27842595.pdf
89,Biological_structure,colon colon,0.9999325275421143,1,/content/drive/MyDrive/MACROBATT/INPUT_PDF_FILES/27842595.pdf
90,Lab_value,positive expression expression,0.9995560050010681,1,/content/drive/MyDrive/MACROBATT/INPUT_PDF_FILES/27842595.pdf
91,Diagnostic_procedure,cytokeratin cytokeratin 20 CK20,0.9998177289962769,1,/content/drive/MyDrive/MACROBATT/INPUT_PDF_FILES/27842595.pdf
92,Diagnostic_procedure,CK20 CK7,0.9999257326126099,1,/content/drive/MyDrive/MACROBATT/INPUT_PDF_FILES/27842595.pdf
93,Lab_value,Immunohistochemically no,0.9999276399612427,1,/content/drive/MyDrive/MACROBATT/INPUT_PDF_FILES/27842595.pdf
94,Diagnostic_procedure,cytokeratin cytokeratin 7 CK7,0.9997930526733398,1,/content/drive/MyDrive/MACROBATT/INPUT_PDF_FILES/27842595.pdf
95,Sign_symptom,metastases,0.9984540939331055,1,/content/drive/MyDrive/MACROBATT/INPUT_PDF_FILES/27842595.pdf
96,Diagnostic_procedure,postoperative course,0.9975186586380005,1,/content/drive/MyDrive/MACROBATT/INPUT_PDF_FILES/27842595.pdf
97,Sign_symptom,was ascites,0.9999500513076782,1,/content/drive/MyDrive/MACROBATT/INPUT_PDF_FILES/27842595.pdf
98,Medication,5-fluorouracil 5-FU 5,0.9996495246887207,1,/content/drive/MyDrive/MACROBATT/INPUT_PDF_FILES/27842595.pdf
99,Medication,5-fluorouracil,0.8225271105766296,1,/content/drive/MyDrive/MACROBATT/INPUT_PDF_FILES/27842595.pdf
100,Medication,leucovorin,0.999862790107727,1,/content/drive/MyDrive/MACROBATT/INPUT_PDF_FILES/27842595.pdf
101,Medication,oxaliplatin,0.9975084662437439,1,/content/drive/MyDrive/MACROBATT/INPUT_PDF_FILES/27842595.pdf
102,Medication,5-FU FOLFOX,0.998595654964447,1,/content/drive/MyDrive/MACROBATT/INPUT_PDF_FILES/27842595.pdf
103,Medication,FOLFOX,0.9623234272003174,1,/content/drive/MyDrive/MACROBATT/INPUT_PDF_FILES/27842595.pdf
104,Frequency,every 2 weeks,0.9166598320007324,1,/content/drive/MyDrive/MACROBATT/INPUT_PDF_FILES/27842595.pdf
105,Date,29 months after,0.9998566508293152,1,/content/drive/MyDrive/MACROBATT/INPUT_PDF_FILES/27842595.pdf
106,Biological_structure,the the hepatic,0.9998676776885986,1,/content/drive/MyDrive/MACROBATT/INPUT_PDF_FILES/27842595.pdf
107,Biological_structure,patient hepatic,0.9994080066680908,1,/content/drive/MyDrive/MACROBATT/INPUT_PDF_FILES/27842595.pdf
108,Therapeutic_procedure,resection,0.8605268597602844,1,/content/drive/MyDrive/MACROBATT/INPUT_PDF_FILES/27842595.pdf
109,Biological_structure,liver,0.9998821020126343,1,/content/drive/MyDrive/MACROBATT/INPUT_PDF_FILES/27842595.pdf
110,Date,78 months after,0.9998087882995605,1,/content/drive/MyDrive/MACROBATT/INPUT_PDF_FILES/27842595.pdf
111,Sign_symptom,alive,0.9954646229743958,1,/content/drive/MyDrive/MACROBATT/INPUT_PDF_FILES/27842595.pdf
