,Entity Group,Value,Score,Page,Pdf File
0,Sex,female,0.9988693594932556,1,/content/drive/MyDrive/MACROBATT/INPUT_PDF_FILES/27904130.pdf
1,Age,50s,0.6531305909156799,1,/content/drive/MyDrive/MACROBATT/INPUT_PDF_FILES/27904130.pdf
2,Clinical_event,visited,0.9984425902366638,1,/content/drive/MyDrive/MACROBATT/INPUT_PDF_FILES/27904130.pdf
3,Nonbiological_location,hospital,0.9344815015792847,1,/content/drive/MyDrive/MACROBATT/INPUT_PDF_FILES/27904130.pdf
4,Biological_structure,liver,0.99359130859375,1,/content/drive/MyDrive/MACROBATT/INPUT_PDF_FILES/27904130.pdf
5,Disease_disorder,cirrhosis,0.9718689918518066,1,/content/drive/MyDrive/MACROBATT/INPUT_PDF_FILES/27904130.pdf
6,Disease_disorder,hepatitis B virus,0.9911608695983887,1,/content/drive/MyDrive/MACROBATT/INPUT_PDF_FILES/27904130.pdf
7,Biological_structure,biliary,0.9999271631240845,1,/content/drive/MyDrive/MACROBATT/INPUT_PDF_FILES/27904130.pdf
8,Date,65 years of,0.8905218243598938,1,/content/drive/MyDrive/MACROBATT/INPUT_PDF_FILES/27904130.pdf
9,Disease_disorder,HCC,0.9997236728668213,1,/content/drive/MyDrive/MACROBATT/INPUT_PDF_FILES/27904130.pdf
10,Disease_disorder,BCLC,0.9991468191146851,1,/content/drive/MyDrive/MACROBATT/INPUT_PDF_FILES/27904130.pdf
11,Detailed_description,early stage,0.908691942691803,1,/content/drive/MyDrive/MACROBATT/INPUT_PDF_FILES/27904130.pdf
12,Diagnostic_procedure,liver function,0.9999427199363708,1,/content/drive/MyDrive/MACROBATT/INPUT_PDF_FILES/27904130.pdf
13,Diagnostic_procedure,Child-Pugh score,0.9718626141548157,1,/content/drive/MyDrive/MACROBATT/INPUT_PDF_FILES/27904130.pdf
14,Detailed_description,left lateral,0.993846595287323,1,/content/drive/MyDrive/MACROBATT/INPUT_PDF_FILES/27904130.pdf
15,Therapeutic_procedure,segmentectomy,0.9129102826118469,1,/content/drive/MyDrive/MACROBATT/INPUT_PDF_FILES/27904130.pdf
16,Diagnostic_procedure,Histopathological findings,0.9999227523803711,1,/content/drive/MyDrive/MACROBATT/INPUT_PDF_FILES/27904130.pdf
17,Detailed_description,bridging fibrosis,0.9992864727973938,1,/content/drive/MyDrive/MACROBATT/INPUT_PDF_FILES/27904130.pdf
18,Disease_disorder,findings fibrosis,0.9997887015342712,1,/content/drive/MyDrive/MACROBATT/INPUT_PDF_FILES/27904130.pdf
19,Disease_disorder,fibrosis,0.9990845322608948,1,/content/drive/MyDrive/MACROBATT/INPUT_PDF_FILES/27904130.pdf
20,Disease_disorder,pseudolobule,0.9994869232177734,1,/content/drive/MyDrive/MACROBATT/INPUT_PDF_FILES/27904130.pdf
21,Disease_disorder,revealed pseudolobule,0.574758768081665,1,/content/drive/MyDrive/MACROBATT/INPUT_PDF_FILES/27904130.pdf
22,Diagnostic_procedure,Serum levels,0.7593417167663574,1,/content/drive/MyDrive/MACROBATT/INPUT_PDF_FILES/27904130.pdf
23,Diagnostic_procedure,alpha-fetoprotein,0.9954846501350403,1,/content/drive/MyDrive/MACROBATT/INPUT_PDF_FILES/27904130.pdf
24,Diagnostic_procedure,AFP,0.9177976846694946,1,/content/drive/MyDrive/MACROBATT/INPUT_PDF_FILES/27904130.pdf
25,Diagnostic_procedure,alpha-fetoprotein protein,0.999956488609314,1,/content/drive/MyDrive/MACROBATT/INPUT_PDF_FILES/27904130.pdf
26,Medication,vitamin K,0.9921735525131226,1,/content/drive/MyDrive/MACROBATT/INPUT_PDF_FILES/27904130.pdf
27,Medication,absence-II,0.8706638216972351,1,/content/drive/MyDrive/MACROBATT/INPUT_PDF_FILES/27904130.pdf
28,Lab_value,normalized,0.9664830565452576,1,/content/drive/MyDrive/MACROBATT/INPUT_PDF_FILES/27904130.pdf
29,Detailed_description,primary,0.999321460723877,1,/content/drive/MyDrive/MACROBATT/INPUT_PDF_FILES/27904130.pdf
30,Therapeutic_procedure,resection,0.9665367007255554,1,/content/drive/MyDrive/MACROBATT/INPUT_PDF_FILES/27904130.pdf
31,Sign_symptom,metastasis,0.9999562501907349,1,/content/drive/MyDrive/MACROBATT/INPUT_PDF_FILES/27904130.pdf
32,Date,Two and and a half years postoperatively patient increased dramatically half years,0.9998214840888977,1,/content/drive/MyDrive/MACROBATT/INPUT_PDF_FILES/27904130.pdf
33,Lab_value,increased,0.9889266490936279,1,/content/drive/MyDrive/MACROBATT/INPUT_PDF_FILES/27904130.pdf
34,Lab_value,780.2 ng/ml,0.995412290096283,1,/content/drive/MyDrive/MACROBATT/INPUT_PDF_FILES/27904130.pdf
35,Detailed_description,lobular,0.9993281364440918,1,/content/drive/MyDrive/MACROBATT/INPUT_PDF_FILES/27904130.pdf
36,Sign_symptom,lesion,0.9995218515396118,1,/content/drive/MyDrive/MACROBATT/INPUT_PDF_FILES/27904130.pdf
37,Detailed_description,fine enhancement,0.9992170333862305,1,/content/drive/MyDrive/MACROBATT/INPUT_PDF_FILES/27904130.pdf
38,Detailed_description,contrast-enhanced,0.9779912829399109,1,/content/drive/MyDrive/MACROBATT/INPUT_PDF_FILES/27904130.pdf
39,Diagnostic_procedure,magnetic resonance,0.9881490468978882,1,/content/drive/MyDrive/MACROBATT/INPUT_PDF_FILES/27904130.pdf
40,Coreference,tumor,0.9997461438179016,1,/content/drive/MyDrive/MACROBATT/INPUT_PDF_FILES/27904130.pdf
41,Distance,27 mm in diameter,0.9989197850227356,1,/content/drive/MyDrive/MACROBATT/INPUT_PDF_FILES/27904130.pdf
42,Biological_structure,located caudally,0.9995205402374268,1,/content/drive/MyDrive/MACROBATT/INPUT_PDF_FILES/27904130.pdf
43,Biological_structure,caudally on,0.9372124671936035,1,/content/drive/MyDrive/MACROBATT/INPUT_PDF_FILES/27904130.pdf
44,Biological_structure,left,0.9879698753356934,1,/content/drive/MyDrive/MACROBATT/INPUT_PDF_FILES/27904130.pdf
45,Diagnostic_procedure,computed,0.8582828044891357,1,/content/drive/MyDrive/MACROBATT/INPUT_PDF_FILES/27904130.pdf
46,Severity,strong,0.9985952973365784,1,/content/drive/MyDrive/MACROBATT/INPUT_PDF_FILES/27904130.pdf
47,Sign_symptom,enhancement,0.8421462774276733,1,/content/drive/MyDrive/MACROBATT/INPUT_PDF_FILES/27904130.pdf
48,Detailed_description,arterial phase phase,0.9982393383979797,1,/content/drive/MyDrive/MACROBATT/INPUT_PDF_FILES/27904130.pdf
49,Severity,relatively,0.9223961234092712,1,/content/drive/MyDrive/MACROBATT/INPUT_PDF_FILES/27904130.pdf
50,Lab_value,low density,0.9809908866882324,1,/content/drive/MyDrive/MACROBATT/INPUT_PDF_FILES/27904130.pdf
51,Biological_structure,portal,0.9168813228607178,1,/content/drive/MyDrive/MACROBATT/INPUT_PDF_FILES/27904130.pdf
52,Detailed_description,phase phase,0.9932457804679871,1,/content/drive/MyDrive/MACROBATT/INPUT_PDF_FILES/27904130.pdf
53,Detailed_description,typical,0.9999289512634277,1,/content/drive/MyDrive/MACROBATT/INPUT_PDF_FILES/27904130.pdf
54,Diagnostic_procedure,imaging imaging studies,0.9999655485153198,1,/content/drive/MyDrive/MACROBATT/INPUT_PDF_FILES/27904130.pdf
55,Diagnostic_procedure,magnetic resonance imaging imaging,0.9999486804008484,1,/content/drive/MyDrive/MACROBATT/INPUT_PDF_FILES/27904130.pdf
56,Diagnostic_procedure,computed tomography,0.9999489784240723,1,/content/drive/MyDrive/MACROBATT/INPUT_PDF_FILES/27904130.pdf
57,Detailed_description,metastatic,0.9999750852584839,1,/content/drive/MyDrive/MACROBATT/INPUT_PDF_FILES/27904130.pdf
58,Diagnostic_procedure,Three-dimensional imaging,0.9999128580093384,1,/content/drive/MyDrive/MACROBATT/INPUT_PDF_FILES/27904130.pdf
59,Biological_structure,fed by by Three-dimensional imaging that was a main artery arrow and an accessory artery main vessel from from the the the inferior mesenteric mesenteric artery artery,0.9998936057090759,1,/content/drive/MyDrive/MACROBATT/INPUT_PDF_FILES/27904130.pdf
60,Biological_structure,accessory feeder from from the the the superior mesenteric mesenteric artery artery,0.9998943209648132,1,/content/drive/MyDrive/MACROBATT/INPUT_PDF_FILES/27904130.pdf
61,Diagnostic_procedure,Fluorine-18-fluorodeoxyglucose,0.9998505115509033,1,/content/drive/MyDrive/MACROBATT/INPUT_PDF_FILES/27904130.pdf
62,Diagnostic_procedure,Fluorine-18-fluorodeoxyglucose positron positron positron emission emission emission tomography tomography-computed tomography tomography-computed tomography,0.9913092255592346,1,/content/drive/MyDrive/MACROBATT/INPUT_PDF_FILES/27904130.pdf
63,Diagnostic_procedure,Fluorine-18-fluorodeoxyglucose FDG-PET Figure,0.9991353154182434,1,/content/drive/MyDrive/MACROBATT/INPUT_PDF_FILES/27904130.pdf
64,Diagnostic_procedure,FDG-PET,0.9941038489341736,1,/content/drive/MyDrive/MACROBATT/INPUT_PDF_FILES/27904130.pdf
65,Diagnostic_procedure,Fluorine-18-fluorodeoxyglucose FDG-PET tomography-computed tomography-computed,0.6855549812316895,1,/content/drive/MyDrive/MACROBATT/INPUT_PDF_FILES/27904130.pdf
66,Diagnostic_procedure,positron positron positron,0.9985199570655823,1,/content/drive/MyDrive/MACROBATT/INPUT_PDF_FILES/27904130.pdf
67,Diagnostic_procedure,positron positron positron emission emission emission tomography-computed tomography-computed tomography tomography-computed tomography tomography-computed tomography,0.9678782224655151,1,/content/drive/MyDrive/MACROBATT/INPUT_PDF_FILES/27904130.pdf
68,Coreference,tumor tumors,0.818450927734375,1,/content/drive/MyDrive/MACROBATT/INPUT_PDF_FILES/27904130.pdf
69,Diagnostic_procedure,positron positron positron emission emission emission tomography tomography-computed tomography tomography-computed tomography,0.8924868106842041,1,/content/drive/MyDrive/MACROBATT/INPUT_PDF_FILES/27904130.pdf
70,Diagnostic_procedure,tomography-computed tomography-computed tomography tomography-computed tomography tomography-computed tomography,0.9748333096504211,1,/content/drive/MyDrive/MACROBATT/INPUT_PDF_FILES/27904130.pdf
71,Diagnostic_procedure,imaging,0.9990596175193787,1,/content/drive/MyDrive/MACROBATT/INPUT_PDF_FILES/27904130.pdf
72,Biological_structure,intrahepatic,0.9998733997344971,1,/content/drive/MyDrive/MACROBATT/INPUT_PDF_FILES/27904130.pdf
73,Biological_structure,Further other intrahepatic extrahepatic,0.9995680451393127,1,/content/drive/MyDrive/MACROBATT/INPUT_PDF_FILES/27904130.pdf
74,Biological_structure,intrahepatic extrahepatic,0.9991963505744934,1,/content/drive/MyDrive/MACROBATT/INPUT_PDF_FILES/27904130.pdf
75,Biological_structure,extrahepatic,0.9997770190238953,1,/content/drive/MyDrive/MACROBATT/INPUT_PDF_FILES/27904130.pdf
76,Detailed_description,solitary,0.9999425411224365,1,/content/drive/MyDrive/MACROBATT/INPUT_PDF_FILES/27904130.pdf
77,Sign_symptom,diagnosis metastasis,0.9899287819862366,1,/content/drive/MyDrive/MACROBATT/INPUT_PDF_FILES/27904130.pdf
78,Biological_structure,the therapeutic extrahepatic,0.9928212761878967,1,/content/drive/MyDrive/MACROBATT/INPUT_PDF_FILES/27904130.pdf
79,Sign_symptom,rapid growth,0.8552393913269043,1,/content/drive/MyDrive/MACROBATT/INPUT_PDF_FILES/27904130.pdf
80,Sign_symptom,metastases,0.9595428705215454,1,/content/drive/MyDrive/MACROBATT/INPUT_PDF_FILES/27904130.pdf
81,Sign_symptom,ascites was,0.9999644756317139,1,/content/drive/MyDrive/MACROBATT/INPUT_PDF_FILES/27904130.pdf
82,Sign_symptom,ascites,0.9937777519226074,1,/content/drive/MyDrive/MACROBATT/INPUT_PDF_FILES/27904130.pdf
83,Biological_structure,mesocolon mesocolon performed,0.9999420642852783,1,/content/drive/MyDrive/MACROBATT/INPUT_PDF_FILES/27904130.pdf
84,Biological_structure,mesocolon mesocolon,0.9989474415779114,1,/content/drive/MyDrive/MACROBATT/INPUT_PDF_FILES/27904130.pdf
85,Biological_structure,descending descending,0.998948872089386,1,/content/drive/MyDrive/MACROBATT/INPUT_PDF_FILES/27904130.pdf
86,Biological_structure,descending descending mesocolon colon colon mesocolon,0.9999451041221619,1,/content/drive/MyDrive/MACROBATT/INPUT_PDF_FILES/27904130.pdf
87,Therapeutic_procedure,postoperative postoperative course,0.9992420673370361,1,/content/drive/MyDrive/MACROBATT/INPUT_PDF_FILES/27904130.pdf
88,Clinical_event,discharged,0.9994770884513855,1,/content/drive/MyDrive/MACROBATT/INPUT_PDF_FILES/27904130.pdf
89,Biological_structure,Serum,0.999908447265625,1,/content/drive/MyDrive/MACROBATT/INPUT_PDF_FILES/27904130.pdf
90,Lab_value,decreased immediately,0.999911367893219,1,/content/drive/MyDrive/MACROBATT/INPUT_PDF_FILES/27904130.pdf
91,Coreference,surgery,0.9998375177383423,1,/content/drive/MyDrive/MACROBATT/INPUT_PDF_FILES/27904130.pdf
92,Biological_structure,mesocolic,0.7988004684448242,1,/content/drive/MyDrive/MACROBATT/INPUT_PDF_FILES/27904130.pdf
93,Detailed_description,solid,0.9594237208366394,1,/content/drive/MyDrive/MACROBATT/INPUT_PDF_FILES/27904130.pdf
94,Texture,elastic,0.8544508814811707,1,/content/drive/MyDrive/MACROBATT/INPUT_PDF_FILES/27904130.pdf
95,Coreference,mass,0.9025833606719971,1,/content/drive/MyDrive/MACROBATT/INPUT_PDF_FILES/27904130.pdf
96,Texture,smooth surface,0.7610037922859192,1,/content/drive/MyDrive/MACROBATT/INPUT_PDF_FILES/27904130.pdf
97,Color,yellowish,0.9984655380249023,1,/content/drive/MyDrive/MACROBATT/INPUT_PDF_FILES/27904130.pdf
98,Sign_symptom,nodule,0.9904565215110779,1,/content/drive/MyDrive/MACROBATT/INPUT_PDF_FILES/27904130.pdf
99,Sign_symptom,enlarged,0.9973601698875427,1,/content/drive/MyDrive/MACROBATT/INPUT_PDF_FILES/27904130.pdf
100,Biological_structure,ductal structure,0.7747337222099304,1,/content/drive/MyDrive/MACROBATT/INPUT_PDF_FILES/27904130.pdf
101,Lab_value,positive,0.9999555349349976,1,/content/drive/MyDrive/MACROBATT/INPUT_PDF_FILES/27904130.pdf
102,Lab_value,negative,0.9999275207519531,2,/content/drive/MyDrive/MACROBATT/INPUT_PDF_FILES/27904130.pdf
103,Diagnostic_procedure,CK-20,0.9998356699943542,2,/content/drive/MyDrive/MACROBATT/INPUT_PDF_FILES/27904130.pdf
104,Disease_disorder,HCC,0.9510802030563354,2,/content/drive/MyDrive/MACROBATT/INPUT_PDF_FILES/27904130.pdf
105,Detailed_description,metastatic,0.7941616773605347,2,/content/drive/MyDrive/MACROBATT/INPUT_PDF_FILES/27904130.pdf
106,Sign_symptom,recurrence,0.9998390674591064,2,/content/drive/MyDrive/MACROBATT/INPUT_PDF_FILES/27904130.pdf
107,Duration,13 months,0.991226315498352,2,/content/drive/MyDrive/MACROBATT/INPUT_PDF_FILES/27904130.pdf
108,Medication,adjuvant therapies,0.9943003058433533,2,/content/drive/MyDrive/MACROBATT/INPUT_PDF_FILES/27904130.pdf
