,Entity Group,Value,Score,Page,Pdf File
0,Age,28-year-old,0.9977277517318726,1,/content/drive/MyDrive/MACROBATT/INPUT_PDF_FILES/27928148.pdf
1,Personal_background,African American,0.9933041334152222,1,/content/drive/MyDrive/MACROBATT/INPUT_PDF_FILES/27928148.pdf
2,Sex,woman,0.9997598528862,1,/content/drive/MyDrive/MACROBATT/INPUT_PDF_FILES/27928148.pdf
3,Clinical_event,presented,0.9998061060905457,1,/content/drive/MyDrive/MACROBATT/INPUT_PDF_FILES/27928148.pdf
4,Nonbiological_location,Cowley,0.9788540601730347,1,/content/drive/MyDrive/MACROBATT/INPUT_PDF_FILES/27928148.pdf
5,Nonbiological_location,Shock Trauma Center,0.982210099697113,1,/content/drive/MyDrive/MACROBATT/INPUT_PDF_FILES/27928148.pdf
6,Nonbiological_location,"Baltimore , , Maryland",0.9768729209899902,1,/content/drive/MyDrive/MACROBATT/INPUT_PDF_FILES/27928148.pdf
7,Detailed_description,right-sided,0.9994737505912781,1,/content/drive/MyDrive/MACROBATT/INPUT_PDF_FILES/27928148.pdf
8,Detailed_description,right-sided left-sided,0.9990021586418152,1,/content/drive/MyDrive/MACROBATT/INPUT_PDF_FILES/27928148.pdf
9,Disease_disorder,paralysis,0.9992653727531433,1,/content/drive/MyDrive/MACROBATT/INPUT_PDF_FILES/27928148.pdf
10,Detailed_description,left-sided,0.9998637437820435,1,/content/drive/MyDrive/MACROBATT/INPUT_PDF_FILES/27928148.pdf
11,Sign_symptom,paralysis paresthesias,0.9988841414451599,1,/content/drive/MyDrive/MACROBATT/INPUT_PDF_FILES/27928148.pdf
12,Sign_symptom,paresthesias,0.6122517585754395,1,/content/drive/MyDrive/MACROBATT/INPUT_PDF_FILES/27928148.pdf
13,Clinical_event,found,0.9952977299690247,1,/content/drive/MyDrive/MACROBATT/INPUT_PDF_FILES/27928148.pdf
14,Nonbiological_location,home,0.7668356895446777,1,/content/drive/MyDrive/MACROBATT/INPUT_PDF_FILES/27928148.pdf
15,Nonbiological_location,nightstand,0.6618693470954895,1,/content/drive/MyDrive/MACROBATT/INPUT_PDF_FILES/27928148.pdf
16,Activity,eating,0.9984762072563171,1,/content/drive/MyDrive/MACROBATT/INPUT_PDF_FILES/27928148.pdf
17,Nonbiological_location,local restaurant,0.9162384271621704,1,/content/drive/MyDrive/MACROBATT/INPUT_PDF_FILES/27928148.pdf
18,Activity,consuming,0.8411268591880798,1,/content/drive/MyDrive/MACROBATT/INPUT_PDF_FILES/27928148.pdf
19,Activity,smoking,0.996894359588623,1,/content/drive/MyDrive/MACROBATT/INPUT_PDF_FILES/27928148.pdf
20,Detailed_description,cigarette,0.9960049986839294,1,/content/drive/MyDrive/MACROBATT/INPUT_PDF_FILES/27928148.pdf
21,Detailed_description,liquid,0.9998881816864014,1,/content/drive/MyDrive/MACROBATT/INPUT_PDF_FILES/27928148.pdf
22,Detailed_description,phencyclidine,0.9854998588562012,1,/content/drive/MyDrive/MACROBATT/INPUT_PDF_FILES/27928148.pdf
23,Detailed_description,PCP,0.8779139518737793,1,/content/drive/MyDrive/MACROBATT/INPUT_PDF_FILES/27928148.pdf
24,Sign_symptom,was asymptomatic,0.9997237324714661,1,/content/drive/MyDrive/MACROBATT/INPUT_PDF_FILES/27928148.pdf
25,Sign_symptom,asymptomatic,0.9995680451393127,1,/content/drive/MyDrive/MACROBATT/INPUT_PDF_FILES/27928148.pdf
26,Time,that night,0.9976515769958496,1,/content/drive/MyDrive/MACROBATT/INPUT_PDF_FILES/27928148.pdf
27,Activity,went asymptomatic to bed,0.9982326626777649,1,/content/drive/MyDrive/MACROBATT/INPUT_PDF_FILES/27928148.pdf
28,Detailed_description,down,0.9987025260925293,1,/content/drive/MyDrive/MACROBATT/INPUT_PDF_FILES/27928148.pdf
29,Nonbiological_location,next to to the the bed,0.9990098476409912,1,/content/drive/MyDrive/MACROBATT/INPUT_PDF_FILES/27928148.pdf
30,Time,the the following morning,0.9987483024597168,1,/content/drive/MyDrive/MACROBATT/INPUT_PDF_FILES/27928148.pdf
31,Sign_symptom,unable,0.9764034152030945,1,/content/drive/MyDrive/MACROBATT/INPUT_PDF_FILES/27928148.pdf
32,Disease_disorder,physical trauma,0.9998250007629395,1,/content/drive/MyDrive/MACROBATT/INPUT_PDF_FILES/27928148.pdf
33,Sign_symptom,falling,0.9982239603996277,1,/content/drive/MyDrive/MACROBATT/INPUT_PDF_FILES/27928148.pdf
34,Disease_disorder,viral meningitis,0.9996858239173889,1,/content/drive/MyDrive/MACROBATT/INPUT_PDF_FILES/27928148.pdf
35,Detailed_description,without residual deficits,0.9996929168701172,1,/content/drive/MyDrive/MACROBATT/INPUT_PDF_FILES/27928148.pdf
36,History,eight,0.5195483565330505,1,/content/drive/MyDrive/MACROBATT/INPUT_PDF_FILES/27928148.pdf
37,Date,years prior prior,0.9884301424026489,1,/content/drive/MyDrive/MACROBATT/INPUT_PDF_FILES/27928148.pdf
38,History,gastric,0.9092628359794617,1,/content/drive/MyDrive/MACROBATT/INPUT_PDF_FILES/27928148.pdf
39,History,cholecystectomy,0.8530036211013794,1,/content/drive/MyDrive/MACROBATT/INPUT_PDF_FILES/27928148.pdf
40,Therapeutic_procedure,treated,0.9995518326759338,1,/content/drive/MyDrive/MACROBATT/INPUT_PDF_FILES/27928148.pdf
41,Disease_disorder,surgery urinary,0.9996869564056396,1,/content/drive/MyDrive/MACROBATT/INPUT_PDF_FILES/27928148.pdf
42,Disease_disorder,urinary tract infection,0.8849749565124512,1,/content/drive/MyDrive/MACROBATT/INPUT_PDF_FILES/27928148.pdf
43,Date,five days prior prior,0.9997493624687195,1,/content/drive/MyDrive/MACROBATT/INPUT_PDF_FILES/27928148.pdf
44,Diagnostic_procedure,vital signs,0.9999464154243469,1,/content/drive/MyDrive/MACROBATT/INPUT_PDF_FILES/27928148.pdf
45,Diagnostic_procedure,temperature,0.9998631477355957,1,/content/drive/MyDrive/MACROBATT/INPUT_PDF_FILES/27928148.pdf
46,Lab_value,36.8°C,0.999592125415802,1,/content/drive/MyDrive/MACROBATT/INPUT_PDF_FILES/27928148.pdf
47,Diagnostic_procedure,blood pressure,0.9999518394470215,1,/content/drive/MyDrive/MACROBATT/INPUT_PDF_FILES/27928148.pdf
48,Lab_value,155/100 mm Her Hg,0.9999025464057922,1,/content/drive/MyDrive/MACROBATT/INPUT_PDF_FILES/27928148.pdf
49,Diagnostic_procedure,heart rate rate,0.9999600648880005,1,/content/drive/MyDrive/MACROBATT/INPUT_PDF_FILES/27928148.pdf
50,Lab_value,90 beats temperature per per minute minute,0.999379575252533,1,/content/drive/MyDrive/MACROBATT/INPUT_PDF_FILES/27928148.pdf
51,Diagnostic_procedure,respiratory rate rate,0.9999580979347229,1,/content/drive/MyDrive/MACROBATT/INPUT_PDF_FILES/27928148.pdf
52,Lab_value,16 breaths temperature per per,0.999829113483429,1,/content/drive/MyDrive/MACROBATT/INPUT_PDF_FILES/27928148.pdf
53,Diagnostic_procedure,oxygen saturation,0.9999406933784485,1,/content/drive/MyDrive/MACROBATT/INPUT_PDF_FILES/27928148.pdf
54,Lab_value,95 %,0.9998639822006226,1,/content/drive/MyDrive/MACROBATT/INPUT_PDF_FILES/27928148.pdf
55,Detailed_description,room,0.9974868297576904,1,/content/drive/MyDrive/MACROBATT/INPUT_PDF_FILES/27928148.pdf
56,Sign_symptom,alert,0.9992314577102661,1,/content/drive/MyDrive/MACROBATT/INPUT_PDF_FILES/27928148.pdf
57,Diagnostic_procedure,cranial nerves II–XII,0.9996650815010071,1,/content/drive/MyDrive/MACROBATT/INPUT_PDF_FILES/27928148.pdf
58,Lab_value,2/5,0.9998524785041809,1,/content/drive/MyDrive/MACROBATT/INPUT_PDF_FILES/27928148.pdf
59,Diagnostic_procedure,strength,0.9998979568481445,1,/content/drive/MyDrive/MACROBATT/INPUT_PDF_FILES/27928148.pdf
60,Biological_structure,right lower lower extremity extremity extremities,0.97807377576828,1,/content/drive/MyDrive/MACROBATT/INPUT_PDF_FILES/27928148.pdf
61,Lab_value,3/5,0.9997852444648743,1,/content/drive/MyDrive/MACROBATT/INPUT_PDF_FILES/27928148.pdf
62,Biological_structure,left lower lower,0.9941296577453613,1,/content/drive/MyDrive/MACROBATT/INPUT_PDF_FILES/27928148.pdf
63,Lab_value,4/5,0.9997494220733643,1,/content/drive/MyDrive/MACROBATT/INPUT_PDF_FILES/27928148.pdf
64,Detailed_description,bilaterally,0.9735897779464722,1,/content/drive/MyDrive/MACROBATT/INPUT_PDF_FILES/27928148.pdf
65,Biological_structure,upper,0.9998264908790588,1,/content/drive/MyDrive/MACROBATT/INPUT_PDF_FILES/27928148.pdf
66,Diagnostic_procedure,sensation,0.9988765120506287,1,/content/drive/MyDrive/MACROBATT/INPUT_PDF_FILES/27928148.pdf
67,Diagnostic_procedure,eyes,0.9997056126594543,1,/content/drive/MyDrive/MACROBATT/INPUT_PDF_FILES/27928148.pdf
68,Diagnostic_procedure,verbal response,0.9999571442604065,1,/content/drive/MyDrive/MACROBATT/INPUT_PDF_FILES/27928148.pdf
69,Lab_value,oriented,0.9997512698173523,1,/content/drive/MyDrive/MACROBATT/INPUT_PDF_FILES/27928148.pdf
70,Diagnostic_procedure,Glasgow Coma Scale,0.999901294708252,1,/content/drive/MyDrive/MACROBATT/INPUT_PDF_FILES/27928148.pdf
71,Diagnostic_procedure,Pupils,0.9572516679763794,1,/content/drive/MyDrive/MACROBATT/INPUT_PDF_FILES/27928148.pdf
72,Sign_symptom,tenderness,0.9999399185180664,1,/content/drive/MyDrive/MACROBATT/INPUT_PDF_FILES/27928148.pdf
73,Detailed_description,palpation,0.9998949766159058,1,/content/drive/MyDrive/MACROBATT/INPUT_PDF_FILES/27928148.pdf
74,Biological_structure,thoracic,0.8804485201835632,1,/content/drive/MyDrive/MACROBATT/INPUT_PDF_FILES/27928148.pdf
75,Biological_structure,lumbar,0.9999278783798218,1,/content/drive/MyDrive/MACROBATT/INPUT_PDF_FILES/27928148.pdf
76,Biological_structure,tenderness over cervical thoracic lumbar external trauma,0.9963667392730713,1,/content/drive/MyDrive/MACROBATT/INPUT_PDF_FILES/27928148.pdf
77,Biological_structure,spine,0.9999207258224487,1,/content/drive/MyDrive/MACROBATT/INPUT_PDF_FILES/27928148.pdf
78,Diagnostic_procedure,anal sphincter tone,0.9999473690986633,1,/content/drive/MyDrive/MACROBATT/INPUT_PDF_FILES/27928148.pdf
79,Diagnostic_procedure,laboratory,0.9942730069160461,1,/content/drive/MyDrive/MACROBATT/INPUT_PDF_FILES/27928148.pdf
80,Sign_symptom,abnormalities,0.9974623918533325,1,/content/drive/MyDrive/MACROBATT/INPUT_PDF_FILES/27928148.pdf
81,Sign_symptom,hyperlactemia function electrolyte,0.9397832751274109,1,/content/drive/MyDrive/MACROBATT/INPUT_PDF_FILES/27928148.pdf
82,Lab_value,elevated,0.9980723857879639,1,/content/drive/MyDrive/MACROBATT/INPUT_PDF_FILES/27928148.pdf
83,Diagnostic_procedure,liver function,0.9318119287490845,1,/content/drive/MyDrive/MACROBATT/INPUT_PDF_FILES/27928148.pdf
84,Diagnostic_procedure,complete complete blood count,0.9999502301216125,1,/content/drive/MyDrive/MACROBATT/INPUT_PDF_FILES/27928148.pdf
85,Diagnostic_procedure,complete complete metabolic panel,0.9999216198921204,1,/content/drive/MyDrive/MACROBATT/INPUT_PDF_FILES/27928148.pdf
86,Lab_value,normal,0.9999139308929443,1,/content/drive/MyDrive/MACROBATT/INPUT_PDF_FILES/27928148.pdf
87,Other_entity,These values are summarized along with reference ranges in Table 1,0.9176246523857117,1,/content/drive/MyDrive/MACROBATT/INPUT_PDF_FILES/27928148.pdf
88,Diagnostic_procedure,toxicology screen,0.9999534487724304,1,/content/drive/MyDrive/MACROBATT/INPUT_PDF_FILES/27928148.pdf
89,Lab_value,positive,0.9999423027038574,1,/content/drive/MyDrive/MACROBATT/INPUT_PDF_FILES/27928148.pdf
90,Diagnostic_procedure,Blood cultures cultures,0.9999598264694214,1,/content/drive/MyDrive/MACROBATT/INPUT_PDF_FILES/27928148.pdf
91,Sign_symptom,aerobic aerobic non-aerobic,0.927914559841156,1,/content/drive/MyDrive/MACROBATT/INPUT_PDF_FILES/27928148.pdf
92,Disease_disorder,bacteria,0.8886599540710449,1,/content/drive/MyDrive/MACROBATT/INPUT_PDF_FILES/27928148.pdf
93,Disease_disorder,Salmonella enterica,0.9991495013237,1,/content/drive/MyDrive/MACROBATT/INPUT_PDF_FILES/27928148.pdf
94,Detailed_description,"serotype 4,12 : admission aerobic bacteria enterica i aerobic non-aerobic",0.9996570944786072,1,/content/drive/MyDrive/MACROBATT/INPUT_PDF_FILES/27928148.pdf
95,Diagnostic_procedure,repeat cultures cultures,0.9999590516090393,1,/content/drive/MyDrive/MACROBATT/INPUT_PDF_FILES/27928148.pdf
96,Date,two days later,0.999880850315094,1,/content/drive/MyDrive/MACROBATT/INPUT_PDF_FILES/27928148.pdf
97,Detailed_description,group Blood B,0.9996881484985352,1,/content/drive/MyDrive/MACROBATT/INPUT_PDF_FILES/27928148.pdf
98,Disease_disorder,streptococcus,0.9301958084106445,1,/content/drive/MyDrive/MACROBATT/INPUT_PDF_FILES/27928148.pdf
99,Diagnostic_procedure,blood cultures cultures,0.9999442100524902,1,/content/drive/MyDrive/MACROBATT/INPUT_PDF_FILES/27928148.pdf
100,Diagnostic_procedure,stool,0.9999363422393799,1,/content/drive/MyDrive/MACROBATT/INPUT_PDF_FILES/27928148.pdf
101,Medication,Metronidazole,0.9998592138290405,1,/content/drive/MyDrive/MACROBATT/INPUT_PDF_FILES/27928148.pdf
102,Medication,Metronidazole initiated learning,0.9979196190834045,1,/content/drive/MyDrive/MACROBATT/INPUT_PDF_FILES/27928148.pdf
103,Medication,vancomycin,0.9998829364776611,1,/content/drive/MyDrive/MACROBATT/INPUT_PDF_FILES/27928148.pdf
104,Therapeutic_procedure,therapy,0.9997251629829407,1,/content/drive/MyDrive/MACROBATT/INPUT_PDF_FILES/27928148.pdf
105,Medication,ceftriaxone,0.9997681975364685,1,/content/drive/MyDrive/MACROBATT/INPUT_PDF_FILES/27928148.pdf
106,Diagnostic_procedure,autoimmunity,0.9999516010284424,1,/content/drive/MyDrive/MACROBATT/INPUT_PDF_FILES/27928148.pdf
107,Diagnostic_procedure,autoimmunity limits,0.969857394695282,1,/content/drive/MyDrive/MACROBATT/INPUT_PDF_FILES/27928148.pdf
108,Diagnostic_procedure,autoimmunity workup,0.9661667346954346,1,/content/drive/MyDrive/MACROBATT/INPUT_PDF_FILES/27928148.pdf
109,Diagnostic_procedure,anti- nuclear antibody (,0.9579083323478699,1,/content/drive/MyDrive/MACROBATT/INPUT_PDF_FILES/27928148.pdf
110,Diagnostic_procedure,ANA,0.9982765913009644,1,/content/drive/MyDrive/MACROBATT/INPUT_PDF_FILES/27928148.pdf
111,Diagnostic_procedure,HLA-B27,0.9994115233421326,1,/content/drive/MyDrive/MACROBATT/INPUT_PDF_FILES/27928148.pdf
112,Diagnostic_procedure,computerized tomography,0.997029185295105,1,/content/drive/MyDrive/MACROBATT/INPUT_PDF_FILES/27928148.pdf
113,Biological_structure,computerized tomography her cervical thoracic lumbar revealed fractures,0.9993062019348145,1,/content/drive/MyDrive/MACROBATT/INPUT_PDF_FILES/27928148.pdf
114,Biological_structure,spinal,0.9999606609344482,1,/content/drive/MyDrive/MACROBATT/INPUT_PDF_FILES/27928148.pdf
115,Diagnostic_procedure,Magnetic resonance imaging,0.9992626309394836,1,/content/drive/MyDrive/MACROBATT/INPUT_PDF_FILES/27928148.pdf
116,Diagnostic_procedure,MRI,0.9999326467514038,1,/content/drive/MyDrive/MACROBATT/INPUT_PDF_FILES/27928148.pdf
117,Biological_structure,intracranial,0.9999394416809082,1,/content/drive/MyDrive/MACROBATT/INPUT_PDF_FILES/27928148.pdf
118,Diagnostic_procedure,enhancement within the central aspect of C3–T2,0.9871680736541748,1,/content/drive/MyDrive/MACROBATT/INPUT_PDF_FILES/27928148.pdf
119,Sign_symptom,disc protrusions,0.940414547920227,1,/content/drive/MyDrive/MACROBATT/INPUT_PDF_FILES/27928148.pdf
120,Biological_structure,C3–4,0.997259259223938,1,/content/drive/MyDrive/MACROBATT/INPUT_PDF_FILES/27928148.pdf
121,Biological_structure,C4–5,0.9991564750671387,1,/content/drive/MyDrive/MACROBATT/INPUT_PDF_FILES/27928148.pdf
122,Biological_structure,C5–6,0.949337899684906,1,/content/drive/MyDrive/MACROBATT/INPUT_PDF_FILES/27928148.pdf
123,Biological_structure,bilateral posterior neck,0.8768903613090515,1,/content/drive/MyDrive/MACROBATT/INPUT_PDF_FILES/27928148.pdf
124,Biological_structure,muscle,0.6616920232772827,1,/content/drive/MyDrive/MACROBATT/INPUT_PDF_FILES/27928148.pdf
125,Time,Four hours after,0.9992907047271729,1,/content/drive/MyDrive/MACROBATT/INPUT_PDF_FILES/27928148.pdf
126,Lab_value,deteriorated,0.9998830556869507,1,/content/drive/MyDrive/MACROBATT/INPUT_PDF_FILES/27928148.pdf
127,Lab_value,1/5,0.9998504519462585,1,/content/drive/MyDrive/MACROBATT/INPUT_PDF_FILES/27928148.pdf
128,Biological_structure,all,0.7508150339126587,1,/content/drive/MyDrive/MACROBATT/INPUT_PDF_FILES/27928148.pdf
129,Lab_value,lost,0.9996471405029297,1,/content/drive/MyDrive/MACROBATT/INPUT_PDF_FILES/27928148.pdf
130,Diagnostic_procedure,proprioception,0.9984626173973083,1,/content/drive/MyDrive/MACROBATT/INPUT_PDF_FILES/27928148.pdf
131,Biological_structure,toes,0.9998557567596436,1,/content/drive/MyDrive/MACROBATT/INPUT_PDF_FILES/27928148.pdf
132,Lab_value,absent,0.9962645173072815,1,/content/drive/MyDrive/MACROBATT/INPUT_PDF_FILES/27928148.pdf
133,Diagnostic_procedure,anal sphincter,0.9988952279090881,1,/content/drive/MyDrive/MACROBATT/INPUT_PDF_FILES/27928148.pdf
134,Clinical_event,admitted,0.9998493194580078,2,/content/drive/MyDrive/MACROBATT/INPUT_PDF_FILES/27928148.pdf
135,Nonbiological_location,neurotrauma,0.999733030796051,2,/content/drive/MyDrive/MACROBATT/INPUT_PDF_FILES/27928148.pdf
136,Nonbiological_location,neurotrauma intensive care unit,0.9996837973594666,2,/content/drive/MyDrive/MACROBATT/INPUT_PDF_FILES/27928148.pdf
137,Detailed_description,endotracheal,0.9632613062858582,2,/content/drive/MyDrive/MACROBATT/INPUT_PDF_FILES/27928148.pdf
138,Therapeutic_procedure,intensive intubation,0.9892827272415161,2,/content/drive/MyDrive/MACROBATT/INPUT_PDF_FILES/27928148.pdf
139,Therapeutic_procedure,intubation,0.9896180033683777,2,/content/drive/MyDrive/MACROBATT/INPUT_PDF_FILES/27928148.pdf
140,Lab_value,positive,0.9999160766601562,2,/content/drive/MyDrive/MACROBATT/INPUT_PDF_FILES/27928148.pdf
141,Biological_structure,lumbar,0.9999299049377441,2,/content/drive/MyDrive/MACROBATT/INPUT_PDF_FILES/27928148.pdf
142,Disease_disorder,ATM,0.9421454668045044,2,/content/drive/MyDrive/MACROBATT/INPUT_PDF_FILES/27928148.pdf
143,Diagnostic_procedure,workup for infectious etiologies,0.9998739361763,2,/content/drive/MyDrive/MACROBATT/INPUT_PDF_FILES/27928148.pdf
144,Therapeutic_procedure,Plasma exchange therapy,0.9997771382331848,2,/content/drive/MyDrive/MACROBATT/INPUT_PDF_FILES/27928148.pdf
145,Therapeutic_procedure,tracheostomy,0.9998849630355835,2,/content/drive/MyDrive/MACROBATT/INPUT_PDF_FILES/27928148.pdf
146,Therapeutic_procedure,tracheostomy jejunostomy,0.8850607872009277,2,/content/drive/MyDrive/MACROBATT/INPUT_PDF_FILES/27928148.pdf
147,Detailed_description,prolonged,0.8131876587867737,2,/content/drive/MyDrive/MACROBATT/INPUT_PDF_FILES/27928148.pdf
148,Therapeutic_procedure,jejunostomy,0.9998666048049927,2,/content/drive/MyDrive/MACROBATT/INPUT_PDF_FILES/27928148.pdf
149,Therapeutic_procedure,tracheostomy jejunostomy tube placement,0.9391352534294128,2,/content/drive/MyDrive/MACROBATT/INPUT_PDF_FILES/27928148.pdf
