,Entity Group,Value,Score,Page,Pdf File
0,Age,21-year-old,0.9974020719528198,1,/content/drive/MyDrive/MACROBATT/INPUT_PDF_FILES/27974938.pdf
1,Clinical_event,presented,0.9998598098754883,1,/content/drive/MyDrive/MACROBATT/INPUT_PDF_FILES/27974938.pdf
2,Nonbiological_location,closest emergency department,0.9997887015342712,1,/content/drive/MyDrive/MACROBATT/INPUT_PDF_FILES/27974938.pdf
3,Time,8 PM,0.9989610910415649,1,/content/drive/MyDrive/MACROBATT/INPUT_PDF_FILES/27974938.pdf
4,Sign_symptom,numbness,0.837498664855957,1,/content/drive/MyDrive/MACROBATT/INPUT_PDF_FILES/27974938.pdf
5,Sign_symptom,incoordination of of walking,0.9998326301574707,1,/content/drive/MyDrive/MACROBATT/INPUT_PDF_FILES/27974938.pdf
6,Sign_symptom,21-year-old presented department incoordination and dysarthria installed mode,0.9998496770858765,1,/content/drive/MyDrive/MACROBATT/INPUT_PDF_FILES/27974938.pdf
7,Sign_symptom,dysarthria,0.9970068335533142,1,/content/drive/MyDrive/MACROBATT/INPUT_PDF_FILES/27974938.pdf
8,Sign_symptom,symptomatology,0.9999439716339111,1,/content/drive/MyDrive/MACROBATT/INPUT_PDF_FILES/27974938.pdf
9,Detailed_description,progressive,0.9999492168426514,1,/content/drive/MyDrive/MACROBATT/INPUT_PDF_FILES/27974938.pdf
10,Time,4 hours before,0.9988603591918945,1,/content/drive/MyDrive/MACROBATT/INPUT_PDF_FILES/27974938.pdf
11,Sign_symptom,nausea,0.9999603033065796,1,/content/drive/MyDrive/MACROBATT/INPUT_PDF_FILES/27974938.pdf
12,Time,4 PM PM PM,0.9982938766479492,1,/content/drive/MyDrive/MACROBATT/INPUT_PDF_FILES/27974938.pdf
13,Biological_structure,nuchal numbness,0.9977821707725525,1,/content/drive/MyDrive/MACROBATT/INPUT_PDF_FILES/27974938.pdf
14,Biological_structure,nuchal,0.6946346759796143,1,/content/drive/MyDrive/MACROBATT/INPUT_PDF_FILES/27974938.pdf
15,Time,after 5.30 PM PM PM,0.9987727403640747,1,/content/drive/MyDrive/MACROBATT/INPUT_PDF_FILES/27974938.pdf
16,Biological_structure,left limbs,0.9999141097068787,1,/content/drive/MyDrive/MACROBATT/INPUT_PDF_FILES/27974938.pdf
17,Sign_symptom,incoordination,0.9999269247055054,1,/content/drive/MyDrive/MACROBATT/INPUT_PDF_FILES/27974938.pdf
18,Time,7 PM PM PM,0.9987953901290894,1,/content/drive/MyDrive/MACROBATT/INPUT_PDF_FILES/27974938.pdf
19,History,The patient did not have patient have a medical a medication medical history history or patient have a medical a medication current medication .,0.9981600046157837,1,/content/drive/MyDrive/MACROBATT/INPUT_PDF_FILES/27974938.pdf
20,History,He did did not not smoke and did did not not use recreational,0.9994544982910156,1,/content/drive/MyDrive/MACROBATT/INPUT_PDF_FILES/27974938.pdf
21,History,He only drank alcohol,0.9941655397415161,1,/content/drive/MyDrive/MACROBATT/INPUT_PDF_FILES/27974938.pdf
22,Family_history,"There was no family history of thromboembolism , , cardiovascular problems , , history or hematologic diseases .",0.9883258938789368,1,/content/drive/MyDrive/MACROBATT/INPUT_PDF_FILES/27974938.pdf
23,Diagnostic_procedure,evaluated,0.9999053478240967,1,/content/drive/MyDrive/MACROBATT/INPUT_PDF_FILES/27974938.pdf
24,Nonbiological_location,neurosurgeon,0.9783996343612671,1,/content/drive/MyDrive/MACROBATT/INPUT_PDF_FILES/27974938.pdf
25,Nonbiological_location,emergency unit,0.99967360496521,1,/content/drive/MyDrive/MACROBATT/INPUT_PDF_FILES/27974938.pdf
26,Biological_structure,brain,0.999957799911499,1,/content/drive/MyDrive/MACROBATT/INPUT_PDF_FILES/27974938.pdf
27,Detailed_description,in brain infracentimetric in in findings,0.9993470311164856,1,/content/drive/MyDrive/MACROBATT/INPUT_PDF_FILES/27974938.pdf
28,Detailed_description,infracentimetric,0.8228156566619873,1,/content/drive/MyDrive/MACROBATT/INPUT_PDF_FILES/27974938.pdf
29,Sign_symptom,hypodensity,0.957431435585022,1,/content/drive/MyDrive/MACROBATT/INPUT_PDF_FILES/27974938.pdf
30,Detailed_description,left side side,0.9996354579925537,1,/content/drive/MyDrive/MACROBATT/INPUT_PDF_FILES/27974938.pdf
31,Biological_structure,level of of the the the the the the the other right right cerebellar hemisphere,0.9999103546142578,1,/content/drive/MyDrive/MACROBATT/INPUT_PDF_FILES/27974938.pdf
32,Biological_structure,PICA,0.9997141361236572,1,/content/drive/MyDrive/MACROBATT/INPUT_PDF_FILES/27974938.pdf
33,Biological_structure,chest,0.9999253749847412,1,/content/drive/MyDrive/MACROBATT/INPUT_PDF_FILES/27974938.pdf
34,Diagnostic_procedure,X-ray,0.9862446188926697,1,/content/drive/MyDrive/MACROBATT/INPUT_PDF_FILES/27974938.pdf
35,Sign_symptom,widened projection,0.9998776912689209,1,/content/drive/MyDrive/MACROBATT/INPUT_PDF_FILES/27974938.pdf
36,Detailed_description,right right,0.9984967708587646,1,/content/drive/MyDrive/MACROBATT/INPUT_PDF_FILES/27974938.pdf
37,Clinical_event,sent,0.9988382458686829,1,/content/drive/MyDrive/MACROBATT/INPUT_PDF_FILES/27974938.pdf
38,Nonbiological_location,National Institute of Neurology and and Cerebrovascular Diseases,0.9980955719947815,1,/content/drive/MyDrive/MACROBATT/INPUT_PDF_FILES/27974938.pdf
39,Clinical_event,consultation,0.9997132420539856,1,/content/drive/MyDrive/MACROBATT/INPUT_PDF_FILES/27974938.pdf
40,Detailed_description,ambulance,0.9773388504981995,1,/content/drive/MyDrive/MACROBATT/INPUT_PDF_FILES/27974938.pdf
41,Detailed_description,repeated,0.9997854828834534,1,/content/drive/MyDrive/MACROBATT/INPUT_PDF_FILES/27974938.pdf
42,Diagnostic_procedure,physical examination,0.9999219179153442,1,/content/drive/MyDrive/MACROBATT/INPUT_PDF_FILES/27974938.pdf
43,Lab_value,normal normal,0.9999164342880249,1,/content/drive/MyDrive/MACROBATT/INPUT_PDF_FILES/27974938.pdf
44,Diagnostic_procedure,vital signs,0.9999518990516663,1,/content/drive/MyDrive/MACROBATT/INPUT_PDF_FILES/27974938.pdf
45,Diagnostic_procedure,blood pressure,0.9999604225158691,1,/content/drive/MyDrive/MACROBATT/INPUT_PDF_FILES/27974938.pdf
46,Lab_value,130/ 80mmHg,0.999891996383667,1,/content/drive/MyDrive/MACROBATT/INPUT_PDF_FILES/27974938.pdf
47,Diagnostic_procedure,heart rate,0.9999632239341736,1,/content/drive/MyDrive/MACROBATT/INPUT_PDF_FILES/27974938.pdf
48,Lab_value,100 beats per temperature minute,0.9999430179595947,1,/content/drive/MyDrive/MACROBATT/INPUT_PDF_FILES/27974938.pdf
49,Diagnostic_procedure,body temperature,0.999950647354126,1,/content/drive/MyDrive/MACROBATT/INPUT_PDF_FILES/27974938.pdf
50,Lab_value,"36,8°C",0.9998401999473572,1,/content/drive/MyDrive/MACROBATT/INPUT_PDF_FILES/27974938.pdf
51,Diagnostic_procedure,cardiopulmonary exam,0.999805748462677,1,/content/drive/MyDrive/MACROBATT/INPUT_PDF_FILES/27974938.pdf
52,Sign_symptom,carotid bruits,0.9509462714195251,1,/content/drive/MyDrive/MACROBATT/INPUT_PDF_FILES/27974938.pdf
53,Diagnostic_procedure,neurological examination,0.9999446868896484,1,/content/drive/MyDrive/MACROBATT/INPUT_PDF_FILES/27974938.pdf
54,Lab_value,normal,0.9998742341995239,1,/content/drive/MyDrive/MACROBATT/INPUT_PDF_FILES/27974938.pdf
55,Lab_value,reactive,0.6527909636497498,1,/content/drive/MyDrive/MACROBATT/INPUT_PDF_FILES/27974938.pdf
56,Detailed_description,divergent,0.9998435974121094,1,/content/drive/MyDrive/MACROBATT/INPUT_PDF_FILES/27974938.pdf
57,Sign_symptom,strabismus nystagmus stereotypical,0.9979367256164551,1,/content/drive/MyDrive/MACROBATT/INPUT_PDF_FILES/27974938.pdf
58,Sign_symptom,strabismus bilateral,0.9491791725158691,1,/content/drive/MyDrive/MACROBATT/INPUT_PDF_FILES/27974938.pdf
59,Sign_symptom,strabismus,0.8409180641174316,1,/content/drive/MyDrive/MACROBATT/INPUT_PDF_FILES/27974938.pdf
60,Severity,mild,0.9997318387031555,1,/content/drive/MyDrive/MACROBATT/INPUT_PDF_FILES/27974938.pdf
61,Sign_symptom,paresis,0.958458423614502,1,/content/drive/MyDrive/MACROBATT/INPUT_PDF_FILES/27974938.pdf
62,Disease_disorder,ataxia,0.9923267960548401,1,/content/drive/MyDrive/MACROBATT/INPUT_PDF_FILES/27974938.pdf
63,Biological_structure,accent,0.6946393251419067,1,/content/drive/MyDrive/MACROBATT/INPUT_PDF_FILES/27974938.pdf
64,Detailed_description,left left left left left,0.5268590450286865,1,/content/drive/MyDrive/MACROBATT/INPUT_PDF_FILES/27974938.pdf
65,Sign_symptom,bilateral response,0.9994587302207947,1,/content/drive/MyDrive/MACROBATT/INPUT_PDF_FILES/27974938.pdf
66,Biological_structure,all all deep tendons,0.9881026744842529,1,/content/drive/MyDrive/MACROBATT/INPUT_PDF_FILES/27974938.pdf
67,Sign_symptom,Babinski,0.9996479749679565,1,/content/drive/MyDrive/MACROBATT/INPUT_PDF_FILES/27974938.pdf
68,Sign_symptom,Babinski sign,0.9986840486526489,1,/content/drive/MyDrive/MACROBATT/INPUT_PDF_FILES/27974938.pdf
69,Detailed_description,able to to repeat patient was able repeat a and fragment phrases and commands few words and and commands fragment of of phrases,0.9998801350593567,1,/content/drive/MyDrive/MACROBATT/INPUT_PDF_FILES/27974938.pdf
70,Detailed_description,perform simple commands,0.999668300151825,1,/content/drive/MyDrive/MACROBATT/INPUT_PDF_FILES/27974938.pdf
71,Detailed_description,medium,0.9987442493438721,1,/content/drive/MyDrive/MACROBATT/INPUT_PDF_FILES/27974938.pdf
72,Diagnostic_procedure,laboratory analysis,0.9999622702598572,1,/content/drive/MyDrive/MACROBATT/INPUT_PDF_FILES/27974938.pdf
73,Lab_value,normal normal normal normal,0.9999128580093384,1,/content/drive/MyDrive/MACROBATT/INPUT_PDF_FILES/27974938.pdf
74,Diagnostic_procedure,hemoleucogram,0.9998832941055298,1,/content/drive/MyDrive/MACROBATT/INPUT_PDF_FILES/27974938.pdf
75,Diagnostic_procedure,hemoleucogram cholesterol,0.9944303631782532,1,/content/drive/MyDrive/MACROBATT/INPUT_PDF_FILES/27974938.pdf
76,Diagnostic_procedure,blood glucose,0.9999583959579468,1,/content/drive/MyDrive/MACROBATT/INPUT_PDF_FILES/27974938.pdf
77,Lab_value,"9,11 mmol/ 3,9-5,8mmol/ 0,69mmol/ 0,5-0,9mmol/ 5,2mmol/ mmol/ L L L L L L",0.9999045133590698,1,/content/drive/MyDrive/MACROBATT/INPUT_PDF_FILES/27974938.pdf
78,Diagnostic_procedure,serum serum creatinine,0.9999297857284546,1,/content/drive/MyDrive/MACROBATT/INPUT_PDF_FILES/27974938.pdf
79,Lab_value,"0,69mmol/ L L L L L L",0.9999151825904846,1,/content/drive/MyDrive/MACROBATT/INPUT_PDF_FILES/27974938.pdf
80,Diagnostic_procedure,total serum serum cholesterol,0.9999305009841919,1,/content/drive/MyDrive/MACROBATT/INPUT_PDF_FILES/27974938.pdf
81,Lab_value,"5,2mmol/ L L L L L L",0.9999098181724548,1,/content/drive/MyDrive/MACROBATT/INPUT_PDF_FILES/27974938.pdf
82,Diagnostic_procedure,thrombophilia,0.9998723268508911,1,/content/drive/MyDrive/MACROBATT/INPUT_PDF_FILES/27974938.pdf
83,Diagnostic_procedure,sinus rhythm,0.9996247887611389,1,/content/drive/MyDrive/MACROBATT/INPUT_PDF_FILES/27974938.pdf
84,Detailed_description,ECG,0.792151927947998,1,/content/drive/MyDrive/MACROBATT/INPUT_PDF_FILES/27974938.pdf
85,Nonbiological_location,emergency,0.9758483171463013,1,/content/drive/MyDrive/MACROBATT/INPUT_PDF_FILES/27974938.pdf
86,Detailed_description,brain infracentimetric in,0.9982156753540039,1,/content/drive/MyDrive/MACROBATT/INPUT_PDF_FILES/27974938.pdf
87,Sign_symptom,The the hypodensity the the thalamic the the right hemisphere the,0.9999569654464722,1,/content/drive/MyDrive/MACROBATT/INPUT_PDF_FILES/27974938.pdf
88,Biological_structure,thalamic,0.9999299049377441,1,/content/drive/MyDrive/MACROBATT/INPUT_PDF_FILES/27974938.pdf
89,Biological_structure,infracentimetric thalamic nucleus,0.7739658355712891,1,/content/drive/MyDrive/MACROBATT/INPUT_PDF_FILES/27974938.pdf
90,Biological_structure,level level of of the the the the the the right cerebellar hemisphere,0.9999291300773621,1,/content/drive/MyDrive/MACROBATT/INPUT_PDF_FILES/27974938.pdf
91,Detailed_description,Doppler,0.9972524642944336,1,/content/drive/MyDrive/MACROBATT/INPUT_PDF_FILES/27974938.pdf
92,Diagnostic_procedure,ultrasound,0.9999736547470093,1,/content/drive/MyDrive/MACROBATT/INPUT_PDF_FILES/27974938.pdf
93,Biological_structure,cerebral,0.9998695850372314,1,/content/drive/MyDrive/MACROBATT/INPUT_PDF_FILES/27974938.pdf
94,Biological_structure,cervical,0.9999359846115112,1,/content/drive/MyDrive/MACROBATT/INPUT_PDF_FILES/27974938.pdf
95,Biological_structure,blood vessels,0.9984169006347656,1,/content/drive/MyDrive/MACROBATT/INPUT_PDF_FILES/27974938.pdf
96,Lab_value,frena,0.9246645569801331,1,/content/drive/MyDrive/MACROBATT/INPUT_PDF_FILES/27974938.pdf
97,Biological_structure,V2 V2 V3,0.9635936617851257,1,/content/drive/MyDrive/MACROBATT/INPUT_PDF_FILES/27974938.pdf
98,Biological_structure,right vertebral,0.9102226495742798,1,/content/drive/MyDrive/MACROBATT/INPUT_PDF_FILES/27974938.pdf
99,Sign_symptom,accentuated aspect,0.9953028559684753,1,/content/drive/MyDrive/MACROBATT/INPUT_PDF_FILES/27974938.pdf
100,Biological_structure,highlighted high V2 V2 segments,0.9998229742050171,1,/content/drive/MyDrive/MACROBATT/INPUT_PDF_FILES/27974938.pdf
101,Biological_structure,carotid,0.9234007596969604,1,/content/drive/MyDrive/MACROBATT/INPUT_PDF_FILES/27974938.pdf
102,Detailed_description,accentuated atheromatous modifications,0.9986112117767334,1,/content/drive/MyDrive/MACROBATT/INPUT_PDF_FILES/27974938.pdf
103,Detailed_description,atheromatous,0.9735404849052429,1,/content/drive/MyDrive/MACROBATT/INPUT_PDF_FILES/27974938.pdf
104,Sign_symptom,lesions,0.9999537467956543,1,/content/drive/MyDrive/MACROBATT/INPUT_PDF_FILES/27974938.pdf
105,Detailed_description,modifications of of of of the the the the the the the the atheromatous the the trajectories,0.9697468876838684,1,/content/drive/MyDrive/MACROBATT/INPUT_PDF_FILES/27974938.pdf
106,Disease_disorder,dissection indication,0.9998219609260559,1,/content/drive/MyDrive/MACROBATT/INPUT_PDF_FILES/27974938.pdf
107,Disease_disorder,dissection,0.9406823515892029,1,/content/drive/MyDrive/MACROBATT/INPUT_PDF_FILES/27974938.pdf
108,Biological_structure,right vertebral artery,0.9999173283576965,1,/content/drive/MyDrive/MACROBATT/INPUT_PDF_FILES/27974938.pdf
109,Detailed_description,higher segments,0.9998241662979126,1,/content/drive/MyDrive/MACROBATT/INPUT_PDF_FILES/27974938.pdf
110,Biological_structure,angio,0.9999579191207886,1,/content/drive/MyDrive/MACROBATT/INPUT_PDF_FILES/27974938.pdf
111,Biological_structure,dissection indication angio,0.8882079720497131,1,/content/drive/MyDrive/MACROBATT/INPUT_PDF_FILES/27974938.pdf
112,Diagnostic_procedure,MRI,0.999953031539917,1,/content/drive/MyDrive/MACROBATT/INPUT_PDF_FILES/27974938.pdf
113,Detailed_description,FLAIR,0.8454759120941162,1,/content/drive/MyDrive/MACROBATT/INPUT_PDF_FILES/27974938.pdf
114,Sign_symptom,restriction of of diffusion,0.999647855758667,1,/content/drive/MyDrive/MACROBATT/INPUT_PDF_FILES/27974938.pdf
115,Lab_value,low,0.9998420476913452,1,/content/drive/MyDrive/MACROBATT/INPUT_PDF_FILES/27974938.pdf
116,Diagnostic_procedure,ADC,0.9970071911811829,1,/content/drive/MyDrive/MACROBATT/INPUT_PDF_FILES/27974938.pdf
117,Biological_structure,right right cerebellar cerebellar cerebellar areas area,0.9999151825904846,1,/content/drive/MyDrive/MACROBATT/INPUT_PDF_FILES/27974938.pdf
118,Biological_structure,postero-inferior,0.9998992681503296,1,/content/drive/MyDrive/MACROBATT/INPUT_PDF_FILES/27974938.pdf
119,Biological_structure,anterior bilateral cerebellar cerebellar cerebellar,0.9999158978462219,1,/content/drive/MyDrive/MACROBATT/INPUT_PDF_FILES/27974938.pdf
120,Biological_structure,left left cerebellar cerebellar cerebellar peduncle,0.992382824420929,1,/content/drive/MyDrive/MACROBATT/INPUT_PDF_FILES/27974938.pdf
121,Biological_structure,both,0.998422384262085,1,/content/drive/MyDrive/MACROBATT/INPUT_PDF_FILES/27974938.pdf
122,Detailed_description,right right > left left,0.8995952606201172,1,/content/drive/MyDrive/MACROBATT/INPUT_PDF_FILES/27974938.pdf
123,Biological_structure,thalamic that,0.6371710300445557,2,/content/drive/MyDrive/MACROBATT/INPUT_PDF_FILES/27974938.pdf
124,Biological_structure,subcortical,0.8391010165214539,2,/content/drive/MyDrive/MACROBATT/INPUT_PDF_FILES/27974938.pdf
125,Sign_symptom,ischemic,0.9751685857772827,2,/content/drive/MyDrive/MACROBATT/INPUT_PDF_FILES/27974938.pdf
126,Sign_symptom,ischemic aspect,0.9840865135192871,2,/content/drive/MyDrive/MACROBATT/INPUT_PDF_FILES/27974938.pdf
127,Biological_structure,vertebrobasilar,0.9998691082000732,2,/content/drive/MyDrive/MACROBATT/INPUT_PDF_FILES/27974938.pdf
128,Diagnostic_procedure,T1 FS,0.9998372793197632,2,/content/drive/MyDrive/MACROBATT/INPUT_PDF_FILES/27974938.pdf
129,Lab_value,hypersignal,0.9153072237968445,2,/content/drive/MyDrive/MACROBATT/INPUT_PDF_FILES/27974938.pdf
130,Biological_structure,intracranial,0.5897186994552612,2,/content/drive/MyDrive/MACROBATT/INPUT_PDF_FILES/27974938.pdf
131,Biological_structure,right vertebral artery,0.9998251795768738,2,/content/drive/MyDrive/MACROBATT/INPUT_PDF_FILES/27974938.pdf
132,Biological_structure,cranio-spinal,0.9090959429740906,2,/content/drive/MyDrive/MACROBATT/INPUT_PDF_FILES/27974938.pdf
133,Biological_structure,angiographic,0.997653067111969,2,/content/drive/MyDrive/MACROBATT/INPUT_PDF_FILES/27974938.pdf
134,Detailed_description,arterial,0.9990376234054565,2,/content/drive/MyDrive/MACROBATT/INPUT_PDF_FILES/27974938.pdf
135,Detailed_description,TOF,0.9993253946304321,2,/content/drive/MyDrive/MACROBATT/INPUT_PDF_FILES/27974938.pdf
136,Lab_value,rapid,0.9981392621994019,2,/content/drive/MyDrive/MACROBATT/INPUT_PDF_FILES/27974938.pdf
137,Sign_symptom,flow,0.9309521913528442,2,/content/drive/MyDrive/MACROBATT/INPUT_PDF_FILES/27974938.pdf
138,Biological_structure,up to the the the the the there C2,0.985302209854126,2,/content/drive/MyDrive/MACROBATT/INPUT_PDF_FILES/27974938.pdf
139,Detailed_description,progressive,0.9999468326568604,2,/content/drive/MyDrive/MACROBATT/INPUT_PDF_FILES/27974938.pdf
140,Sign_symptom,pinch out,0.9998832941055298,2,/content/drive/MyDrive/MACROBATT/INPUT_PDF_FILES/27974938.pdf
141,Biological_structure,Distal,0.9827654957771301,2,/content/drive/MyDrive/MACROBATT/INPUT_PDF_FILES/27974938.pdf
142,Lab_value,absence,0.99556964635849,2,/content/drive/MyDrive/MACROBATT/INPUT_PDF_FILES/27974938.pdf
143,Sign_symptom,flow signal,0.6055147051811218,2,/content/drive/MyDrive/MACROBATT/INPUT_PDF_FILES/27974938.pdf
144,Lab_value,lack,0.9917107820510864,2,/content/drive/MyDrive/MACROBATT/INPUT_PDF_FILES/27974938.pdf
145,Biological_structure,right PICA,0.9999373555183411,2,/content/drive/MyDrive/MACROBATT/INPUT_PDF_FILES/27974938.pdf
146,Diagnostic_procedure,MRI,0.9999372959136963,2,/content/drive/MyDrive/MACROBATT/INPUT_PDF_FILES/27974938.pdf
147,Detailed_description,subacute,0.9992684721946716,2,/content/drive/MyDrive/MACROBATT/INPUT_PDF_FILES/27974938.pdf
148,Disease_disorder,dissection,0.9837765097618103,2,/content/drive/MyDrive/MACROBATT/INPUT_PDF_FILES/27974938.pdf
149,Biological_structure,right,0.9970940351486206,2,/content/drive/MyDrive/MACROBATT/INPUT_PDF_FILES/27974938.pdf
150,Biological_structure,cerebral,0.9972088932991028,2,/content/drive/MyDrive/MACROBATT/INPUT_PDF_FILES/27974938.pdf
151,Lab_value,normal,0.9264256358146667,2,/content/drive/MyDrive/MACROBATT/INPUT_PDF_FILES/27974938.pdf
152,Biological_structure,pericerebral fluid spaces,0.954372763633728,2,/content/drive/MyDrive/MACROBATT/INPUT_PDF_FILES/27974938.pdf
153,Diagnostic_procedure,basal cisterns,0.9969536066055298,2,/content/drive/MyDrive/MACROBATT/INPUT_PDF_FILES/27974938.pdf
154,Detailed_description,ischemic dissection,0.999967098236084,2,/content/drive/MyDrive/MACROBATT/INPUT_PDF_FILES/27974938.pdf
155,Sign_symptom,lesions,0.9999043941497803,2,/content/drive/MyDrive/MACROBATT/INPUT_PDF_FILES/27974938.pdf
156,Biological_structure,vertebrobasilar territory,0.9983049631118774,2,/content/drive/MyDrive/MACROBATT/INPUT_PDF_FILES/27974938.pdf
157,Detailed_description,constituted subacute,0.6757451891899109,2,/content/drive/MyDrive/MACROBATT/INPUT_PDF_FILES/27974938.pdf
158,Biological_structure,right vertebral,0.9999015927314758,2,/content/drive/MyDrive/MACROBATT/INPUT_PDF_FILES/27974938.pdf
159,Medication,Heparin,0.9635295271873474,2,/content/drive/MyDrive/MACROBATT/INPUT_PDF_FILES/27974938.pdf
160,Diagnostic_procedure,APTT value,0.9999468922615051,2,/content/drive/MyDrive/MACROBATT/INPUT_PDF_FILES/27974938.pdf
161,Lab_value,50-70,0.9922312498092651,2,/content/drive/MyDrive/MACROBATT/INPUT_PDF_FILES/27974938.pdf
162,Therapeutic_procedure,prophylactic,0.9999217987060547,2,/content/drive/MyDrive/MACROBATT/INPUT_PDF_FILES/27974938.pdf
163,Therapeutic_procedure,prophylactic therapy,0.9995175004005432,2,/content/drive/MyDrive/MACROBATT/INPUT_PDF_FILES/27974938.pdf
164,Detailed_description,stress ulcer,0.9998473525047302,2,/content/drive/MyDrive/MACROBATT/INPUT_PDF_FILES/27974938.pdf
165,Date,After 7 days,0.9998572468757629,2,/content/drive/MyDrive/MACROBATT/INPUT_PDF_FILES/27974938.pdf
166,Medication,acenocumarol,0.799962043762207,2,/content/drive/MyDrive/MACROBATT/INPUT_PDF_FILES/27974938.pdf
167,Medication,The the heparin the therapeutic the,0.9997943043708801,2,/content/drive/MyDrive/MACROBATT/INPUT_PDF_FILES/27974938.pdf
168,Medication,heparin,0.9290101528167725,2,/content/drive/MyDrive/MACROBATT/INPUT_PDF_FILES/27974938.pdf
169,Diagnostic_procedure,INR,0.9998888969421387,2,/content/drive/MyDrive/MACROBATT/INPUT_PDF_FILES/27974938.pdf
170,Lab_value,therapeutic,0.999841570854187,2,/content/drive/MyDrive/MACROBATT/INPUT_PDF_FILES/27974938.pdf
171,Detailed_description,2-3,0.905911386013031,2,/content/drive/MyDrive/MACROBATT/INPUT_PDF_FILES/27974938.pdf
172,Diagnostic_procedure,evolution,0.9929822683334351,2,/content/drive/MyDrive/MACROBATT/INPUT_PDF_FILES/27974938.pdf
173,Lab_value,regaining,0.9996519088745117,2,/content/drive/MyDrive/MACROBATT/INPUT_PDF_FILES/27974938.pdf
174,Diagnostic_procedure,verbal fluency,0.9998095631599426,2,/content/drive/MyDrive/MACROBATT/INPUT_PDF_FILES/27974938.pdf
175,Sign_symptom,autonomy,0.9996143579483032,2,/content/drive/MyDrive/MACROBATT/INPUT_PDF_FILES/27974938.pdf
176,Disease_disorder,ataxia,0.9995628595352173,2,/content/drive/MyDrive/MACROBATT/INPUT_PDF_FILES/27974938.pdf
177,Detailed_description,remitted ataxia at at the the right limbs,0.9938881993293762,2,/content/drive/MyDrive/MACROBATT/INPUT_PDF_FILES/27974938.pdf
178,Detailed_description,persisted ataxia at at the the left extremities,0.9992005228996277,2,/content/drive/MyDrive/MACROBATT/INPUT_PDF_FILES/27974938.pdf
179,Clinical_event,discharged,0.9997374415397644,2,/content/drive/MyDrive/MACROBATT/INPUT_PDF_FILES/27974938.pdf
180,Nonbiological_location,home,0.9988486766815186,2,/content/drive/MyDrive/MACROBATT/INPUT_PDF_FILES/27974938.pdf
181,Other_entity,"recommendation to continue the the treatment treatment with with with Acenocumarol for 6 6 months months with with with clinical paraclinical , paraclinical and treatment treatment reevaluation patient recommendation treatment treatment reevaluation at 6 6 months months",0.9889773726463318,2,/content/drive/MyDrive/MACROBATT/INPUT_PDF_FILES/27974938.pdf
182,Clinical_event,follow,0.9991087317466736,2,/content/drive/MyDrive/MACROBATT/INPUT_PDF_FILES/27974938.pdf
183,Clinical_event,return,0.9402214884757996,2,/content/drive/MyDrive/MACROBATT/INPUT_PDF_FILES/27974938.pdf
184,Nonbiological_location,hospital,0.9976599216461182,2,/content/drive/MyDrive/MACROBATT/INPUT_PDF_FILES/27974938.pdf
