,Entity Group,Value,Score,Page,Pdf File
0,Age,76-year-old,0.9968549609184265,1,/content/drive/MyDrive/MACROBATT/INPUT_PDF_FILES/27980272.pdf
1,Personal_background,Japanese,0.9984286427497864,1,/content/drive/MyDrive/MACROBATT/INPUT_PDF_FILES/27980272.pdf
2,Sex,man,0.9998160004615784,1,/content/drive/MyDrive/MACROBATT/INPUT_PDF_FILES/27980272.pdf
3,Sign_symptom,decreased appetite,0.8231088519096375,1,/content/drive/MyDrive/MACROBATT/INPUT_PDF_FILES/27980272.pdf
4,Biological_structure,abdominal,0.9997987151145935,1,/content/drive/MyDrive/MACROBATT/INPUT_PDF_FILES/27980272.pdf
5,Sign_symptom,distension,0.9999344348907471,1,/content/drive/MyDrive/MACROBATT/INPUT_PDF_FILES/27980272.pdf
6,Date,since late February,0.9574199318885803,1,/content/drive/MyDrive/MACROBATT/INPUT_PDF_FILES/27980272.pdf
7,Lab_value,loose,0.9962494969367981,1,/content/drive/MyDrive/MACROBATT/INPUT_PDF_FILES/27980272.pdf
8,Lab_value,soft,0.9153188467025757,1,/content/drive/MyDrive/MACROBATT/INPUT_PDF_FILES/27980272.pdf
9,Diagnostic_procedure,stools,0.9994240999221802,1,/content/drive/MyDrive/MACROBATT/INPUT_PDF_FILES/27980272.pdf
10,Lab_value,not watery,0.9979689121246338,1,/content/drive/MyDrive/MACROBATT/INPUT_PDF_FILES/27980272.pdf
11,Frequency,once,0.9967503547668457,1,/content/drive/MyDrive/MACROBATT/INPUT_PDF_FILES/27980272.pdf
12,Diagnostic_procedure,blood tests,0.9999093413352966,1,/content/drive/MyDrive/MACROBATT/INPUT_PDF_FILES/27980272.pdf
13,Nonbiological_location,primary care physician,0.9991395473480225,1,/content/drive/MyDrive/MACROBATT/INPUT_PDF_FILES/27980272.pdf
14,Nonbiological_location,PCP,0.9656935930252075,1,/content/drive/MyDrive/MACROBATT/INPUT_PDF_FILES/27980272.pdf
15,Date,June,0.8648401498794556,1,/content/drive/MyDrive/MACROBATT/INPUT_PDF_FILES/27980272.pdf
16,Detailed_description,upper and and lower,0.9992687702178955,1,/content/drive/MyDrive/MACROBATT/INPUT_PDF_FILES/27980272.pdf
17,Diagnostic_procedure,gastrointestinal endoscopy,0.9667660593986511,1,/content/drive/MyDrive/MACROBATT/INPUT_PDF_FILES/27980272.pdf
18,Detailed_description,atrophic,0.9999290704727173,1,/content/drive/MyDrive/MACROBATT/INPUT_PDF_FILES/27980272.pdf
19,Diagnostic_procedure,Helicobacter,0.9999116659164429,1,/content/drive/MyDrive/MACROBATT/INPUT_PDF_FILES/27980272.pdf
20,Diagnostic_procedure,Helicobacter pylori antibodies,0.9998911619186401,1,/content/drive/MyDrive/MACROBATT/INPUT_PDF_FILES/27980272.pdf
21,Diagnostic_procedure,rapid urease test,0.9999580383300781,1,/content/drive/MyDrive/MACROBATT/INPUT_PDF_FILES/27980272.pdf
22,Diagnostic_procedure,histopathological,0.9998764991760254,1,/content/drive/MyDrive/MACROBATT/INPUT_PDF_FILES/27980272.pdf
23,Medication,medication medication,0.9997826218605042,1,/content/drive/MyDrive/MACROBATT/INPUT_PDF_FILES/27980272.pdf
24,Nonbiological_location,mental health,0.9452027082443237,1,/content/drive/MyDrive/MACROBATT/INPUT_PDF_FILES/27980272.pdf
25,Sign_symptom,symptoms,0.9997844099998474,1,/content/drive/MyDrive/MACROBATT/INPUT_PDF_FILES/27980272.pdf
26,Lab_value,did not improve,0.9992231726646423,1,/content/drive/MyDrive/MACROBATT/INPUT_PDF_FILES/27980272.pdf
27,Diagnostic_procedure,body weight,0.9999306201934814,1,/content/drive/MyDrive/MACROBATT/INPUT_PDF_FILES/27980272.pdf
28,Lab_value,decreased,0.5738722085952759,1,/content/drive/MyDrive/MACROBATT/INPUT_PDF_FILES/27980272.pdf
29,Clinical_event,referred,0.9997387528419495,1,/content/drive/MyDrive/MACROBATT/INPUT_PDF_FILES/27980272.pdf
30,Nonbiological_location,department,0.9993115663528442,1,/content/drive/MyDrive/MACROBATT/INPUT_PDF_FILES/27980272.pdf
31,History,hypertension since his 30s,0.9988183379173279,1,/content/drive/MyDrive/MACROBATT/INPUT_PDF_FILES/27980272.pdf
32,Medication,Amlodipine,0.9999148845672607,1,/content/drive/MyDrive/MACROBATT/INPUT_PDF_FILES/27980272.pdf
33,Dosage,5 2005 mg/day mg/day,0.9428293704986572,1,/content/drive/MyDrive/MACROBATT/INPUT_PDF_FILES/27980272.pdf
34,Medication,olmesartan olmesartan,0.9998923540115356,1,/content/drive/MyDrive/MACROBATT/INPUT_PDF_FILES/27980272.pdf
35,Dosage,30 mg/day mg/day,0.9993839263916016,1,/content/drive/MyDrive/MACROBATT/INPUT_PDF_FILES/27980272.pdf
36,Medication,medications,0.9995168447494507,1,/content/drive/MyDrive/MACROBATT/INPUT_PDF_FILES/27980272.pdf
37,Medication,nonsteroidal,0.998833954334259,1,/content/drive/MyDrive/MACROBATT/INPUT_PDF_FILES/27980272.pdf
38,Medication,nonsteroidal anti-,0.8740875124931335,1,/content/drive/MyDrive/MACROBATT/INPUT_PDF_FILES/27980272.pdf
39,History,no history of smoking history or alcohol,0.9991779327392578,1,/content/drive/MyDrive/MACROBATT/INPUT_PDF_FILES/27980272.pdf
40,Diagnostic_procedure,Physical examination,0.9993771314620972,1,/content/drive/MyDrive/MACROBATT/INPUT_PDF_FILES/27980272.pdf
41,Height,165,0.9576054215431213,1,/content/drive/MyDrive/MACROBATT/INPUT_PDF_FILES/27980272.pdf
42,Diagnostic_procedure,body body weight,0.9993746280670166,1,/content/drive/MyDrive/MACROBATT/INPUT_PDF_FILES/27980272.pdf
43,Diagnostic_procedure,body body mass index,0.8854965567588806,1,/content/drive/MyDrive/MACROBATT/INPUT_PDF_FILES/27980272.pdf
44,Diagnostic_procedure,body temperature,0.9998215436935425,1,/content/drive/MyDrive/MACROBATT/INPUT_PDF_FILES/27980272.pdf
45,Lab_value,36.3℃ 36.3℃ .,0.8204889297485352,1,/content/drive/MyDrive/MACROBATT/INPUT_PDF_FILES/27980272.pdf
46,Diagnostic_procedure,pulse pulse rate rate,0.8829314708709717,1,/content/drive/MyDrive/MACROBATT/INPUT_PDF_FILES/27980272.pdf
47,Lab_value,101/min 101/81,0.954544186592102,1,/content/drive/MyDrive/MACROBATT/INPUT_PDF_FILES/27980272.pdf
48,Diagnostic_procedure,blood pressure,0.7909983992576599,1,/content/drive/MyDrive/MACROBATT/INPUT_PDF_FILES/27980272.pdf
49,Diagnostic_procedure,respiratory,0.9999487400054932,1,/content/drive/MyDrive/MACROBATT/INPUT_PDF_FILES/27980272.pdf
50,Diagnostic_procedure,saturation,0.9999685287475586,1,/content/drive/MyDrive/MACROBATT/INPUT_PDF_FILES/27980272.pdf
51,Diagnostic_procedure,saturation from pulse pulse oximetry,0.9902451634407043,1,/content/drive/MyDrive/MACROBATT/INPUT_PDF_FILES/27980272.pdf
52,Diagnostic_procedure,SpO2,0.8314583897590637,1,/content/drive/MyDrive/MACROBATT/INPUT_PDF_FILES/27980272.pdf
53,Biological_structure,jugular,0.999832272529602,1,/content/drive/MyDrive/MACROBATT/INPUT_PDF_FILES/27980272.pdf
54,Biological_structure,jugular venous,0.7686282396316528,1,/content/drive/MyDrive/MACROBATT/INPUT_PDF_FILES/27980272.pdf
55,Detailed_description,bilateral,0.999930739402771,1,/content/drive/MyDrive/MACROBATT/INPUT_PDF_FILES/27980272.pdf
56,Detailed_description,pitting,0.8163318634033203,1,/content/drive/MyDrive/MACROBATT/INPUT_PDF_FILES/27980272.pdf
57,Sign_symptom,edema presented gaze-evoked reduced,0.9999547004699707,1,/content/drive/MyDrive/MACROBATT/INPUT_PDF_FILES/27980272.pdf
58,Sign_symptom,edema,0.9997956156730652,1,/content/drive/MyDrive/MACROBATT/INPUT_PDF_FILES/27980272.pdf
59,Biological_structure,lower legs,0.9999231696128845,1,/content/drive/MyDrive/MACROBATT/INPUT_PDF_FILES/27980272.pdf
60,Detailed_description,unilateral,0.9999771118164062,1,/content/drive/MyDrive/MACROBATT/INPUT_PDF_FILES/27980272.pdf
61,Detailed_description,bilateral unilateral,0.9917426109313965,1,/content/drive/MyDrive/MACROBATT/INPUT_PDF_FILES/27980272.pdf
62,Detailed_description,gaze-evoked,0.999891996383667,1,/content/drive/MyDrive/MACROBATT/INPUT_PDF_FILES/27980272.pdf
63,Sign_symptom,nystagmus,0.999874472618103,1,/content/drive/MyDrive/MACROBATT/INPUT_PDF_FILES/27980272.pdf
64,Severity,mildly,0.9997828602790833,1,/content/drive/MyDrive/MACROBATT/INPUT_PDF_FILES/27980272.pdf
65,Sign_symptom,reduced tactile sensation,0.999942421913147,1,/content/drive/MyDrive/MACROBATT/INPUT_PDF_FILES/27980272.pdf
66,Detailed_description,thermal,0.9999728202819824,1,/content/drive/MyDrive/MACROBATT/INPUT_PDF_FILES/27980272.pdf
67,Sign_symptom,nociception,0.9997995495796204,1,/content/drive/MyDrive/MACROBATT/INPUT_PDF_FILES/27980272.pdf
68,Biological_structure,toes,0.9999017715454102,1,/content/drive/MyDrive/MACROBATT/INPUT_PDF_FILES/27980272.pdf
69,Biological_structure,dorsal,0.9998430013656616,1,/content/drive/MyDrive/MACROBATT/INPUT_PDF_FILES/27980272.pdf
70,Biological_structure,both,0.9988388419151306,1,/content/drive/MyDrive/MACROBATT/INPUT_PDF_FILES/27980272.pdf
71,Diagnostic_procedure,finger-to-nose test,0.9999551773071289,1,/content/drive/MyDrive/MACROBATT/INPUT_PDF_FILES/27980272.pdf
72,Diagnostic_procedure,tandem gait,0.9999577403068542,1,/content/drive/MyDrive/MACROBATT/INPUT_PDF_FILES/27980272.pdf
73,Biological_structure,patellar,0.9888161420822144,1,/content/drive/MyDrive/MACROBATT/INPUT_PDF_FILES/27980272.pdf
74,Biological_structure,Achilles tendon,0.9999344944953918,1,/content/drive/MyDrive/MACROBATT/INPUT_PDF_FILES/27980272.pdf
75,Diagnostic_procedure,reflexes,0.9996128678321838,1,/content/drive/MyDrive/MACROBATT/INPUT_PDF_FILES/27980272.pdf
76,Sign_symptom,Confabulation,0.9581339359283447,1,/content/drive/MyDrive/MACROBATT/INPUT_PDF_FILES/27980272.pdf
77,Diagnostic_procedure,Hasegawa Dementia Scale,0.9998112916946411,1,/content/drive/MyDrive/MACROBATT/INPUT_PDF_FILES/27980272.pdf
78,Diagnostic_procedure,HDS-R,0.9993308782577515,1,/content/drive/MyDrive/MACROBATT/INPUT_PDF_FILES/27980272.pdf
79,Lab_value,17/30,0.9997369647026062,1,/content/drive/MyDrive/MACROBATT/INPUT_PDF_FILES/27980272.pdf
80,Diagnostic_procedure,hematologic findings,0.9994469881057739,1,/content/drive/MyDrive/MACROBATT/INPUT_PDF_FILES/27980272.pdf
81,Diagnostic_procedure,white blood cell count count,0.9998810291290283,1,/content/drive/MyDrive/MACROBATT/INPUT_PDF_FILES/27980272.pdf
82,Lab_value,"6,200 136 64-187 366 24-66",0.9002570509910583,1,/content/drive/MyDrive/MACROBATT/INPUT_PDF_FILES/27980272.pdf
83,Diagnostic_procedure,hemoglobin,0.9991847276687622,1,/content/drive/MyDrive/MACROBATT/INPUT_PDF_FILES/27980272.pdf
84,Lab_value,12.5 125.3,0.880710780620575,1,/content/drive/MyDrive/MACROBATT/INPUT_PDF_FILES/27980272.pdf
85,Diagnostic_procedure,mean corpuscular volume,0.9952103495597839,1,/content/drive/MyDrive/MACROBATT/INPUT_PDF_FILES/27980272.pdf
86,Diagnostic_procedure,platelet count count,0.9998793601989746,1,/content/drive/MyDrive/MACROBATT/INPUT_PDF_FILES/27980272.pdf
87,Lab_value,/μL /μL μg/dL μg/dL,0.5293703675270081,1,/content/drive/MyDrive/MACROBATT/INPUT_PDF_FILES/27980272.pdf
88,Diagnostic_procedure,sodium level level level level level level level level,0.9113292694091797,1,/content/drive/MyDrive/MACROBATT/INPUT_PDF_FILES/27980272.pdf
89,Lab_value,136,0.9989336133003235,1,/content/drive/MyDrive/MACROBATT/INPUT_PDF_FILES/27980272.pdf
90,Diagnostic_procedure,potassium,0.9999603033065796,1,/content/drive/MyDrive/MACROBATT/INPUT_PDF_FILES/27980272.pdf
91,Diagnostic_procedure,chlorine,0.9999493360519409,1,/content/drive/MyDrive/MACROBATT/INPUT_PDF_FILES/27980272.pdf
92,Lab_value,103,0.9886345863342285,1,/content/drive/MyDrive/MACROBATT/INPUT_PDF_FILES/27980272.pdf
93,Diagnostic_procedure,iron,0.9999518394470215,1,/content/drive/MyDrive/MACROBATT/INPUT_PDF_FILES/27980272.pdf
94,Lab_value,57 μg/dL μg/dL,0.9998985528945923,1,/content/drive/MyDrive/MACROBATT/INPUT_PDF_FILES/27980272.pdf
95,Diagnostic_procedure,reference ferritin reference reference reference,0.999963641166687,1,/content/drive/MyDrive/MACROBATT/INPUT_PDF_FILES/27980272.pdf
96,Diagnostic_procedure,ferritin level level level level level level level level,0.9706334471702576,1,/content/drive/MyDrive/MACROBATT/INPUT_PDF_FILES/27980272.pdf
97,Lab_value,366 ng/mL ng/mL ng/mL ng/mL,0.9997771978378296,1,/content/drive/MyDrive/MACROBATT/INPUT_PDF_FILES/27980272.pdf
98,Diagnostic_procedure,B-type natriuretic peptide ( ( ( ( (,0.9978316426277161,1,/content/drive/MyDrive/MACROBATT/INPUT_PDF_FILES/27980272.pdf
99,Diagnostic_procedure,BNP ) ) ) ) ),0.9626286625862122,1,/content/drive/MyDrive/MACROBATT/INPUT_PDF_FILES/27980272.pdf
100,Lab_value,125.3 pg/mL pg/mL,0.9310836791992188,1,/content/drive/MyDrive/MACROBATT/INPUT_PDF_FILES/27980272.pdf
101,Lab_value,ng/mL ng/mL pg/mL pg/mL ng/mL ng/mL,0.9621232151985168,1,/content/drive/MyDrive/MACROBATT/INPUT_PDF_FILES/27980272.pdf
102,Diagnostic_procedure,vitamin B1,0.9262605905532837,1,/content/drive/MyDrive/MACROBATT/INPUT_PDF_FILES/27980272.pdf
103,Lab_value,88.4 3.8 64-187 -18.4 8 ng/mL ng/mL ng/mL ng/mL,0.9992733597755432,1,/content/drive/MyDrive/MACROBATT/INPUT_PDF_FILES/27980272.pdf
104,Diagnostic_procedure,electrocardiogram,0.9999013543128967,1,/content/drive/MyDrive/MACROBATT/INPUT_PDF_FILES/27980272.pdf
105,Lab_value,normal normal,0.9999231100082397,1,/content/drive/MyDrive/MACROBATT/INPUT_PDF_FILES/27980272.pdf
106,Biological_structure,chest,0.999947190284729,1,/content/drive/MyDrive/MACROBATT/INPUT_PDF_FILES/27980272.pdf
107,Diagnostic_procedure,X-rays,0.9983671307563782,1,/content/drive/MyDrive/MACROBATT/INPUT_PDF_FILES/27980272.pdf
108,Diagnostic_procedure,cardiothoracic ratio,0.9993847012519836,1,/content/drive/MyDrive/MACROBATT/INPUT_PDF_FILES/27980272.pdf
109,Sign_symptom,pulmonary,0.9996310472488403,1,/content/drive/MyDrive/MACROBATT/INPUT_PDF_FILES/27980272.pdf
110,Disease_disorder,pleural,0.9997995495796204,1,/content/drive/MyDrive/MACROBATT/INPUT_PDF_FILES/27980272.pdf
111,Disease_disorder,electrocardiogram chest showed either congestion pleural effusion,0.6631299257278442,1,/content/drive/MyDrive/MACROBATT/INPUT_PDF_FILES/27980272.pdf
112,Biological_structure,Cranial,0.9986736178398132,1,/content/drive/MyDrive/MACROBATT/INPUT_PDF_FILES/27980272.pdf
113,Detailed_description,fluid-attenuated inversion recovery-magnetic,0.9998114705085754,1,/content/drive/MyDrive/MACROBATT/INPUT_PDF_FILES/27980272.pdf
114,Detailed_description,fluid-attenuated recovery-magnetic,0.9706883430480957,1,/content/drive/MyDrive/MACROBATT/INPUT_PDF_FILES/27980272.pdf
115,Diagnostic_procedure,recovery-magnetic resonance imaging,0.9973647594451904,1,/content/drive/MyDrive/MACROBATT/INPUT_PDF_FILES/27980272.pdf
116,Biological_structure,periaqueductal,0.9325624108314514,1,/content/drive/MyDrive/MACROBATT/INPUT_PDF_FILES/27980272.pdf
117,Sign_symptom,hyperintensities,0.9996403455734253,1,/content/drive/MyDrive/MACROBATT/INPUT_PDF_FILES/27980272.pdf
118,Disease_disorder,Wernicke,0.9997947812080383,1,/content/drive/MyDrive/MACROBATT/INPUT_PDF_FILES/27980272.pdf
119,Disease_disorder,Wernicke encephalopathy,0.9865975379943848,1,/content/drive/MyDrive/MACROBATT/INPUT_PDF_FILES/27980272.pdf
120,Detailed_description,sinus,0.9999557733535767,1,/content/drive/MyDrive/MACROBATT/INPUT_PDF_FILES/27980272.pdf
121,Detailed_description,sinus thus,0.9872418642044067,1,/content/drive/MyDrive/MACROBATT/INPUT_PDF_FILES/27980272.pdf
122,Sign_symptom,tachycardia vitamin,0.9999618530273438,1,/content/drive/MyDrive/MACROBATT/INPUT_PDF_FILES/27980272.pdf
123,Sign_symptom,tachycardia,0.9999595880508423,1,/content/drive/MyDrive/MACROBATT/INPUT_PDF_FILES/27980272.pdf
124,Sign_symptom,tachycardia hypotension heart dehydration thus that the had both the,0.9999475479125977,1,/content/drive/MyDrive/MACROBATT/INPUT_PDF_FILES/27980272.pdf
125,Sign_symptom,hypotension,0.9997231364250183,1,/content/drive/MyDrive/MACROBATT/INPUT_PDF_FILES/27980272.pdf
126,Sign_symptom,hypotension noted,0.9977164268493652,1,/content/drive/MyDrive/MACROBATT/INPUT_PDF_FILES/27980272.pdf
127,Disease_disorder,heart failure,0.9998802542686462,1,/content/drive/MyDrive/MACROBATT/INPUT_PDF_FILES/27980272.pdf
128,Sign_symptom,dehydration,0.8297587633132935,1,/content/drive/MyDrive/MACROBATT/INPUT_PDF_FILES/27980272.pdf
129,Medication,antihypertensive,0.9996280670166016,1,/content/drive/MyDrive/MACROBATT/INPUT_PDF_FILES/27980272.pdf
130,Medication,antihypertensive agents,0.9326886534690857,1,/content/drive/MyDrive/MACROBATT/INPUT_PDF_FILES/27980272.pdf
131,Date,10 days after,0.9997674822807312,1,/content/drive/MyDrive/MACROBATT/INPUT_PDF_FILES/27980272.pdf
132,Administration,intravenous,0.9981971383094788,1,/content/drive/MyDrive/MACROBATT/INPUT_PDF_FILES/27980272.pdf
133,Medication,vitamin,0.8784195184707642,1,/content/drive/MyDrive/MACROBATT/INPUT_PDF_FILES/27980272.pdf
134,Sign_symptom,loss of of appetite,0.9996461272239685,1,/content/drive/MyDrive/MACROBATT/INPUT_PDF_FILES/27980272.pdf
135,Sign_symptom,nausea,0.9829796552658081,1,/content/drive/MyDrive/MACROBATT/INPUT_PDF_FILES/27980272.pdf
136,Sign_symptom,gait disturbance,0.9929220080375671,1,/content/drive/MyDrive/MACROBATT/INPUT_PDF_FILES/27980272.pdf
137,Sign_symptom,Nystagmus,0.9998081922531128,1,/content/drive/MyDrive/MACROBATT/INPUT_PDF_FILES/27980272.pdf
138,Sign_symptom,confabulations,0.9999381303787231,1,/content/drive/MyDrive/MACROBATT/INPUT_PDF_FILES/27980272.pdf
139,Lab_value,absence,0.983578085899353,1,/content/drive/MyDrive/MACROBATT/INPUT_PDF_FILES/27980272.pdf
140,Biological_structure,deep tendon,0.9999363422393799,1,/content/drive/MyDrive/MACROBATT/INPUT_PDF_FILES/27980272.pdf
141,Sign_symptom,symptoms,0.9999361038208008,2,/content/drive/MyDrive/MACROBATT/INPUT_PDF_FILES/27980272.pdf
142,Diagnostic_procedure,blood pressure,0.9999614357948303,2,/content/drive/MyDrive/MACROBATT/INPUT_PDF_FILES/27980272.pdf
143,Lab_value,increased,0.995489776134491,2,/content/drive/MyDrive/MACROBATT/INPUT_PDF_FILES/27980272.pdf
144,Lab_value,160/90,0.9976763129234314,2,/content/drive/MyDrive/MACROBATT/INPUT_PDF_FILES/27980272.pdf
145,Nonbiological_location,PCP,0.9981926083564758,2,/content/drive/MyDrive/MACROBATT/INPUT_PDF_FILES/27980272.pdf
146,Medication,olmesartan,0.999890923500061,2,/content/drive/MyDrive/MACROBATT/INPUT_PDF_FILES/27980272.pdf
147,Date,late December,0.8994834423065186,2,/content/drive/MyDrive/MACROBATT/INPUT_PDF_FILES/27980272.pdf
148,Date,One week,0.9998462200164795,2,/content/drive/MyDrive/MACROBATT/INPUT_PDF_FILES/27980272.pdf
149,Detailed_description,recurrent,0.9901100993156433,2,/content/drive/MyDrive/MACROBATT/INPUT_PDF_FILES/27980272.pdf
150,Sign_symptom,decreased appetite,0.9822942018508911,2,/content/drive/MyDrive/MACROBATT/INPUT_PDF_FILES/27980272.pdf
151,Sign_symptom,diarrhea,0.9999547004699707,2,/content/drive/MyDrive/MACROBATT/INPUT_PDF_FILES/27980272.pdf
152,Lab_value,five,0.9995237588882446,2,/content/drive/MyDrive/MACROBATT/INPUT_PDF_FILES/27980272.pdf
153,Diagnostic_procedure,bowel movements,0.9954261779785156,2,/content/drive/MyDrive/MACROBATT/INPUT_PDF_FILES/27980272.pdf
154,Duration,2-day,0.9680525660514832,2,/content/drive/MyDrive/MACROBATT/INPUT_PDF_FILES/27980272.pdf
155,Lab_value,soft,0.9983306527137756,2,/content/drive/MyDrive/MACROBATT/INPUT_PDF_FILES/27980272.pdf
156,Diagnostic_procedure,stools,0.9989979863166809,2,/content/drive/MyDrive/MACROBATT/INPUT_PDF_FILES/27980272.pdf
157,Diagnostic_procedure,body weight,0.9999486804008484,2,/content/drive/MyDrive/MACROBATT/INPUT_PDF_FILES/27980272.pdf
158,Lab_value,decreased,0.9997285008430481,2,/content/drive/MyDrive/MACROBATT/INPUT_PDF_FILES/27980272.pdf
159,Lab_value,47 kg,0.9999160170555115,2,/content/drive/MyDrive/MACROBATT/INPUT_PDF_FILES/27980272.pdf
160,Clinical_event,came,0.9996979236602783,2,/content/drive/MyDrive/MACROBATT/INPUT_PDF_FILES/27980272.pdf
161,Nonbiological_location,hospital,0.9996504783630371,2,/content/drive/MyDrive/MACROBATT/INPUT_PDF_FILES/27980272.pdf
162,Date,3 weeks after,0.9998629689216614,2,/content/drive/MyDrive/MACROBATT/INPUT_PDF_FILES/27980272.pdf
163,Medication,stools olmesartan,0.9998899698257446,2,/content/drive/MyDrive/MACROBATT/INPUT_PDF_FILES/27980272.pdf
164,Diagnostic_procedure,vital signs,0.9999542832374573,2,/content/drive/MyDrive/MACROBATT/INPUT_PDF_FILES/27980272.pdf
165,Diagnostic_procedure,pulse,0.9987384676933289,2,/content/drive/MyDrive/MACROBATT/INPUT_PDF_FILES/27980272.pdf
166,Lab_value,93/min,0.8149664998054504,2,/content/drive/MyDrive/MACROBATT/INPUT_PDF_FILES/27980272.pdf
167,Diagnostic_procedure,blood,0.9997381567955017,2,/content/drive/MyDrive/MACROBATT/INPUT_PDF_FILES/27980272.pdf
168,Lab_value,132/75,0.9974627494812012,2,/content/drive/MyDrive/MACROBATT/INPUT_PDF_FILES/27980272.pdf
169,Diagnostic_procedure,neurologic,0.9999206066131592,2,/content/drive/MyDrive/MACROBATT/INPUT_PDF_FILES/27980272.pdf
170,Diagnostic_procedure,neurologic findings,0.9997287392616272,2,/content/drive/MyDrive/MACROBATT/INPUT_PDF_FILES/27980272.pdf
171,Lab_value,no worsening,0.8946840763092041,2,/content/drive/MyDrive/MACROBATT/INPUT_PDF_FILES/27980272.pdf
172,Diagnostic_procedure,laboratory findings,0.9999220967292786,2,/content/drive/MyDrive/MACROBATT/INPUT_PDF_FILES/27980272.pdf
173,Diagnostic_procedure,sodium,0.9999470710754395,2,/content/drive/MyDrive/MACROBATT/INPUT_PDF_FILES/27980272.pdf
174,Lab_value,139,0.9969751834869385,2,/content/drive/MyDrive/MACROBATT/INPUT_PDF_FILES/27980272.pdf
175,Diagnostic_procedure,potassium,0.9999333620071411,2,/content/drive/MyDrive/MACROBATT/INPUT_PDF_FILES/27980272.pdf
176,Diagnostic_procedure,chlorine,0.9999138116836548,2,/content/drive/MyDrive/MACROBATT/INPUT_PDF_FILES/27980272.pdf
177,Lab_value,116,0.9999034404754639,2,/content/drive/MyDrive/MACROBATT/INPUT_PDF_FILES/27980272.pdf
178,Sign_symptom,Hyperchloremia,0.9999655485153198,2,/content/drive/MyDrive/MACROBATT/INPUT_PDF_FILES/27980272.pdf
179,Diagnostic_procedure,sodium level level,0.9999479055404663,2,/content/drive/MyDrive/MACROBATT/INPUT_PDF_FILES/27980272.pdf
180,Diagnostic_procedure,arterial blood gas findings,0.9999359846115112,2,/content/drive/MyDrive/MACROBATT/INPUT_PDF_FILES/27980272.pdf
181,Diagnostic_procedure,PCO2,0.9610381126403809,2,/content/drive/MyDrive/MACROBATT/INPUT_PDF_FILES/27980272.pdf
182,Diagnostic_procedure,HCO3,0.9999597072601318,2,/content/drive/MyDrive/MACROBATT/INPUT_PDF_FILES/27980272.pdf
183,Lab_value,139-116 11,0.9731289744377136,2,/content/drive/MyDrive/MACROBATT/INPUT_PDF_FILES/27980272.pdf
184,Diagnostic_procedure,urinalysis urine,0.9999570846557617,2,/content/drive/MyDrive/MACROBATT/INPUT_PDF_FILES/27980272.pdf
185,Diagnostic_procedure,urinalysis,0.9987927675247192,2,/content/drive/MyDrive/MACROBATT/INPUT_PDF_FILES/27980272.pdf
186,Diagnostic_procedure,urine and anion and,0.8843861222267151,2,/content/drive/MyDrive/MACROBATT/INPUT_PDF_FILES/27980272.pdf
187,Lab_value,-72,0.999777615070343,2,/content/drive/MyDrive/MACROBATT/INPUT_PDF_FILES/27980272.pdf
188,Lab_value,increase,0.9901849031448364,2,/content/drive/MyDrive/MACROBATT/INPUT_PDF_FILES/27980272.pdf
189,Lab_value,absence,0.9983780384063721,2,/content/drive/MyDrive/MACROBATT/INPUT_PDF_FILES/27980272.pdf
190,Diagnostic_procedure,HCO3-,0.9817893505096436,2,/content/drive/MyDrive/MACROBATT/INPUT_PDF_FILES/27980272.pdf
191,Biological_structure,gastrointestinal tract,0.9547021985054016,2,/content/drive/MyDrive/MACROBATT/INPUT_PDF_FILES/27980272.pdf
192,Biological_structure,abdominal abdominal,0.9999500513076782,2,/content/drive/MyDrive/MACROBATT/INPUT_PDF_FILES/27980272.pdf
193,Diagnostic_procedure,radiography,0.9999489784240723,2,/content/drive/MyDrive/MACROBATT/INPUT_PDF_FILES/27980272.pdf
194,Diagnostic_procedure,computed tomography,0.999952495098114,2,/content/drive/MyDrive/MACROBATT/INPUT_PDF_FILES/27980272.pdf
195,Detailed_description,continuous,0.9999314546585083,2,/content/drive/MyDrive/MACROBATT/INPUT_PDF_FILES/27980272.pdf
196,Sign_symptom,dilation,0.9999276399612427,2,/content/drive/MyDrive/MACROBATT/INPUT_PDF_FILES/27980272.pdf
197,Biological_structure,entire intestinal intestinal tract,0.9999234080314636,2,/content/drive/MyDrive/MACROBATT/INPUT_PDF_FILES/27980272.pdf
198,Sign_symptom,nausea,0.9999545812606812,2,/content/drive/MyDrive/MACROBATT/INPUT_PDF_FILES/27980272.pdf
199,Biological_structure,Duodenal,0.9998989105224609,2,/content/drive/MyDrive/MACROBATT/INPUT_PDF_FILES/27980272.pdf
200,Diagnostic_procedure,biopsy,0.9998468160629272,2,/content/drive/MyDrive/MACROBATT/INPUT_PDF_FILES/27980272.pdf
201,Medication,olmesartan fold,0.9997977614402771,2,/content/drive/MyDrive/MACROBATT/INPUT_PDF_FILES/27980272.pdf
202,Sign_symptom,inflammation,0.9999426603317261,2,/content/drive/MyDrive/MACROBATT/INPUT_PDF_FILES/27980272.pdf
203,Sign_symptom,fold structure,0.9999199509620667,2,/content/drive/MyDrive/MACROBATT/INPUT_PDF_FILES/27980272.pdf
