,Entity Group,Value,Score,Page,Pdf File
0,Age,73-year-old,0.9984601736068726,1,/content/drive/MyDrive/MACROBATT/INPUT_PDF_FILES/27980261.pdf
1,Sex,man,0.9998037219047546,1,/content/drive/MyDrive/MACROBATT/INPUT_PDF_FILES/27980261.pdf
2,Clinical_event,transferred,0.9998325109481812,1,/content/drive/MyDrive/MACROBATT/INPUT_PDF_FILES/27980261.pdf
3,Nonbiological_location,emergency room,0.9997522830963135,1,/content/drive/MyDrive/MACROBATT/INPUT_PDF_FILES/27980261.pdf
4,Detailed_description,sudden,0.9999642372131348,1,/content/drive/MyDrive/MACROBATT/INPUT_PDF_FILES/27980261.pdf
5,Biological_structure,chest,0.9998738765716553,1,/content/drive/MyDrive/MACROBATT/INPUT_PDF_FILES/27980261.pdf
6,Sign_symptom,pain,0.9999599456787109,1,/content/drive/MyDrive/MACROBATT/INPUT_PDF_FILES/27980261.pdf
7,Detailed_description,ST-segment STEMI,0.9997425675392151,1,/content/drive/MyDrive/MACROBATT/INPUT_PDF_FILES/27980261.pdf
8,Detailed_description,ST-segment elevation,0.9987769722938538,1,/content/drive/MyDrive/MACROBATT/INPUT_PDF_FILES/27980261.pdf
9,Disease_disorder,myocardial infarction,0.949426531791687,1,/content/drive/MyDrive/MACROBATT/INPUT_PDF_FILES/27980261.pdf
10,Detailed_description,STEMI,0.5663172006607056,1,/content/drive/MyDrive/MACROBATT/INPUT_PDF_FILES/27980261.pdf
11,Biological_structure,coronary,0.9961887001991272,1,/content/drive/MyDrive/MACROBATT/INPUT_PDF_FILES/27980261.pdf
12,History,history of smoking for for 50,0.9896634817123413,1,/content/drive/MyDrive/MACROBATT/INPUT_PDF_FILES/27980261.pdf
13,Detailed_description,Primary,0.9999605417251587,1,/content/drive/MyDrive/MACROBATT/INPUT_PDF_FILES/27980261.pdf
14,Therapeutic_procedure,percutaneous performed,0.9863259196281433,1,/content/drive/MyDrive/MACROBATT/INPUT_PDF_FILES/27980261.pdf
15,Therapeutic_procedure,percutaneous,0.9841326475143433,1,/content/drive/MyDrive/MACROBATT/INPUT_PDF_FILES/27980261.pdf
16,Therapeutic_procedure,coronary intervention,0.9870624542236328,1,/content/drive/MyDrive/MACROBATT/INPUT_PDF_FILES/27980261.pdf
17,Detailed_description,long,0.9999592304229736,1,/content/drive/MyDrive/MACROBATT/INPUT_PDF_FILES/27980261.pdf
18,Shape,", ,",0.7323477268218994,1,/content/drive/MyDrive/MACROBATT/INPUT_PDF_FILES/27980261.pdf
19,Shape,string-shaped,0.9347513318061829,1,/content/drive/MyDrive/MACROBATT/INPUT_PDF_FILES/27980261.pdf
20,Sign_symptom,contrast defect,0.9997460842132568,1,/content/drive/MyDrive/MACROBATT/INPUT_PDF_FILES/27980261.pdf
21,Biological_structure,left anterior descending artery,0.9998986721038818,1,/content/drive/MyDrive/MACROBATT/INPUT_PDF_FILES/27980261.pdf
22,Diagnostic_procedure,Optical coherence tomography,0.9998898506164551,1,/content/drive/MyDrive/MACROBATT/INPUT_PDF_FILES/27980261.pdf
23,Diagnostic_procedure,( (,0.7652255892753601,1,/content/drive/MyDrive/MACROBATT/INPUT_PDF_FILES/27980261.pdf
24,Diagnostic_procedure,OCT,0.9998631477355957,1,/content/drive/MyDrive/MACROBATT/INPUT_PDF_FILES/27980261.pdf
25,Detailed_description,odd,0.9994742274284363,1,/content/drive/MyDrive/MACROBATT/INPUT_PDF_FILES/27980261.pdf
26,Texture,smooth- surfaced,0.8984004855155945,1,/content/drive/MyDrive/MACROBATT/INPUT_PDF_FILES/27980261.pdf
27,Distance,50-mm,0.8116896748542786,1,/content/drive/MyDrive/MACROBATT/INPUT_PDF_FILES/27980261.pdf
28,Coreference,object,0.9995856881141663,1,/content/drive/MyDrive/MACROBATT/INPUT_PDF_FILES/27980261.pdf
29,Color,white,0.9916068315505981,1,/content/drive/MyDrive/MACROBATT/INPUT_PDF_FILES/27980261.pdf
30,Detailed_description,looked like a parasitic was via intracoronary aspiration and revascularization was plaque was parasitic worm,0.9996846914291382,1,/content/drive/MyDrive/MACROBATT/INPUT_PDF_FILES/27980261.pdf
31,Detailed_description,intracoronary aspiration,0.9996717572212219,1,/content/drive/MyDrive/MACROBATT/INPUT_PDF_FILES/27980261.pdf
32,Therapeutic_procedure,revascularization,0.9629685878753662,1,/content/drive/MyDrive/MACROBATT/INPUT_PDF_FILES/27980261.pdf
33,Lab_value,successfully completed,0.9986527562141418,1,/content/drive/MyDrive/MACROBATT/INPUT_PDF_FILES/27980261.pdf
34,Sign_symptom,plaque rupture,0.99988853931427,1,/content/drive/MyDrive/MACROBATT/INPUT_PDF_FILES/27980261.pdf
35,Sign_symptom,neither the thrombus,0.9998840093612671,1,/content/drive/MyDrive/MACROBATT/INPUT_PDF_FILES/27980261.pdf
36,Sign_symptom,thrombus,0.9910788536071777,1,/content/drive/MyDrive/MACROBATT/INPUT_PDF_FILES/27980261.pdf
37,Nonbiological_location,hospital,0.9102557897567749,1,/content/drive/MyDrive/MACROBATT/INPUT_PDF_FILES/27980261.pdf
38,Biological_structure,transthoracic,0.9991377592086792,1,/content/drive/MyDrive/MACROBATT/INPUT_PDF_FILES/27980261.pdf
39,Diagnostic_procedure,echocardiography,0.9991242289543152,1,/content/drive/MyDrive/MACROBATT/INPUT_PDF_FILES/27980261.pdf
40,Detailed_description,floating,0.9999220371246338,1,/content/drive/MyDrive/MACROBATT/INPUT_PDF_FILES/27980261.pdf
41,Detailed_description,left,0.7468442916870117,1,/content/drive/MyDrive/MACROBATT/INPUT_PDF_FILES/27980261.pdf
42,Diagnostic_procedure,Contrast computed tomography,0.9999496936798096,1,/content/drive/MyDrive/MACROBATT/INPUT_PDF_FILES/27980261.pdf
43,Detailed_description,huge,0.9994164705276489,1,/content/drive/MyDrive/MACROBATT/INPUT_PDF_FILES/27980261.pdf
44,Area,7×6 cm,0.9956614375114441,1,/content/drive/MyDrive/MACROBATT/INPUT_PDF_FILES/27980261.pdf
45,Sign_symptom,mass,0.9999278783798218,1,/content/drive/MyDrive/MACROBATT/INPUT_PDF_FILES/27980261.pdf
46,Biological_structure,right upper pulmonary pulmonary lobe,0.9999344944953918,1,/content/drive/MyDrive/MACROBATT/INPUT_PDF_FILES/27980261.pdf
47,Detailed_description,direct pulmonary pulmonary vein invasion,0.9999562501907349,1,/content/drive/MyDrive/MACROBATT/INPUT_PDF_FILES/27980261.pdf
48,Diagnostic_procedure,bronchoscopic,0.9999682903289795,1,/content/drive/MyDrive/MACROBATT/INPUT_PDF_FILES/27980261.pdf
49,Diagnostic_procedure,bronchoscopic findings,0.998429000377655,1,/content/drive/MyDrive/MACROBATT/INPUT_PDF_FILES/27980261.pdf
50,Biological_structure,lung lung,0.9999538660049438,1,/content/drive/MyDrive/MACROBATT/INPUT_PDF_FILES/27980261.pdf
51,Diagnostic_procedure,histopathologic examination,0.9674409031867981,1,/content/drive/MyDrive/MACROBATT/INPUT_PDF_FILES/27980261.pdf
52,Detailed_description,aspirated,0.9999170303344727,1,/content/drive/MyDrive/MACROBATT/INPUT_PDF_FILES/27980261.pdf
53,Detailed_description,bronchoscopic aspirated,0.9986358284950256,1,/content/drive/MyDrive/MACROBATT/INPUT_PDF_FILES/27980261.pdf
54,Detailed_description,pleomorphic,0.9998756647109985,1,/content/drive/MyDrive/MACROBATT/INPUT_PDF_FILES/27980261.pdf
55,Disease_disorder,carcinoma,0.9994625449180603,1,/content/drive/MyDrive/MACROBATT/INPUT_PDF_FILES/27980261.pdf
56,Sign_symptom,embolization,0.9998658895492554,1,/content/drive/MyDrive/MACROBATT/INPUT_PDF_FILES/27980261.pdf
57,Biological_structure,lung,0.9999493360519409,1,/content/drive/MyDrive/MACROBATT/INPUT_PDF_FILES/27980261.pdf
58,Biological_structure,Brain,0.9999629259109497,1,/content/drive/MyDrive/MACROBATT/INPUT_PDF_FILES/27980261.pdf
59,Diagnostic_procedure,MRI,0.9999654293060303,1,/content/drive/MyDrive/MACROBATT/INPUT_PDF_FILES/27980261.pdf
60,Detailed_description,asymptomatic was metastasis,0.9996685981750488,1,/content/drive/MyDrive/MACROBATT/INPUT_PDF_FILES/27980261.pdf
61,Detailed_description,asymptomatic,0.999723494052887,1,/content/drive/MyDrive/MACROBATT/INPUT_PDF_FILES/27980261.pdf
62,Biological_structure,cerebral,0.999955415725708,1,/content/drive/MyDrive/MACROBATT/INPUT_PDF_FILES/27980261.pdf
63,Sign_symptom,Brain infarction in,0.9999654293060303,1,/content/drive/MyDrive/MACROBATT/INPUT_PDF_FILES/27980261.pdf
64,Sign_symptom,infarction,0.9997019171714783,1,/content/drive/MyDrive/MACROBATT/INPUT_PDF_FILES/27980261.pdf
65,Biological_structure,right frontal lobe lobe,0.999941349029541,1,/content/drive/MyDrive/MACROBATT/INPUT_PDF_FILES/27980261.pdf
66,Detailed_description,small,0.9994515776634216,1,/content/drive/MyDrive/MACROBATT/INPUT_PDF_FILES/27980261.pdf
67,Biological_structure,parietal lobe lobe,0.9999087452888489,1,/content/drive/MyDrive/MACROBATT/INPUT_PDF_FILES/27980261.pdf
68,Sign_symptom,lesion,0.9999663829803467,1,/content/drive/MyDrive/MACROBATT/INPUT_PDF_FILES/27980261.pdf
69,Sign_symptom,infarction lesion,0.9999574422836304,1,/content/drive/MyDrive/MACROBATT/INPUT_PDF_FILES/27980261.pdf
70,Sign_symptom,metastasis,0.9999085664749146,1,/content/drive/MyDrive/MACROBATT/INPUT_PDF_FILES/27980261.pdf
71,Detailed_description,stage IV,0.9958662986755371,1,/content/drive/MyDrive/MACROBATT/INPUT_PDF_FILES/27980261.pdf
72,Medication,chemotherapy,0.9997996687889099,1,/content/drive/MyDrive/MACROBATT/INPUT_PDF_FILES/27980261.pdf
73,Medication,carboplatin,0.9738706350326538,1,/content/drive/MyDrive/MACROBATT/INPUT_PDF_FILES/27980261.pdf
74,Medication,paclitaxel,0.6593836545944214,1,/content/drive/MyDrive/MACROBATT/INPUT_PDF_FILES/27980261.pdf
75,Lab_value,good,0.9998513460159302,1,/content/drive/MyDrive/MACROBATT/INPUT_PDF_FILES/27980261.pdf
76,Diagnostic_procedure,clinical course,0.9998446702957153,1,/content/drive/MyDrive/MACROBATT/INPUT_PDF_FILES/27980261.pdf
77,Medication,Chemotherapy,0.9998549222946167,1,/content/drive/MyDrive/MACROBATT/INPUT_PDF_FILES/27980261.pdf
78,Dosage,9 cycles,0.9995981454849243,1,/content/drive/MyDrive/MACROBATT/INPUT_PDF_FILES/27980261.pdf
79,Sign_symptom,doing well,0.9998688697814941,1,/content/drive/MyDrive/MACROBATT/INPUT_PDF_FILES/27980261.pdf
80,Duration,more than two years,0.9997040033340454,1,/content/drive/MyDrive/MACROBATT/INPUT_PDF_FILES/27980261.pdf
81,Therapeutic_procedure,PCI,0.9933494329452515,1,/content/drive/MyDrive/MACROBATT/INPUT_PDF_FILES/27980261.pdf
82,Clinical_event,followed-up,0.9997956156730652,1,/content/drive/MyDrive/MACROBATT/INPUT_PDF_FILES/27980261.pdf
