,Entity Group,Value,Score,Page,Pdf File
0,Age,46-year-old,0.9960177540779114,1,/content/drive/MyDrive/MACROBATT/INPUT_PDF_FILES/27998312.pdf
1,Personal_background,Caucasian,0.9984637498855591,1,/content/drive/MyDrive/MACROBATT/INPUT_PDF_FILES/27998312.pdf
2,Sex,woman,0.9997416138648987,1,/content/drive/MyDrive/MACROBATT/INPUT_PDF_FILES/27998312.pdf
3,History,type 2 diabetes mellitus,0.9995348453521729,1,/content/drive/MyDrive/MACROBATT/INPUT_PDF_FILES/27998312.pdf
4,History,bipolar disorder,0.9995726943016052,1,/content/drive/MyDrive/MACROBATT/INPUT_PDF_FILES/27998312.pdf
5,Clinical_event,presented,0.9998601675033569,1,/content/drive/MyDrive/MACROBATT/INPUT_PDF_FILES/27998312.pdf
6,Nonbiological_location,emergency department,0.9997801780700684,1,/content/drive/MyDrive/MACROBATT/INPUT_PDF_FILES/27998312.pdf
7,Detailed_description,vague,0.9993622899055481,1,/content/drive/MyDrive/MACROBATT/INPUT_PDF_FILES/27998312.pdf
8,Sign_symptom,abdominal symptoms,0.999763011932373,1,/content/drive/MyDrive/MACROBATT/INPUT_PDF_FILES/27998312.pdf
9,History,left below knee amputation amputation,0.9994354248046875,1,/content/drive/MyDrive/MACROBATT/INPUT_PDF_FILES/27998312.pdf
10,History,right toes amputation amputation,0.999177098274231,1,/content/drive/MyDrive/MACROBATT/INPUT_PDF_FILES/27998312.pdf
11,Detailed_description,diabetic,0.9979133009910583,1,/content/drive/MyDrive/MACROBATT/INPUT_PDF_FILES/27998312.pdf
12,Detailed_description,infected,0.9999567270278931,1,/content/drive/MyDrive/MACROBATT/INPUT_PDF_FILES/27998312.pdf
13,Sign_symptom,ulcer,0.853839635848999,1,/content/drive/MyDrive/MACROBATT/INPUT_PDF_FILES/27998312.pdf
14,Detailed_description,right,0.5024290084838867,1,/content/drive/MyDrive/MACROBATT/INPUT_PDF_FILES/27998312.pdf
15,Disease_disorder,CAPD,0.9998770952224731,1,/content/drive/MyDrive/MACROBATT/INPUT_PDF_FILES/27998312.pdf
16,Disease_disorder,renal,0.986796498298645,1,/content/drive/MyDrive/MACROBATT/INPUT_PDF_FILES/27998312.pdf
17,Diagnostic_procedure,creatinine,0.9980365633964539,1,/content/drive/MyDrive/MACROBATT/INPUT_PDF_FILES/27998312.pdf
18,Lab_value,1.23 mg/dL mg/dL,0.8860392570495605,1,/content/drive/MyDrive/MACROBATT/INPUT_PDF_FILES/27998312.pdf
19,Diagnostic_procedure,blood urea nitrogen,0.9999359846115112,1,/content/drive/MyDrive/MACROBATT/INPUT_PDF_FILES/27998312.pdf
20,Diagnostic_procedure,BUN,0.9997178912162781,1,/content/drive/MyDrive/MACROBATT/INPUT_PDF_FILES/27998312.pdf
21,Diagnostic_procedure,blood glucose levels,0.9999518990516663,1,/content/drive/MyDrive/MACROBATT/INPUT_PDF_FILES/27998312.pdf
22,Lab_value,poorly controlled,0.9997941255569458,1,/content/drive/MyDrive/MACROBATT/INPUT_PDF_FILES/27998312.pdf
23,Administration,subcutaneous,0.998217761516571,1,/content/drive/MyDrive/MACROBATT/INPUT_PDF_FILES/27998312.pdf
24,Medication,insulin,0.999561607837677,1,/content/drive/MyDrive/MACROBATT/INPUT_PDF_FILES/27998312.pdf
25,Lab_value,range of 400 to to 500 mg/dL at home,0.9998993873596191,1,/content/drive/MyDrive/MACROBATT/INPUT_PDF_FILES/27998312.pdf
26,Lab_value,175 to to 378 mg/dL,0.999908447265625,1,/content/drive/MyDrive/MACROBATT/INPUT_PDF_FILES/27998312.pdf
27,Detailed_description,stricter,0.9997938275337219,1,/content/drive/MyDrive/MACROBATT/INPUT_PDF_FILES/27998312.pdf
28,Detailed_description,Her were after stricter,0.8477033376693726,1,/content/drive/MyDrive/MACROBATT/INPUT_PDF_FILES/27998312.pdf
29,Detailed_description,regimen,0.9997499585151672,1,/content/drive/MyDrive/MACROBATT/INPUT_PDF_FILES/27998312.pdf
30,Detailed_description,non-contrast,0.9924559593200684,1,/content/drive/MyDrive/MACROBATT/INPUT_PDF_FILES/27998312.pdf
31,Detailed_description,non-contrast confluent,0.9999644756317139,1,/content/drive/MyDrive/MACROBATT/INPUT_PDF_FILES/27998312.pdf
32,Detailed_description,confluent,0.9995633959770203,1,/content/drive/MyDrive/MACROBATT/INPUT_PDF_FILES/27998312.pdf
33,Biological_structure,bilobar,0.9997468590736389,1,/content/drive/MyDrive/MACROBATT/INPUT_PDF_FILES/27998312.pdf
34,Sign_symptom,showed geographic hypoattenuation throughout her,0.9999501705169678,1,/content/drive/MyDrive/MACROBATT/INPUT_PDF_FILES/27998312.pdf
35,Sign_symptom,hypoattenuation,0.9999268054962158,1,/content/drive/MyDrive/MACROBATT/INPUT_PDF_FILES/27998312.pdf
36,Detailed_description,subcapsular distribution,0.997984766960144,1,/content/drive/MyDrive/MACROBATT/INPUT_PDF_FILES/27998312.pdf
37,Biological_structure,liver,0.9999198913574219,1,/content/drive/MyDrive/MACROBATT/INPUT_PDF_FILES/27998312.pdf
38,Diagnostic_procedure,MRI,0.9999080896377563,1,/content/drive/MyDrive/MACROBATT/INPUT_PDF_FILES/27998312.pdf
39,Detailed_description,In-phase,0.9998225569725037,1,/content/drive/MyDrive/MACROBATT/INPUT_PDF_FILES/27998312.pdf
40,Detailed_description,In-phase opposed-phase,0.9888783097267151,1,/content/drive/MyDrive/MACROBATT/INPUT_PDF_FILES/27998312.pdf
41,Diagnostic_procedure,gradient echo,0.9999086260795593,1,/content/drive/MyDrive/MACROBATT/INPUT_PDF_FILES/27998312.pdf
42,Detailed_description,hyperintense,0.9999207258224487,1,/content/drive/MyDrive/MACROBATT/INPUT_PDF_FILES/27998312.pdf
43,Detailed_description,hyperintense intracellular,0.5444917678833008,1,/content/drive/MyDrive/MACROBATT/INPUT_PDF_FILES/27998312.pdf
44,Sign_symptom,foci of fat,0.999891996383667,1,/content/drive/MyDrive/MACROBATT/INPUT_PDF_FILES/27998312.pdf
45,Sign_symptom,foci,0.9919042587280273,1,/content/drive/MyDrive/MACROBATT/INPUT_PDF_FILES/27998312.pdf
46,Detailed_description,opposed-phase,0.98375004529953,1,/content/drive/MyDrive/MACROBATT/INPUT_PDF_FILES/27998312.pdf
47,Lab_value,loss hyperintense in in corresponding hypoattenuating in within indicating intracellular signal,0.998852550983429,1,/content/drive/MyDrive/MACROBATT/INPUT_PDF_FILES/27998312.pdf
48,Sign_symptom,presence of intracellular fat and water,0.9826063513755798,1,/content/drive/MyDrive/MACROBATT/INPUT_PDF_FILES/27998312.pdf
49,Biological_structure,these the hepatic the,0.9998644590377808,1,/content/drive/MyDrive/MACROBATT/INPUT_PDF_FILES/27998312.pdf
50,Biological_structure,hepatic parenchyma,0.9992837309837341,1,/content/drive/MyDrive/MACROBATT/INPUT_PDF_FILES/27998312.pdf
51,Sign_symptom,presence of of fat fat,0.9996885657310486,1,/content/drive/MyDrive/MACROBATT/INPUT_PDF_FILES/27998312.pdf
52,Disease_disorder,SHS,0.9998679161071777,1,/content/drive/MyDrive/MACROBATT/INPUT_PDF_FILES/27998312.pdf
53,Biological_structure,abdomen,0.9999492168426514,1,/content/drive/MyDrive/MACROBATT/INPUT_PDF_FILES/27998312.pdf
54,Biological_structure,pelvis performed,0.9999455213546753,1,/content/drive/MyDrive/MACROBATT/INPUT_PDF_FILES/27998312.pdf
55,Biological_structure,pelvis,0.9999408721923828,1,/content/drive/MyDrive/MACROBATT/INPUT_PDF_FILES/27998312.pdf
56,Date,3 Fig.3 months later,0.9998274445533752,1,/content/drive/MyDrive/MACROBATT/INPUT_PDF_FILES/27998312.pdf
57,Sign_symptom,near complete resolution,0.9998652338981628,1,/content/drive/MyDrive/MACROBATT/INPUT_PDF_FILES/27998312.pdf
58,Therapeutic_procedure,glucose glucose control,0.999710202217102,1,/content/drive/MyDrive/MACROBATT/INPUT_PDF_FILES/27998312.pdf
59,Diagnostic_procedure,blood glucose glucose level,0.9999332427978516,1,/content/drive/MyDrive/MACROBATT/INPUT_PDF_FILES/27998312.pdf
60,Lab_value,200 mg/dL,0.991596519947052,1,/content/drive/MyDrive/MACROBATT/INPUT_PDF_FILES/27998312.pdf
