,Entity Group,Value,Score,Page,Pdf File
0,Age,73-year-old,0.9952520132064819,1,/content/drive/MyDrive/MACROBATT/INPUT_PDF_FILES/27990013.pdf
1,Personal_background,Hispanic,0.5952367782592773,1,/content/drive/MyDrive/MACROBATT/INPUT_PDF_FILES/27990013.pdf
2,Sex,male,0.9958500862121582,1,/content/drive/MyDrive/MACROBATT/INPUT_PDF_FILES/27990013.pdf
3,History,stage IV,0.9889653325080872,1,/content/drive/MyDrive/MACROBATT/INPUT_PDF_FILES/27990013.pdf
4,History,chronic kidney disease disease,0.9298739433288574,1,/content/drive/MyDrive/MACROBATT/INPUT_PDF_FILES/27990013.pdf
5,History,three-vessel coronary coronary artery artery disease disease,0.998974621295929,1,/content/drive/MyDrive/MACROBATT/INPUT_PDF_FILES/27990013.pdf
6,Clinical_event,admitted,0.9994404911994934,1,/content/drive/MyDrive/MACROBATT/INPUT_PDF_FILES/27990013.pdf
7,Biological_structure,coronary coronary,0.9770001173019409,1,/content/drive/MyDrive/MACROBATT/INPUT_PDF_FILES/27990013.pdf
8,Therapeutic_procedure,graft,0.9822694063186646,1,/content/drive/MyDrive/MACROBATT/INPUT_PDF_FILES/27990013.pdf
9,Biological_structure,mitral valve,0.9897034764289856,1,/content/drive/MyDrive/MACROBATT/INPUT_PDF_FILES/27990013.pdf
10,Therapeutic_procedure,cardiac cardiac tamponade,0.8207203149795532,1,/content/drive/MyDrive/MACROBATT/INPUT_PDF_FILES/27990013.pdf
11,Disease_disorder,cardiac cardiac arrest,0.9980355501174927,1,/content/drive/MyDrive/MACROBATT/INPUT_PDF_FILES/27990013.pdf
12,Detailed_description,temporary,0.995098888874054,1,/content/drive/MyDrive/MACROBATT/INPUT_PDF_FILES/27990013.pdf
13,Therapeutic_procedure,pacing wires,0.6710083484649658,1,/content/drive/MyDrive/MACROBATT/INPUT_PDF_FILES/27990013.pdf
14,Detailed_description,Advanced,0.990209698677063,1,/content/drive/MyDrive/MACROBATT/INPUT_PDF_FILES/27990013.pdf
15,Therapeutic_procedure,cardiovascular life support,0.9061616063117981,1,/content/drive/MyDrive/MACROBATT/INPUT_PDF_FILES/27990013.pdf
16,Detailed_description,emergent,0.9282151460647583,1,/content/drive/MyDrive/MACROBATT/INPUT_PDF_FILES/27990013.pdf
17,Detailed_description,exploratory,0.9995622038841248,1,/content/drive/MyDrive/MACROBATT/INPUT_PDF_FILES/27990013.pdf
18,Therapeutic_procedure,sternotomy,0.8418984413146973,1,/content/drive/MyDrive/MACROBATT/INPUT_PDF_FILES/27990013.pdf
19,Clinical_event,transferred,0.9998599290847778,1,/content/drive/MyDrive/MACROBATT/INPUT_PDF_FILES/27990013.pdf
20,Nonbiological_location,intensive care care unit ( ICU,0.9861137270927429,1,/content/drive/MyDrive/MACROBATT/INPUT_PDF_FILES/27990013.pdf
21,Nonbiological_location,ICU,0.9891387820243835,1,/content/drive/MyDrive/MACROBATT/INPUT_PDF_FILES/27990013.pdf
22,Disease_disorder,renal failure,0.99699866771698,1,/content/drive/MyDrive/MACROBATT/INPUT_PDF_FILES/27990013.pdf
23,Therapeutic_procedure,nasogastric,0.9998871088027954,1,/content/drive/MyDrive/MACROBATT/INPUT_PDF_FILES/27990013.pdf
24,Therapeutic_procedure,nasogastric tube,0.9992901682853699,1,/content/drive/MyDrive/MACROBATT/INPUT_PDF_FILES/27990013.pdf
25,Date,day two,0.7707879543304443,1,/content/drive/MyDrive/MACROBATT/INPUT_PDF_FILES/27990013.pdf
26,Detailed_description,early,0.6660048365592957,1,/content/drive/MyDrive/MACROBATT/INPUT_PDF_FILES/27990013.pdf
27,Therapeutic_procedure,PEG tube insertion,0.9996978640556335,1,/content/drive/MyDrive/MACROBATT/INPUT_PDF_FILES/27990013.pdf
28,Sign_symptom,cognitive impairment,0.8348607420921326,1,/content/drive/MyDrive/MACROBATT/INPUT_PDF_FILES/27990013.pdf
29,Lab_value,poor,0.9972783923149109,1,/content/drive/MyDrive/MACROBATT/INPUT_PDF_FILES/27990013.pdf
30,Diagnostic_procedure,swallowing function,0.997368335723877,1,/content/drive/MyDrive/MACROBATT/INPUT_PDF_FILES/27990013.pdf
31,Detailed_description,Modified,0.9183768033981323,1,/content/drive/MyDrive/MACROBATT/INPUT_PDF_FILES/27990013.pdf
32,Diagnostic_procedure,Barium Swallow,0.939596951007843,1,/content/drive/MyDrive/MACROBATT/INPUT_PDF_FILES/27990013.pdf
33,Diagnostic_procedure,coagulation,0.9998749494552612,1,/content/drive/MyDrive/MACROBATT/INPUT_PDF_FILES/27990013.pdf
34,Diagnostic_procedure,coagulation profile,0.9984769225120544,1,/content/drive/MyDrive/MACROBATT/INPUT_PDF_FILES/27990013.pdf
35,Diagnostic_procedure,international normalized,0.9994293451309204,1,/content/drive/MyDrive/MACROBATT/INPUT_PDF_FILES/27990013.pdf
36,Diagnostic_procedure,ratio,0.9863302707672119,1,/content/drive/MyDrive/MACROBATT/INPUT_PDF_FILES/27990013.pdf
37,Lab_value,1.04,0.9077245593070984,1,/content/drive/MyDrive/MACROBATT/INPUT_PDF_FILES/27990013.pdf
38,Diagnostic_procedure,the thromboplastin,0.9998536109924316,1,/content/drive/MyDrive/MACROBATT/INPUT_PDF_FILES/27990013.pdf
39,Diagnostic_procedure,thromboplastin time,0.9890053272247314,1,/content/drive/MyDrive/MACROBATT/INPUT_PDF_FILES/27990013.pdf
40,Diagnostic_procedure,complete blood count,0.9999454021453857,1,/content/drive/MyDrive/MACROBATT/INPUT_PDF_FILES/27990013.pdf
41,Diagnostic_procedure,hemoglobin,0.9997711181640625,1,/content/drive/MyDrive/MACROBATT/INPUT_PDF_FILES/27990013.pdf
42,Lab_value,11.6 grams,0.9998787641525269,1,/content/drive/MyDrive/MACROBATT/INPUT_PDF_FILES/27990013.pdf
43,Lab_value,deciliter,0.9008854031562805,1,/content/drive/MyDrive/MACROBATT/INPUT_PDF_FILES/27990013.pdf
44,Diagnostic_procedure,hematocrit,0.9976776242256165,1,/content/drive/MyDrive/MACROBATT/INPUT_PDF_FILES/27990013.pdf
45,Diagnostic_procedure,deciliter hematocrit microliter,0.9394179582595825,1,/content/drive/MyDrive/MACROBATT/INPUT_PDF_FILES/27990013.pdf
46,Lab_value,34.9,0.9921513199806213,1,/content/drive/MyDrive/MACROBATT/INPUT_PDF_FILES/27990013.pdf
47,Lab_value,281×103,0.9998036026954651,1,/content/drive/MyDrive/MACROBATT/INPUT_PDF_FILES/27990013.pdf
48,Diagnostic_procedure,platelets,0.9999027848243713,1,/content/drive/MyDrive/MACROBATT/INPUT_PDF_FILES/27990013.pdf
49,Diagnostic_procedure,blood urea nitrogen,0.9999443888664246,1,/content/drive/MyDrive/MACROBATT/INPUT_PDF_FILES/27990013.pdf
50,Lab_value,55 milligrams/deciliter milligrams/deciliter,0.9996873140335083,1,/content/drive/MyDrive/MACROBATT/INPUT_PDF_FILES/27990013.pdf
51,Diagnostic_procedure,serum,0.7730346322059631,1,/content/drive/MyDrive/MACROBATT/INPUT_PDF_FILES/27990013.pdf
52,Diagnostic_procedure,creatinine,0.9709242582321167,1,/content/drive/MyDrive/MACROBATT/INPUT_PDF_FILES/27990013.pdf
53,Lab_value,5.22 milligrams/deciliter milligrams/deciliter,0.9834151268005371,1,/content/drive/MyDrive/MACROBATT/INPUT_PDF_FILES/27990013.pdf
54,Medication,was aspirin was,0.9998931884765625,1,/content/drive/MyDrive/MACROBATT/INPUT_PDF_FILES/27990013.pdf
55,Medication,aspirin,0.9931156635284424,1,/content/drive/MyDrive/MACROBATT/INPUT_PDF_FILES/27990013.pdf
56,Dosage,81 mg per day,0.9996634721755981,1,/content/drive/MyDrive/MACROBATT/INPUT_PDF_FILES/27990013.pdf
57,Medication,anticoagulant,0.9995306730270386,1,/content/drive/MyDrive/MACROBATT/INPUT_PDF_FILES/27990013.pdf
58,Date,day eight,0.977068305015564,1,/content/drive/MyDrive/MACROBATT/INPUT_PDF_FILES/27990013.pdf
59,Administration,intravenous,0.9996179342269897,1,/content/drive/MyDrive/MACROBATT/INPUT_PDF_FILES/27990013.pdf
60,Diagnostic_procedure,esophagogastroduodenoscopy,0.9485955834388733,1,/content/drive/MyDrive/MACROBATT/INPUT_PDF_FILES/27990013.pdf
61,Diagnostic_procedure,EGD,0.995514452457428,1,/content/drive/MyDrive/MACROBATT/INPUT_PDF_FILES/27990013.pdf
62,Detailed_description,diffuse,0.9998934268951416,1,/content/drive/MyDrive/MACROBATT/INPUT_PDF_FILES/27990013.pdf
63,Severity,moderately,0.9260411858558655,1,/content/drive/MyDrive/MACROBATT/INPUT_PDF_FILES/27990013.pdf
64,Detailed_description,erythematous,0.8794306516647339,1,/content/drive/MyDrive/MACROBATT/INPUT_PDF_FILES/27990013.pdf
65,Biological_structure,mucosa,0.9999454021453857,1,/content/drive/MyDrive/MACROBATT/INPUT_PDF_FILES/27990013.pdf
66,Sign_symptom,bleeding,0.99993896484375,1,/content/drive/MyDrive/MACROBATT/INPUT_PDF_FILES/27990013.pdf
67,Biological_structure,esophagogastroduodenoscopy gastric,0.9999573230743408,1,/content/drive/MyDrive/MACROBATT/INPUT_PDF_FILES/27990013.pdf
68,Therapeutic_procedure,PEG,0.9989338517189026,1,/content/drive/MyDrive/MACROBATT/INPUT_PDF_FILES/27990013.pdf
69,Detailed_description,rapidly,0.946533739566803,1,/content/drive/MyDrive/MACROBATT/INPUT_PDF_FILES/27990013.pdf
70,Lab_value,expanding,0.8898677229881287,1,/content/drive/MyDrive/MACROBATT/INPUT_PDF_FILES/27990013.pdf
71,Sign_symptom,hematoma,0.9653503894805908,1,/content/drive/MyDrive/MACROBATT/INPUT_PDF_FILES/27990013.pdf
72,Clinical_event,sent,0.9742631316184998,1,/content/drive/MyDrive/MACROBATT/INPUT_PDF_FILES/27990013.pdf
73,Dosage,single dose,0.9996062517166138,1,/content/drive/MyDrive/MACROBATT/INPUT_PDF_FILES/27990013.pdf
74,Medication,desmopressin,0.9998531341552734,1,/content/drive/MyDrive/MACROBATT/INPUT_PDF_FILES/27990013.pdf
75,Dosage,0.3,0.5175586342811584,1,/content/drive/MyDrive/MACROBATT/INPUT_PDF_FILES/27990013.pdf
76,Dosage,0.3 microgram/kilogram,0.7867925763130188,1,/content/drive/MyDrive/MACROBATT/INPUT_PDF_FILES/27990013.pdf
77,Biological_structure,gastrointestinal,0.9999535083770752,1,/content/drive/MyDrive/MACROBATT/INPUT_PDF_FILES/27990013.pdf
78,Diagnostic_procedure,platelet platelet function function,0.9863722920417786,1,/content/drive/MyDrive/MACROBATT/INPUT_PDF_FILES/27990013.pdf
79,Diagnostic_procedure,PFA,0.9990800619125366,1,/content/drive/MyDrive/MACROBATT/INPUT_PDF_FILES/27990013.pdf
80,Diagnostic_procedure,collagen/epinephrine collagen/ADP,0.9999290704727173,1,/content/drive/MyDrive/MACROBATT/INPUT_PDF_FILES/27990013.pdf
81,Diagnostic_procedure,collagen/epinephrine closure closure time time,0.9748929142951965,1,/content/drive/MyDrive/MACROBATT/INPUT_PDF_FILES/27990013.pdf
82,Lab_value,195 seconds seconds seconds seconds,0.9999356269836426,1,/content/drive/MyDrive/MACROBATT/INPUT_PDF_FILES/27990013.pdf
83,Diagnostic_procedure,collagen/ADP closure closure time time,0.9998297095298767,1,/content/drive/MyDrive/MACROBATT/INPUT_PDF_FILES/27990013.pdf
84,Lab_value,76 seconds seconds seconds seconds,0.9999350309371948,1,/content/drive/MyDrive/MACROBATT/INPUT_PDF_FILES/27990013.pdf
85,Disease_disorder,platelet dysfunction,0.999851405620575,1,/content/drive/MyDrive/MACROBATT/INPUT_PDF_FILES/27990013.pdf
86,Medication,was was aspirin,0.9998425245285034,1,/content/drive/MyDrive/MACROBATT/INPUT_PDF_FILES/27990013.pdf
87,Medication,collagen/epinephrine aspirin,0.9994235038757324,1,/content/drive/MyDrive/MACROBATT/INPUT_PDF_FILES/27990013.pdf
88,Medication,Aspirin,0.9998101592063904,1,/content/drive/MyDrive/MACROBATT/INPUT_PDF_FILES/27990013.pdf
89,Frequency,daily,0.9764664173126221,1,/content/drive/MyDrive/MACROBATT/INPUT_PDF_FILES/27990013.pdf
90,Diagnostic_procedure,complete,0.9987102746963501,1,/content/drive/MyDrive/MACROBATT/INPUT_PDF_FILES/27990013.pdf
91,Diagnostic_procedure,blood count,0.9362931847572327,1,/content/drive/MyDrive/MACROBATT/INPUT_PDF_FILES/27990013.pdf
92,Date,Three days later,0.9998860359191895,1,/content/drive/MyDrive/MACROBATT/INPUT_PDF_FILES/27990013.pdf
93,Therapeutic_procedure,PEG tube,0.9358667135238647,1,/content/drive/MyDrive/MACROBATT/INPUT_PDF_FILES/27990013.pdf
94,Diagnostic_procedure,collagen/epinephrine,0.9995560050010681,1,/content/drive/MyDrive/MACROBATT/INPUT_PDF_FILES/27990013.pdf
95,Diagnostic_procedure,collagen/epinephrine closure time,0.7940816879272461,1,/content/drive/MyDrive/MACROBATT/INPUT_PDF_FILES/27990013.pdf
96,Lab_value,141,0.9997907280921936,1,/content/drive/MyDrive/MACROBATT/INPUT_PDF_FILES/27990013.pdf
97,Detailed_description,flat,0.9686151146888733,1,/content/drive/MyDrive/MACROBATT/INPUT_PDF_FILES/27990013.pdf
98,Color,bluish,0.9100314974784851,1,/content/drive/MyDrive/MACROBATT/INPUT_PDF_FILES/27990013.pdf
99,Biological_structure,gastric,0.999947190284729,1,/content/drive/MyDrive/MACROBATT/INPUT_PDF_FILES/27990013.pdf
100,Biological_structure,submucosal,0.8060556650161743,1,/content/drive/MyDrive/MACROBATT/INPUT_PDF_FILES/27990013.pdf
101,Sign_symptom,bruising,0.9999651908874512,1,/content/drive/MyDrive/MACROBATT/INPUT_PDF_FILES/27990013.pdf
102,Therapeutic_procedure,feeding,0.9999260902404785,1,/content/drive/MyDrive/MACROBATT/INPUT_PDF_FILES/27990013.pdf
