,Entity Group,Value,Score,Page,Pdf File
0,Age,36-year-old,0.9973991513252258,1,/content/drive/MyDrive/MACROBATT/INPUT_PDF_FILES/28033278.pdf
1,Sex,male,0.9990732669830322,1,/content/drive/MyDrive/MACROBATT/INPUT_PDF_FILES/28033278.pdf
2,Duration,36-year-old 6-year,0.9996774792671204,1,/content/drive/MyDrive/MACROBATT/INPUT_PDF_FILES/28033278.pdf
3,Detailed_description,diffuse,0.9999687671661377,1,/content/drive/MyDrive/MACROBATT/INPUT_PDF_FILES/28033278.pdf
4,Biological_structure,cutaneous,0.9998689889907837,1,/content/drive/MyDrive/MACROBATT/INPUT_PDF_FILES/28033278.pdf
5,Disease_disorder,SSc,0.9992755651473999,1,/content/drive/MyDrive/MACROBATT/INPUT_PDF_FILES/28033278.pdf
6,Detailed_description,regular,0.999813973903656,1,/content/drive/MyDrive/MACROBATT/INPUT_PDF_FILES/28033278.pdf
7,Clinical_event,follow-up,0.9997361302375793,1,/content/drive/MyDrive/MACROBATT/INPUT_PDF_FILES/28033278.pdf
8,Medication,medication,0.9997617602348328,1,/content/drive/MyDrive/MACROBATT/INPUT_PDF_FILES/28033278.pdf
9,Sign_symptom,malaise,0.999929666519165,1,/content/drive/MyDrive/MACROBATT/INPUT_PDF_FILES/28033278.pdf
10,Sign_symptom,poor,0.9992148876190186,1,/content/drive/MyDrive/MACROBATT/INPUT_PDF_FILES/28033278.pdf
11,Detailed_description,progressive,0.9999687671661377,1,/content/drive/MyDrive/MACROBATT/INPUT_PDF_FILES/28033278.pdf
12,Sign_symptom,shortness of breath,0.9999201893806458,1,/content/drive/MyDrive/MACROBATT/INPUT_PDF_FILES/28033278.pdf
13,Duration,1 month,0.8142801523208618,1,/content/drive/MyDrive/MACROBATT/INPUT_PDF_FILES/28033278.pdf
14,Sign_symptom,oligouria,0.9999648332595825,1,/content/drive/MyDrive/MACROBATT/INPUT_PDF_FILES/28033278.pdf
15,Clinical_event,admitted,0.9998810291290283,1,/content/drive/MyDrive/MACROBATT/INPUT_PDF_FILES/28033278.pdf
16,Nonbiological_location,hospital,0.9981277585029602,1,/content/drive/MyDrive/MACROBATT/INPUT_PDF_FILES/28033278.pdf
17,Disease_disorder,renal failure,0.9996916055679321,1,/content/drive/MyDrive/MACROBATT/INPUT_PDF_FILES/28033278.pdf
18,Biological_structure,pulmonary,0.9973052740097046,1,/content/drive/MyDrive/MACROBATT/INPUT_PDF_FILES/28033278.pdf
19,Diagnostic_procedure,respiratory rate rate,0.9999483823776245,1,/content/drive/MyDrive/MACROBATT/INPUT_PDF_FILES/28033278.pdf
20,Lab_value,174/127 mm Hg,0.9951770901679993,1,/content/drive/MyDrive/MACROBATT/INPUT_PDF_FILES/28033278.pdf
21,Lab_value,88/min,0.7869535088539124,1,/content/drive/MyDrive/MACROBATT/INPUT_PDF_FILES/28033278.pdf
22,Lab_value,22/min,0.9990168809890747,1,/content/drive/MyDrive/MACROBATT/INPUT_PDF_FILES/28033278.pdf
23,Diagnostic_procedure,Laboratory analysis,0.999955952167511,1,/content/drive/MyDrive/MACROBATT/INPUT_PDF_FILES/28033278.pdf
24,Diagnostic_procedure,white blood blood cell count count,0.99985671043396,1,/content/drive/MyDrive/MACROBATT/INPUT_PDF_FILES/28033278.pdf
25,Lab_value,7730/μL,0.9998891949653625,1,/content/drive/MyDrive/MACROBATT/INPUT_PDF_FILES/28033278.pdf
26,Diagnostic_procedure,hemoglobin,0.9994564056396484,1,/content/drive/MyDrive/MACROBATT/INPUT_PDF_FILES/28033278.pdf
27,Lab_value,8.6 g/dL g/dL mg/dL mg/dL mg/dL mg/dL mg/dL mg/dL mg/dL mg/dL mg/dL mg/dL,0.9998881816864014,1,/content/drive/MyDrive/MACROBATT/INPUT_PDF_FILES/28033278.pdf
28,Diagnostic_procedure,platelet count count,0.9999414086341858,1,/content/drive/MyDrive/MACROBATT/INPUT_PDF_FILES/28033278.pdf
29,Lab_value,87000/μL,0.9996951818466187,1,/content/drive/MyDrive/MACROBATT/INPUT_PDF_FILES/28033278.pdf
30,Diagnostic_procedure,blood blood urea nitrogen,0.9999351501464844,1,/content/drive/MyDrive/MACROBATT/INPUT_PDF_FILES/28033278.pdf
31,Lab_value,78 mg/dL mg/dL mg/dL mg/dL mg/dL mg/dL mg/dL mg/dL mg/dL mg/dL,0.9999198913574219,1,/content/drive/MyDrive/MACROBATT/INPUT_PDF_FILES/28033278.pdf
32,Diagnostic_procedure,creatinine,0.8915392160415649,1,/content/drive/MyDrive/MACROBATT/INPUT_PDF_FILES/28033278.pdf
33,Lab_value,8.9 mg/dL mg/dL mg/dL mg/dL mg/dL mg/dL mg/dL mg/dL mg/dL mg/dL,0.9317490458488464,1,/content/drive/MyDrive/MACROBATT/INPUT_PDF_FILES/28033278.pdf
34,Diagnostic_procedure,calcium,0.9999383687973022,1,/content/drive/MyDrive/MACROBATT/INPUT_PDF_FILES/28033278.pdf
35,Lab_value,8.2 mg/dL mg/dL mg/dL mg/dL mg/dL mg/dL mg/dL mg/dL mg/dL mg/dL,0.9998604655265808,1,/content/drive/MyDrive/MACROBATT/INPUT_PDF_FILES/28033278.pdf
36,Diagnostic_procedure,phosphorus,0.9999465942382812,1,/content/drive/MyDrive/MACROBATT/INPUT_PDF_FILES/28033278.pdf
37,Lab_value,5.4 mg/dL mg/dL mg/dL mg/dL mg/dL mg/dL mg/dL mg/dL mg/dL mg/dL,0.9998328685760498,1,/content/drive/MyDrive/MACROBATT/INPUT_PDF_FILES/28033278.pdf
38,Diagnostic_procedure,haptoglobin,0.9999496936798096,1,/content/drive/MyDrive/MACROBATT/INPUT_PDF_FILES/28033278.pdf
39,Diagnostic_procedure,following blood hemoglobin blood haptoglobin,0.6779547929763794,1,/content/drive/MyDrive/MACROBATT/INPUT_PDF_FILES/28033278.pdf
40,Lab_value,6.56 mg/dL mg/dL mg/dL mg/dL mg/dL mg/dL mg/dL mg/dL mg/dL mg/dL,0.9996344447135925,1,/content/drive/MyDrive/MACROBATT/INPUT_PDF_FILES/28033278.pdf
41,Diagnostic_procedure,lactate dehydrogenase,0.9946812987327576,1,/content/drive/MyDrive/MACROBATT/INPUT_PDF_FILES/28033278.pdf
42,Lab_value,", 3500–11,000/μL , , 150,000–400,000/μL , , , , , ,",0.9799656867980957,1,/content/drive/MyDrive/MACROBATT/INPUT_PDF_FILES/28033278.pdf
43,Lab_value,547 U/L U/L,0.9994634389877319,1,/content/drive/MyDrive/MACROBATT/INPUT_PDF_FILES/28033278.pdf
44,Diagnostic_procedure,urinalysis proteinuria,0.9999481439590454,1,/content/drive/MyDrive/MACROBATT/INPUT_PDF_FILES/28033278.pdf
45,Diagnostic_procedure,urinalysis,0.9998659491539001,1,/content/drive/MyDrive/MACROBATT/INPUT_PDF_FILES/28033278.pdf
46,Lab_value,proteinuria score of of of 2+,0.9997475743293762,1,/content/drive/MyDrive/MACROBATT/INPUT_PDF_FILES/28033278.pdf
47,Diagnostic_procedure,white blood blood cell cell count count,0.9999380111694336,1,/content/drive/MyDrive/MACROBATT/INPUT_PDF_FILES/28033278.pdf
48,Lab_value,3–5/high,0.9986825585365295,1,/content/drive/MyDrive/MACROBATT/INPUT_PDF_FILES/28033278.pdf
49,Lab_value,3–5/high 50/high,0.9394447803497314,1,/content/drive/MyDrive/MACROBATT/INPUT_PDF_FILES/28033278.pdf
50,Diagnostic_procedure,red blood blood cell cell count count,0.9999224543571472,1,/content/drive/MyDrive/MACROBATT/INPUT_PDF_FILES/28033278.pdf
51,Lab_value,3–5/high 25–,0.992088794708252,1,/content/drive/MyDrive/MACROBATT/INPUT_PDF_FILES/28033278.pdf
52,Diagnostic_procedure,autoimmune,0.9999163746833801,1,/content/drive/MyDrive/MACROBATT/INPUT_PDF_FILES/28033278.pdf
53,Diagnostic_procedure,autoimmune profile,0.9998398423194885,1,/content/drive/MyDrive/MACROBATT/INPUT_PDF_FILES/28033278.pdf
54,Diagnostic_procedure,antinuclear antibody,0.9999356269836426,1,/content/drive/MyDrive/MACROBATT/INPUT_PDF_FILES/28033278.pdf
55,Lab_value,1:320,0.9994004368782043,1,/content/drive/MyDrive/MACROBATT/INPUT_PDF_FILES/28033278.pdf
56,Diagnostic_procedure,anti-Scl70,0.9987275004386902,1,/content/drive/MyDrive/MACROBATT/INPUT_PDF_FILES/28033278.pdf
57,Diagnostic_procedure,anti-double-stranded DNA,0.9843003749847412,1,/content/drive/MyDrive/MACROBATT/INPUT_PDF_FILES/28033278.pdf
58,Diagnostic_procedure,anti-Ro,0.9892175197601318,1,/content/drive/MyDrive/MACROBATT/INPUT_PDF_FILES/28033278.pdf
59,Diagnostic_procedure,anti-La,0.9915407299995422,1,/content/drive/MyDrive/MACROBATT/INPUT_PDF_FILES/28033278.pdf
60,Diagnostic_procedure,anticardiolipin antibodies,0.999290406703949,1,/content/drive/MyDrive/MACROBATT/INPUT_PDF_FILES/28033278.pdf
61,Biological_structure,Kidney,0.9999535083770752,1,/content/drive/MyDrive/MACROBATT/INPUT_PDF_FILES/28033278.pdf
62,Diagnostic_procedure,echogram,0.9982154369354248,1,/content/drive/MyDrive/MACROBATT/INPUT_PDF_FILES/28033278.pdf
63,Lab_value,decreased,0.9974791407585144,1,/content/drive/MyDrive/MACROBATT/INPUT_PDF_FILES/28033278.pdf
64,Detailed_description,bilateral,0.5684672594070435,1,/content/drive/MyDrive/MACROBATT/INPUT_PDF_FILES/28033278.pdf
65,Sign_symptom,hydronephrosis,0.9931723475456238,1,/content/drive/MyDrive/MACROBATT/INPUT_PDF_FILES/28033278.pdf
66,Sign_symptom,developed edema,0.9998900890350342,1,/content/drive/MyDrive/MACROBATT/INPUT_PDF_FILES/28033278.pdf
67,Sign_symptom,edema,0.9997648596763611,1,/content/drive/MyDrive/MACROBATT/INPUT_PDF_FILES/28033278.pdf
68,Date,3 days,0.9998688101768494,1,/content/drive/MyDrive/MACROBATT/INPUT_PDF_FILES/28033278.pdf
69,Detailed_description,acute-on-chronic,0.9999614953994751,1,/content/drive/MyDrive/MACROBATT/INPUT_PDF_FILES/28033278.pdf
70,Disease_disorder,SRC,0.99969083070755,1,/content/drive/MyDrive/MACROBATT/INPUT_PDF_FILES/28033278.pdf
71,Detailed_description,microangiopathic,0.9999761581420898,1,/content/drive/MyDrive/MACROBATT/INPUT_PDF_FILES/28033278.pdf
72,Detailed_description,hemolytic,0.999966025352478,1,/content/drive/MyDrive/MACROBATT/INPUT_PDF_FILES/28033278.pdf
73,Sign_symptom,microangiopathic anemia and and,0.9998397827148438,1,/content/drive/MyDrive/MACROBATT/INPUT_PDF_FILES/28033278.pdf
74,Sign_symptom,anemia,0.9852584004402161,1,/content/drive/MyDrive/MACROBATT/INPUT_PDF_FILES/28033278.pdf
75,Medication,captopril,0.999909520149231,1,/content/drive/MyDrive/MACROBATT/INPUT_PDF_FILES/28033278.pdf
76,Lab_value,deterioration,0.9911620616912842,1,/content/drive/MyDrive/MACROBATT/INPUT_PDF_FILES/28033278.pdf
77,Diagnostic_procedure,renal function,0.9998922944068909,1,/content/drive/MyDrive/MACROBATT/INPUT_PDF_FILES/28033278.pdf
78,Sign_symptom,and anuria,0.9999498128890991,1,/content/drive/MyDrive/MACROBATT/INPUT_PDF_FILES/28033278.pdf
79,Sign_symptom,anuria,0.9999244213104248,1,/content/drive/MyDrive/MACROBATT/INPUT_PDF_FILES/28033278.pdf
80,Therapeutic_procedure,hemodialysis,0.9994896054267883,1,/content/drive/MyDrive/MACROBATT/INPUT_PDF_FILES/28033278.pdf
81,Medication,captopril captopril,0.9890663027763367,1,/content/drive/MyDrive/MACROBATT/INPUT_PDF_FILES/28033278.pdf
82,Medication,amlodipine,0.9998986721038818,1,/content/drive/MyDrive/MACROBATT/INPUT_PDF_FILES/28033278.pdf
83,Medication,amlodipine developed,0.8136518597602844,1,/content/drive/MyDrive/MACROBATT/INPUT_PDF_FILES/28033278.pdf
84,Severity,severe,0.6041948199272156,1,/content/drive/MyDrive/MACROBATT/INPUT_PDF_FILES/28033278.pdf
85,Detailed_description,intolerable,0.9981014728546143,1,/content/drive/MyDrive/MACROBATT/INPUT_PDF_FILES/28033278.pdf
86,Sign_symptom,cough,0.9999085664749146,1,/content/drive/MyDrive/MACROBATT/INPUT_PDF_FILES/28033278.pdf
87,Diagnostic_procedure,blood pressure,0.9999586939811707,1,/content/drive/MyDrive/MACROBATT/INPUT_PDF_FILES/28033278.pdf
88,Lab_value,controlled,0.9999165534973145,1,/content/drive/MyDrive/MACROBATT/INPUT_PDF_FILES/28033278.pdf
89,Lab_value,between 140 and 180 mm His Hg,0.9998488426208496,1,/content/drive/MyDrive/MACROBATT/INPUT_PDF_FILES/28033278.pdf
90,Date,3 weeks after,0.9996635317802429,1,/content/drive/MyDrive/MACROBATT/INPUT_PDF_FILES/28033278.pdf
91,Detailed_description,generalized,0.9995284080505371,1,/content/drive/MyDrive/MACROBATT/INPUT_PDF_FILES/28033278.pdf
92,Detailed_description,tonic-clonic,0.9966615438461304,1,/content/drive/MyDrive/MACROBATT/INPUT_PDF_FILES/28033278.pdf
93,Sign_symptom,seizure,0.8546819686889648,1,/content/drive/MyDrive/MACROBATT/INPUT_PDF_FILES/28033278.pdf
94,Biological_structure,brain,0.9999632835388184,1,/content/drive/MyDrive/MACROBATT/INPUT_PDF_FILES/28033278.pdf
95,Diagnostic_procedure,computed tomography,0.9997398257255554,1,/content/drive/MyDrive/MACROBATT/INPUT_PDF_FILES/28033278.pdf
96,Severity,small,0.9994361996650696,1,/content/drive/MyDrive/MACROBATT/INPUT_PDF_FILES/28033278.pdf
97,Detailed_description,lacunar,0.9996576309204102,1,/content/drive/MyDrive/MACROBATT/INPUT_PDF_FILES/28033278.pdf
98,Disease_disorder,brain infarct intracranial infarct,0.9997990727424622,1,/content/drive/MyDrive/MACROBATT/INPUT_PDF_FILES/28033278.pdf
99,Disease_disorder,infarct infarct,0.9972227215766907,1,/content/drive/MyDrive/MACROBATT/INPUT_PDF_FILES/28033278.pdf
100,Biological_structure,left basal ganglion,0.9999352693557739,1,/content/drive/MyDrive/MACROBATT/INPUT_PDF_FILES/28033278.pdf
101,Biological_structure,intracranial,0.9996798038482666,1,/content/drive/MyDrive/MACROBATT/INPUT_PDF_FILES/28033278.pdf
102,Disease_disorder,hemorrhage,0.9981669187545776,1,/content/drive/MyDrive/MACROBATT/INPUT_PDF_FILES/28033278.pdf
103,Severity,large,0.9985429048538208,1,/content/drive/MyDrive/MACROBATT/INPUT_PDF_FILES/28033278.pdf
104,Medication,anticonvulsants,0.9937546253204346,1,/content/drive/MyDrive/MACROBATT/INPUT_PDF_FILES/28033278.pdf
105,Clinical_event,discharged,0.9998093247413635,1,/content/drive/MyDrive/MACROBATT/INPUT_PDF_FILES/28033278.pdf
106,Nonbiological_location,home,0.9996987581253052,1,/content/drive/MyDrive/MACROBATT/INPUT_PDF_FILES/28033278.pdf
107,Frequency,without the without thrice,0.9958239793777466,1,/content/drive/MyDrive/MACROBATT/INPUT_PDF_FILES/28033278.pdf
108,Frequency,thrice,0.7891137003898621,1,/content/drive/MyDrive/MACROBATT/INPUT_PDF_FILES/28033278.pdf
109,Date,1 week after,0.9998295903205872,1,/content/drive/MyDrive/MACROBATT/INPUT_PDF_FILES/28033278.pdf
110,Detailed_description,sudden-onset,0.9997129440307617,1,/content/drive/MyDrive/MACROBATT/INPUT_PDF_FILES/28033278.pdf
111,Sign_symptom,headache,0.9999532699584961,1,/content/drive/MyDrive/MACROBATT/INPUT_PDF_FILES/28033278.pdf
112,Sign_symptom,vomiting,0.9999498128890991,1,/content/drive/MyDrive/MACROBATT/INPUT_PDF_FILES/28033278.pdf
113,Sign_symptom,confusion,0.999688982963562,1,/content/drive/MyDrive/MACROBATT/INPUT_PDF_FILES/28033278.pdf
114,Clinical_event,presented,0.9998788833618164,1,/content/drive/MyDrive/MACROBATT/INPUT_PDF_FILES/28033278.pdf
115,Nonbiological_location,emergency department,0.9996823072433472,1,/content/drive/MyDrive/MACROBATT/INPUT_PDF_FILES/28033278.pdf
116,Diagnostic_procedure,blood blood pressure,0.9999589920043945,1,/content/drive/MyDrive/MACROBATT/INPUT_PDF_FILES/28033278.pdf
117,Lab_value,183/100 mm He Hg LDH schizocytes/HPF,0.9998262524604797,1,/content/drive/MyDrive/MACROBATT/INPUT_PDF_FILES/28033278.pdf
118,Diagnostic_procedure,platelet count,0.9999516010284424,1,/content/drive/MyDrive/MACROBATT/INPUT_PDF_FILES/28033278.pdf
119,Lab_value,"149,000/μL",0.9991868734359741,1,/content/drive/MyDrive/MACROBATT/INPUT_PDF_FILES/28033278.pdf
120,Diagnostic_procedure,serum LDH,0.999890148639679,1,/content/drive/MyDrive/MACROBATT/INPUT_PDF_FILES/28033278.pdf
121,Lab_value,332,0.9999369382858276,1,/content/drive/MyDrive/MACROBATT/INPUT_PDF_FILES/28033278.pdf
122,Diagnostic_procedure,peripheral blood blood smear,0.9999403953552246,1,/content/drive/MyDrive/MACROBATT/INPUT_PDF_FILES/28033278.pdf
123,Lab_value,containing 2–3 schizocytes/HPF,0.9998763799667358,1,/content/drive/MyDrive/MACROBATT/INPUT_PDF_FILES/28033278.pdf
124,Biological_structure,Brain,0.9999572038650513,1,/content/drive/MyDrive/MACROBATT/INPUT_PDF_FILES/28033278.pdf
125,Diagnostic_procedure,lumbar,0.8343976140022278,1,/content/drive/MyDrive/MACROBATT/INPUT_PDF_FILES/28033278.pdf
126,Diagnostic_procedure,puncture,0.9950762391090393,1,/content/drive/MyDrive/MACROBATT/INPUT_PDF_FILES/28033278.pdf
127,Lab_value,traumatic tapping,0.9749313592910767,1,/content/drive/MyDrive/MACROBATT/INPUT_PDF_FILES/28033278.pdf
128,Biological_structure,Cerebrospinal,0.99993896484375,1,/content/drive/MyDrive/MACROBATT/INPUT_PDF_FILES/28033278.pdf
129,Diagnostic_procedure,fluid cultures,0.9998670816421509,1,/content/drive/MyDrive/MACROBATT/INPUT_PDF_FILES/28033278.pdf
130,Lab_value,negative,0.9999179840087891,1,/content/drive/MyDrive/MACROBATT/INPUT_PDF_FILES/28033278.pdf
131,Biological_structure,Brain,0.9999591112136841,2,/content/drive/MyDrive/MACROBATT/INPUT_PDF_FILES/28033278.pdf
132,Diagnostic_procedure,magnetic resonance imaging,0.999920666217804,2,/content/drive/MyDrive/MACROBATT/INPUT_PDF_FILES/28033278.pdf
133,Diagnostic_procedure,( ( (,0.5273150205612183,2,/content/drive/MyDrive/MACROBATT/INPUT_PDF_FILES/28033278.pdf
134,Diagnostic_procedure,MRI,0.999957799911499,2,/content/drive/MyDrive/MACROBATT/INPUT_PDF_FILES/28033278.pdf
135,Detailed_description,bilateral,0.9999598264694214,2,/content/drive/MyDrive/MACROBATT/INPUT_PDF_FILES/28033278.pdf
136,Sign_symptom,hyperintensity,0.9999580383300781,2,/content/drive/MyDrive/MACROBATT/INPUT_PDF_FILES/28033278.pdf
137,Biological_structure,occipital and parietal lobes,0.9999072551727295,2,/content/drive/MyDrive/MACROBATT/INPUT_PDF_FILES/28033278.pdf
138,Detailed_description,fluid-attenuated inversion recovery ( ( ( FLAIR ) ) ) sequence,0.9973854422569275,2,/content/drive/MyDrive/MACROBATT/INPUT_PDF_FILES/28033278.pdf
139,Disease_disorder,PRES,0.9997178912162781,2,/content/drive/MyDrive/MACROBATT/INPUT_PDF_FILES/28033278.pdf
140,Medication,captopril,0.999870777130127,2,/content/drive/MyDrive/MACROBATT/INPUT_PDF_FILES/28033278.pdf
141,Dosage,25 mg thrice,0.9995732307434082,2,/content/drive/MyDrive/MACROBATT/INPUT_PDF_FILES/28033278.pdf
142,Disease_disorder,SRC,0.8821409940719604,2,/content/drive/MyDrive/MACROBATT/INPUT_PDF_FILES/28033278.pdf
143,Therapeutic_procedure,plasma exchange,0.9997082948684692,2,/content/drive/MyDrive/MACROBATT/INPUT_PDF_FILES/28033278.pdf
144,Diagnostic_procedure,mental status,0.9999171495437622,2,/content/drive/MyDrive/MACROBATT/INPUT_PDF_FILES/28033278.pdf
145,Lab_value,normal,0.9998376369476318,2,/content/drive/MyDrive/MACROBATT/INPUT_PDF_FILES/28033278.pdf
146,Date,3 days,0.9998184442520142,2,/content/drive/MyDrive/MACROBATT/INPUT_PDF_FILES/28033278.pdf
147,Clinical_event,follow-up,0.9965693950653076,2,/content/drive/MyDrive/MACROBATT/INPUT_PDF_FILES/28033278.pdf
148,Biological_structure,brain,0.9999560117721558,2,/content/drive/MyDrive/MACROBATT/INPUT_PDF_FILES/28033278.pdf
149,Date,2 months later,0.9998669624328613,2,/content/drive/MyDrive/MACROBATT/INPUT_PDF_FILES/28033278.pdf
150,Biological_structure,cerebral,0.9999438524246216,2,/content/drive/MyDrive/MACROBATT/INPUT_PDF_FILES/28033278.pdf
151,Sign_symptom,returned showed edema,0.9999431371688843,2,/content/drive/MyDrive/MACROBATT/INPUT_PDF_FILES/28033278.pdf
152,Sign_symptom,edema,0.9998327493667603,2,/content/drive/MyDrive/MACROBATT/INPUT_PDF_FILES/28033278.pdf
153,Disease_disorder,SRC-related,0.9998295307159424,2,/content/drive/MyDrive/MACROBATT/INPUT_PDF_FILES/28033278.pdf
154,Sign_symptom,full,0.7501956224441528,2,/content/drive/MyDrive/MACROBATT/INPUT_PDF_FILES/28033278.pdf
155,Diagnostic_procedure,renal function,0.9937620162963867,2,/content/drive/MyDrive/MACROBATT/INPUT_PDF_FILES/28033278.pdf
156,Lab_value,did not improve,0.9997755885124207,2,/content/drive/MyDrive/MACROBATT/INPUT_PDF_FILES/28033278.pdf
157,Therapeutic_procedure,dialysis,0.9967175126075745,2,/content/drive/MyDrive/MACROBATT/INPUT_PDF_FILES/28033278.pdf
