,Entity Group,Value,Score,Page,Pdf File
0,Age,67-year-old,0.9981250762939453,1,/content/drive/MyDrive/MACROBATT/INPUT_PDF_FILES/28079821.pdf
1,Sex,woman,0.999794065952301,1,/content/drive/MyDrive/MACROBATT/INPUT_PDF_FILES/28079821.pdf
2,Clinical_event,sent,0.9998676776885986,1,/content/drive/MyDrive/MACROBATT/INPUT_PDF_FILES/28079821.pdf
3,Nonbiological_location,emergency department,0.9997431039810181,1,/content/drive/MyDrive/MACROBATT/INPUT_PDF_FILES/28079821.pdf
4,Sign_symptom,fever,0.9999566078186035,1,/content/drive/MyDrive/MACROBATT/INPUT_PDF_FILES/28079821.pdf
5,Sign_symptom,sore,0.9998955726623535,1,/content/drive/MyDrive/MACROBATT/INPUT_PDF_FILES/28079821.pdf
6,Disease_disorder,ESRD,0.9997203946113586,1,/content/drive/MyDrive/MACROBATT/INPUT_PDF_FILES/28079821.pdf
7,Therapeutic_procedure,hemodialysis,0.9999397993087769,1,/content/drive/MyDrive/MACROBATT/INPUT_PDF_FILES/28079821.pdf
8,Frequency,3 times per hyperuricemia week,0.9978108406066895,1,/content/drive/MyDrive/MACROBATT/INPUT_PDF_FILES/28079821.pdf
9,History,hyperuricemia,0.9851312637329102,1,/content/drive/MyDrive/MACROBATT/INPUT_PDF_FILES/28079821.pdf
10,History,dyslipidemia,0.9354814291000366,1,/content/drive/MyDrive/MACROBATT/INPUT_PDF_FILES/28079821.pdf
11,History,hypertension hyperparathyroidism,0.8841263055801392,1,/content/drive/MyDrive/MACROBATT/INPUT_PDF_FILES/28079821.pdf
12,History,secondary hyperparathyroidism,0.9982463717460632,1,/content/drive/MyDrive/MACROBATT/INPUT_PDF_FILES/28079821.pdf
13,Diagnostic_procedure,hemogram,0.9998074173927307,1,/content/drive/MyDrive/MACROBATT/INPUT_PDF_FILES/28079821.pdf
14,Diagnostic_procedure,white blood cell count count,0.9998835325241089,1,/content/drive/MyDrive/MACROBATT/INPUT_PDF_FILES/28079821.pdf
15,Diagnostic_procedure,WBC,0.6591569781303406,1,/content/drive/MyDrive/MACROBATT/INPUT_PDF_FILES/28079821.pdf
16,Lab_value,700/μL,0.7535777688026428,1,/content/drive/MyDrive/MACROBATT/INPUT_PDF_FILES/28079821.pdf
17,Lab_value,2 2 % % %,0.9992449283599854,1,/content/drive/MyDrive/MACROBATT/INPUT_PDF_FILES/28079821.pdf
18,Diagnostic_procedure,neutrophils,0.9368659853935242,1,/content/drive/MyDrive/MACROBATT/INPUT_PDF_FILES/28079821.pdf
19,Lab_value,94 % % %,0.9992741346359253,1,/content/drive/MyDrive/MACROBATT/INPUT_PDF_FILES/28079821.pdf
20,Diagnostic_procedure,revealed blood cell neutrophils lymphocytes hemoglobin platelet,0.6448040008544922,1,/content/drive/MyDrive/MACROBATT/INPUT_PDF_FILES/28079821.pdf
21,Diagnostic_procedure,neutrophils lymphocytes,0.555568277835846,1,/content/drive/MyDrive/MACROBATT/INPUT_PDF_FILES/28079821.pdf
22,Lab_value,2 2,0.5130698680877686,1,/content/drive/MyDrive/MACROBATT/INPUT_PDF_FILES/28079821.pdf
23,Diagnostic_procedure,hemoglobin,0.9995496273040771,1,/content/drive/MyDrive/MACROBATT/INPUT_PDF_FILES/28079821.pdf
24,Lab_value,11.1,0.9975838661193848,1,/content/drive/MyDrive/MACROBATT/INPUT_PDF_FILES/28079821.pdf
25,Diagnostic_procedure,platelet,0.9999356269836426,1,/content/drive/MyDrive/MACROBATT/INPUT_PDF_FILES/28079821.pdf
26,Lab_value,"131,000/μL",0.9998251795768738,1,/content/drive/MyDrive/MACROBATT/INPUT_PDF_FILES/28079821.pdf
27,Detailed_description,febrile,0.9312437176704407,1,/content/drive/MyDrive/MACROBATT/INPUT_PDF_FILES/28079821.pdf
28,Sign_symptom,neutropenia,0.9999668598175049,1,/content/drive/MyDrive/MACROBATT/INPUT_PDF_FILES/28079821.pdf
29,Sign_symptom,neutropenia acute,0.999957799911499,1,/content/drive/MyDrive/MACROBATT/INPUT_PDF_FILES/28079821.pdf
30,Detailed_description,acute,0.9998295307159424,1,/content/drive/MyDrive/MACROBATT/INPUT_PDF_FILES/28079821.pdf
31,Clinical_event,admitted,0.9997836947441101,1,/content/drive/MyDrive/MACROBATT/INPUT_PDF_FILES/28079821.pdf
32,Nonbiological_location,hematologic,0.978764533996582,1,/content/drive/MyDrive/MACROBATT/INPUT_PDF_FILES/28079821.pdf
33,Nonbiological_location,hematologic ward,0.8433620929718018,1,/content/drive/MyDrive/MACROBATT/INPUT_PDF_FILES/28079821.pdf
34,Detailed_description,Broad-spectrum,0.9999697208404541,1,/content/drive/MyDrive/MACROBATT/INPUT_PDF_FILES/28079821.pdf
35,Medication,antibiotics,0.9998432397842407,1,/content/drive/MyDrive/MACROBATT/INPUT_PDF_FILES/28079821.pdf
36,Medication,piperacillin,0.9978402853012085,1,/content/drive/MyDrive/MACROBATT/INPUT_PDF_FILES/28079821.pdf
37,Dosage,2 0.25 g gm,0.9997820854187012,1,/content/drive/MyDrive/MACROBATT/INPUT_PDF_FILES/28079821.pdf
38,Medication,tazobactam,0.999887228012085,1,/content/drive/MyDrive/MACROBATT/INPUT_PDF_FILES/28079821.pdf
39,Dosage,0.25 gm i.v,0.9244838356971741,1,/content/drive/MyDrive/MACROBATT/INPUT_PDF_FILES/28079821.pdf
40,Dosage,q8h,0.8934817910194397,1,/content/drive/MyDrive/MACROBATT/INPUT_PDF_FILES/28079821.pdf
41,Sign_symptom,infection sign,0.999938428401947,1,/content/drive/MyDrive/MACROBATT/INPUT_PDF_FILES/28079821.pdf
42,Medication,glipizide,0.9925990104675293,1,/content/drive/MyDrive/MACROBATT/INPUT_PDF_FILES/28079821.pdf
43,Dosage,5 2.5 5 mg mg mg mg mg mg mg medication tid saxagliptin tid tid,0.9987563490867615,1,/content/drive/MyDrive/MACROBATT/INPUT_PDF_FILES/28079821.pdf
44,Medication,saxagliptin,0.9988986253738403,1,/content/drive/MyDrive/MACROBATT/INPUT_PDF_FILES/28079821.pdf
45,Dosage,2.5 mg mg mg mg mg mg mg qd qd qd qd,0.9986289739608765,1,/content/drive/MyDrive/MACROBATT/INPUT_PDF_FILES/28079821.pdf
46,Medication,fenofibrate,0.9994922280311584,1,/content/drive/MyDrive/MACROBATT/INPUT_PDF_FILES/28079821.pdf
47,Dosage,600 mg mg mg mg mg mg mg qd qd qd qd,0.9994198679924011,1,/content/drive/MyDrive/MACROBATT/INPUT_PDF_FILES/28079821.pdf
48,Medication,aluminum hydroxide,0.998845100402832,1,/content/drive/MyDrive/MACROBATT/INPUT_PDF_FILES/28079821.pdf
49,Dosage,324 mg mg mg mg mg mg mg medication tid saxagliptin tid tid,0.9992230534553528,1,/content/drive/MyDrive/MACROBATT/INPUT_PDF_FILES/28079821.pdf
50,Medication,folic acid,0.9992992877960205,1,/content/drive/MyDrive/MACROBATT/INPUT_PDF_FILES/28079821.pdf
51,Dosage,5 2.5 5 mg mg mg mg mg mg mg qd qd qd qd,0.9994849562644958,1,/content/drive/MyDrive/MACROBATT/INPUT_PDF_FILES/28079821.pdf
52,Medication,calcium carbonate,0.9995896816253662,1,/content/drive/MyDrive/MACROBATT/INPUT_PDF_FILES/28079821.pdf
53,Dosage,1000 mg mg mg mg mg mg mg medication tid saxagliptin tid tid,0.9989158511161804,1,/content/drive/MyDrive/MACROBATT/INPUT_PDF_FILES/28079821.pdf
54,Medication,febuxostat,0.9995834231376648,1,/content/drive/MyDrive/MACROBATT/INPUT_PDF_FILES/28079821.pdf
55,Dosage,40 mg mg mg mg mg mg mg qd qd qd qd,0.9982885718345642,1,/content/drive/MyDrive/MACROBATT/INPUT_PDF_FILES/28079821.pdf
56,Medication,epoetin-beta,0.9998888969421387,1,/content/drive/MyDrive/MACROBATT/INPUT_PDF_FILES/28079821.pdf
57,Dosage,2000 iu,0.9871969223022461,1,/content/drive/MyDrive/MACROBATT/INPUT_PDF_FILES/28079821.pdf
58,Administration,Besides received epoetin-beta iu i.v.tiw,0.9980474710464478,1,/content/drive/MyDrive/MACROBATT/INPUT_PDF_FILES/28079821.pdf
59,Dosage,i.v.tiw .,0.6756417751312256,1,/content/drive/MyDrive/MACROBATT/INPUT_PDF_FILES/28079821.pdf
60,Administration,received i.v.tiw,0.5708865523338318,1,/content/drive/MyDrive/MACROBATT/INPUT_PDF_FILES/28079821.pdf
61,Medication,Febuxostat,0.9994093179702759,1,/content/drive/MyDrive/MACROBATT/INPUT_PDF_FILES/28079821.pdf
62,Date,2½ months before,0.9175300598144531,1,/content/drive/MyDrive/MACROBATT/INPUT_PDF_FILES/28079821.pdf
63,Detailed_description,serum,0.9999310970306396,1,/content/drive/MyDrive/MACROBATT/INPUT_PDF_FILES/28079821.pdf
64,Diagnostic_procedure,uric acid,0.9997524619102478,1,/content/drive/MyDrive/MACROBATT/INPUT_PDF_FILES/28079821.pdf
65,Medication,allopurinol,0.9998145699501038,1,/content/drive/MyDrive/MACROBATT/INPUT_PDF_FILES/28079821.pdf
66,Dosage,50 mg inadequate qd,0.9984367489814758,1,/content/drive/MyDrive/MACROBATT/INPUT_PDF_FILES/28079821.pdf
67,Date,Two weeks before,0.9998325705528259,1,/content/drive/MyDrive/MACROBATT/INPUT_PDF_FILES/28079821.pdf
68,Diagnostic_procedure,laboratory test,0.9999371767044067,1,/content/drive/MyDrive/MACROBATT/INPUT_PDF_FILES/28079821.pdf
69,Lab_value,6000/μL,0.9998958706855774,1,/content/drive/MyDrive/MACROBATT/INPUT_PDF_FILES/28079821.pdf
70,Lab_value,9.8 mg/dL,0.8802584409713745,1,/content/drive/MyDrive/MACROBATT/INPUT_PDF_FILES/28079821.pdf
71,Disease_disorder,agranulocytosis,0.9846455454826355,1,/content/drive/MyDrive/MACROBATT/INPUT_PDF_FILES/28079821.pdf
72,Detailed_description,Epstein–Barr,0.8942381143569946,1,/content/drive/MyDrive/MACROBATT/INPUT_PDF_FILES/28079821.pdf
73,Diagnostic_procedure,antinuclear antibody ( (,0.9990116953849792,1,/content/drive/MyDrive/MACROBATT/INPUT_PDF_FILES/28079821.pdf
74,Diagnostic_procedure,ANA,0.7951266765594482,1,/content/drive/MyDrive/MACROBATT/INPUT_PDF_FILES/28079821.pdf
75,Diagnostic_procedure,antiextractable antinuclear nuclear antigen,0.9978265762329102,1,/content/drive/MyDrive/MACROBATT/INPUT_PDF_FILES/28079821.pdf
76,Diagnostic_procedure,anti-ENA,0.9401702880859375,1,/content/drive/MyDrive/MACROBATT/INPUT_PDF_FILES/28079821.pdf
77,Biological_structure,Bone marrow marrow,0.999805212020874,1,/content/drive/MyDrive/MACROBATT/INPUT_PDF_FILES/28079821.pdf
78,Diagnostic_procedure,examination,0.6722981929779053,1,/content/drive/MyDrive/MACROBATT/INPUT_PDF_FILES/28079821.pdf
79,Sign_symptom,hospitalization showed hypocellular with hematologic,0.9999616146087646,1,/content/drive/MyDrive/MACROBATT/INPUT_PDF_FILES/28079821.pdf
80,Sign_symptom,hypocellular,0.955938458442688,1,/content/drive/MyDrive/MACROBATT/INPUT_PDF_FILES/28079821.pdf
81,Biological_structure,marrow marrow,0.9998636245727539,1,/content/drive/MyDrive/MACROBATT/INPUT_PDF_FILES/28079821.pdf
82,Lab_value,decrease,0.9999374151229858,1,/content/drive/MyDrive/MACROBATT/INPUT_PDF_FILES/28079821.pdf
83,Diagnostic_procedure,myeloid,0.9999524354934692,1,/content/drive/MyDrive/MACROBATT/INPUT_PDF_FILES/28079821.pdf
84,Diagnostic_procedure,myeloid component,0.9998076558113098,1,/content/drive/MyDrive/MACROBATT/INPUT_PDF_FILES/28079821.pdf
85,Diagnostic_procedure,Chromosome analysis,0.9999604821205139,1,/content/drive/MyDrive/MACROBATT/INPUT_PDF_FILES/28079821.pdf
86,Biological_structure,bone marrow,0.9770970344543457,1,/content/drive/MyDrive/MACROBATT/INPUT_PDF_FILES/28079821.pdf
87,Lab_value,normal,0.999897837638855,1,/content/drive/MyDrive/MACROBATT/INPUT_PDF_FILES/28079821.pdf
88,History,denied history of radiation history or chemicals,0.9996514916419983,1,/content/drive/MyDrive/MACROBATT/INPUT_PDF_FILES/28079821.pdf
89,Sign_symptom,neutropenia neutrophil,0.9999485015869141,1,/content/drive/MyDrive/MACROBATT/INPUT_PDF_FILES/28079821.pdf
90,Sign_symptom,neutropenia neutrophil without,0.9999164342880249,1,/content/drive/MyDrive/MACROBATT/INPUT_PDF_FILES/28079821.pdf
91,Diagnostic_procedure,neutrophil,0.6738654375076294,1,/content/drive/MyDrive/MACROBATT/INPUT_PDF_FILES/28079821.pdf
92,Medication,granulocyte,0.9993780851364136,1,/content/drive/MyDrive/MACROBATT/INPUT_PDF_FILES/28079821.pdf
93,Medication,granulocyte colony-stimulating factor,0.9552464485168457,1,/content/drive/MyDrive/MACROBATT/INPUT_PDF_FILES/28079821.pdf
94,Medication,G-CSF,0.9782228469848633,1,/content/drive/MyDrive/MACROBATT/INPUT_PDF_FILES/28079821.pdf
95,Diagnostic_procedure,differential count,0.9999597072601318,1,/content/drive/MyDrive/MACROBATT/INPUT_PDF_FILES/28079821.pdf
96,Clinical_event,follow-up,0.9998458623886108,1,/content/drive/MyDrive/MACROBATT/INPUT_PDF_FILES/28079821.pdf
