,Entity Group,Value,Score,Page,Pdf File
0,Age,46-year-old,0.9981870651245117,1,/content/drive/MyDrive/MACROBATT/INPUT_PDF_FILES/28090049.pdf
1,Sex,woman,0.999798595905304,1,/content/drive/MyDrive/MACROBATT/INPUT_PDF_FILES/28090049.pdf
2,Disease_disorder,Graves,0.7417709827423096,1,/content/drive/MyDrive/MACROBATT/INPUT_PDF_FILES/28090049.pdf
3,Disease_disorder,disease,0.6899420619010925,1,/content/drive/MyDrive/MACROBATT/INPUT_PDF_FILES/28090049.pdf
4,Disease_disorder,Graves GD,0.99354088306427,1,/content/drive/MyDrive/MACROBATT/INPUT_PDF_FILES/28090049.pdf
5,History,GD DKA,0.7914866805076599,1,/content/drive/MyDrive/MACROBATT/INPUT_PDF_FILES/28090049.pdf
6,Clinical_event,transferred,0.9998648166656494,1,/content/drive/MyDrive/MACROBATT/INPUT_PDF_FILES/28090049.pdf
7,Nonbiological_location,emergency department,0.9997174739837646,1,/content/drive/MyDrive/MACROBATT/INPUT_PDF_FILES/28090049.pdf
8,Sign_symptom,polydipsia polyuria,0.9998582601547241,1,/content/drive/MyDrive/MACROBATT/INPUT_PDF_FILES/28090049.pdf
9,Sign_symptom,polydipsia,0.8939632177352905,1,/content/drive/MyDrive/MACROBATT/INPUT_PDF_FILES/28090049.pdf
10,Sign_symptom,fatigue,0.9999486207962036,1,/content/drive/MyDrive/MACROBATT/INPUT_PDF_FILES/28090049.pdf
11,Duration,four months prior,0.9993777275085449,1,/content/drive/MyDrive/MACROBATT/INPUT_PDF_FILES/28090049.pdf
12,Duration,1-month,0.9996287226676941,1,/content/drive/MyDrive/MACROBATT/INPUT_PDF_FILES/28090049.pdf
13,Lab_value,7 kg,0.9980069994926453,1,/content/drive/MyDrive/MACROBATT/INPUT_PDF_FILES/28090049.pdf
14,Date,42 years of age managed,0.9977542161941528,1,/content/drive/MyDrive/MACROBATT/INPUT_PDF_FILES/28090049.pdf
15,Medication,methimazole,0.9992732405662537,1,/content/drive/MyDrive/MACROBATT/INPUT_PDF_FILES/28090049.pdf
16,Lab_value,poor compliance,0.9990273714065552,1,/content/drive/MyDrive/MACROBATT/INPUT_PDF_FILES/28090049.pdf
17,Medication,anti-thyroid,0.9867660999298096,1,/content/drive/MyDrive/MACROBATT/INPUT_PDF_FILES/28090049.pdf
18,History,denied a family diseases diabetes family history of thyroid diseases history or,0.9981999397277832,1,/content/drive/MyDrive/MACROBATT/INPUT_PDF_FILES/28090049.pdf
19,Date,Three days before,0.9998840689659119,1,/content/drive/MyDrive/MACROBATT/INPUT_PDF_FILES/28090049.pdf
20,Clinical_event,diagnosed,0.999665379524231,1,/content/drive/MyDrive/MACROBATT/INPUT_PDF_FILES/28090049.pdf
21,Disease_disorder,influenza A,0.9998372793197632,1,/content/drive/MyDrive/MACROBATT/INPUT_PDF_FILES/28090049.pdf
22,Medication,diagnosed hospital oseltamivir phosphate,0.9998248219490051,1,/content/drive/MyDrive/MACROBATT/INPUT_PDF_FILES/28090049.pdf
23,Medication,oseltamivir phosphate,0.9951066970825195,1,/content/drive/MyDrive/MACROBATT/INPUT_PDF_FILES/28090049.pdf
24,Nonbiological_location,emergency,0.9957146048545837,1,/content/drive/MyDrive/MACROBATT/INPUT_PDF_FILES/28090049.pdf
25,Clinical_event,presented,0.9998395442962646,1,/content/drive/MyDrive/MACROBATT/INPUT_PDF_FILES/28090049.pdf
26,Sign_symptom,drowsiness,0.9999364614486694,1,/content/drive/MyDrive/MACROBATT/INPUT_PDF_FILES/28090049.pdf
27,Diagnostic_procedure,body temperature,0.9999459981918335,1,/content/drive/MyDrive/MACROBATT/INPUT_PDF_FILES/28090049.pdf
28,Diagnostic_procedure,blood pressure,0.9999582171440125,1,/content/drive/MyDrive/MACROBATT/INPUT_PDF_FILES/28090049.pdf
29,Lab_value,90/60,0.9999113082885742,1,/content/drive/MyDrive/MACROBATT/INPUT_PDF_FILES/28090049.pdf
30,Diagnostic_procedure,heart rate rate,0.9999547004699707,1,/content/drive/MyDrive/MACROBATT/INPUT_PDF_FILES/28090049.pdf
31,Lab_value,200 bpm,0.9628314971923828,1,/content/drive/MyDrive/MACROBATT/INPUT_PDF_FILES/28090049.pdf
32,Diagnostic_procedure,respiratory rate rate,0.9999573826789856,1,/content/drive/MyDrive/MACROBATT/INPUT_PDF_FILES/28090049.pdf
33,Lab_value,32 breaths/min,0.9025146961212158,1,/content/drive/MyDrive/MACROBATT/INPUT_PDF_FILES/28090049.pdf
34,Diagnostic_procedure,oxygen saturation,0.9999521374702454,1,/content/drive/MyDrive/MACROBATT/INPUT_PDF_FILES/28090049.pdf
35,Diagnostic_procedure,Glasgow coma scale,0.99993896484375,1,/content/drive/MyDrive/MACROBATT/INPUT_PDF_FILES/28090049.pdf
36,Diagnostic_procedure,Glasgow GCS,0.9988382458686829,1,/content/drive/MyDrive/MACROBATT/INPUT_PDF_FILES/28090049.pdf
37,Diagnostic_procedure,clinical examination,0.9997243881225586,1,/content/drive/MyDrive/MACROBATT/INPUT_PDF_FILES/28090049.pdf
38,Detailed_description,diffuse,0.9997650980949402,1,/content/drive/MyDrive/MACROBATT/INPUT_PDF_FILES/28090049.pdf
39,Sign_symptom,goiter,0.9998294115066528,1,/content/drive/MyDrive/MACROBATT/INPUT_PDF_FILES/28090049.pdf
40,Detailed_description,bilateral examination exophthalmoses,0.9178078174591064,1,/content/drive/MyDrive/MACROBATT/INPUT_PDF_FILES/28090049.pdf
41,Biological_structure,lungs,0.999895453453064,1,/content/drive/MyDrive/MACROBATT/INPUT_PDF_FILES/28090049.pdf
42,Lab_value,clear,0.9994754195213318,1,/content/drive/MyDrive/MACROBATT/INPUT_PDF_FILES/28090049.pdf
43,Diagnostic_procedure,auscultated,0.9861646890640259,1,/content/drive/MyDrive/MACROBATT/INPUT_PDF_FILES/28090049.pdf
44,Biological_structure,abdomen,0.9998788833618164,1,/content/drive/MyDrive/MACROBATT/INPUT_PDF_FILES/28090049.pdf
45,Lab_value,soft,0.9886616468429565,1,/content/drive/MyDrive/MACROBATT/INPUT_PDF_FILES/28090049.pdf
46,Biological_structure,skin,0.9997972846031189,1,/content/drive/MyDrive/MACROBATT/INPUT_PDF_FILES/28090049.pdf
47,Lab_value,warm,0.995625376701355,1,/content/drive/MyDrive/MACROBATT/INPUT_PDF_FILES/28090049.pdf
48,Biological_structure,lower extremity,0.9999086856842041,1,/content/drive/MyDrive/MACROBATT/INPUT_PDF_FILES/28090049.pdf
49,Diagnostic_procedure,electrocardiogram,0.9999203681945801,1,/content/drive/MyDrive/MACROBATT/INPUT_PDF_FILES/28090049.pdf
50,Detailed_description,marked,0.9998577833175659,1,/content/drive/MyDrive/MACROBATT/INPUT_PDF_FILES/28090049.pdf
51,Sign_symptom,tachycardia,0.9999611377716064,1,/content/drive/MyDrive/MACROBATT/INPUT_PDF_FILES/28090049.pdf
52,Disease_disorder,atrial fibrillation,0.9532228708267212,1,/content/drive/MyDrive/MACROBATT/INPUT_PDF_FILES/28090049.pdf
53,Biological_structure,chest,0.9999120235443115,1,/content/drive/MyDrive/MACROBATT/INPUT_PDF_FILES/28090049.pdf
54,Diagnostic_procedure,radiograph,0.9998518228530884,1,/content/drive/MyDrive/MACROBATT/INPUT_PDF_FILES/28090049.pdf
55,Diagnostic_procedure,laboratory data,0.9998506307601929,1,/content/drive/MyDrive/MACROBATT/INPUT_PDF_FILES/28090049.pdf
56,Sign_symptom,metabolic acidosis,0.9998851418495178,1,/content/drive/MyDrive/MACROBATT/INPUT_PDF_FILES/28090049.pdf
57,Lab_value,increased increased increased,0.9998767375946045,1,/content/drive/MyDrive/MACROBATT/INPUT_PDF_FILES/28090049.pdf
58,Diagnostic_procedure,plasma glucose,0.9999532103538513,1,/content/drive/MyDrive/MACROBATT/INPUT_PDF_FILES/28090049.pdf
59,Lab_value,472,0.9997195601463318,1,/content/drive/MyDrive/MACROBATT/INPUT_PDF_FILES/28090049.pdf
60,Diagnostic_procedure,HbA1c,0.9999226331710815,1,/content/drive/MyDrive/MACROBATT/INPUT_PDF_FILES/28090049.pdf
61,Diagnostic_procedure,free free triiodothyronine,0.9999175071716309,1,/content/drive/MyDrive/MACROBATT/INPUT_PDF_FILES/28090049.pdf
62,Diagnostic_procedure,free free thyroxine,0.9999278783798218,1,/content/drive/MyDrive/MACROBATT/INPUT_PDF_FILES/28090049.pdf
63,Lab_value,472 2.830,0.9974046349525452,1,/content/drive/MyDrive/MACROBATT/INPUT_PDF_FILES/28090049.pdf
64,Diagnostic_procedure,suppressed thyrotropin,0.9999139904975891,1,/content/drive/MyDrive/MACROBATT/INPUT_PDF_FILES/28090049.pdf
65,Diagnostic_procedure,TSH,0.9997150301933289,1,/content/drive/MyDrive/MACROBATT/INPUT_PDF_FILES/28090049.pdf
66,Lab_value,6.440 2.830 0.005,0.9999297857284546,1,/content/drive/MyDrive/MACROBATT/INPUT_PDF_FILES/28090049.pdf
67,Lab_value,0.005 μIU/mL,0.9348239898681641,1,/content/drive/MyDrive/MACROBATT/INPUT_PDF_FILES/28090049.pdf
68,Disease_disorder,thyroid thyroid,0.9992800354957581,1,/content/drive/MyDrive/MACROBATT/INPUT_PDF_FILES/28090049.pdf
69,Disease_disorder,thyroid thyroid storm storm,0.9946590662002563,1,/content/drive/MyDrive/MACROBATT/INPUT_PDF_FILES/28090049.pdf
70,Sign_symptom,symptoms symptoms involving the the the the central nervous system,0.9764720797538757,1,/content/drive/MyDrive/MACROBATT/INPUT_PDF_FILES/28090049.pdf
71,Sign_symptom,gastrointestinal symptoms symptoms,0.9929259419441223,1,/content/drive/MyDrive/MACROBATT/INPUT_PDF_FILES/28090049.pdf
72,Disease_disorder,DKA,0.9990638494491577,1,/content/drive/MyDrive/MACROBATT/INPUT_PDF_FILES/28090049.pdf
73,Disease_disorder,thyroid storm,0.9998608827590942,1,/content/drive/MyDrive/MACROBATT/INPUT_PDF_FILES/28090049.pdf
74,Clinical_event,admitted,0.9998226761817932,1,/content/drive/MyDrive/MACROBATT/INPUT_PDF_FILES/28090049.pdf
75,Nonbiological_location,medical intensive care unit,0.9998114705085754,1,/content/drive/MyDrive/MACROBATT/INPUT_PDF_FILES/28090049.pdf
76,Administration,intravenous intravenous,0.9997114539146423,1,/content/drive/MyDrive/MACROBATT/INPUT_PDF_FILES/28090049.pdf
77,Medication,insulin,0.9997300505638123,1,/content/drive/MyDrive/MACROBATT/INPUT_PDF_FILES/28090049.pdf
78,Administration,drip,0.9996035695075989,1,/content/drive/MyDrive/MACROBATT/INPUT_PDF_FILES/28090049.pdf
79,Detailed_description,aggressive,0.9996071457862854,1,/content/drive/MyDrive/MACROBATT/INPUT_PDF_FILES/28090049.pdf
80,Therapeutic_procedure,fluid,0.950950026512146,1,/content/drive/MyDrive/MACROBATT/INPUT_PDF_FILES/28090049.pdf
81,Administration,intravenous,0.9996801614761353,1,/content/drive/MyDrive/MACROBATT/INPUT_PDF_FILES/28090049.pdf
82,Medication,hydrocortisone,0.9975608587265015,1,/content/drive/MyDrive/MACROBATT/INPUT_PDF_FILES/28090049.pdf
83,Dosage,100 mg mg mg every every every 8 hours hours hours,0.9995816349983215,1,/content/drive/MyDrive/MACROBATT/INPUT_PDF_FILES/28090049.pdf
84,Administration,oral oral,0.999524712562561,1,/content/drive/MyDrive/MACROBATT/INPUT_PDF_FILES/28090049.pdf
85,Medication,potassium iodine,0.9992746710777283,1,/content/drive/MyDrive/MACROBATT/INPUT_PDF_FILES/28090049.pdf
86,Dosage,50 mg mg mg every every every 6 6,0.999550461769104,1,/content/drive/MyDrive/MACROBATT/INPUT_PDF_FILES/28090049.pdf
87,Dosage,20 mg mg mg every every every 6 6,0.9996606707572937,1,/content/drive/MyDrive/MACROBATT/INPUT_PDF_FILES/28090049.pdf
88,Medication,landiolol hydrochloride,0.741527795791626,1,/content/drive/MyDrive/MACROBATT/INPUT_PDF_FILES/28090049.pdf
89,Dosage,4-12 μg/kg/min,0.9677746891975403,1,/content/drive/MyDrive/MACROBATT/INPUT_PDF_FILES/28090049.pdf
90,Date,Day,0.950873613357544,1,/content/drive/MyDrive/MACROBATT/INPUT_PDF_FILES/28090049.pdf
91,Diagnostic_procedure,white blood cell cells/mm3 cells/mm3 count,0.9999071359634399,1,/content/drive/MyDrive/MACROBATT/INPUT_PDF_FILES/28090049.pdf
92,Lab_value,"2,800 cells/mm3 cells/mm3",0.9998952150344849,1,/content/drive/MyDrive/MACROBATT/INPUT_PDF_FILES/28090049.pdf
93,Lab_value,44.2 % (,0.9990935325622559,1,/content/drive/MyDrive/MACROBATT/INPUT_PDF_FILES/28090049.pdf
94,Lab_value,"1,238",0.8764544725418091,1,/content/drive/MyDrive/MACROBATT/INPUT_PDF_FILES/28090049.pdf
95,Medication,Methimazole,0.9998812675476074,1,/content/drive/MyDrive/MACROBATT/INPUT_PDF_FILES/28090049.pdf
96,Medication,Methimazole methimazole-induced,0.9972146153450012,1,/content/drive/MyDrive/MACROBATT/INPUT_PDF_FILES/28090049.pdf
97,Medication,methimazole-induced,0.9990906715393066,1,/content/drive/MyDrive/MACROBATT/INPUT_PDF_FILES/28090049.pdf
98,Sign_symptom,neutropenia,0.9999179840087891,1,/content/drive/MyDrive/MACROBATT/INPUT_PDF_FILES/28090049.pdf
99,Clinical_event,referred,0.9998451471328735,1,/content/drive/MyDrive/MACROBATT/INPUT_PDF_FILES/28090049.pdf
100,Nonbiological_location,endocrine,0.9463131427764893,1,/content/drive/MyDrive/MACROBATT/INPUT_PDF_FILES/28090049.pdf
101,Therapeutic_procedure,thyroidectomy,0.9994702339172363,1,/content/drive/MyDrive/MACROBATT/INPUT_PDF_FILES/28090049.pdf
102,Clinical_event,discharged,0.9998515844345093,1,/content/drive/MyDrive/MACROBATT/INPUT_PDF_FILES/28090049.pdf
103,Nonbiological_location,hospital,0.9997444748878479,1,/content/drive/MyDrive/MACROBATT/INPUT_PDF_FILES/28090049.pdf
104,Date,Day 37,0.9998862743377686,1,/content/drive/MyDrive/MACROBATT/INPUT_PDF_FILES/28090049.pdf
105,Dosage,multiple daily,0.9996156692504883,1,/content/drive/MyDrive/MACROBATT/INPUT_PDF_FILES/28090049.pdf
106,Administration,maintained insulin infusion levothyroxine,0.998408854007721,1,/content/drive/MyDrive/MACROBATT/INPUT_PDF_FILES/28090049.pdf
107,Administration,infusion,0.9962473511695862,1,/content/drive/MyDrive/MACROBATT/INPUT_PDF_FILES/28090049.pdf
108,Medication,levothyroxine sodium,0.9293076992034912,1,/content/drive/MyDrive/MACROBATT/INPUT_PDF_FILES/28090049.pdf
109,Diagnostic_procedure,immunological,0.9999624490737915,1,/content/drive/MyDrive/MACROBATT/INPUT_PDF_FILES/28090049.pdf
110,Diagnostic_procedure,immunological investigation,0.8999848365783691,1,/content/drive/MyDrive/MACROBATT/INPUT_PDF_FILES/28090049.pdf
111,Lab_value,elevated levels,0.9996451139450073,1,/content/drive/MyDrive/MACROBATT/INPUT_PDF_FILES/28090049.pdf
112,Diagnostic_procedure,anti- anti-insulinoma glutamic acid decarboxylase ( (,0.998540461063385,1,/content/drive/MyDrive/MACROBATT/INPUT_PDF_FILES/28090049.pdf
113,Diagnostic_procedure,GAD,0.9814959764480591,1,/content/drive/MyDrive/MACROBATT/INPUT_PDF_FILES/28090049.pdf
114,Diagnostic_procedure,anti-insulinoma antigen 2 IA-2,0.9722819328308105,1,/content/drive/MyDrive/MACROBATT/INPUT_PDF_FILES/28090049.pdf
115,Medication,anti-insulinoma insulin,0.9785900712013245,1,/content/drive/MyDrive/MACROBATT/INPUT_PDF_FILES/28090049.pdf
116,Administration,intravenous,0.9992740750312805,2,/content/drive/MyDrive/MACROBATT/INPUT_PDF_FILES/28090049.pdf
117,Biological_structure,blood samples,0.9996496438980103,2,/content/drive/MyDrive/MACROBATT/INPUT_PDF_FILES/28090049.pdf
118,Diagnostic_procedure,plasma glucose,0.999954879283905,2,/content/drive/MyDrive/MACROBATT/INPUT_PDF_FILES/28090049.pdf
119,Lab_value,139,0.9999511241912842,2,/content/drive/MyDrive/MACROBATT/INPUT_PDF_FILES/28090049.pdf
120,Lab_value,152 mg/dL,0.9999294281005859,2,/content/drive/MyDrive/MACROBATT/INPUT_PDF_FILES/28090049.pdf
121,Detailed_description,baseline,0.83678138256073,2,/content/drive/MyDrive/MACROBATT/INPUT_PDF_FILES/28090049.pdf
122,Diagnostic_procedure,serum C-peptide,0.9999274611473083,2,/content/drive/MyDrive/MACROBATT/INPUT_PDF_FILES/28090049.pdf
123,Lab_value,0.8,0.999860942363739,2,/content/drive/MyDrive/MACROBATT/INPUT_PDF_FILES/28090049.pdf
124,Lab_value,1.3 ng/mL,0.9980828166007996,2,/content/drive/MyDrive/MACROBATT/INPUT_PDF_FILES/28090049.pdf
