,Entity Group,Value,Score,Page,Pdf File
0,Age,61-year-old,0.9975845217704773,1,/content/drive/MyDrive/MACROBATT/INPUT_PDF_FILES/28100235.pdf
1,Sex,male,0.9993802309036255,1,/content/drive/MyDrive/MACROBATT/INPUT_PDF_FILES/28100235.pdf
2,Clinical_event,referred,0.9997696280479431,1,/content/drive/MyDrive/MACROBATT/INPUT_PDF_FILES/28100235.pdf
3,Nonbiological_location,emergency department,0.9997973442077637,1,/content/drive/MyDrive/MACROBATT/INPUT_PDF_FILES/28100235.pdf
4,Date,April 2010,0.9993948936462402,1,/content/drive/MyDrive/MACROBATT/INPUT_PDF_FILES/28100235.pdf
5,Sign_symptom,loose bowel motions,0.9999142289161682,1,/content/drive/MyDrive/MACROBATT/INPUT_PDF_FILES/28100235.pdf
6,History,insulin-dependent type II diabetes mellitus,0.9924947023391724,1,/content/drive/MyDrive/MACROBATT/INPUT_PDF_FILES/28100235.pdf
7,History,hypertension,0.9968630075454712,1,/content/drive/MyDrive/MACROBATT/INPUT_PDF_FILES/28100235.pdf
8,History,", , , , , ischaemic ischaemic heart disease",0.9407114386558533,1,/content/drive/MyDrive/MACROBATT/INPUT_PDF_FILES/28100235.pdf
9,History,two,0.6839278936386108,1,/content/drive/MyDrive/MACROBATT/INPUT_PDF_FILES/28100235.pdf
10,History,ischaemic ischaemic events,0.9776094555854797,1,/content/drive/MyDrive/MACROBATT/INPUT_PDF_FILES/28100235.pdf
11,History,obstructive sleep apnoea,0.8684817552566528,1,/content/drive/MyDrive/MACROBATT/INPUT_PDF_FILES/28100235.pdf
12,History,schizophrenia,0.9626254439353943,1,/content/drive/MyDrive/MACROBATT/INPUT_PDF_FILES/28100235.pdf
13,History,previous previous incisional hernia,0.9933759570121765,1,/content/drive/MyDrive/MACROBATT/INPUT_PDF_FILES/28100235.pdf
14,Disease_disorder,morbidly obese,0.9993888735771179,1,/content/drive/MyDrive/MACROBATT/INPUT_PDF_FILES/28100235.pdf
15,Disease_disorder,he hepatomegaly,0.9940429329872131,1,/content/drive/MyDrive/MACROBATT/INPUT_PDF_FILES/28100235.pdf
16,Disease_disorder,hepatomegaly,0.9270356893539429,1,/content/drive/MyDrive/MACROBATT/INPUT_PDF_FILES/28100235.pdf
17,Sign_symptom,jaundice,0.9997254014015198,1,/content/drive/MyDrive/MACROBATT/INPUT_PDF_FILES/28100235.pdf
18,History,"denied previous blood transfusions , usage of intravenous drugs and did not drink alcohol",0.9973971247673035,1,/content/drive/MyDrive/MACROBATT/INPUT_PDF_FILES/28100235.pdf
19,Diagnostic_procedure,faecal occult blood test,0.9998730421066284,1,/content/drive/MyDrive/MACROBATT/INPUT_PDF_FILES/28100235.pdf
20,Diagnostic_procedure,colonoscopy,0.9998005032539368,1,/content/drive/MyDrive/MACROBATT/INPUT_PDF_FILES/28100235.pdf
21,Date,2 years prior,0.9998403191566467,1,/content/drive/MyDrive/MACROBATT/INPUT_PDF_FILES/28100235.pdf
22,Nonbiological_location,tertiary centre,0.9996354579925537,1,/content/drive/MyDrive/MACROBATT/INPUT_PDF_FILES/28100235.pdf
23,Diagnostic_procedure,ultrasound scan,0.9999125599861145,1,/content/drive/MyDrive/MACROBATT/INPUT_PDF_FILES/28100235.pdf
24,Diagnostic_procedure,USS,0.9984601736068726,1,/content/drive/MyDrive/MACROBATT/INPUT_PDF_FILES/28100235.pdf
25,Shape,to our for ultrasound ovoid of echogenicity from,0.9968873858451843,1,/content/drive/MyDrive/MACROBATT/INPUT_PDF_FILES/28100235.pdf
26,Shape,ovoid,0.9732720255851746,1,/content/drive/MyDrive/MACROBATT/INPUT_PDF_FILES/28100235.pdf
27,Sign_symptom,mass,0.9997895359992981,1,/content/drive/MyDrive/MACROBATT/INPUT_PDF_FILES/28100235.pdf
28,Detailed_description,mixed echogenicity,0.9998523592948914,1,/content/drive/MyDrive/MACROBATT/INPUT_PDF_FILES/28100235.pdf
29,Area,12 × 9,0.9988510012626648,1,/content/drive/MyDrive/MACROBATT/INPUT_PDF_FILES/28100235.pdf
30,Diagnostic_procedure,computed tomography,0.9998013377189636,1,/content/drive/MyDrive/MACROBATT/INPUT_PDF_FILES/28100235.pdf
31,Diagnostic_procedure,( (,0.9999593496322632,1,/content/drive/MyDrive/MACROBATT/INPUT_PDF_FILES/28100235.pdf
32,Detailed_description,malignant,0.9999555349349976,1,/content/drive/MyDrive/MACROBATT/INPUT_PDF_FILES/28100235.pdf
33,Detailed_description,pedunculated,0.9893680810928345,1,/content/drive/MyDrive/MACROBATT/INPUT_PDF_FILES/28100235.pdf
34,Sign_symptom,lesion,0.9993798732757568,1,/content/drive/MyDrive/MACROBATT/INPUT_PDF_FILES/28100235.pdf
35,Biological_structure,segment IV,0.999903678894043,1,/content/drive/MyDrive/MACROBATT/INPUT_PDF_FILES/28100235.pdf
36,Diagnostic_procedure,magnetic resonance imaging imaging,0.9999348521232605,1,/content/drive/MyDrive/MACROBATT/INPUT_PDF_FILES/28100235.pdf
37,Diagnostic_procedure,( ( ( (,0.753222644329071,1,/content/drive/MyDrive/MACROBATT/INPUT_PDF_FILES/28100235.pdf
38,Diagnostic_procedure,MRI,0.9999455213546753,1,/content/drive/MyDrive/MACROBATT/INPUT_PDF_FILES/28100235.pdf
39,Detailed_description,T2 T1WI,0.6387260556221008,1,/content/drive/MyDrive/MACROBATT/INPUT_PDF_FILES/28100235.pdf
40,Diagnostic_procedure,T2 Fig.2a Fig.2b,0.8688641786575317,1,/content/drive/MyDrive/MACROBATT/INPUT_PDF_FILES/28100235.pdf
41,Diagnostic_procedure,weighted imaging imaging,0.9981479644775391,1,/content/drive/MyDrive/MACROBATT/INPUT_PDF_FILES/28100235.pdf
42,Detailed_description,isointense,0.9953776597976685,1,/content/drive/MyDrive/MACROBATT/INPUT_PDF_FILES/28100235.pdf
43,Biological_structure,liver,0.9999487400054932,1,/content/drive/MyDrive/MACROBATT/INPUT_PDF_FILES/28100235.pdf
44,Biological_structure,peripherally,0.9734352231025696,1,/content/drive/MyDrive/MACROBATT/INPUT_PDF_FILES/28100235.pdf
45,Detailed_description,central branching hyperintensities,0.9998137354850769,1,/content/drive/MyDrive/MACROBATT/INPUT_PDF_FILES/28100235.pdf
46,Sign_symptom,that weighted the the peripherally with branching hyperintensities which the hypointensities,0.9999545812606812,1,/content/drive/MyDrive/MACROBATT/INPUT_PDF_FILES/28100235.pdf
47,Sign_symptom,hyperintensities hypointensities,0.9994354844093323,1,/content/drive/MyDrive/MACROBATT/INPUT_PDF_FILES/28100235.pdf
48,Sign_symptom,hypointensities,0.9983989596366882,1,/content/drive/MyDrive/MACROBATT/INPUT_PDF_FILES/28100235.pdf
49,Diagnostic_procedure,WI T1WI,0.7121586799621582,1,/content/drive/MyDrive/MACROBATT/INPUT_PDF_FILES/28100235.pdf
50,Detailed_description,Enhancement,0.9999114274978638,1,/content/drive/MyDrive/MACROBATT/INPUT_PDF_FILES/28100235.pdf
51,Detailed_description,arterial phase phase,0.9999663233757019,1,/content/drive/MyDrive/MACROBATT/INPUT_PDF_FILES/28100235.pdf
52,Detailed_description,portal venous phase phase,0.9998936653137207,1,/content/drive/MyDrive/MACROBATT/INPUT_PDF_FILES/28100235.pdf
53,Detailed_description,at 2 min,0.9999504089355469,1,/content/drive/MyDrive/MACROBATT/INPUT_PDF_FILES/28100235.pdf
54,Detailed_description,central areas,0.9952825307846069,1,/content/drive/MyDrive/MACROBATT/INPUT_PDF_FILES/28100235.pdf
55,Detailed_description,non-enhancement,0.9843679070472717,1,/content/drive/MyDrive/MACROBATT/INPUT_PDF_FILES/28100235.pdf
56,Detailed_description,slightly hypointense,0.9998895525932312,1,/content/drive/MyDrive/MACROBATT/INPUT_PDF_FILES/28100235.pdf
57,Detailed_description,delayed images,0.9999141693115234,1,/content/drive/MyDrive/MACROBATT/INPUT_PDF_FILES/28100235.pdf
58,Detailed_description,20 min,0.999905526638031,1,/content/drive/MyDrive/MACROBATT/INPUT_PDF_FILES/28100235.pdf
59,Diagnostic_procedure,Laboratory investigations,0.9999514222145081,1,/content/drive/MyDrive/MACROBATT/INPUT_PDF_FILES/28100235.pdf
60,Lab_value,mildly elevated,0.9999164938926697,1,/content/drive/MyDrive/MACROBATT/INPUT_PDF_FILES/28100235.pdf
61,Diagnostic_procedure,gamma-glutamyl transpeptidase,0.999907910823822,1,/content/drive/MyDrive/MACROBATT/INPUT_PDF_FILES/28100235.pdf
62,Lab_value,137 IU/L IU/L,0.9999357461929321,1,/content/drive/MyDrive/MACROBATT/INPUT_PDF_FILES/28100235.pdf
63,Lab_value,normal,0.9960980415344238,1,/content/drive/MyDrive/MACROBATT/INPUT_PDF_FILES/28100235.pdf
64,Diagnostic_procedure,Hepatitis,0.9999617338180542,1,/content/drive/MyDrive/MACROBATT/INPUT_PDF_FILES/28100235.pdf
65,Diagnostic_procedure,alpha-fetoprotein,0.9938928484916687,1,/content/drive/MyDrive/MACROBATT/INPUT_PDF_FILES/28100235.pdf
66,Diagnostic_procedure,carcinoembryonic antigen antigen,0.9991188049316406,1,/content/drive/MyDrive/MACROBATT/INPUT_PDF_FILES/28100235.pdf
67,Diagnostic_procedure,cancer antigen antigen 19–9,0.9999029040336609,1,/content/drive/MyDrive/MACROBATT/INPUT_PDF_FILES/28100235.pdf
68,Detailed_description,subsegmental,0.8796303868293762,1,/content/drive/MyDrive/MACROBATT/INPUT_PDF_FILES/28100235.pdf
69,Therapeutic_procedure,resection,0.9997774958610535,1,/content/drive/MyDrive/MACROBATT/INPUT_PDF_FILES/28100235.pdf
70,Distance,15 cm,0.9995980858802795,1,/content/drive/MyDrive/MACROBATT/INPUT_PDF_FILES/28100235.pdf
71,Biological_structure,subsegmental segment IVb,0.9740439057350159,1,/content/drive/MyDrive/MACROBATT/INPUT_PDF_FILES/28100235.pdf
72,Severity,severe,0.9996293783187866,1,/content/drive/MyDrive/MACROBATT/INPUT_PDF_FILES/28100235.pdf
73,Disease_disorder,There hepatic,0.8876938819885254,1,/content/drive/MyDrive/MACROBATT/INPUT_PDF_FILES/28100235.pdf
74,Disease_disorder,hepatic,0.8251796364784241,1,/content/drive/MyDrive/MACROBATT/INPUT_PDF_FILES/28100235.pdf
75,Clinical_event,discharged,0.9997655749320984,1,/content/drive/MyDrive/MACROBATT/INPUT_PDF_FILES/28100235.pdf
76,Date,day seven,0.9982550144195557,1,/content/drive/MyDrive/MACROBATT/INPUT_PDF_FILES/28100235.pdf
77,Diagnostic_procedure,Pathology,0.9999539852142334,1,/content/drive/MyDrive/MACROBATT/INPUT_PDF_FILES/28100235.pdf
78,Biological_structure,specimen,0.9961565136909485,1,/content/drive/MyDrive/MACROBATT/INPUT_PDF_FILES/28100235.pdf
79,Disease_disorder,SFTL,0.9996452331542969,1,/content/drive/MyDrive/MACROBATT/INPUT_PDF_FILES/28100235.pdf
80,Color,pale tan,0.9940018653869629,1,/content/drive/MyDrive/MACROBATT/INPUT_PDF_FILES/28100235.pdf
81,Shape,nodular appearance,0.8685745596885681,1,/content/drive/MyDrive/MACROBATT/INPUT_PDF_FILES/28100235.pdf
82,Texture,firm and rubbery cut,0.8926907777786255,1,/content/drive/MyDrive/MACROBATT/INPUT_PDF_FILES/28100235.pdf
83,Diagnostic_procedure,Histological examination,0.9998953342437744,1,/content/drive/MyDrive/MACROBATT/INPUT_PDF_FILES/28100235.pdf
84,Lab_value,fascicles of spindle cells,0.9997090101242065,1,/content/drive/MyDrive/MACROBATT/INPUT_PDF_FILES/28100235.pdf
85,Detailed_description,Histological storiform,0.9999094009399414,1,/content/drive/MyDrive/MACROBATT/INPUT_PDF_FILES/28100235.pdf
86,Detailed_description,storiform,0.9997988343238831,1,/content/drive/MyDrive/MACROBATT/INPUT_PDF_FILES/28100235.pdf
87,Detailed_description,arrangement,0.6130180954933167,1,/content/drive/MyDrive/MACROBATT/INPUT_PDF_FILES/28100235.pdf
88,Detailed_description,pushing,0.900668740272522,1,/content/drive/MyDrive/MACROBATT/INPUT_PDF_FILES/28100235.pdf
89,Lab_value,evidence of of extracellular collagen,0.9661197066307068,1,/content/drive/MyDrive/MACROBATT/INPUT_PDF_FILES/28100235.pdf
90,Lab_value,areas of of myxoid stroma,0.9677658081054688,1,/content/drive/MyDrive/MACROBATT/INPUT_PDF_FILES/28100235.pdf
91,Lab_value,branching,0.8669499754905701,1,/content/drive/MyDrive/MACROBATT/INPUT_PDF_FILES/28100235.pdf
92,Lab_value,high high-power,0.9997628331184387,1,/content/drive/MyDrive/MACROBATT/INPUT_PDF_FILES/28100235.pdf
93,Diagnostic_procedure,mitotic,0.9999620914459229,1,/content/drive/MyDrive/MACROBATT/INPUT_PDF_FILES/28100235.pdf
94,Diagnostic_procedure,mitotic necrotic rate,0.9947906732559204,1,/content/drive/MyDrive/MACROBATT/INPUT_PDF_FILES/28100235.pdf
95,Lab_value,necrotic or haemorrhagic haemorrhagic,0.9759966135025024,1,/content/drive/MyDrive/MACROBATT/INPUT_PDF_FILES/28100235.pdf
96,Diagnostic_procedure,Immunohistochemistry,0.9985029697418213,1,/content/drive/MyDrive/MACROBATT/INPUT_PDF_FILES/28100235.pdf
97,Lab_value,positive,0.9999436140060425,1,/content/drive/MyDrive/MACROBATT/INPUT_PDF_FILES/28100235.pdf
98,Diagnostic_procedure,CD34 CD99,0.9994502663612366,1,/content/drive/MyDrive/MACROBATT/INPUT_PDF_FILES/28100235.pdf
99,Diagnostic_procedure,CD99,0.9995076060295105,1,/content/drive/MyDrive/MACROBATT/INPUT_PDF_FILES/28100235.pdf
100,Diagnostic_procedure,BCL-2,0.978919506072998,1,/content/drive/MyDrive/MACROBATT/INPUT_PDF_FILES/28100235.pdf
101,Coreference,tumour,0.8506748080253601,1,/content/drive/MyDrive/MACROBATT/INPUT_PDF_FILES/28100235.pdf
102,Lab_value,negative,0.9999350309371948,1,/content/drive/MyDrive/MACROBATT/INPUT_PDF_FILES/28100235.pdf
103,Diagnostic_procedure,c-Kit cytokeratins,0.994712233543396,1,/content/drive/MyDrive/MACROBATT/INPUT_PDF_FILES/28100235.pdf
104,Diagnostic_procedure,CD31,0.9998617172241211,1,/content/drive/MyDrive/MACROBATT/INPUT_PDF_FILES/28100235.pdf
105,Diagnostic_procedure,SMA,0.9999382495880127,1,/content/drive/MyDrive/MACROBATT/INPUT_PDF_FILES/28100235.pdf
106,Diagnostic_procedure,desmin,0.9999467134475708,1,/content/drive/MyDrive/MACROBATT/INPUT_PDF_FILES/28100235.pdf
107,Diagnostic_procedure,cytokeratins,0.9999552965164185,1,/content/drive/MyDrive/MACROBATT/INPUT_PDF_FILES/28100235.pdf
108,Diagnostic_procedure,AE1/AE3,0.9981794357299805,1,/content/drive/MyDrive/MACROBATT/INPUT_PDF_FILES/28100235.pdf
109,Diagnostic_procedure,MNF116,0.897646963596344,1,/content/drive/MyDrive/MACROBATT/INPUT_PDF_FILES/28100235.pdf
110,Diagnostic_procedure,EMA,0.9781956672668457,1,/content/drive/MyDrive/MACROBATT/INPUT_PDF_FILES/28100235.pdf
111,Diagnostic_procedure,SMA S100,0.9341630935668945,1,/content/drive/MyDrive/MACROBATT/INPUT_PDF_FILES/28100235.pdf
112,Diagnostic_procedure,margins,0.9743404984474182,1,/content/drive/MyDrive/MACROBATT/INPUT_PDF_FILES/28100235.pdf
113,Detailed_description,pericellular,0.9998754262924194,1,/content/drive/MyDrive/MACROBATT/INPUT_PDF_FILES/28100235.pdf
114,Sign_symptom,fibrosis,0.9999698400497437,1,/content/drive/MyDrive/MACROBATT/INPUT_PDF_FILES/28100235.pdf
115,Disease_disorder,steatohepatitis,0.9915747046470642,1,/content/drive/MyDrive/MACROBATT/INPUT_PDF_FILES/28100235.pdf
116,Disease_disorder,The the steatohepatitis,0.9237478971481323,1,/content/drive/MyDrive/MACROBATT/INPUT_PDF_FILES/28100235.pdf
117,Clinical_event,followed-up,0.9972203373908997,1,/content/drive/MyDrive/MACROBATT/INPUT_PDF_FILES/28100235.pdf
118,Frequency,every 4 to 6 months,0.9991514086723328,1,/content/drive/MyDrive/MACROBATT/INPUT_PDF_FILES/28100235.pdf
119,Nonbiological_location,local general practitioner,0.9990922808647156,1,/content/drive/MyDrive/MACROBATT/INPUT_PDF_FILES/28100235.pdf
120,Clinical_event,There were re-admissions recurrent,0.9993748068809509,1,/content/drive/MyDrive/MACROBATT/INPUT_PDF_FILES/28100235.pdf
121,Clinical_event,re-admissions,0.9989929795265198,1,/content/drive/MyDrive/MACROBATT/INPUT_PDF_FILES/28100235.pdf
122,Detailed_description,recurrent,0.9999643564224243,1,/content/drive/MyDrive/MACROBATT/INPUT_PDF_FILES/28100235.pdf
123,Biological_structure,right upper quadrant,0.9999358057975769,1,/content/drive/MyDrive/MACROBATT/INPUT_PDF_FILES/28100235.pdf
124,Sign_symptom,pain,0.9999669790267944,1,/content/drive/MyDrive/MACROBATT/INPUT_PDF_FILES/28100235.pdf
125,Date,2011,0.8527926802635193,1,/content/drive/MyDrive/MACROBATT/INPUT_PDF_FILES/28100235.pdf
126,Detailed_description,Multiple,0.9999172687530518,1,/content/drive/MyDrive/MACROBATT/INPUT_PDF_FILES/28100235.pdf
127,Sign_symptom,expected postsurgical changes,0.9997657537460327,1,/content/drive/MyDrive/MACROBATT/INPUT_PDF_FILES/28100235.pdf
128,Date,May,0.5543952584266663,2,/content/drive/MyDrive/MACROBATT/INPUT_PDF_FILES/28100235.pdf
129,Clinical_event,presented,0.9997873902320862,2,/content/drive/MyDrive/MACROBATT/INPUT_PDF_FILES/28100235.pdf
130,Nonbiological_location,emergency department,0.9997286796569824,2,/content/drive/MyDrive/MACROBATT/INPUT_PDF_FILES/28100235.pdf
131,Biological_structure,right upper quadrant,0.9999427795410156,2,/content/drive/MyDrive/MACROBATT/INPUT_PDF_FILES/28100235.pdf
132,Sign_symptom,pain,0.9999617338180542,2,/content/drive/MyDrive/MACROBATT/INPUT_PDF_FILES/28100235.pdf
133,Sign_symptom,presented department quadrant and dyspnoea demand,0.9999403953552246,2,/content/drive/MyDrive/MACROBATT/INPUT_PDF_FILES/28100235.pdf
134,Sign_symptom,dyspnoea,0.9998555183410645,2,/content/drive/MyDrive/MACROBATT/INPUT_PDF_FILES/28100235.pdf
135,Biological_structure,chest,0.9999361038208008,2,/content/drive/MyDrive/MACROBATT/INPUT_PDF_FILES/28100235.pdf
136,Biological_structure,abdomen,0.99994957447052,2,/content/drive/MyDrive/MACROBATT/INPUT_PDF_FILES/28100235.pdf
137,Biological_structure,pelvis,0.9999488592147827,2,/content/drive/MyDrive/MACROBATT/INPUT_PDF_FILES/28100235.pdf
138,Detailed_description,extensive,0.9996590614318848,2,/content/drive/MyDrive/MACROBATT/INPUT_PDF_FILES/28100235.pdf
139,Sign_symptom,tumour,0.9999371767044067,2,/content/drive/MyDrive/MACROBATT/INPUT_PDF_FILES/28100235.pdf
140,Sign_symptom,tumour recurrence,0.9958619475364685,2,/content/drive/MyDrive/MACROBATT/INPUT_PDF_FILES/28100235.pdf
141,Therapeutic_procedure,resection,0.9998831748962402,2,/content/drive/MyDrive/MACROBATT/INPUT_PDF_FILES/28100235.pdf
142,Detailed_description,right-sided,0.9982495307922363,2,/content/drive/MyDrive/MACROBATT/INPUT_PDF_FILES/28100235.pdf
143,Disease_disorder,pleural pleural,0.9999102354049683,2,/content/drive/MyDrive/MACROBATT/INPUT_PDF_FILES/28100235.pdf
144,Disease_disorder,pleural pleural effusion,0.9992318153381348,2,/content/drive/MyDrive/MACROBATT/INPUT_PDF_FILES/28100235.pdf
145,Sign_symptom,mass,0.9996708631515503,2,/content/drive/MyDrive/MACROBATT/INPUT_PDF_FILES/28100235.pdf
146,Biological_structure,right-sided right lung base,0.9999253749847412,2,/content/drive/MyDrive/MACROBATT/INPUT_PDF_FILES/28100235.pdf
147,Date,3.8 cm,0.9749385714530945,2,/content/drive/MyDrive/MACROBATT/INPUT_PDF_FILES/28100235.pdf
148,Therapeutic_procedure,Pleurocentesis,0.9966311454772949,2,/content/drive/MyDrive/MACROBATT/INPUT_PDF_FILES/28100235.pdf
149,Volume,1400 ml,0.9976620078086853,2,/content/drive/MyDrive/MACROBATT/INPUT_PDF_FILES/28100235.pdf
150,Biological_structure,serosanguineous,0.9998449087142944,2,/content/drive/MyDrive/MACROBATT/INPUT_PDF_FILES/28100235.pdf
151,Diagnostic_procedure,Cytology,0.9999299049377441,2,/content/drive/MyDrive/MACROBATT/INPUT_PDF_FILES/28100235.pdf
152,Lab_value,negative,0.9999521970748901,2,/content/drive/MyDrive/MACROBATT/INPUT_PDF_FILES/28100235.pdf
153,Clinical_event,discussed,0.9981458187103271,2,/content/drive/MyDrive/MACROBATT/INPUT_PDF_FILES/28100235.pdf
154,Lab_value,two,0.9997811913490295,2,/content/drive/MyDrive/MACROBATT/INPUT_PDF_FILES/28100235.pdf
155,Medication,chemo-,0.9980443716049194,2,/content/drive/MyDrive/MACROBATT/INPUT_PDF_FILES/28100235.pdf
156,Therapeutic_procedure,radiotherapeutic,0.9991045594215393,2,/content/drive/MyDrive/MACROBATT/INPUT_PDF_FILES/28100235.pdf
157,Therapeutic_procedure,radiotherapeutic therapies,0.9865425229072571,2,/content/drive/MyDrive/MACROBATT/INPUT_PDF_FILES/28100235.pdf
158,Clinical_event,referred,0.9998645782470703,2,/content/drive/MyDrive/MACROBATT/INPUT_PDF_FILES/28100235.pdf
159,Nonbiological_location,palliative,0.9995378255844116,2,/content/drive/MyDrive/MACROBATT/INPUT_PDF_FILES/28100235.pdf
160,Nonbiological_location,palliative team,0.998724102973938,2,/content/drive/MyDrive/MACROBATT/INPUT_PDF_FILES/28100235.pdf
161,Clinical_event,discharged,0.999724805355072,2,/content/drive/MyDrive/MACROBATT/INPUT_PDF_FILES/28100235.pdf
162,Sign_symptom,alive,0.9997977614402771,2,/content/drive/MyDrive/MACROBATT/INPUT_PDF_FILES/28100235.pdf
163,Date,1 month after,0.9998729825019836,2,/content/drive/MyDrive/MACROBATT/INPUT_PDF_FILES/28100235.pdf
