,Entity Group,Value,Score,Page,Pdf File
0,Age,7-year-old,0.9978176355361938,1,/content/drive/MyDrive/MACROBATT/INPUT_PDF_FILES/28103924.pdf
1,Personal_background,Italian,0.998156726360321,1,/content/drive/MyDrive/MACROBATT/INPUT_PDF_FILES/28103924.pdf
2,Sex,boy,0.9993973970413208,1,/content/drive/MyDrive/MACROBATT/INPUT_PDF_FILES/28103924.pdf
3,Clinical_event,born,0.9897046685218811,1,/content/drive/MyDrive/MACROBATT/INPUT_PDF_FILES/28103924.pdf
4,Lab_value,normal,0.9995803236961365,1,/content/drive/MyDrive/MACROBATT/INPUT_PDF_FILES/28103924.pdf
5,Date,At the age of 16 months,0.9993461966514587,1,/content/drive/MyDrive/MACROBATT/INPUT_PDF_FILES/28103924.pdf
6,Clinical_event,presented,0.9995056390762329,1,/content/drive/MyDrive/MACROBATT/INPUT_PDF_FILES/28103924.pdf
7,Detailed_description,clinically evident,0.9993610382080078,1,/content/drive/MyDrive/MACROBATT/INPUT_PDF_FILES/28103924.pdf
8,Sign_symptom,enlarged,0.9998652935028076,1,/content/drive/MyDrive/MACROBATT/INPUT_PDF_FILES/28103924.pdf
9,Biological_structure,abdomen,0.9998028874397278,1,/content/drive/MyDrive/MACROBATT/INPUT_PDF_FILES/28103924.pdf
10,Clinical_event,referred,0.9998464584350586,1,/content/drive/MyDrive/MACROBATT/INPUT_PDF_FILES/28103924.pdf
11,Nonbiological_location,oncological,0.9762653708457947,1,/content/drive/MyDrive/MACROBATT/INPUT_PDF_FILES/28103924.pdf
12,Biological_structure,bone marrow,0.9998677968978882,1,/content/drive/MyDrive/MACROBATT/INPUT_PDF_FILES/28103924.pdf
13,Diagnostic_procedure,biopsy,0.9999362826347351,1,/content/drive/MyDrive/MACROBATT/INPUT_PDF_FILES/28103924.pdf
14,Sign_symptom,foam,0.9998674392700195,1,/content/drive/MyDrive/MACROBATT/INPUT_PDF_FILES/28103924.pdf
15,Disease_disorder,revealed cells led lysosomal,0.9660675525665283,1,/content/drive/MyDrive/MACROBATT/INPUT_PDF_FILES/28103924.pdf
16,Disease_disorder,lysosomal storage,0.6312843561172485,1,/content/drive/MyDrive/MACROBATT/INPUT_PDF_FILES/28103924.pdf
17,Diagnostic_procedure,Biochemical testing,0.9999530911445618,1,/content/drive/MyDrive/MACROBATT/INPUT_PDF_FILES/28103924.pdf
18,Lab_value,elevated,0.9988743662834167,1,/content/drive/MyDrive/MACROBATT/INPUT_PDF_FILES/28103924.pdf
19,Diagnostic_procedure,acid phosphatase,0.9999351501464844,1,/content/drive/MyDrive/MACROBATT/INPUT_PDF_FILES/28103924.pdf
20,Lab_value,47.8,0.9999605417251587,1,/content/drive/MyDrive/MACROBATT/INPUT_PDF_FILES/28103924.pdf
21,Lab_value,47.8 508 4.5–18.0 IU/L IU/L,0.9532912969589233,1,/content/drive/MyDrive/MACROBATT/INPUT_PDF_FILES/28103924.pdf
22,Diagnostic_procedure,chitotriosidase,0.9956472516059875,1,/content/drive/MyDrive/MACROBATT/INPUT_PDF_FILES/28103924.pdf
23,Lab_value,508,0.9999469518661499,1,/content/drive/MyDrive/MACROBATT/INPUT_PDF_FILES/28103924.pdf
24,Lab_value,47.8 508 4.5–18.0 nmol/mg nmol/mg nmol/mg/protein nmol/mg/protein,0.9901846051216125,1,/content/drive/MyDrive/MACROBATT/INPUT_PDF_FILES/28103924.pdf
25,Diagnostic_procedure,protein protein nmol/mg/protein nmol/mg/protein,0.9968452453613281,1,/content/drive/MyDrive/MACROBATT/INPUT_PDF_FILES/28103924.pdf
26,Lab_value,reduced,0.9996060729026794,1,/content/drive/MyDrive/MACROBATT/INPUT_PDF_FILES/28103924.pdf
27,Diagnostic_procedure,beta-glucosidase activity activity,0.9999338984489441,1,/content/drive/MyDrive/MACROBATT/INPUT_PDF_FILES/28103924.pdf
28,Lab_value,2 nmol/mg nmol/mg nmol/mg/protein nmol/mg/protein,0.9965932369232178,1,/content/drive/MyDrive/MACROBATT/INPUT_PDF_FILES/28103924.pdf
29,Lab_value,nmol/mg nmol/mg nmol/mg/protein nmol/mg/protein,0.6988779306411743,1,/content/drive/MyDrive/MACROBATT/INPUT_PDF_FILES/28103924.pdf
30,Diagnostic_procedure,Molecular analysis,0.9999173283576965,1,/content/drive/MyDrive/MACROBATT/INPUT_PDF_FILES/28103924.pdf
31,Detailed_description,homozygous,0.9999492168426514,1,/content/drive/MyDrive/MACROBATT/INPUT_PDF_FILES/28103924.pdf
32,Detailed_description,L444P,0.865308403968811,1,/content/drive/MyDrive/MACROBATT/INPUT_PDF_FILES/28103924.pdf
33,Sign_symptom,mutations in confirming the the GBA gene,0.9998781681060791,1,/content/drive/MyDrive/MACROBATT/INPUT_PDF_FILES/28103924.pdf
34,Therapeutic_procedure,ERT,0.9998456239700317,1,/content/drive/MyDrive/MACROBATT/INPUT_PDF_FILES/28103924.pdf
35,Dosage,60 U/kg every 2 weeks,0.9996838569641113,1,/content/drive/MyDrive/MACROBATT/INPUT_PDF_FILES/28103924.pdf
36,Date,dosage age of of 18,0.8284597396850586,1,/content/drive/MyDrive/MACROBATT/INPUT_PDF_FILES/28103924.pdf
37,Date,age,0.8937100172042847,1,/content/drive/MyDrive/MACROBATT/INPUT_PDF_FILES/28103924.pdf
38,Therapeutic_procedure,SRT,0.9996772408485413,1,/content/drive/MyDrive/MACROBATT/INPUT_PDF_FILES/28103924.pdf
39,Medication,miglustat,0.996591329574585,1,/content/drive/MyDrive/MACROBATT/INPUT_PDF_FILES/28103924.pdf
40,Detailed_description,adjusted according to the the the patient ’ dose miglustat was adjusted s surface was first weeks scheme dose weeks thirds dose weeks dose times body surface area,0.9999103546142578,1,/content/drive/MyDrive/MACROBATT/INPUT_PDF_FILES/28103924.pdf
41,Date,From 2 weeks before,0.9997900724411011,1,/content/drive/MyDrive/MACROBATT/INPUT_PDF_FILES/28103924.pdf
42,Clinical_event,followed,0.977783739566803,1,/content/drive/MyDrive/MACROBATT/INPUT_PDF_FILES/28103924.pdf
43,Detailed_description,avoiding high high intake of carbohydrate- containing food foods,0.9997110962867737,1,/content/drive/MyDrive/MACROBATT/INPUT_PDF_FILES/28103924.pdf
44,Detailed_description,"foods high high starting avoiding intake containing in single in gastrointestinal disaccharides , , , , , such as gastrointestinal sucrose and maltose",0.9946925044059753,1,/content/drive/MyDrive/MACROBATT/INPUT_PDF_FILES/28103924.pdf
45,Severity,mild,0.9998161196708679,1,/content/drive/MyDrive/MACROBATT/INPUT_PDF_FILES/28103924.pdf
46,Sign_symptom,diarrhea,0.9994787573814392,1,/content/drive/MyDrive/MACROBATT/INPUT_PDF_FILES/28103924.pdf
47,Lab_value,decreased commencing in frequency/severity,0.9996302723884583,1,/content/drive/MyDrive/MACROBATT/INPUT_PDF_FILES/28103924.pdf
48,Medication,ERT/miglustat,0.7508277297019958,1,/content/drive/MyDrive/MACROBATT/INPUT_PDF_FILES/28103924.pdf
49,Sign_symptom,splenomegaly,0.9997811913490295,1,/content/drive/MyDrive/MACROBATT/INPUT_PDF_FILES/28103924.pdf
50,Lab_value,normalization,0.9983265399932861,1,/content/drive/MyDrive/MACROBATT/INPUT_PDF_FILES/28103924.pdf
51,Diagnostic_procedure,hematological values,0.9999393224716187,1,/content/drive/MyDrive/MACROBATT/INPUT_PDF_FILES/28103924.pdf
52,Diagnostic_procedure,plasma angiotensin-converting enzyme activity,0.9998177289962769,1,/content/drive/MyDrive/MACROBATT/INPUT_PDF_FILES/28103924.pdf
53,Diagnostic_procedure,Plasma chitotriosidase,0.9999358057975769,1,/content/drive/MyDrive/MACROBATT/INPUT_PDF_FILES/28103924.pdf
54,Frequency,every 6 months,0.9990217685699463,1,/content/drive/MyDrive/MACROBATT/INPUT_PDF_FILES/28103924.pdf
55,Lab_value,initial reduction,0.9998956918716431,1,/content/drive/MyDrive/MACROBATT/INPUT_PDF_FILES/28103924.pdf
56,Lab_value,sustained decrease,0.9999217987060547,1,/content/drive/MyDrive/MACROBATT/INPUT_PDF_FILES/28103924.pdf
57,Detailed_description,according to recommended guidelines,0.998035192489624,1,/content/drive/MyDrive/MACROBATT/INPUT_PDF_FILES/28103924.pdf
58,Diagnostic_procedure,evaluation evaluations,0.6290229558944702,1,/content/drive/MyDrive/MACROBATT/INPUT_PDF_FILES/28103924.pdf
59,Diagnostic_procedure,psychological evaluation evaluations,0.9995269775390625,1,/content/drive/MyDrive/MACROBATT/INPUT_PDF_FILES/28103924.pdf
60,Frequency,every 6–12 months,0.9988725781440735,1,/content/drive/MyDrive/MACROBATT/INPUT_PDF_FILES/28103924.pdf
61,Duration,5 years,0.9987696409225464,1,/content/drive/MyDrive/MACROBATT/INPUT_PDF_FILES/28103924.pdf
62,Therapeutic_procedure,combination therapy,0.934232234954834,1,/content/drive/MyDrive/MACROBATT/INPUT_PDF_FILES/28103924.pdf
63,Sign_symptom,epileptic,0.9998550415039062,1,/content/drive/MyDrive/MACROBATT/INPUT_PDF_FILES/28103924.pdf
64,Sign_symptom,epileptic crises,0.9982156753540039,1,/content/drive/MyDrive/MACROBATT/INPUT_PDF_FILES/28103924.pdf
65,Sign_symptom,clinical performance,0.890221893787384,1,/content/drive/MyDrive/MACROBATT/INPUT_PDF_FILES/28103924.pdf
66,Lab_value,good,0.9998595714569092,1,/content/drive/MyDrive/MACROBATT/INPUT_PDF_FILES/28103924.pdf
67,Diagnostic_procedure,muscular tone,0.9999534487724304,1,/content/drive/MyDrive/MACROBATT/INPUT_PDF_FILES/28103924.pdf
68,Diagnostic_procedure,reflexes,0.9971927404403687,1,/content/drive/MyDrive/MACROBATT/INPUT_PDF_FILES/28103924.pdf
69,Severity,slight,0.9990553259849548,1,/content/drive/MyDrive/MACROBATT/INPUT_PDF_FILES/28103924.pdf
70,Sign_symptom,hyperreflexia,0.9999200105667114,1,/content/drive/MyDrive/MACROBATT/INPUT_PDF_FILES/28103924.pdf
71,Lab_value,negative,0.9998722076416016,1,/content/drive/MyDrive/MACROBATT/INPUT_PDF_FILES/28103924.pdf
72,Diagnostic_procedure,toe and heel deambulation,0.9999082684516907,1,/content/drive/MyDrive/MACROBATT/INPUT_PDF_FILES/28103924.pdf
73,Diagnostic_procedure,ocular evaluations no of movement velocity reduction normal evoked potentials,0.9999589920043945,1,/content/drive/MyDrive/MACROBATT/INPUT_PDF_FILES/28103924.pdf
74,Diagnostic_procedure,particular ocular evaluations,0.8823175430297852,1,/content/drive/MyDrive/MACROBATT/INPUT_PDF_FILES/28103924.pdf
75,Sign_symptom,saccadic movement velocity reduction,0.99986332654953,1,/content/drive/MyDrive/MACROBATT/INPUT_PDF_FILES/28103924.pdf
76,Diagnostic_procedure,visual evoked,0.9877581000328064,1,/content/drive/MyDrive/MACROBATT/INPUT_PDF_FILES/28103924.pdf
77,Diagnostic_procedure,auditory brain responses,0.9998165965080261,1,/content/drive/MyDrive/MACROBATT/INPUT_PDF_FILES/28103924.pdf
78,Detailed_description,regularly,0.997166097164154,1,/content/drive/MyDrive/MACROBATT/INPUT_PDF_FILES/28103924.pdf
79,Activity,attended school,0.9979225397109985,1,/content/drive/MyDrive/MACROBATT/INPUT_PDF_FILES/28103924.pdf
