,Entity Group,Value,Score,Page,Pdf File
0,Age,39-year-old,0.9946473240852356,1,/content/drive/MyDrive/MACROBATT/INPUT_PDF_FILES/28100279.pdf
1,Personal_background,Korean,0.9980175495147705,1,/content/drive/MyDrive/MACROBATT/INPUT_PDF_FILES/28100279.pdf
2,Sex,male,0.9991273283958435,1,/content/drive/MyDrive/MACROBATT/INPUT_PDF_FILES/28100279.pdf
3,Clinical_event,come,0.9996527433395386,1,/content/drive/MyDrive/MACROBATT/INPUT_PDF_FILES/28100279.pdf
4,Nonbiological_location,hospital,0.9990530610084534,1,/content/drive/MyDrive/MACROBATT/INPUT_PDF_FILES/28100279.pdf
5,Sign_symptom,cough,0.8602398037910461,1,/content/drive/MyDrive/MACROBATT/INPUT_PDF_FILES/28100279.pdf
6,Sign_symptom,myalgia,0.9720925092697144,1,/content/drive/MyDrive/MACROBATT/INPUT_PDF_FILES/28100279.pdf
7,Sign_symptom,fever,0.9999572038650513,1,/content/drive/MyDrive/MACROBATT/INPUT_PDF_FILES/28100279.pdf
8,Duration,for 5,0.759843647480011,1,/content/drive/MyDrive/MACROBATT/INPUT_PDF_FILES/28100279.pdf
9,Occupation,company worker,0.9927229285240173,1,/content/drive/MyDrive/MACROBATT/INPUT_PDF_FILES/28100279.pdf
10,History,denied company any previous medical,0.9982397556304932,1,/content/drive/MyDrive/MACROBATT/INPUT_PDF_FILES/28100279.pdf
11,History,current smoker,0.9997704029083252,1,/content/drive/MyDrive/MACROBATT/INPUT_PDF_FILES/28100279.pdf
12,History,drank alcohol about once was a and drank alcohol about a month,0.9996084570884705,1,/content/drive/MyDrive/MACROBATT/INPUT_PDF_FILES/28100279.pdf
13,Diagnostic_procedure,vital signs,0.9999476075172424,1,/content/drive/MyDrive/MACROBATT/INPUT_PDF_FILES/28100279.pdf
14,Diagnostic_procedure,blood,0.9997584223747253,1,/content/drive/MyDrive/MACROBATT/INPUT_PDF_FILES/28100279.pdf
15,Lab_value,100/60 100/min,0.8624230623245239,1,/content/drive/MyDrive/MACROBATT/INPUT_PDF_FILES/28100279.pdf
16,Lab_value,100/60,0.8421080708503723,1,/content/drive/MyDrive/MACROBATT/INPUT_PDF_FILES/28100279.pdf
17,Diagnostic_procedure,heart,0.99845290184021,1,/content/drive/MyDrive/MACROBATT/INPUT_PDF_FILES/28100279.pdf
18,Diagnostic_procedure,respiratory,0.9963478446006775,1,/content/drive/MyDrive/MACROBATT/INPUT_PDF_FILES/28100279.pdf
19,Sign_symptom,decreased,0.5181723237037659,1,/content/drive/MyDrive/MACROBATT/INPUT_PDF_FILES/28100279.pdf
20,Diagnostic_procedure,breathing sound,0.8818671107292175,1,/content/drive/MyDrive/MACROBATT/INPUT_PDF_FILES/28100279.pdf
21,Biological_structure,right lower,0.995293915271759,1,/content/drive/MyDrive/MACROBATT/INPUT_PDF_FILES/28100279.pdf
22,Diagnostic_procedure,Laboratory tests,0.9999556541442871,1,/content/drive/MyDrive/MACROBATT/INPUT_PDF_FILES/28100279.pdf
23,Diagnostic_procedure,c-reactive protein (,0.9995295405387878,1,/content/drive/MyDrive/MACROBATT/INPUT_PDF_FILES/28100279.pdf
24,Diagnostic_procedure,CRP,0.9996932148933411,1,/content/drive/MyDrive/MACROBATT/INPUT_PDF_FILES/28100279.pdf
25,Lab_value,119,0.999934196472168,1,/content/drive/MyDrive/MACROBATT/INPUT_PDF_FILES/28100279.pdf
26,Diagnostic_procedure,total bilirubin,0.9995927810668945,1,/content/drive/MyDrive/MACROBATT/INPUT_PDF_FILES/28100279.pdf
27,Diagnostic_procedure,alanine transaminase transaminase,0.9993939399719238,1,/content/drive/MyDrive/MACROBATT/INPUT_PDF_FILES/28100279.pdf
28,Diagnostic_procedure,aspartate transaminase transaminase,0.9982383847236633,1,/content/drive/MyDrive/MACROBATT/INPUT_PDF_FILES/28100279.pdf
29,Lab_value,250,0.9998995065689087,1,/content/drive/MyDrive/MACROBATT/INPUT_PDF_FILES/28100279.pdf
30,Lab_value,172,0.9999529123306274,1,/content/drive/MyDrive/MACROBATT/INPUT_PDF_FILES/28100279.pdf
31,Diagnostic_procedure,platelet count count,0.9999478459358215,1,/content/drive/MyDrive/MACROBATT/INPUT_PDF_FILES/28100279.pdf
32,Lab_value,"98,000/mm3",0.9116784334182739,1,/content/drive/MyDrive/MACROBATT/INPUT_PDF_FILES/28100279.pdf
33,Diagnostic_procedure,white cell count count,0.9999491572380066,1,/content/drive/MyDrive/MACROBATT/INPUT_PDF_FILES/28100279.pdf
34,Lab_value,8150/mm3,0.9998966455459595,1,/content/drive/MyDrive/MACROBATT/INPUT_PDF_FILES/28100279.pdf
35,Diagnostic_procedure,arterial blood gas analysis,0.9999555945396423,1,/content/drive/MyDrive/MACROBATT/INPUT_PDF_FILES/28100279.pdf
36,Detailed_description,room,0.974437415599823,1,/content/drive/MyDrive/MACROBATT/INPUT_PDF_FILES/28100279.pdf
37,Diagnostic_procedure,PaCO2,0.9638277292251587,1,/content/drive/MyDrive/MACROBATT/INPUT_PDF_FILES/28100279.pdf
38,Diagnostic_procedure,PaO2,0.9891952276229858,1,/content/drive/MyDrive/MACROBATT/INPUT_PDF_FILES/28100279.pdf
39,Diagnostic_procedure,bicarbonate,0.8832115530967712,1,/content/drive/MyDrive/MACROBATT/INPUT_PDF_FILES/28100279.pdf
40,Diagnostic_procedure,oxygen saturation,0.9998599886894226,1,/content/drive/MyDrive/MACROBATT/INPUT_PDF_FILES/28100279.pdf
41,Lab_value,7.50,0.999605655670166,1,/content/drive/MyDrive/MACROBATT/INPUT_PDF_FILES/28100279.pdf
42,Lab_value,34 mmHg mmHg mmol/L,0.9684234857559204,1,/content/drive/MyDrive/MACROBATT/INPUT_PDF_FILES/28100279.pdf
43,Lab_value,26.5,0.9418785572052002,1,/content/drive/MyDrive/MACROBATT/INPUT_PDF_FILES/28100279.pdf
44,Diagnostic_procedure,test for the human immunodeficiency virus,0.999836266040802,1,/content/drive/MyDrive/MACROBATT/INPUT_PDF_FILES/28100279.pdf
45,Detailed_description,Mycoplasma,0.9999467134475708,1,/content/drive/MyDrive/MACROBATT/INPUT_PDF_FILES/28100279.pdf
46,Detailed_description,Chlamydia,0.9999359846115112,1,/content/drive/MyDrive/MACROBATT/INPUT_PDF_FILES/28100279.pdf
47,Diagnostic_procedure,antibodies,0.9998779296875,1,/content/drive/MyDrive/MACROBATT/INPUT_PDF_FILES/28100279.pdf
48,Detailed_description,Streptococcal,0.9778001308441162,1,/content/drive/MyDrive/MACROBATT/INPUT_PDF_FILES/28100279.pdf
49,Detailed_description,Legionella,0.9996354579925537,1,/content/drive/MyDrive/MACROBATT/INPUT_PDF_FILES/28100279.pdf
50,Diagnostic_procedure,urinary antigens,0.9999002814292908,1,/content/drive/MyDrive/MACROBATT/INPUT_PDF_FILES/28100279.pdf
51,Detailed_description,Anti-nuclear,0.9988521337509155,1,/content/drive/MyDrive/MACROBATT/INPUT_PDF_FILES/28100279.pdf
52,Detailed_description,anti-neutrophilic antibodies,0.9616422057151794,1,/content/drive/MyDrive/MACROBATT/INPUT_PDF_FILES/28100279.pdf
53,Diagnostic_procedure,anti-neutrophilic,0.7446931600570679,1,/content/drive/MyDrive/MACROBATT/INPUT_PDF_FILES/28100279.pdf
54,Biological_structure,chest,0.9999457597732544,1,/content/drive/MyDrive/MACROBATT/INPUT_PDF_FILES/28100279.pdf
55,Diagnostic_procedure,X-ray,0.9998952746391296,1,/content/drive/MyDrive/MACROBATT/INPUT_PDF_FILES/28100279.pdf
56,Sign_symptom,consolidation,0.9999392032623291,1,/content/drive/MyDrive/MACROBATT/INPUT_PDF_FILES/28100279.pdf
57,Biological_structure,right mid to lower lung,0.9999248385429382,1,/content/drive/MyDrive/MACROBATT/INPUT_PDF_FILES/28100279.pdf
58,Biological_structure,Chest,0.999962568283081,1,/content/drive/MyDrive/MACROBATT/INPUT_PDF_FILES/28100279.pdf
59,Diagnostic_procedure,computed tomography,0.9999504089355469,1,/content/drive/MyDrive/MACROBATT/INPUT_PDF_FILES/28100279.pdf
60,Texture,surrounding ground glass opacity,0.9800228476524353,1,/content/drive/MyDrive/MACROBATT/INPUT_PDF_FILES/28100279.pdf
61,Biological_structure,right right middle lobe,0.9999332427978516,1,/content/drive/MyDrive/MACROBATT/INPUT_PDF_FILES/28100279.pdf
62,Severity,small amount,0.9951035976409912,1,/content/drive/MyDrive/MACROBATT/INPUT_PDF_FILES/28100279.pdf
63,Disease_disorder,pleural,0.9998464584350586,1,/content/drive/MyDrive/MACROBATT/INPUT_PDF_FILES/28100279.pdf
64,Disease_disorder,pleural effusion,0.9606202840805054,1,/content/drive/MyDrive/MACROBATT/INPUT_PDF_FILES/28100279.pdf
65,Biological_structure,right right hemithorax,0.9999011158943176,1,/content/drive/MyDrive/MACROBATT/INPUT_PDF_FILES/28100279.pdf
66,Biological_structure,Abdominal,0.9943324327468872,1,/content/drive/MyDrive/MACROBATT/INPUT_PDF_FILES/28100279.pdf
67,Diagnostic_procedure,sonography,0.9363311529159546,1,/content/drive/MyDrive/MACROBATT/INPUT_PDF_FILES/28100279.pdf
68,Lab_value,sonography no abnormal abnormal finding,0.9998744130134583,1,/content/drive/MyDrive/MACROBATT/INPUT_PDF_FILES/28100279.pdf
69,Biological_structure,the hepatobiliary,0.9996084570884705,1,/content/drive/MyDrive/MACROBATT/INPUT_PDF_FILES/28100279.pdf
70,Biological_structure,hepatobiliary,0.9958679676055908,1,/content/drive/MyDrive/MACROBATT/INPUT_PDF_FILES/28100279.pdf
71,Dosage,4 L/min,0.9996399879455566,1,/content/drive/MyDrive/MACROBATT/INPUT_PDF_FILES/28100279.pdf
72,Medication,oxygen,0.999782383441925,1,/content/drive/MyDrive/MACROBATT/INPUT_PDF_FILES/28100279.pdf
73,Administration,nasally,0.9994115829467773,1,/content/drive/MyDrive/MACROBATT/INPUT_PDF_FILES/28100279.pdf
74,Medication,antibiotics,0.9998507499694824,1,/content/drive/MyDrive/MACROBATT/INPUT_PDF_FILES/28100279.pdf
75,Medication,cephalosporin,0.9998924732208252,1,/content/drive/MyDrive/MACROBATT/INPUT_PDF_FILES/28100279.pdf
76,Medication,macrolide,0.9992426633834839,1,/content/drive/MyDrive/MACROBATT/INPUT_PDF_FILES/28100279.pdf
77,Detailed_description,community-acquired,0.9999489784240723,1,/content/drive/MyDrive/MACROBATT/INPUT_PDF_FILES/28100279.pdf
78,Date,second day,0.9997695088386536,1,/content/drive/MyDrive/MACROBATT/INPUT_PDF_FILES/28100279.pdf
79,Sign_symptom,second day sustained and complained dyspnea,0.9999613761901855,1,/content/drive/MyDrive/MACROBATT/INPUT_PDF_FILES/28100279.pdf
80,Sign_symptom,dyspnea,0.9999551773071289,1,/content/drive/MyDrive/MACROBATT/INPUT_PDF_FILES/28100279.pdf
81,Sign_symptom,hypoxemia such that he the had,0.9999624490737915,1,/content/drive/MyDrive/MACROBATT/INPUT_PDF_FILES/28100279.pdf
82,Sign_symptom,hypoxemia,0.999945878982544,1,/content/drive/MyDrive/MACROBATT/INPUT_PDF_FILES/28100279.pdf
83,Dosage,7 L/min,0.9993433952331543,1,/content/drive/MyDrive/MACROBATT/INPUT_PDF_FILES/28100279.pdf
84,Administration,simple mask,0.9876192808151245,1,/content/drive/MyDrive/MACROBATT/INPUT_PDF_FILES/28100279.pdf
85,Disease_disorder,simple pleural,0.9999014139175415,1,/content/drive/MyDrive/MACROBATT/INPUT_PDF_FILES/28100279.pdf
86,Diagnostic_procedure,bronchoscopy,0.9999322891235352,1,/content/drive/MyDrive/MACROBATT/INPUT_PDF_FILES/28100279.pdf
87,Therapeutic_procedure,thoracentesis,0.9842838048934937,1,/content/drive/MyDrive/MACROBATT/INPUT_PDF_FILES/28100279.pdf
88,Detailed_description,Multiplex,0.9961750507354736,1,/content/drive/MyDrive/MACROBATT/INPUT_PDF_FILES/28100279.pdf
89,Diagnostic_procedure,real-time reverse transcriptase polymerase chain reaction,0.9965087175369263,1,/content/drive/MyDrive/MACROBATT/INPUT_PDF_FILES/28100279.pdf
90,Diagnostic_procedure,RT-,0.998672604560852,1,/content/drive/MyDrive/MACROBATT/INPUT_PDF_FILES/28100279.pdf
91,Diagnostic_procedure,PCR,0.7348403930664062,1,/content/drive/MyDrive/MACROBATT/INPUT_PDF_FILES/28100279.pdf
92,Detailed_description,for for respiratory viruses,0.9988152384757996,1,/content/drive/MyDrive/MACROBATT/INPUT_PDF_FILES/28100279.pdf
93,Detailed_description,using bronchoalveolar lavage fluid,0.999934196472168,1,/content/drive/MyDrive/MACROBATT/INPUT_PDF_FILES/28100279.pdf
94,Lab_value,positive for for human adenovirus,0.9998219013214111,1,/content/drive/MyDrive/MACROBATT/INPUT_PDF_FILES/28100279.pdf
95,Diagnostic_procedure,microbiological studies,0.9833224415779114,1,/content/drive/MyDrive/MACROBATT/INPUT_PDF_FILES/28100279.pdf
96,Diagnostic_procedure,Pleural fluid,0.9957913160324097,1,/content/drive/MyDrive/MACROBATT/INPUT_PDF_FILES/28100279.pdf
97,Lab_value,Pleural fluid lymphocyte-dominant also,0.9999217987060547,1,/content/drive/MyDrive/MACROBATT/INPUT_PDF_FILES/28100279.pdf
98,Lab_value,lymphocyte-dominant exudate,0.9992420673370361,1,/content/drive/MyDrive/MACROBATT/INPUT_PDF_FILES/28100279.pdf
99,Lab_value,positive for human adenovirus,0.8451917171478271,1,/content/drive/MyDrive/MACROBATT/INPUT_PDF_FILES/28100279.pdf
100,Medication,antiviral antibiotics,0.9992419481277466,1,/content/drive/MyDrive/MACROBATT/INPUT_PDF_FILES/28100279.pdf
101,Medication,antiviral therapy,0.986071765422821,1,/content/drive/MyDrive/MACROBATT/INPUT_PDF_FILES/28100279.pdf
102,Administration,oral,0.9995425939559937,1,/content/drive/MyDrive/MACROBATT/INPUT_PDF_FILES/28100279.pdf
103,Medication,ribavirin,0.999428927898407,1,/content/drive/MyDrive/MACROBATT/INPUT_PDF_FILES/28100279.pdf
104,Dosage,400 mg q 12 the therapy with h while,0.9997683763504028,1,/content/drive/MyDrive/MACROBATT/INPUT_PDF_FILES/28100279.pdf
105,Date,day,0.9964313507080078,1,/content/drive/MyDrive/MACROBATT/INPUT_PDF_FILES/28100279.pdf
106,Sign_symptom,symptoms,0.9999512434005737,1,/content/drive/MyDrive/MACROBATT/INPUT_PDF_FILES/28100279.pdf
107,Diagnostic_procedure,transaminase,0.9999737739562988,1,/content/drive/MyDrive/MACROBATT/INPUT_PDF_FILES/28100279.pdf
108,Diagnostic_procedure,platelet counts,0.9999386668205261,1,/content/drive/MyDrive/MACROBATT/INPUT_PDF_FILES/28100279.pdf
109,Lab_value,normalized,0.9999200105667114,1,/content/drive/MyDrive/MACROBATT/INPUT_PDF_FILES/28100279.pdf
110,Clinical_event,follow-up,0.9997889399528503,1,/content/drive/MyDrive/MACROBATT/INPUT_PDF_FILES/28100279.pdf
111,Lab_value,clear,0.9997275471687317,1,/content/drive/MyDrive/MACROBATT/INPUT_PDF_FILES/28100279.pdf
112,Clinical_event,discharged,0.9996364116668701,1,/content/drive/MyDrive/MACROBATT/INPUT_PDF_FILES/28100279.pdf
113,Date,day 13,0.9998474717140198,1,/content/drive/MyDrive/MACROBATT/INPUT_PDF_FILES/28100279.pdf
