,Entity Group,Value,Score,Page,Pdf File
0,Age,64-year-old,0.9966861605644226,1,/content/drive/MyDrive/MACROBATT/INPUT_PDF_FILES/28115731.pdf
1,Sex,female,0.9997616410255432,1,/content/drive/MyDrive/MACROBATT/INPUT_PDF_FILES/28115731.pdf
2,Activity,lying down,0.9991500973701477,1,/content/drive/MyDrive/MACROBATT/INPUT_PDF_FILES/28115731.pdf
3,Duration,10–12 hours,0.9994504451751709,1,/content/drive/MyDrive/MACROBATT/INPUT_PDF_FILES/28115731.pdf
4,Activity,binge,0.6322118043899536,1,/content/drive/MyDrive/MACROBATT/INPUT_PDF_FILES/28115731.pdf
5,Clinical_event,taken,0.9998631477355957,1,/content/drive/MyDrive/MACROBATT/INPUT_PDF_FILES/28115731.pdf
6,Nonbiological_location,emergency department,0.9998045563697815,1,/content/drive/MyDrive/MACROBATT/INPUT_PDF_FILES/28115731.pdf
7,Clinical_event,transferred,0.9998705387115479,1,/content/drive/MyDrive/MACROBATT/INPUT_PDF_FILES/28115731.pdf
8,Nonbiological_location,hospital,0.9987824559211731,1,/content/drive/MyDrive/MACROBATT/INPUT_PDF_FILES/28115731.pdf
9,Sign_symptom,mental status changes,0.999875009059906,1,/content/drive/MyDrive/MACROBATT/INPUT_PDF_FILES/28115731.pdf
10,Sign_symptom,respiratory distress,0.9999389052391052,1,/content/drive/MyDrive/MACROBATT/INPUT_PDF_FILES/28115731.pdf
11,Sign_symptom,She hospital with changes hypoxia further,0.9999605417251587,1,/content/drive/MyDrive/MACROBATT/INPUT_PDF_FILES/28115731.pdf
12,Sign_symptom,hypoxia,0.999601423740387,1,/content/drive/MyDrive/MACROBATT/INPUT_PDF_FILES/28115731.pdf
13,History,rheumatoid arthritis,0.9731830954551697,1,/content/drive/MyDrive/MACROBATT/INPUT_PDF_FILES/28115731.pdf
14,History,congestive heart failure,0.9989712834358215,1,/content/drive/MyDrive/MACROBATT/INPUT_PDF_FILES/28115731.pdf
15,History,controlled hypertension,0.9853242039680481,1,/content/drive/MyDrive/MACROBATT/INPUT_PDF_FILES/28115731.pdf
16,History,smoked two packs packs a day past years day for the past 50 years,0.9995044469833374,1,/content/drive/MyDrive/MACROBATT/INPUT_PDF_FILES/28115731.pdf
17,Diagnostic_procedure,blood pressure,0.9999597668647766,1,/content/drive/MyDrive/MACROBATT/INPUT_PDF_FILES/28115731.pdf
18,Lab_value,176/80 mm/Hg,0.999861478805542,1,/content/drive/MyDrive/MACROBATT/INPUT_PDF_FILES/28115731.pdf
19,Diagnostic_procedure,heart rate,0.999957263469696,1,/content/drive/MyDrive/MACROBATT/INPUT_PDF_FILES/28115731.pdf
20,Lab_value,176/80 80 bpm bpm,0.9999337196350098,1,/content/drive/MyDrive/MACROBATT/INPUT_PDF_FILES/28115731.pdf
21,Diagnostic_procedure,respirations,0.999897837638855,1,/content/drive/MyDrive/MACROBATT/INPUT_PDF_FILES/28115731.pdf
22,Lab_value,24 bpm bpm,0.9999299645423889,1,/content/drive/MyDrive/MACROBATT/INPUT_PDF_FILES/28115731.pdf
23,Diagnostic_procedure,temperature,0.9999502897262573,1,/content/drive/MyDrive/MACROBATT/INPUT_PDF_FILES/28115731.pdf
24,Lab_value,98°F,0.9998349547386169,1,/content/drive/MyDrive/MACROBATT/INPUT_PDF_FILES/28115731.pdf
25,Lab_value,36.7°C,0.9612621665000916,1,/content/drive/MyDrive/MACROBATT/INPUT_PDF_FILES/28115731.pdf
26,Diagnostic_procedure,Arterial blood gases,0.9999573826789856,1,/content/drive/MyDrive/MACROBATT/INPUT_PDF_FILES/28115731.pdf
27,Detailed_description,room air,0.9998300075531006,1,/content/drive/MyDrive/MACROBATT/INPUT_PDF_FILES/28115731.pdf
28,Lab_value,7.30,0.5037428140640259,1,/content/drive/MyDrive/MACROBATT/INPUT_PDF_FILES/28115731.pdf
29,Diagnostic_procedure,PaCO2,0.9998278021812439,1,/content/drive/MyDrive/MACROBATT/INPUT_PDF_FILES/28115731.pdf
30,Diagnostic_procedure,PaO2,0.9995265007019043,1,/content/drive/MyDrive/MACROBATT/INPUT_PDF_FILES/28115731.pdf
31,Lab_value,61 mm/Hg,0.8611853718757629,1,/content/drive/MyDrive/MACROBATT/INPUT_PDF_FILES/28115731.pdf
32,Diagnostic_procedure,H−CO3,0.999503493309021,1,/content/drive/MyDrive/MACROBATT/INPUT_PDF_FILES/28115731.pdf
33,Diagnostic_procedure,saturation,0.9999568462371826,1,/content/drive/MyDrive/MACROBATT/INPUT_PDF_FILES/28115731.pdf
34,Lab_value,92 % %,0.9999246597290039,1,/content/drive/MyDrive/MACROBATT/INPUT_PDF_FILES/28115731.pdf
35,Lab_value,95 % %,0.9998013973236084,1,/content/drive/MyDrive/MACROBATT/INPUT_PDF_FILES/28115731.pdf
36,Therapeutic_procedure,oxygen,0.9424751996994019,1,/content/drive/MyDrive/MACROBATT/INPUT_PDF_FILES/28115731.pdf
37,Detailed_description,high flow,0.9996306896209717,1,/content/drive/MyDrive/MACROBATT/INPUT_PDF_FILES/28115731.pdf
38,Therapeutic_procedure,non-rebreather,0.9267005324363708,1,/content/drive/MyDrive/MACROBATT/INPUT_PDF_FILES/28115731.pdf
39,Diagnostic_procedure,physical examination,0.9982538223266602,1,/content/drive/MyDrive/MACROBATT/INPUT_PDF_FILES/28115731.pdf
40,Sign_symptom,lethargic,0.9961028099060059,1,/content/drive/MyDrive/MACROBATT/INPUT_PDF_FILES/28115731.pdf
41,Sign_symptom,disoriented,0.9996472597122192,1,/content/drive/MyDrive/MACROBATT/INPUT_PDF_FILES/28115731.pdf
42,Sign_symptom,disoriented dysarthritic,0.999583899974823,1,/content/drive/MyDrive/MACROBATT/INPUT_PDF_FILES/28115731.pdf
43,Sign_symptom,neurological,0.7550115585327148,1,/content/drive/MyDrive/MACROBATT/INPUT_PDF_FILES/28115731.pdf
44,Detailed_description,Scattered,0.9992851614952087,1,/content/drive/MyDrive/MACROBATT/INPUT_PDF_FILES/28115731.pdf
45,Sign_symptom,expiratory,0.9999120235443115,1,/content/drive/MyDrive/MACROBATT/INPUT_PDF_FILES/28115731.pdf
46,Sign_symptom,expiratory wheezes,0.9992564916610718,1,/content/drive/MyDrive/MACROBATT/INPUT_PDF_FILES/28115731.pdf
47,Biological_structure,bilaterally,0.9946846961975098,1,/content/drive/MyDrive/MACROBATT/INPUT_PDF_FILES/28115731.pdf
48,Lab_value,normal,0.9998983144760132,1,/content/drive/MyDrive/MACROBATT/INPUT_PDF_FILES/28115731.pdf
49,Diagnostic_procedure,laboratory results results,0.9999366402626038,1,/content/drive/MyDrive/MACROBATT/INPUT_PDF_FILES/28115731.pdf
50,Lab_value,unremarkable,0.9889684915542603,1,/content/drive/MyDrive/MACROBATT/INPUT_PDF_FILES/28115731.pdf
51,Diagnostic_procedure,leukocyte count,0.9999260902404785,1,/content/drive/MyDrive/MACROBATT/INPUT_PDF_FILES/28115731.pdf
52,Lab_value,"14,000/dL",0.9999087452888489,1,/content/drive/MyDrive/MACROBATT/INPUT_PDF_FILES/28115731.pdf
53,Lab_value,88 %,0.9992861747741699,1,/content/drive/MyDrive/MACROBATT/INPUT_PDF_FILES/28115731.pdf
54,Diagnostic_procedure,vitals signs,0.9999485015869141,1,/content/drive/MyDrive/MACROBATT/INPUT_PDF_FILES/28115731.pdf
55,Sign_symptom,vitals tachycardia,0.9999603033065796,1,/content/drive/MyDrive/MACROBATT/INPUT_PDF_FILES/28115731.pdf
56,Sign_symptom,tachycardia,0.9999005198478699,1,/content/drive/MyDrive/MACROBATT/INPUT_PDF_FILES/28115731.pdf
57,Diagnostic_procedure,ABG ’,0.9856821894645691,1,/content/drive/MyDrive/MACROBATT/INPUT_PDF_FILES/28115731.pdf
58,Therapeutic_procedure,non-rebreather mask,0.9995126128196716,1,/content/drive/MyDrive/MACROBATT/INPUT_PDF_FILES/28115731.pdf
59,Lab_value,140 mm,0.9994471073150635,1,/content/drive/MyDrive/MACROBATT/INPUT_PDF_FILES/28115731.pdf
60,Diagnostic_procedure,hemoglobin,0.9999603033065796,1,/content/drive/MyDrive/MACROBATT/INPUT_PDF_FILES/28115731.pdf
61,Diagnostic_procedure,hemoglobin SaO2,0.9645746350288391,1,/content/drive/MyDrive/MACROBATT/INPUT_PDF_FILES/28115731.pdf
62,Medication,steroids,0.9998934268951416,1,/content/drive/MyDrive/MACROBATT/INPUT_PDF_FILES/28115731.pdf
63,Medication,antibiotics,0.9998427629470825,1,/content/drive/MyDrive/MACROBATT/INPUT_PDF_FILES/28115731.pdf
64,Disease_disorder,COPD,0.9991635680198669,1,/content/drive/MyDrive/MACROBATT/INPUT_PDF_FILES/28115731.pdf
65,Biological_structure,chest,0.9999362230300903,1,/content/drive/MyDrive/MACROBATT/INPUT_PDF_FILES/28115731.pdf
66,Diagnostic_procedure,x ray,0.9984148740768433,1,/content/drive/MyDrive/MACROBATT/INPUT_PDF_FILES/28115731.pdf
67,Sign_symptom,infiltrates,0.9999529123306274,1,/content/drive/MyDrive/MACROBATT/INPUT_PDF_FILES/28115731.pdf
68,Sign_symptom,abnormal,0.7730104923248291,1,/content/drive/MyDrive/MACROBATT/INPUT_PDF_FILES/28115731.pdf
69,Diagnostic_procedure,ECG,0.9999303817749023,1,/content/drive/MyDrive/MACROBATT/INPUT_PDF_FILES/28115731.pdf
70,Severity,significant,0.999457061290741,1,/content/drive/MyDrive/MACROBATT/INPUT_PDF_FILES/28115731.pdf
71,Biological_structure,sinus,0.9989344477653503,1,/content/drive/MyDrive/MACROBATT/INPUT_PDF_FILES/28115731.pdf
72,Biological_structure,chest chest,0.9999570846557617,1,/content/drive/MyDrive/MACROBATT/INPUT_PDF_FILES/28115731.pdf
73,Detailed_description,spiral,0.9999477863311768,1,/content/drive/MyDrive/MACROBATT/INPUT_PDF_FILES/28115731.pdf
74,Detailed_description,with contrast,0.9994837045669556,1,/content/drive/MyDrive/MACROBATT/INPUT_PDF_FILES/28115731.pdf
75,Biological_structure,pulmonary,0.999955415725708,1,/content/drive/MyDrive/MACROBATT/INPUT_PDF_FILES/28115731.pdf
76,Volume,100–150 mL,0.997848629951477,1,/content/drive/MyDrive/MACROBATT/INPUT_PDF_FILES/28115731.pdf
77,Sign_symptom,air,0.9995076656341553,1,/content/drive/MyDrive/MACROBATT/INPUT_PDF_FILES/28115731.pdf
78,Therapeutic_procedure,injected,0.9969931840896606,1,/content/drive/MyDrive/MACROBATT/INPUT_PDF_FILES/28115731.pdf
79,Biological_structure,right antecubital vein,0.999896764755249,1,/content/drive/MyDrive/MACROBATT/INPUT_PDF_FILES/28115731.pdf
80,Detailed_description,power contrast injector,0.9996718168258667,1,/content/drive/MyDrive/MACROBATT/INPUT_PDF_FILES/28115731.pdf
81,Detailed_description,Concurrent,0.9999676942825317,1,/content/drive/MyDrive/MACROBATT/INPUT_PDF_FILES/28115731.pdf
82,Diagnostic_procedure,imaging,0.999919056892395,1,/content/drive/MyDrive/MACROBATT/INPUT_PDF_FILES/28115731.pdf
83,Severity,significant amount,0.9413400888442993,1,/content/drive/MyDrive/MACROBATT/INPUT_PDF_FILES/28115731.pdf
84,Sign_symptom,air air,0.9998643398284912,1,/content/drive/MyDrive/MACROBATT/INPUT_PDF_FILES/28115731.pdf
85,Biological_structure,right right atrium,0.9999472498893738,1,/content/drive/MyDrive/MACROBATT/INPUT_PDF_FILES/28115731.pdf
86,Biological_structure,right right ventricular cavity,0.9999408721923828,1,/content/drive/MyDrive/MACROBATT/INPUT_PDF_FILES/28115731.pdf
87,Biological_structure,pulmonary pulmonary,0.9999392032623291,1,/content/drive/MyDrive/MACROBATT/INPUT_PDF_FILES/28115731.pdf
88,Sign_symptom,filling defect,0.9998955726623535,1,/content/drive/MyDrive/MACROBATT/INPUT_PDF_FILES/28115731.pdf
89,Biological_structure,right lower lobe artery,0.9999251961708069,1,/content/drive/MyDrive/MACROBATT/INPUT_PDF_FILES/28115731.pdf
90,Disease_disorder,thromboembolism,0.9967243671417236,1,/content/drive/MyDrive/MACROBATT/INPUT_PDF_FILES/28115731.pdf
91,Diagnostic_procedure,hemodynamic stability,0.9996552467346191,1,/content/drive/MyDrive/MACROBATT/INPUT_PDF_FILES/28115731.pdf
92,Therapeutic_procedure,left lateral decubitus positioning,0.9996494054794312,1,/content/drive/MyDrive/MACROBATT/INPUT_PDF_FILES/28115731.pdf
93,Therapeutic_procedure,Durant ’,0.9974634647369385,1,/content/drive/MyDrive/MACROBATT/INPUT_PDF_FILES/28115731.pdf
94,Therapeutic_procedure,maneuver,0.9707807898521423,1,/content/drive/MyDrive/MACROBATT/INPUT_PDF_FILES/28115731.pdf
95,Therapeutic_procedure,supportive care care,0.9998650550842285,1,/content/drive/MyDrive/MACROBATT/INPUT_PDF_FILES/28115731.pdf
96,Nonbiological_location,intensive care care unit ( ( ICU,0.9385926723480225,1,/content/drive/MyDrive/MACROBATT/INPUT_PDF_FILES/28115731.pdf
97,Therapeutic_procedure,non- invasive positive pressure ventilation ventilation,0.9994943737983704,1,/content/drive/MyDrive/MACROBATT/INPUT_PDF_FILES/28115731.pdf
98,Therapeutic_procedure,NIPPV,0.9994829893112183,1,/content/drive/MyDrive/MACROBATT/INPUT_PDF_FILES/28115731.pdf
99,Sign_symptom,improvement,0.9986777901649475,1,/content/drive/MyDrive/MACROBATT/INPUT_PDF_FILES/28115731.pdf
100,Time,respiratory and was placed temporarily invasive ventilation and a later was intubated and placed mechanical ventilation few hours later,0.9991199970245361,1,/content/drive/MyDrive/MACROBATT/INPUT_PDF_FILES/28115731.pdf
101,Therapeutic_procedure,intubated,0.9976740479469299,1,/content/drive/MyDrive/MACROBATT/INPUT_PDF_FILES/28115731.pdf
102,Detailed_description,mechanical,0.8857632875442505,1,/content/drive/MyDrive/MACROBATT/INPUT_PDF_FILES/28115731.pdf
103,Administration,Intravenous,0.9996227025985718,1,/content/drive/MyDrive/MACROBATT/INPUT_PDF_FILES/28115731.pdf
104,Detailed_description,full dose,0.9974356293678284,1,/content/drive/MyDrive/MACROBATT/INPUT_PDF_FILES/28115731.pdf
105,Medication,heparin,0.9891448616981506,1,/content/drive/MyDrive/MACROBATT/INPUT_PDF_FILES/28115731.pdf
106,Administration,heparin infusion initial initiated,0.9991344809532166,1,/content/drive/MyDrive/MACROBATT/INPUT_PDF_FILES/28115731.pdf
107,Administration,infusion,0.9975920915603638,1,/content/drive/MyDrive/MACROBATT/INPUT_PDF_FILES/28115731.pdf
108,Diagnostic_procedure,Echocardiography,0.992759108543396,1,/content/drive/MyDrive/MACROBATT/INPUT_PDF_FILES/28115731.pdf
109,Diagnostic_procedure,echocardiography,0.997023344039917,1,/content/drive/MyDrive/MACROBATT/INPUT_PDF_FILES/28115731.pdf
110,Time,24 hours later,0.9992573261260986,1,/content/drive/MyDrive/MACROBATT/INPUT_PDF_FILES/28115731.pdf
111,Biological_structure,intracardiac,0.9727377891540527,1,/content/drive/MyDrive/MACROBATT/INPUT_PDF_FILES/28115731.pdf
112,Diagnostic_procedure,hemodynamically,0.9018059968948364,1,/content/drive/MyDrive/MACROBATT/INPUT_PDF_FILES/28115731.pdf
113,Lab_value,stable,0.9998784065246582,1,/content/drive/MyDrive/MACROBATT/INPUT_PDF_FILES/28115731.pdf
114,Medication,vasoactive,0.9979469180107117,1,/content/drive/MyDrive/MACROBATT/INPUT_PDF_FILES/28115731.pdf
115,Therapeutic_procedure,extubated,0.9976179599761963,1,/content/drive/MyDrive/MACROBATT/INPUT_PDF_FILES/28115731.pdf
116,Clinical_event,discharged,0.9997219443321228,1,/content/drive/MyDrive/MACROBATT/INPUT_PDF_FILES/28115731.pdf
117,Nonbiological_location,home,0.9996912479400635,1,/content/drive/MyDrive/MACROBATT/INPUT_PDF_FILES/28115731.pdf
118,Medication,warfarin,0.9176420569419861,1,/content/drive/MyDrive/MACROBATT/INPUT_PDF_FILES/28115731.pdf
