,Entity Group,Value,Score,Page,Pdf File
0,Age,68-year-old,0.9968773722648621,1,/content/drive/MyDrive/MACROBATT/INPUT_PDF_FILES/28121940.pdf
1,Sex,female,0.9996117949485779,1,/content/drive/MyDrive/MACROBATT/INPUT_PDF_FILES/28121940.pdf
2,History,smoker,0.9994332790374756,1,/content/drive/MyDrive/MACROBATT/INPUT_PDF_FILES/28121940.pdf
3,History,pulmonary embolism,0.9996026754379272,1,/content/drive/MyDrive/MACROBATT/INPUT_PDF_FILES/28121940.pdf
4,History,diabetes mellitus,0.9996220469474792,1,/content/drive/MyDrive/MACROBATT/INPUT_PDF_FILES/28121940.pdf
5,Detailed_description,Stage IIIB,0.9994663596153259,1,/content/drive/MyDrive/MACROBATT/INPUT_PDF_FILES/28121940.pdf
6,Detailed_description,T4N2M0,0.854060709476471,1,/content/drive/MyDrive/MACROBATT/INPUT_PDF_FILES/28121940.pdf
7,Detailed_description,squamous,0.9834306240081787,1,/content/drive/MyDrive/MACROBATT/INPUT_PDF_FILES/28121940.pdf
8,Detailed_description,definitive,0.9999572038650513,1,/content/drive/MyDrive/MACROBATT/INPUT_PDF_FILES/28121940.pdf
9,Therapeutic_procedure,chemoradiotherapy,0.9997778534889221,1,/content/drive/MyDrive/MACROBATT/INPUT_PDF_FILES/28121940.pdf
10,Medication,cisplatin,0.9852654337882996,1,/content/drive/MyDrive/MACROBATT/INPUT_PDF_FILES/28121940.pdf
11,Medication,vinorelbine,0.9998863935470581,1,/content/drive/MyDrive/MACROBATT/INPUT_PDF_FILES/28121940.pdf
12,Diagnostic_procedure,positron response,0.9999269247055054,1,/content/drive/MyDrive/MACROBATT/INPUT_PDF_FILES/28121940.pdf
13,Diagnostic_procedure,positron emission tomography–computed tomography,0.9995786547660828,1,/content/drive/MyDrive/MACROBATT/INPUT_PDF_FILES/28121940.pdf
14,Diagnostic_procedure,tomography–computed tomography–computed tomography,0.9664597511291504,1,/content/drive/MyDrive/MACROBATT/INPUT_PDF_FILES/28121940.pdf
15,Diagnostic_procedure,PET-,0.9999738931655884,1,/content/drive/MyDrive/MACROBATT/INPUT_PDF_FILES/28121940.pdf
16,Diagnostic_procedure,PET- CT,0.7793603539466858,1,/content/drive/MyDrive/MACROBATT/INPUT_PDF_FILES/28121940.pdf
17,Lab_value,good response,0.9640917778015137,1,/content/drive/MyDrive/MACROBATT/INPUT_PDF_FILES/28121940.pdf
18,Detailed_description,primary,0.9992964267730713,1,/content/drive/MyDrive/MACROBATT/INPUT_PDF_FILES/28121940.pdf
19,Sign_symptom,metastases,0.983910083770752,1,/content/drive/MyDrive/MACROBATT/INPUT_PDF_FILES/28121940.pdf
20,Biological_structure,right right adrenal gland,0.999931812286377,1,/content/drive/MyDrive/MACROBATT/INPUT_PDF_FILES/28121940.pdf
21,Biological_structure,right right femur,0.9999319911003113,1,/content/drive/MyDrive/MACROBATT/INPUT_PDF_FILES/28121940.pdf
22,Therapeutic_procedure,irradiated,0.9998315572738647,1,/content/drive/MyDrive/MACROBATT/INPUT_PDF_FILES/28121940.pdf
23,Date,A month later,0.999894380569458,1,/content/drive/MyDrive/MACROBATT/INPUT_PDF_FILES/28121940.pdf
24,Detailed_description,multiple,0.9961150884628296,1,/content/drive/MyDrive/MACROBATT/INPUT_PDF_FILES/28121940.pdf
25,Biological_structure,bone,0.9999550580978394,1,/content/drive/MyDrive/MACROBATT/INPUT_PDF_FILES/28121940.pdf
26,Biological_structure,subcutaneous,0.9999289512634277,1,/content/drive/MyDrive/MACROBATT/INPUT_PDF_FILES/28121940.pdf
27,Severity,severe,0.9997879862785339,1,/content/drive/MyDrive/MACROBATT/INPUT_PDF_FILES/28121940.pdf
28,Sign_symptom,suffered dyspnea and dependent,0.9999347925186157,1,/content/drive/MyDrive/MACROBATT/INPUT_PDF_FILES/28121940.pdf
29,Sign_symptom,dyspnea,0.9998397827148438,1,/content/drive/MyDrive/MACROBATT/INPUT_PDF_FILES/28121940.pdf
30,Dosage,one cycle,0.9995495080947876,1,/content/drive/MyDrive/MACROBATT/INPUT_PDF_FILES/28121940.pdf
31,Medication,carboplatin,0.9998420476913452,1,/content/drive/MyDrive/MACROBATT/INPUT_PDF_FILES/28121940.pdf
32,Medication,gemcitabine,0.9999071359634399,1,/content/drive/MyDrive/MACROBATT/INPUT_PDF_FILES/28121940.pdf
33,Medication,pancytopenia nivolumab,0.999925971031189,1,/content/drive/MyDrive/MACROBATT/INPUT_PDF_FILES/28121940.pdf
34,Medication,nivolumab,0.7759194374084473,1,/content/drive/MyDrive/MACROBATT/INPUT_PDF_FILES/28121940.pdf
35,Dosage,3 mg/kg q14 days,0.9997592568397522,1,/content/drive/MyDrive/MACROBATT/INPUT_PDF_FILES/28121940.pdf
36,Date,January 2015,0.9410934448242188,1,/content/drive/MyDrive/MACROBATT/INPUT_PDF_FILES/28121940.pdf
37,Medication,nivolumab accompanied significant,0.9657410383224487,1,/content/drive/MyDrive/MACROBATT/INPUT_PDF_FILES/28121940.pdf
38,Biological_structure,subcutaneous substantially,0.9999427795410156,1,/content/drive/MyDrive/MACROBATT/INPUT_PDF_FILES/28121940.pdf
39,Sign_symptom,lesion,0.999962568283081,1,/content/drive/MyDrive/MACROBATT/INPUT_PDF_FILES/28121940.pdf
40,Sign_symptom,lesion reaction,0.999920129776001,1,/content/drive/MyDrive/MACROBATT/INPUT_PDF_FILES/28121940.pdf
41,Biological_structure,upper back,0.99991375207901,1,/content/drive/MyDrive/MACROBATT/INPUT_PDF_FILES/28121940.pdf
42,Detailed_description,grew,0.9990172386169434,1,/content/drive/MyDrive/MACROBATT/INPUT_PDF_FILES/28121940.pdf
43,Sign_symptom,pain,0.9999682903289795,1,/content/drive/MyDrive/MACROBATT/INPUT_PDF_FILES/28121940.pdf
44,Severity,significant,0.9968761205673218,1,/content/drive/MyDrive/MACROBATT/INPUT_PDF_FILES/28121940.pdf
45,Sign_symptom,inflammatory reaction,0.9999104738235474,1,/content/drive/MyDrive/MACROBATT/INPUT_PDF_FILES/28121940.pdf
46,Detailed_description,grew slightly,0.9994908571243286,1,/content/drive/MyDrive/MACROBATT/INPUT_PDF_FILES/28121940.pdf
47,Sign_symptom,symptomatic,0.9999568462371826,1,/content/drive/MyDrive/MACROBATT/INPUT_PDF_FILES/28121940.pdf
48,Sign_symptom,symptomatic improvement improvement,0.9974762201309204,1,/content/drive/MyDrive/MACROBATT/INPUT_PDF_FILES/28121940.pdf
49,Sign_symptom,improvement improvement including in pain general appearance,0.9998775720596313,1,/content/drive/MyDrive/MACROBATT/INPUT_PDF_FILES/28121940.pdf
50,Sign_symptom,second marked observed including and dyspnea and reduction,0.9998666048049927,1,/content/drive/MyDrive/MACROBATT/INPUT_PDF_FILES/28121940.pdf
51,Therapeutic_procedure,oxygen supplementation,0.9325363636016846,1,/content/drive/MyDrive/MACROBATT/INPUT_PDF_FILES/28121940.pdf
52,Sign_symptom,lesions lesions,0.9999333620071411,1,/content/drive/MyDrive/MACROBATT/INPUT_PDF_FILES/28121940.pdf
53,Lab_value,complete resolution,0.9999048709869385,1,/content/drive/MyDrive/MACROBATT/INPUT_PDF_FILES/28121940.pdf
54,Date,by the 12th week,0.9997614622116089,1,/content/drive/MyDrive/MACROBATT/INPUT_PDF_FILES/28121940.pdf
55,Date,June,0.9610090851783752,1,/content/drive/MyDrive/MACROBATT/INPUT_PDF_FILES/28121940.pdf
56,Detailed_description,bacterial aspiration,0.9998703598976135,1,/content/drive/MyDrive/MACROBATT/INPUT_PDF_FILES/28121940.pdf
57,Sign_symptom,pneumonia,0.9998733997344971,1,/content/drive/MyDrive/MACROBATT/INPUT_PDF_FILES/28121940.pdf
58,Outcome,passed away,0.985302209854126,1,/content/drive/MyDrive/MACROBATT/INPUT_PDF_FILES/28121940.pdf
59,Date,June 2015,0.8185749053955078,1,/content/drive/MyDrive/MACROBATT/INPUT_PDF_FILES/28121940.pdf
