,Entity Group,Value,Score,Page,Pdf File
0,Age,73-year-old,0.9977492094039917,1,/content/drive/MyDrive/MACROBATT/INPUT_PDF_FILES/28120581.pdf
1,Sex,female,0.9950928688049316,1,/content/drive/MyDrive/MACROBATT/INPUT_PDF_FILES/28120581.pdf
2,History,history of coronary artery disease,0.9997525215148926,1,/content/drive/MyDrive/MACROBATT/INPUT_PDF_FILES/28120581.pdf
3,History,situs inversus,0.9974780082702637,1,/content/drive/MyDrive/MACROBATT/INPUT_PDF_FILES/28120581.pdf
4,Biological_structure,left arm,0.9998341798782349,1,/content/drive/MyDrive/MACROBATT/INPUT_PDF_FILES/28120581.pdf
5,Diagnostic_procedure,magnetic resonance angiogram,0.9999481439590454,1,/content/drive/MyDrive/MACROBATT/INPUT_PDF_FILES/28120581.pdf
6,Diagnostic_procedure,computer tomography,0.9999482035636902,1,/content/drive/MyDrive/MACROBATT/INPUT_PDF_FILES/28120581.pdf
7,Biological_structure,upper limb vessels,0.999932587146759,1,/content/drive/MyDrive/MACROBATT/INPUT_PDF_FILES/28120581.pdf
8,Severity,critical,0.9996358156204224,1,/content/drive/MyDrive/MACROBATT/INPUT_PDF_FILES/28120581.pdf
9,Sign_symptom,stenosis,0.9998732805252075,1,/content/drive/MyDrive/MACROBATT/INPUT_PDF_FILES/28120581.pdf
10,Biological_structure,left-side SCA,0.8642371892929077,1,/content/drive/MyDrive/MACROBATT/INPUT_PDF_FILES/28120581.pdf
11,Sign_symptom,calcification,0.9998911023139954,1,/content/drive/MyDrive/MACROBATT/INPUT_PDF_FILES/28120581.pdf
12,Biological_structure,orifice,0.9997371435165405,1,/content/drive/MyDrive/MACROBATT/INPUT_PDF_FILES/28120581.pdf
13,Detailed_description,Percutaneous,0.9795896410942078,1,/content/drive/MyDrive/MACROBATT/INPUT_PDF_FILES/28120581.pdf
14,Therapeutic_procedure,revascularization,0.9995884299278259,1,/content/drive/MyDrive/MACROBATT/INPUT_PDF_FILES/28120581.pdf
15,Detailed_description,right femoral artery,0.9992356300354004,1,/content/drive/MyDrive/MACROBATT/INPUT_PDF_FILES/28120581.pdf
16,Severity,severe,0.9997953772544861,1,/content/drive/MyDrive/MACROBATT/INPUT_PDF_FILES/28120581.pdf
17,Biological_structure,left SCA,0.9999210238456726,1,/content/drive/MyDrive/MACROBATT/INPUT_PDF_FILES/28120581.pdf
18,Detailed_description,Direct,0.9999791383743286,1,/content/drive/MyDrive/MACROBATT/INPUT_PDF_FILES/28120581.pdf
19,Coreference,stenting stent,0.9972807168960571,1,/content/drive/MyDrive/MACROBATT/INPUT_PDF_FILES/28120581.pdf
20,Coreference,stenting,0.944217324256897,1,/content/drive/MyDrive/MACROBATT/INPUT_PDF_FILES/28120581.pdf
21,Detailed_description,balloon-expansible,0.9986213445663452,1,/content/drive/MyDrive/MACROBATT/INPUT_PDF_FILES/28120581.pdf
22,Detailed_description,Express,0.9998766183853149,1,/content/drive/MyDrive/MACROBATT/INPUT_PDF_FILES/28120581.pdf
23,Detailed_description,LD 10×25 mm,0.9463626742362976,1,/content/drive/MyDrive/MACROBATT/INPUT_PDF_FILES/28120581.pdf
24,Coreference,stenting stent Scientific,0.543770968914032,1,/content/drive/MyDrive/MACROBATT/INPUT_PDF_FILES/28120581.pdf
25,Lab_value,8 atmospheres,0.999903678894043,1,/content/drive/MyDrive/MACROBATT/INPUT_PDF_FILES/28120581.pdf
26,Sign_symptom,shortness of breath,0.9999110698699951,1,/content/drive/MyDrive/MACROBATT/INPUT_PDF_FILES/28120581.pdf
27,Sign_symptom,shortness breath hypotension,0.9999375343322754,1,/content/drive/MyDrive/MACROBATT/INPUT_PDF_FILES/28120581.pdf
28,Sign_symptom,hypotension,0.9485162496566772,1,/content/drive/MyDrive/MACROBATT/INPUT_PDF_FILES/28120581.pdf
29,Diagnostic_procedure,blood pressure,0.9999638795852661,1,/content/drive/MyDrive/MACROBATT/INPUT_PDF_FILES/28120581.pdf
30,Lab_value,88/56,0.8289859890937805,1,/content/drive/MyDrive/MACROBATT/INPUT_PDF_FILES/28120581.pdf
31,Diagnostic_procedure,heart rate,0.9999632239341736,1,/content/drive/MyDrive/MACROBATT/INPUT_PDF_FILES/28120581.pdf
32,Diagnostic_procedure,oxygen saturation,0.9999279379844666,1,/content/drive/MyDrive/MACROBATT/INPUT_PDF_FILES/28120581.pdf
33,Detailed_description,Emergent,0.8023917078971863,1,/content/drive/MyDrive/MACROBATT/INPUT_PDF_FILES/28120581.pdf
34,Therapeutic_procedure,fluid,0.6921229362487793,1,/content/drive/MyDrive/MACROBATT/INPUT_PDF_FILES/28120581.pdf
35,Medication,inotropic agent,0.9853876829147339,1,/content/drive/MyDrive/MACROBATT/INPUT_PDF_FILES/28120581.pdf
36,Medication,norepinephrine,0.9973775744438171,1,/content/drive/MyDrive/MACROBATT/INPUT_PDF_FILES/28120581.pdf
37,Detailed_description,immediate,0.9999765157699585,1,/content/drive/MyDrive/MACROBATT/INPUT_PDF_FILES/28120581.pdf
38,Diagnostic_procedure,angiography,0.878359317779541,1,/content/drive/MyDrive/MACROBATT/INPUT_PDF_FILES/28120581.pdf
39,Sign_symptom,vascular perforation,0.999883770942688,1,/content/drive/MyDrive/MACROBATT/INPUT_PDF_FILES/28120581.pdf
40,Therapeutic_procedure,balloon balloon inflation,0.999826192855835,1,/content/drive/MyDrive/MACROBATT/INPUT_PDF_FILES/28120581.pdf
41,Biological_structure,within the stent,0.999778151512146,1,/content/drive/MyDrive/MACROBATT/INPUT_PDF_FILES/28120581.pdf
42,Detailed_description,8×40 mm,0.9987993240356445,1,/content/drive/MyDrive/MACROBATT/INPUT_PDF_FILES/28120581.pdf
43,Nonbiological_location,cardiovascular surgeon,0.9983537197113037,1,/content/drive/MyDrive/MACROBATT/INPUT_PDF_FILES/28120581.pdf
44,Therapeutic_procedure,endovascular treatment,0.991244912147522,1,/content/drive/MyDrive/MACROBATT/INPUT_PDF_FILES/28120581.pdf
45,Therapeutic_procedure,retrograde approach,0.9998454451560974,1,/content/drive/MyDrive/MACROBATT/INPUT_PDF_FILES/28120581.pdf
46,Biological_structure,left brachial artery,0.9998325109481812,1,/content/drive/MyDrive/MACROBATT/INPUT_PDF_FILES/28120581.pdf
47,Therapeutic_procedure,graft graft stent stent,0.9995141625404358,1,/content/drive/MyDrive/MACROBATT/INPUT_PDF_FILES/28120581.pdf
48,Detailed_description,modified and self-expanding cut there the iliac extension,0.9997329711914062,1,/content/drive/MyDrive/MACROBATT/INPUT_PDF_FILES/28120581.pdf
49,Detailed_description,self-expanding,0.9037325978279114,1,/content/drive/MyDrive/MACROBATT/INPUT_PDF_FILES/28120581.pdf
50,Area,10×82 mm mm,0.9983885884284973,1,/content/drive/MyDrive/MACROBATT/INPUT_PDF_FILES/28120581.pdf
51,Therapeutic_procedure,graft stent stent,0.9997254014015198,1,/content/drive/MyDrive/MACROBATT/INPUT_PDF_FILES/28120581.pdf
52,Therapeutic_procedure,operator-modified perforation,0.9978716373443604,1,/content/drive/MyDrive/MACROBATT/INPUT_PDF_FILES/28120581.pdf
53,Therapeutic_procedure,perforation was was sealed,0.9391367435455322,1,/content/drive/MyDrive/MACROBATT/INPUT_PDF_FILES/28120581.pdf
54,Coreference,stenting stent stent,0.9997827410697937,1,/content/drive/MyDrive/MACROBATT/INPUT_PDF_FILES/28120581.pdf
55,Therapeutic_procedure,graft graft stenting stent stent,0.9970632195472717,1,/content/drive/MyDrive/MACROBATT/INPUT_PDF_FILES/28120581.pdf
56,Lab_value,slow,0.999826967716217,1,/content/drive/MyDrive/MACROBATT/INPUT_PDF_FILES/28120581.pdf
57,Diagnostic_procedure,flow,0.9976045489311218,1,/content/drive/MyDrive/MACROBATT/INPUT_PDF_FILES/28120581.pdf
58,Biological_structure,left common carotid artery,0.9998790621757507,1,/content/drive/MyDrive/MACROBATT/INPUT_PDF_FILES/28120581.pdf
59,Biological_structure,LCCA LCCA,0.9702712297439575,1,/content/drive/MyDrive/MACROBATT/INPUT_PDF_FILES/28120581.pdf
60,Severity,near total,0.9929412603378296,1,/content/drive/MyDrive/MACROBATT/INPUT_PDF_FILES/28120581.pdf
61,Sign_symptom,of however slow flow of common carotid noted angiography confirmed total occlusion of occluded Video only online,0.9992270469665527,1,/content/drive/MyDrive/MACROBATT/INPUT_PDF_FILES/28120581.pdf
62,Sign_symptom,occlusion occluded,0.9959343671798706,1,/content/drive/MyDrive/MACROBATT/INPUT_PDF_FILES/28120581.pdf
63,Sign_symptom,occlusion,0.9966867566108704,1,/content/drive/MyDrive/MACROBATT/INPUT_PDF_FILES/28120581.pdf
64,Therapeutic_procedure,firm wire,0.9998488426208496,1,/content/drive/MyDrive/MACROBATT/INPUT_PDF_FILES/28120581.pdf
65,Detailed_description,Conquest,0.9940179586410522,1,/content/drive/MyDrive/MACROBATT/INPUT_PDF_FILES/28120581.pdf
66,Detailed_description,advanced,0.9982089996337891,1,/content/drive/MyDrive/MACROBATT/INPUT_PDF_FILES/28120581.pdf
67,Therapeutic_procedure,graft stent,0.9994336366653442,1,/content/drive/MyDrive/MACROBATT/INPUT_PDF_FILES/28120581.pdf
68,Therapeutic_procedure,balloon dilations,0.9993016123771667,1,/content/drive/MyDrive/MACROBATT/INPUT_PDF_FILES/28120581.pdf
69,Biological_structure,LCCA,0.9992639422416687,1,/content/drive/MyDrive/MACROBATT/INPUT_PDF_FILES/28120581.pdf
70,Detailed_description,Intravascular,0.9977259039878845,1,/content/drive/MyDrive/MACROBATT/INPUT_PDF_FILES/28120581.pdf
71,Diagnostic_procedure,ultrasound,0.9999562501907349,1,/content/drive/MyDrive/MACROBATT/INPUT_PDF_FILES/28120581.pdf
72,Sign_symptom,compromise,0.9996914863586426,1,/content/drive/MyDrive/MACROBATT/INPUT_PDF_FILES/28120581.pdf
73,Therapeutic_procedure,carotid,0.8776474595069885,1,/content/drive/MyDrive/MACROBATT/INPUT_PDF_FILES/28120581.pdf
74,Detailed_description,Express 7×37 mm,0.9998838305473328,1,/content/drive/MyDrive/MACROBATT/INPUT_PDF_FILES/28120581.pdf
75,Biological_structure,left brachiocephalic artery,0.9998677968978882,1,/content/drive/MyDrive/MACROBATT/INPUT_PDF_FILES/28120581.pdf
76,Lab_value,restored,0.9999421834945679,1,/content/drive/MyDrive/MACROBATT/INPUT_PDF_FILES/28120581.pdf
77,Lab_value,proper,0.9999042749404907,1,/content/drive/MyDrive/MACROBATT/INPUT_PDF_FILES/28120581.pdf
78,Sign_symptom,expansion,0.9999133348464966,1,/content/drive/MyDrive/MACROBATT/INPUT_PDF_FILES/28120581.pdf
79,Clinical_event,follow-up,0.9996944665908813,1,/content/drive/MyDrive/MACROBATT/INPUT_PDF_FILES/28120581.pdf
80,Biological_structure,chest,0.9999428987503052,1,/content/drive/MyDrive/MACROBATT/INPUT_PDF_FILES/28120581.pdf
81,Diagnostic_procedure,radiography,0.999931275844574,1,/content/drive/MyDrive/MACROBATT/INPUT_PDF_FILES/28120581.pdf
82,Detailed_description,left-side,0.9997827410697937,1,/content/drive/MyDrive/MACROBATT/INPUT_PDF_FILES/28120581.pdf
83,Therapeutic_procedure,thoracocentesis,0.9998961687088013,1,/content/drive/MyDrive/MACROBATT/INPUT_PDF_FILES/28120581.pdf
84,Detailed_description,drainage,0.9999092817306519,1,/content/drive/MyDrive/MACROBATT/INPUT_PDF_FILES/28120581.pdf
85,Clinical_event,discharged,0.9750913977622986,1,/content/drive/MyDrive/MACROBATT/INPUT_PDF_FILES/28120581.pdf
86,Sign_symptom,symptoms,0.9998928308486938,1,/content/drive/MyDrive/MACROBATT/INPUT_PDF_FILES/28120581.pdf
