,Entity Group,Value,Score,Page,Pdf File
0,Age,73-year-old,0.9984837770462036,1,/content/drive/MyDrive/MACROBATT/INPUT_PDF_FILES/28154287.pdf
1,Sex,man,0.9998061060905457,1,/content/drive/MyDrive/MACROBATT/INPUT_PDF_FILES/28154287.pdf
2,Disease_disorder,type 2 diabetes mellitus,0.9868841171264648,1,/content/drive/MyDrive/MACROBATT/INPUT_PDF_FILES/28154287.pdf
3,Date,35 73-year-old year of of age,0.9997336268424988,1,/content/drive/MyDrive/MACROBATT/INPUT_PDF_FILES/28154287.pdf
4,Severity,severe,0.9998154044151306,1,/content/drive/MyDrive/MACROBATT/INPUT_PDF_FILES/28154287.pdf
5,Disease_disorder,diabetic diabetic-ESRD neuropathy,0.9806540608406067,1,/content/drive/MyDrive/MACROBATT/INPUT_PDF_FILES/28154287.pdf
6,Disease_disorder,diabetic-ESRD,0.9686756730079651,1,/content/drive/MyDrive/MACROBATT/INPUT_PDF_FILES/28154287.pdf
7,Sign_symptom,respiratory distress,0.9999167919158936,1,/content/drive/MyDrive/MACROBATT/INPUT_PDF_FILES/28154287.pdf
8,Detailed_description,sudden,0.9999097585678101,1,/content/drive/MyDrive/MACROBATT/INPUT_PDF_FILES/28154287.pdf
9,Biological_structure,chest,0.9999297857284546,1,/content/drive/MyDrive/MACROBATT/INPUT_PDF_FILES/28154287.pdf
10,Date,first day,0.9997272491455078,1,/content/drive/MyDrive/MACROBATT/INPUT_PDF_FILES/28154287.pdf
11,Clinical_event,visited,0.9992062449455261,1,/content/drive/MyDrive/MACROBATT/INPUT_PDF_FILES/28154287.pdf
12,Diagnostic_procedure,physical examination,0.9999176859855652,1,/content/drive/MyDrive/MACROBATT/INPUT_PDF_FILES/28154287.pdf
13,Diagnostic_procedure,body temperature,0.9999324083328247,1,/content/drive/MyDrive/MACROBATT/INPUT_PDF_FILES/28154287.pdf
14,Lab_value,35.4°C,0.9998685121536255,1,/content/drive/MyDrive/MACROBATT/INPUT_PDF_FILES/28154287.pdf
15,Diagnostic_procedure,heart rate,0.999961256980896,1,/content/drive/MyDrive/MACROBATT/INPUT_PDF_FILES/28154287.pdf
16,Lab_value,90 beats/min,0.999937891960144,1,/content/drive/MyDrive/MACROBATT/INPUT_PDF_FILES/28154287.pdf
17,Lab_value,regular,0.9992964267730713,1,/content/drive/MyDrive/MACROBATT/INPUT_PDF_FILES/28154287.pdf
18,Diagnostic_procedure,blood pressure,0.9999471306800842,1,/content/drive/MyDrive/MACROBATT/INPUT_PDF_FILES/28154287.pdf
19,Lab_value,130/77 mmHg,0.9080323576927185,1,/content/drive/MyDrive/MACROBATT/INPUT_PDF_FILES/28154287.pdf
20,Detailed_description,coarse,0.999891996383667,1,/content/drive/MyDrive/MACROBATT/INPUT_PDF_FILES/28154287.pdf
21,Sign_symptom,crackles,0.9931747913360596,1,/content/drive/MyDrive/MACROBATT/INPUT_PDF_FILES/28154287.pdf
22,Detailed_description,bilateral,0.9999188184738159,1,/content/drive/MyDrive/MACROBATT/INPUT_PDF_FILES/28154287.pdf
23,Biological_structure,lung,0.9999129772186279,1,/content/drive/MyDrive/MACROBATT/INPUT_PDF_FILES/28154287.pdf
24,Diagnostic_procedure,laboratory data,0.9999404549598694,1,/content/drive/MyDrive/MACROBATT/INPUT_PDF_FILES/28154287.pdf
25,Diagnostic_procedure,WBC,0.9999517798423767,1,/content/drive/MyDrive/MACROBATT/INPUT_PDF_FILES/28154287.pdf
26,Lab_value,"8,800/μL",0.9962635636329651,1,/content/drive/MyDrive/MACROBATT/INPUT_PDF_FILES/28154287.pdf
27,Lab_value,shift laboratory to the left,0.9998874068260193,1,/content/drive/MyDrive/MACROBATT/INPUT_PDF_FILES/28154287.pdf
28,Lab_value,82 82.2,0.9599844217300415,1,/content/drive/MyDrive/MACROBATT/INPUT_PDF_FILES/28154287.pdf
29,Diagnostic_procedure,Hb HbA1c,0.999940812587738,1,/content/drive/MyDrive/MACROBATT/INPUT_PDF_FILES/28154287.pdf
30,Lab_value,10.2 g/dL nitrogen mg/dL mg/dL mg/dL pg/mL,0.9994131326675415,1,/content/drive/MyDrive/MACROBATT/INPUT_PDF_FILES/28154287.pdf
31,Diagnostic_procedure,blood urea nitrogen ( ( ( ( ( (,0.9200679659843445,1,/content/drive/MyDrive/MACROBATT/INPUT_PDF_FILES/28154287.pdf
32,Diagnostic_procedure,BUN,0.9995954632759094,1,/content/drive/MyDrive/MACROBATT/INPUT_PDF_FILES/28154287.pdf
33,Lab_value,82.2 mg/dL mg/dL mg/dL,0.8936185836791992,1,/content/drive/MyDrive/MACROBATT/INPUT_PDF_FILES/28154287.pdf
34,Diagnostic_procedure,creatinine creatine,0.9999662637710571,1,/content/drive/MyDrive/MACROBATT/INPUT_PDF_FILES/28154287.pdf
35,Diagnostic_procedure,urea creatinine creatine C-reactive,0.999816358089447,1,/content/drive/MyDrive/MACROBATT/INPUT_PDF_FILES/28154287.pdf
36,Diagnostic_procedure,creatinine ( ( ( ( ( ( Cre,0.9917594194412231,1,/content/drive/MyDrive/MACROBATT/INPUT_PDF_FILES/28154287.pdf
37,Lab_value,6.50,0.9977666139602661,1,/content/drive/MyDrive/MACROBATT/INPUT_PDF_FILES/28154287.pdf
38,Lab_value,6.50 mg/dL mg/dL mg/dL,0.8489885926246643,1,/content/drive/MyDrive/MACROBATT/INPUT_PDF_FILES/28154287.pdf
39,Diagnostic_procedure,HbA1c,0.9996069669723511,1,/content/drive/MyDrive/MACROBATT/INPUT_PDF_FILES/28154287.pdf
40,Lab_value,5.9,0.9986269474029541,1,/content/drive/MyDrive/MACROBATT/INPUT_PDF_FILES/28154287.pdf
41,Diagnostic_procedure,creatine kinase ( ( ( ( ( ( CK,0.9992554783821106,1,/content/drive/MyDrive/MACROBATT/INPUT_PDF_FILES/28154287.pdf
42,Lab_value,189 IU/L,0.9997466206550598,1,/content/drive/MyDrive/MACROBATT/INPUT_PDF_FILES/28154287.pdf
43,Diagnostic_procedure,C-reactive protein,0.9999319314956665,1,/content/drive/MyDrive/MACROBATT/INPUT_PDF_FILES/28154287.pdf
44,Diagnostic_procedure,CRP,0.9998687505722046,1,/content/drive/MyDrive/MACROBATT/INPUT_PDF_FILES/28154287.pdf
45,Lab_value,"8,800/μL 82 82.2 189 8.51",0.9999364614486694,1,/content/drive/MyDrive/MACROBATT/INPUT_PDF_FILES/28154287.pdf
46,Lab_value,8.51 mg/dL mg/dL mg/dL,0.9544573426246643,1,/content/drive/MyDrive/MACROBATT/INPUT_PDF_FILES/28154287.pdf
47,Diagnostic_procedure,brain-type natriuretic peptide,0.9999370574951172,1,/content/drive/MyDrive/MACROBATT/INPUT_PDF_FILES/28154287.pdf
48,Diagnostic_procedure,BNP,0.9995648264884949,1,/content/drive/MyDrive/MACROBATT/INPUT_PDF_FILES/28154287.pdf
49,Lab_value,127.4,0.9313974380493164,1,/content/drive/MyDrive/MACROBATT/INPUT_PDF_FILES/28154287.pdf
50,Diagnostic_procedure,radiograph,0.9999364018440247,1,/content/drive/MyDrive/MACROBATT/INPUT_PDF_FILES/28154287.pdf
51,Detailed_description,perihilar,0.9999771118164062,1,/content/drive/MyDrive/MACROBATT/INPUT_PDF_FILES/28154287.pdf
52,Sign_symptom,consolidations,0.9999616146087646,1,/content/drive/MyDrive/MACROBATT/INPUT_PDF_FILES/28154287.pdf
53,Detailed_description,air,0.9997676014900208,1,/content/drive/MyDrive/MACROBATT/INPUT_PDF_FILES/28154287.pdf
54,Sign_symptom,bronchograms,0.9999529123306274,1,/content/drive/MyDrive/MACROBATT/INPUT_PDF_FILES/28154287.pdf
55,Diagnostic_procedure,electrocardiogram,0.9998656511306763,1,/content/drive/MyDrive/MACROBATT/INPUT_PDF_FILES/28154287.pdf
56,Sign_symptom,ST-segment elevation,0.9997228384017944,1,/content/drive/MyDrive/MACROBATT/INPUT_PDF_FILES/28154287.pdf
57,Sign_symptom,poor R-wave progression,0.9998911619186401,1,/content/drive/MyDrive/MACROBATT/INPUT_PDF_FILES/28154287.pdf
58,Detailed_description,leads V1-V3,0.9996843338012695,1,/content/drive/MyDrive/MACROBATT/INPUT_PDF_FILES/28154287.pdf
59,Diagnostic_procedure,echocardiography,0.9996516108512878,1,/content/drive/MyDrive/MACROBATT/INPUT_PDF_FILES/28154287.pdf
60,Sign_symptom,apical,0.9998490810394287,1,/content/drive/MyDrive/MACROBATT/INPUT_PDF_FILES/28154287.pdf
61,Biological_structure,ventricular,0.9241747856140137,1,/content/drive/MyDrive/MACROBATT/INPUT_PDF_FILES/28154287.pdf
62,Sign_symptom,asynergy,0.9747116565704346,1,/content/drive/MyDrive/MACROBATT/INPUT_PDF_FILES/28154287.pdf
63,Detailed_description,acute,0.9999473094940186,1,/content/drive/MyDrive/MACROBATT/INPUT_PDF_FILES/28154287.pdf
64,Disease_disorder,myocardial,0.999395489692688,1,/content/drive/MyDrive/MACROBATT/INPUT_PDF_FILES/28154287.pdf
65,Disease_disorder,myocardial infarction,0.9925462007522583,1,/content/drive/MyDrive/MACROBATT/INPUT_PDF_FILES/28154287.pdf
66,Detailed_description,congestive,0.9999146461486816,1,/content/drive/MyDrive/MACROBATT/INPUT_PDF_FILES/28154287.pdf
67,Biological_structure,Coronary,0.8407776355743408,1,/content/drive/MyDrive/MACROBATT/INPUT_PDF_FILES/28154287.pdf
68,Diagnostic_procedure,angiography angiostenosis,0.9999217987060547,1,/content/drive/MyDrive/MACROBATT/INPUT_PDF_FILES/28154287.pdf
69,Diagnostic_procedure,angiography,0.9930205941200256,1,/content/drive/MyDrive/MACROBATT/INPUT_PDF_FILES/28154287.pdf
70,Sign_symptom,angiostenosis,0.9995843768119812,1,/content/drive/MyDrive/MACROBATT/INPUT_PDF_FILES/28154287.pdf
71,Therapeutic_procedure,PCI,0.9998384714126587,1,/content/drive/MyDrive/MACROBATT/INPUT_PDF_FILES/28154287.pdf
72,Detailed_description,continuous,0.9843297600746155,1,/content/drive/MyDrive/MACROBATT/INPUT_PDF_FILES/28154287.pdf
73,Detailed_description,maintenance,0.9996023774147034,1,/content/drive/MyDrive/MACROBATT/INPUT_PDF_FILES/28154287.pdf
74,Disease_disorder,cardiorespiratory arrest,0.9993404150009155,1,/content/drive/MyDrive/MACROBATT/INPUT_PDF_FILES/28154287.pdf
75,Therapeutic_procedure,cardiopulmonary resuscitation,0.9990423321723938,1,/content/drive/MyDrive/MACROBATT/INPUT_PDF_FILES/28154287.pdf
76,Detailed_description,mechanical,0.999461829662323,1,/content/drive/MyDrive/MACROBATT/INPUT_PDF_FILES/28154287.pdf
77,Therapeutic_procedure,ventilator,0.9937636256217957,1,/content/drive/MyDrive/MACROBATT/INPUT_PDF_FILES/28154287.pdf
78,Lab_value,increasing volume,0.9941320419311523,1,/content/drive/MyDrive/MACROBATT/INPUT_PDF_FILES/28154287.pdf
79,Diagnostic_procedure,sputum,0.9752682447433472,1,/content/drive/MyDrive/MACROBATT/INPUT_PDF_FILES/28154287.pdf
80,Sign_symptom,Pseudomonas aeruginosa,0.9982986450195312,1,/content/drive/MyDrive/MACROBATT/INPUT_PDF_FILES/28154287.pdf
81,Medication,tazobactam/piperacillin,0.9970230460166931,1,/content/drive/MyDrive/MACROBATT/INPUT_PDF_FILES/28154287.pdf
82,Medication,TAZ/PIPC,0.8063708543777466,1,/content/drive/MyDrive/MACROBATT/INPUT_PDF_FILES/28154287.pdf
83,Dosage,4.5g,0.8575778007507324,1,/content/drive/MyDrive/MACROBATT/INPUT_PDF_FILES/28154287.pdf
84,Diagnostic_procedure,respiratory condition,0.9999209642410278,1,/content/drive/MyDrive/MACROBATT/INPUT_PDF_FILES/28154287.pdf
85,Lab_value,worsened,0.9998859167098999,1,/content/drive/MyDrive/MACROBATT/INPUT_PDF_FILES/28154287.pdf
86,Diagnostic_procedure,computed tomography,0.9907844662666321,1,/content/drive/MyDrive/MACROBATT/INPUT_PDF_FILES/28154287.pdf
87,Diagnostic_procedure,( (,0.9999418258666992,1,/content/drive/MyDrive/MACROBATT/INPUT_PDF_FILES/28154287.pdf
88,Date,day 15,0.9998323917388916,1,/content/drive/MyDrive/MACROBATT/INPUT_PDF_FILES/28154287.pdf
89,Disease_disorder,pleural,0.9769461750984192,1,/content/drive/MyDrive/MACROBATT/INPUT_PDF_FILES/28154287.pdf
90,Disease_disorder,atelectasis,0.963371753692627,1,/content/drive/MyDrive/MACROBATT/INPUT_PDF_FILES/28154287.pdf
91,Disease_disorder,pneumomycosis,0.9369993209838867,1,/content/drive/MyDrive/MACROBATT/INPUT_PDF_FILES/28154287.pdf
92,Diagnostic_procedure,suspected sputum,0.9992460012435913,1,/content/drive/MyDrive/MACROBATT/INPUT_PDF_FILES/28154287.pdf
93,Detailed_description,serum,0.9999514818191528,1,/content/drive/MyDrive/MACROBATT/INPUT_PDF_FILES/28154287.pdf
94,Diagnostic_procedure,fungal,0.9981524348258972,1,/content/drive/MyDrive/MACROBATT/INPUT_PDF_FILES/28154287.pdf
95,Medication,meropenem,0.949864387512207,1,/content/drive/MyDrive/MACROBATT/INPUT_PDF_FILES/28154287.pdf
96,Dosage,0.5,0.8991650342941284,1,/content/drive/MyDrive/MACROBATT/INPUT_PDF_FILES/28154287.pdf
97,Date,day,0.6137938499450684,1,/content/drive/MyDrive/MACROBATT/INPUT_PDF_FILES/28154287.pdf
98,Lab_value,positive,0.9999282360076904,1,/content/drive/MyDrive/MACROBATT/INPUT_PDF_FILES/28154287.pdf
99,Diagnostic_procedure,Cryptococcus,0.9706352949142456,1,/content/drive/MyDrive/MACROBATT/INPUT_PDF_FILES/28154287.pdf
100,Sign_symptom,cryptococcal bodies,0.9998769760131836,1,/content/drive/MyDrive/MACROBATT/INPUT_PDF_FILES/28154287.pdf
101,Detailed_description,two sets,0.999852180480957,1,/content/drive/MyDrive/MACROBATT/INPUT_PDF_FILES/28154287.pdf
102,Diagnostic_procedure,blood cultures,0.9990384578704834,1,/content/drive/MyDrive/MACROBATT/INPUT_PDF_FILES/28154287.pdf
103,Medication,liposomal amphotericin B L-AMB ( (,0.9548215866088867,1,/content/drive/MyDrive/MACROBATT/INPUT_PDF_FILES/28154287.pdf
104,Medication,L-AMB,0.9991275072097778,1,/content/drive/MyDrive/MACROBATT/INPUT_PDF_FILES/28154287.pdf
105,Date,day 23,0.8583189845085144,1,/content/drive/MyDrive/MACROBATT/INPUT_PDF_FILES/28154287.pdf
106,Disease_disorder,pleural effusion,0.9312707781791687,1,/content/drive/MyDrive/MACROBATT/INPUT_PDF_FILES/28154287.pdf
107,Detailed_description,diagnosed disseminated,0.9996422529220581,1,/content/drive/MyDrive/MACROBATT/INPUT_PDF_FILES/28154287.pdf
108,Detailed_description,disseminated,0.994999885559082,1,/content/drive/MyDrive/MACROBATT/INPUT_PDF_FILES/28154287.pdf
109,Biological_structure,brain brain,0.9999614953994751,1,/content/drive/MyDrive/MACROBATT/INPUT_PDF_FILES/28154287.pdf
110,Biological_structure,intracranial,0.9999361038208008,1,/content/drive/MyDrive/MACROBATT/INPUT_PDF_FILES/28154287.pdf
111,Sign_symptom,hypertension,0.9999254941940308,1,/content/drive/MyDrive/MACROBATT/INPUT_PDF_FILES/28154287.pdf
112,Disease_disorder,absence abscess,0.9032479524612427,1,/content/drive/MyDrive/MACROBATT/INPUT_PDF_FILES/28154287.pdf
113,Disease_disorder,human immunodeficiency virus,0.9956541061401367,1,/content/drive/MyDrive/MACROBATT/INPUT_PDF_FILES/28154287.pdf
114,Dosage,3 mg/kg/day,0.9858623743057251,1,/content/drive/MyDrive/MACROBATT/INPUT_PDF_FILES/28154287.pdf
115,Detailed_description,solitary,0.9998038411140442,1,/content/drive/MyDrive/MACROBATT/INPUT_PDF_FILES/28154287.pdf
116,Sign_symptom,nodule,0.9937421679496765,1,/content/drive/MyDrive/MACROBATT/INPUT_PDF_FILES/28154287.pdf
117,Biological_structure,left lingular segment,0.9999390840530396,1,/content/drive/MyDrive/MACROBATT/INPUT_PDF_FILES/28154287.pdf
118,Biological_structure,pulmonary,0.9999550580978394,1,/content/drive/MyDrive/MACROBATT/INPUT_PDF_FILES/28154287.pdf
119,Disease_disorder,cryptococcus lesion,0.9317159652709961,1,/content/drive/MyDrive/MACROBATT/INPUT_PDF_FILES/28154287.pdf
120,Diagnostic_procedure,fluid cultures,0.9645857810974121,1,/content/drive/MyDrive/MACROBATT/INPUT_PDF_FILES/28154287.pdf
121,Sign_symptom,nodules,0.9998314380645752,1,/content/drive/MyDrive/MACROBATT/INPUT_PDF_FILES/28154287.pdf
122,Lab_value,decreased in size,0.9014928936958313,1,/content/drive/MyDrive/MACROBATT/INPUT_PDF_FILES/28154287.pdf
123,Date,day 79,0.9995918273925781,1,/content/drive/MyDrive/MACROBATT/INPUT_PDF_FILES/28154287.pdf
124,Medication,L-AMB,0.9997240900993347,2,/content/drive/MyDrive/MACROBATT/INPUT_PDF_FILES/28154287.pdf
125,Diagnostic_procedure,C-reactive protein,0.9998220205307007,2,/content/drive/MyDrive/MACROBATT/INPUT_PDF_FILES/28154287.pdf
126,Lab_value,elevated,0.9994677901268005,2,/content/drive/MyDrive/MACROBATT/INPUT_PDF_FILES/28154287.pdf
127,Detailed_description,bilateral,0.9999537467956543,2,/content/drive/MyDrive/MACROBATT/INPUT_PDF_FILES/28154287.pdf
128,Disease_disorder,pleural,0.9999203681945801,2,/content/drive/MyDrive/MACROBATT/INPUT_PDF_FILES/28154287.pdf
129,Disease_disorder,pleural effusion,0.9981052279472351,2,/content/drive/MyDrive/MACROBATT/INPUT_PDF_FILES/28154287.pdf
130,Sign_symptom,lost consciousness,0.9998432397842407,2,/content/drive/MyDrive/MACROBATT/INPUT_PDF_FILES/28154287.pdf
131,Lab_value,decreased,0.9998764991760254,2,/content/drive/MyDrive/MACROBATT/INPUT_PDF_FILES/28154287.pdf
132,Diagnostic_procedure,vital capacity,0.9999585747718811,2,/content/drive/MyDrive/MACROBATT/INPUT_PDF_FILES/28154287.pdf
133,Disease_disorder,CO2,0.9405986666679382,2,/content/drive/MyDrive/MACROBATT/INPUT_PDF_FILES/28154287.pdf
134,Diagnostic_procedure,general condition,0.9998588562011719,2,/content/drive/MyDrive/MACROBATT/INPUT_PDF_FILES/28154287.pdf
135,Date,day 87,0.9990935921669006,2,/content/drive/MyDrive/MACROBATT/INPUT_PDF_FILES/28154287.pdf
136,Disease_disorder,ventricular fibrillation,0.9997379183769226,2,/content/drive/MyDrive/MACROBATT/INPUT_PDF_FILES/28154287.pdf
137,Diagnostic_procedure,Autopsy,0.9998902082443237,2,/content/drive/MyDrive/MACROBATT/INPUT_PDF_FILES/28154287.pdf
138,Date,later,0.9794182777404785,2,/content/drive/MyDrive/MACROBATT/INPUT_PDF_FILES/28154287.pdf
139,Detailed_description,Cryptococcus Cryptococcus isolate,0.9989447593688965,2,/content/drive/MyDrive/MACROBATT/INPUT_PDF_FILES/28154287.pdf
