,Entity Group,Value,Score,Page,Pdf File
0,Age,65-year-old,0.9983625411987305,1,/content/drive/MyDrive/MACROBATT/INPUT_PDF_FILES/28151882.pdf
1,Sex,woman,0.9996497631072998,1,/content/drive/MyDrive/MACROBATT/INPUT_PDF_FILES/28151882.pdf
2,Detailed_description,persistent,0.9998773336410522,1,/content/drive/MyDrive/MACROBATT/INPUT_PDF_FILES/28151882.pdf
3,Biological_structure,back,0.9999289512634277,1,/content/drive/MyDrive/MACROBATT/INPUT_PDF_FILES/28151882.pdf
4,Sign_symptom,pain,0.999968409538269,1,/content/drive/MyDrive/MACROBATT/INPUT_PDF_FILES/28151882.pdf
5,Coreference,symptoms,0.9812555909156799,1,/content/drive/MyDrive/MACROBATT/INPUT_PDF_FILES/28151882.pdf
6,Severity,severe,0.9995555281639099,1,/content/drive/MyDrive/MACROBATT/INPUT_PDF_FILES/28151882.pdf
7,Activity,walking,0.9988657236099243,1,/content/drive/MyDrive/MACROBATT/INPUT_PDF_FILES/28151882.pdf
8,Activity,changing positions,0.9987659454345703,1,/content/drive/MyDrive/MACROBATT/INPUT_PDF_FILES/28151882.pdf
9,Sign_symptom,relieve,0.999620795249939,1,/content/drive/MyDrive/MACROBATT/INPUT_PDF_FILES/28151882.pdf
10,Sign_symptom,numbness,0.9994581937789917,1,/content/drive/MyDrive/MACROBATT/INPUT_PDF_FILES/28151882.pdf
11,Biological_structure,bowel,0.998694121837616,1,/content/drive/MyDrive/MACROBATT/INPUT_PDF_FILES/28151882.pdf
12,Biological_structure,bladder,0.9999603033065796,1,/content/drive/MyDrive/MACROBATT/INPUT_PDF_FILES/28151882.pdf
13,History,hypertension,0.8998013138771057,1,/content/drive/MyDrive/MACROBATT/INPUT_PDF_FILES/28151882.pdf
14,History,"coronary heart disease , , , , cerebral infarction , , , , and asthma , , , , all of of which",0.9878582954406738,1,/content/drive/MyDrive/MACROBATT/INPUT_PDF_FILES/28151882.pdf
15,Diagnostic_procedure,Physical exam,0.9998958706855774,1,/content/drive/MyDrive/MACROBATT/INPUT_PDF_FILES/28151882.pdf
16,Disease_disorder,kyphosis,0.9986288547515869,1,/content/drive/MyDrive/MACROBATT/INPUT_PDF_FILES/28151882.pdf
17,Biological_structure,thoracic,0.9999605417251587,1,/content/drive/MyDrive/MACROBATT/INPUT_PDF_FILES/28151882.pdf
18,Biological_structure,thoracic spine,0.9857838749885559,1,/content/drive/MyDrive/MACROBATT/INPUT_PDF_FILES/28151882.pdf
19,Detailed_description,spine in standing standing position,0.9999138712882996,1,/content/drive/MyDrive/MACROBATT/INPUT_PDF_FILES/28151882.pdf
20,Detailed_description,rap,0.999876856803894,1,/content/drive/MyDrive/MACROBATT/INPUT_PDF_FILES/28151882.pdf
21,Biological_structure,T12,0.9993610382080078,1,/content/drive/MyDrive/MACROBATT/INPUT_PDF_FILES/28151882.pdf
22,Diagnostic_procedure,general medical examination examinations,0.9998133778572083,1,/content/drive/MyDrive/MACROBATT/INPUT_PDF_FILES/28151882.pdf
23,Lab_value,unremarkable,0.9877159595489502,1,/content/drive/MyDrive/MACROBATT/INPUT_PDF_FILES/28151882.pdf
24,Biological_structure,upper and and lower extremity,0.9997922778129578,1,/content/drive/MyDrive/MACROBATT/INPUT_PDF_FILES/28151882.pdf
25,Detailed_description,stretch,0.9953633546829224,1,/content/drive/MyDrive/MACROBATT/INPUT_PDF_FILES/28151882.pdf
26,Biological_structure,sensory,0.9478076696395874,1,/content/drive/MyDrive/MACROBATT/INPUT_PDF_FILES/28151882.pdf
27,Diagnostic_procedure,X-ray,0.9990279674530029,1,/content/drive/MyDrive/MACROBATT/INPUT_PDF_FILES/28151882.pdf
28,Diagnostic_procedure,computed tomography,0.9999260902404785,1,/content/drive/MyDrive/MACROBATT/INPUT_PDF_FILES/28151882.pdf
29,Diagnostic_procedure,( ( (,0.9863540530204773,1,/content/drive/MyDrive/MACROBATT/INPUT_PDF_FILES/28151882.pdf
30,Diagnostic_procedure,magnetic resonance imaging,0.9997258186340332,1,/content/drive/MyDrive/MACROBATT/INPUT_PDF_FILES/28151882.pdf
31,Diagnostic_procedure,MRI,0.9949371814727783,1,/content/drive/MyDrive/MACROBATT/INPUT_PDF_FILES/28151882.pdf
32,Nonbiological_location,hospital,0.9992485642433167,1,/content/drive/MyDrive/MACROBATT/INPUT_PDF_FILES/28151882.pdf
33,Detailed_description,lateral,0.9999692440032959,1,/content/drive/MyDrive/MACROBATT/INPUT_PDF_FILES/28151882.pdf
34,Disease_disorder,fracture,0.9995145797729492,1,/content/drive/MyDrive/MACROBATT/INPUT_PDF_FILES/28151882.pdf
35,Lab_value,40°,0.9496675729751587,1,/content/drive/MyDrive/MACROBATT/INPUT_PDF_FILES/28151882.pdf
36,Biological_structure,kyphotic,0.8482012748718262,1,/content/drive/MyDrive/MACROBATT/INPUT_PDF_FILES/28151882.pdf
37,Sign_symptom,intravertebral,0.999717652797699,1,/content/drive/MyDrive/MACROBATT/INPUT_PDF_FILES/28151882.pdf
38,Sign_symptom,intravertebral vacuum,0.9982650279998779,1,/content/drive/MyDrive/MACROBATT/INPUT_PDF_FILES/28151882.pdf
39,Detailed_description,Sagittal,0.9999767541885376,1,/content/drive/MyDrive/MACROBATT/INPUT_PDF_FILES/28151882.pdf
40,Detailed_description,Sagittal T1-weighted,0.9968366026878357,1,/content/drive/MyDrive/MACROBATT/INPUT_PDF_FILES/28151882.pdf
41,Detailed_description,decreased signal,0.999944269657135,1,/content/drive/MyDrive/MACROBATT/INPUT_PDF_FILES/28151882.pdf
42,Sign_symptom,intravertebral vacuum cleft,0.9998605847358704,1,/content/drive/MyDrive/MACROBATT/INPUT_PDF_FILES/28151882.pdf
43,Biological_structure,posterior cortex,0.9999327063560486,1,/content/drive/MyDrive/MACROBATT/INPUT_PDF_FILES/28151882.pdf
44,Disease_disorder,breakage,0.9936473369598389,1,/content/drive/MyDrive/MACROBATT/INPUT_PDF_FILES/28151882.pdf
45,Sign_symptom,cord compression,0.9998446702957153,1,/content/drive/MyDrive/MACROBATT/INPUT_PDF_FILES/28151882.pdf
46,Detailed_description,Sagittal T2-weighted,0.9996326565742493,1,/content/drive/MyDrive/MACROBATT/INPUT_PDF_FILES/28151882.pdf
47,Detailed_description,increased signal,0.9998774528503418,1,/content/drive/MyDrive/MACROBATT/INPUT_PDF_FILES/28151882.pdf
48,Disease_disorder,Kümmell,0.9998961687088013,1,/content/drive/MyDrive/MACROBATT/INPUT_PDF_FILES/28151882.pdf
49,Disease_disorder,Kümmell disease,0.9861788749694824,1,/content/drive/MyDrive/MACROBATT/INPUT_PDF_FILES/28151882.pdf
50,Medication,general anesthesia,0.994811475276947,1,/content/drive/MyDrive/MACROBATT/INPUT_PDF_FILES/28151882.pdf
51,Detailed_description,prone,0.9715496301651001,1,/content/drive/MyDrive/MACROBATT/INPUT_PDF_FILES/28151882.pdf
52,Therapeutic_procedure,posterior exposure,0.9930485486984253,1,/content/drive/MyDrive/MACROBATT/INPUT_PDF_FILES/28151882.pdf
53,Biological_structure,spine,0.999896764755249,1,/content/drive/MyDrive/MACROBATT/INPUT_PDF_FILES/28151882.pdf
54,Therapeutic_procedure,pedicle,0.6424807906150818,1,/content/drive/MyDrive/MACROBATT/INPUT_PDF_FILES/28151882.pdf
55,Therapeutic_procedure,pedicle screws,0.7636232376098633,1,/content/drive/MyDrive/MACROBATT/INPUT_PDF_FILES/28151882.pdf
56,Biological_structure,vertebrae,0.9999035596847534,1,/content/drive/MyDrive/MACROBATT/INPUT_PDF_FILES/28151882.pdf
57,Biological_structure,T10 T11,0.8973981738090515,1,/content/drive/MyDrive/MACROBATT/INPUT_PDF_FILES/28151882.pdf
58,Coreference,screws,0.8291058540344238,1,/content/drive/MyDrive/MACROBATT/INPUT_PDF_FILES/28151882.pdf
59,Detailed_description,left side,0.9465968608856201,1,/content/drive/MyDrive/MACROBATT/INPUT_PDF_FILES/28151882.pdf
60,Detailed_description,temporary stabilizing,0.7210610508918762,1,/content/drive/MyDrive/MACROBATT/INPUT_PDF_FILES/28151882.pdf
61,Therapeutic_procedure,Laminectomy,0.9997640252113342,1,/content/drive/MyDrive/MACROBATT/INPUT_PDF_FILES/28151882.pdf
62,Therapeutic_procedure,decompress,0.9955548644065857,1,/content/drive/MyDrive/MACROBATT/INPUT_PDF_FILES/28151882.pdf
63,Biological_structure,subperiosteal,0.7614718079566956,1,/content/drive/MyDrive/MACROBATT/INPUT_PDF_FILES/28151882.pdf
64,Therapeutic_procedure,dissection,0.9979838132858276,1,/content/drive/MyDrive/MACROBATT/INPUT_PDF_FILES/28151882.pdf
65,Detailed_description,right,0.9999239444732666,1,/content/drive/MyDrive/MACROBATT/INPUT_PDF_FILES/28151882.pdf
66,Biological_structure,T12 vertebral body,0.9995408654212952,1,/content/drive/MyDrive/MACROBATT/INPUT_PDF_FILES/28151882.pdf
67,Biological_structure,anterior,0.9990236759185791,1,/content/drive/MyDrive/MACROBATT/INPUT_PDF_FILES/28151882.pdf
68,Detailed_description,right side,0.9983260631561279,1,/content/drive/MyDrive/MACROBATT/INPUT_PDF_FILES/28151882.pdf
69,Biological_structure,articular process,0.9858954548835754,1,/content/drive/MyDrive/MACROBATT/INPUT_PDF_FILES/28151882.pdf
70,Diagnostic_procedure,T11/T12,0.9626426696777344,1,/content/drive/MyDrive/MACROBATT/INPUT_PDF_FILES/28151882.pdf
71,Detailed_description,T11/T12 T12/L1,0.5085069537162781,1,/content/drive/MyDrive/MACROBATT/INPUT_PDF_FILES/28151882.pdf
72,Diagnostic_procedure,T12/L1,0.9132311344146729,1,/content/drive/MyDrive/MACROBATT/INPUT_PDF_FILES/28151882.pdf
73,Diagnostic_procedure,intervertebral disks,0.991369903087616,1,/content/drive/MyDrive/MACROBATT/INPUT_PDF_FILES/28151882.pdf
74,Detailed_description,temporary,0.9954695701599121,1,/content/drive/MyDrive/MACROBATT/INPUT_PDF_FILES/28151882.pdf
75,Detailed_description,stabilizing rod rod,0.9226357936859131,1,/content/drive/MyDrive/MACROBATT/INPUT_PDF_FILES/28151882.pdf
76,Detailed_description,rod rod bended,0.9258087277412415,1,/content/drive/MyDrive/MACROBATT/INPUT_PDF_FILES/28151882.pdf
77,Detailed_description,Autologous,0.999923825263977,1,/content/drive/MyDrive/MACROBATT/INPUT_PDF_FILES/28151882.pdf
78,Biological_structure,bone,0.9979630708694458,1,/content/drive/MyDrive/MACROBATT/INPUT_PDF_FILES/28151882.pdf
79,Therapeutic_procedure,graft,0.9950914978981018,1,/content/drive/MyDrive/MACROBATT/INPUT_PDF_FILES/28151882.pdf
80,Therapeutic_procedure,titanium mesh,0.979901909828186,1,/content/drive/MyDrive/MACROBATT/INPUT_PDF_FILES/28151882.pdf
81,Biological_structure,intervertebral,0.8649893999099731,1,/content/drive/MyDrive/MACROBATT/INPUT_PDF_FILES/28151882.pdf
82,Coreference,rod,0.9691582322120667,1,/content/drive/MyDrive/MACROBATT/INPUT_PDF_FILES/28151882.pdf
83,Lab_value,desired contour,0.8858938217163086,1,/content/drive/MyDrive/MACROBATT/INPUT_PDF_FILES/28151882.pdf
84,Therapeutic_procedure,hemostasis,0.9974092841148376,1,/content/drive/MyDrive/MACROBATT/INPUT_PDF_FILES/28151882.pdf
85,Therapeutic_procedure,wound,0.9917049407958984,1,/content/drive/MyDrive/MACROBATT/INPUT_PDF_FILES/28151882.pdf
86,Therapeutic_procedure,irrigated,0.8991782069206238,1,/content/drive/MyDrive/MACROBATT/INPUT_PDF_FILES/28151882.pdf
87,Therapeutic_procedure,Drainage tube,0.9997420907020569,1,/content/drive/MyDrive/MACROBATT/INPUT_PDF_FILES/28151882.pdf
88,Duration,150,0.7583959102630615,1,/content/drive/MyDrive/MACROBATT/INPUT_PDF_FILES/28151882.pdf
89,Disease_disorder,blood loss,0.9996519088745117,1,/content/drive/MyDrive/MACROBATT/INPUT_PDF_FILES/28151882.pdf
90,Volume,600,0.9779346585273743,1,/content/drive/MyDrive/MACROBATT/INPUT_PDF_FILES/28151882.pdf
91,Medication,antibiotic anticoagulant,0.9998891353607178,1,/content/drive/MyDrive/MACROBATT/INPUT_PDF_FILES/28151882.pdf
92,Medication,antibiotic,0.8236179947853088,1,/content/drive/MyDrive/MACROBATT/INPUT_PDF_FILES/28151882.pdf
93,Duration,1 1,0.9457389712333679,1,/content/drive/MyDrive/MACROBATT/INPUT_PDF_FILES/28151882.pdf
94,Medication,anticoagulant therapy,0.9337608814239502,1,/content/drive/MyDrive/MACROBATT/INPUT_PDF_FILES/28151882.pdf
95,Therapeutic_procedure,drainage drainage tube,0.9989643096923828,1,/content/drive/MyDrive/MACROBATT/INPUT_PDF_FILES/28151882.pdf
96,Therapeutic_procedure,removed,0.9924970865249634,1,/content/drive/MyDrive/MACROBATT/INPUT_PDF_FILES/28151882.pdf
97,Date,3 days postoperative,0.9985035061836243,1,/content/drive/MyDrive/MACROBATT/INPUT_PDF_FILES/28151882.pdf
98,Lab_value,less than 50,0.9367766380310059,1,/content/drive/MyDrive/MACROBATT/INPUT_PDF_FILES/28151882.pdf
99,Activity,out of bed,0.9925596714019775,1,/content/drive/MyDrive/MACROBATT/INPUT_PDF_FILES/28151882.pdf
100,Detailed_description,custom-made,0.9597258567810059,1,/content/drive/MyDrive/MACROBATT/INPUT_PDF_FILES/28151882.pdf
101,Detailed_description,plastic,0.9996457099914551,1,/content/drive/MyDrive/MACROBATT/INPUT_PDF_FILES/28151882.pdf
102,Disease_disorder,orthosis,0.995941698551178,1,/content/drive/MyDrive/MACROBATT/INPUT_PDF_FILES/28151882.pdf
103,Disease_disorder,with orthosis,0.9955703616142273,1,/content/drive/MyDrive/MACROBATT/INPUT_PDF_FILES/28151882.pdf
104,Date,1 week after,0.9997499585151672,1,/content/drive/MyDrive/MACROBATT/INPUT_PDF_FILES/28151882.pdf
105,Coreference,orthosis for,0.999601423740387,1,/content/drive/MyDrive/MACROBATT/INPUT_PDF_FILES/28151882.pdf
106,Coreference,orthosis months,0.9996715784072876,1,/content/drive/MyDrive/MACROBATT/INPUT_PDF_FILES/28151882.pdf
107,Nonbiological_location,out,0.8187742829322815,1,/content/drive/MyDrive/MACROBATT/INPUT_PDF_FILES/28151882.pdf
108,Date,12 days after operation,0.9997397661209106,1,/content/drive/MyDrive/MACROBATT/INPUT_PDF_FILES/28151882.pdf
109,Therapeutic_procedure,surgical suture,0.9848311543464661,1,/content/drive/MyDrive/MACROBATT/INPUT_PDF_FILES/28151882.pdf
110,Diagnostic_procedure,Pain assessments,0.9999099969863892,1,/content/drive/MyDrive/MACROBATT/INPUT_PDF_FILES/28151882.pdf
111,Diagnostic_procedure,visual analogue scale,0.9999258518218994,1,/content/drive/MyDrive/MACROBATT/INPUT_PDF_FILES/28151882.pdf
112,Diagnostic_procedure,VAS,0.9946586489677429,1,/content/drive/MyDrive/MACROBATT/INPUT_PDF_FILES/28151882.pdf
113,Date,1 1 week,0.9181904792785645,1,/content/drive/MyDrive/MACROBATT/INPUT_PDF_FILES/28151882.pdf
114,Date,1 1 year after after operation operation,0.9400773644447327,1,/content/drive/MyDrive/MACROBATT/INPUT_PDF_FILES/28151882.pdf
115,Activity,normal activities,0.9572920799255371,2,/content/drive/MyDrive/MACROBATT/INPUT_PDF_FILES/28151882.pdf
116,Clinical_event,returned,0.7917355298995972,2,/content/drive/MyDrive/MACROBATT/INPUT_PDF_FILES/28151882.pdf
117,Date,3 months after,0.999828040599823,2,/content/drive/MyDrive/MACROBATT/INPUT_PDF_FILES/28151882.pdf
118,Diagnostic_procedure,Cobb angle,0.7640419602394104,2,/content/drive/MyDrive/MACROBATT/INPUT_PDF_FILES/28151882.pdf
119,Date,1 1 17° week after after,0.9756022095680237,2,/content/drive/MyDrive/MACROBATT/INPUT_PDF_FILES/28151882.pdf
120,Date,1 1 17° year after after operation operation,0.9996374845504761,2,/content/drive/MyDrive/MACROBATT/INPUT_PDF_FILES/28151882.pdf
121,Lab_value,40°,0.7619388103485107,2,/content/drive/MyDrive/MACROBATT/INPUT_PDF_FILES/28151882.pdf
122,Lab_value,17°,0.9964333772659302,2,/content/drive/MyDrive/MACROBATT/INPUT_PDF_FILES/28151882.pdf
123,Lab_value,improvement,0.8116435408592224,2,/content/drive/MyDrive/MACROBATT/INPUT_PDF_FILES/28151882.pdf
