,Entity Group,Value,Score,Page,Pdf File
0,Biological_structure,pancreatic panceratitis,0.9999396800994873,1,/content/drive/MyDrive/MACROBATT/INPUT_PDF_FILES/28154700.pdf
1,Biological_structure,pancreatic,0.9998694658279419,1,/content/drive/MyDrive/MACROBATT/INPUT_PDF_FILES/28154700.pdf
2,Sign_symptom,tumor,0.9996823072433472,1,/content/drive/MyDrive/MACROBATT/INPUT_PDF_FILES/28154700.pdf
3,Sign_symptom,trauma,0.8007511496543884,1,/content/drive/MyDrive/MACROBATT/INPUT_PDF_FILES/28154700.pdf
4,Age,47-year-old,0.9930111169815063,1,/content/drive/MyDrive/MACROBATT/INPUT_PDF_FILES/28154700.pdf
5,Personal_background,Tunisian,0.998744010925293,1,/content/drive/MyDrive/MACROBATT/INPUT_PDF_FILES/28154700.pdf
6,Sex,man,0.9997807145118713,1,/content/drive/MyDrive/MACROBATT/INPUT_PDF_FILES/28154700.pdf
7,Disease_disorder,Crohn,0.9999029636383057,1,/content/drive/MyDrive/MACROBATT/INPUT_PDF_FILES/28154700.pdf
8,Disease_disorder,Crohn 's disease,0.981362521648407,1,/content/drive/MyDrive/MACROBATT/INPUT_PDF_FILES/28154700.pdf
9,Clinical_event,admitted,0.9998637437820435,1,/content/drive/MyDrive/MACROBATT/INPUT_PDF_FILES/28154700.pdf
10,Nonbiological_location,University Hospital,0.9996434450149536,1,/content/drive/MyDrive/MACROBATT/INPUT_PDF_FILES/28154700.pdf
11,Date,2015,0.9986347556114197,1,/content/drive/MyDrive/MACROBATT/INPUT_PDF_FILES/28154700.pdf
12,Detailed_description,fluid,0.9998972415924072,1,/content/drive/MyDrive/MACROBATT/INPUT_PDF_FILES/28154700.pdf
13,Detailed_description,chronic,0.9999452829360962,1,/content/drive/MyDrive/MACROBATT/INPUT_PDF_FILES/28154700.pdf
14,Sign_symptom,diarrhea,0.9999637603759766,1,/content/drive/MyDrive/MACROBATT/INPUT_PDF_FILES/28154700.pdf
15,Quantitative_concept,47-year-old 4,0.9876662492752075,1,/content/drive/MyDrive/MACROBATT/INPUT_PDF_FILES/28154700.pdf
16,Diagnostic_procedure,stools per day daytime,0.9993270039558411,1,/content/drive/MyDrive/MACROBATT/INPUT_PDF_FILES/28154700.pdf
17,Qualitative_concept,daytime only,0.9319784641265869,1,/content/drive/MyDrive/MACROBATT/INPUT_PDF_FILES/28154700.pdf
18,Other_event,47-year-old history of Crohn to Hospital of chronic stools only out ooddebr associated vomiting out abdominal or loss not from months,0.9794881939888,1,/content/drive/MyDrive/MACROBATT/INPUT_PDF_FILES/28154700.pdf
19,Other_event,ooddebr,0.9510587453842163,1,/content/drive/MyDrive/MACROBATT/INPUT_PDF_FILES/28154700.pdf
20,Sign_symptom,vomiting,0.9999276399612427,1,/content/drive/MyDrive/MACROBATT/INPUT_PDF_FILES/28154700.pdf
21,Biological_structure,abdominal,0.9999449253082275,1,/content/drive/MyDrive/MACROBATT/INPUT_PDF_FILES/28154700.pdf
22,Sign_symptom,pain,0.9999685287475586,1,/content/drive/MyDrive/MACROBATT/INPUT_PDF_FILES/28154700.pdf
23,Sign_symptom,fever,0.9999663829803467,1,/content/drive/MyDrive/MACROBATT/INPUT_PDF_FILES/28154700.pdf
24,Sign_symptom,weight loss,0.9999407529830933,1,/content/drive/MyDrive/MACROBATT/INPUT_PDF_FILES/28154700.pdf
25,Diagnostic_procedure,Laboratory tests,0.9999463558197021,1,/content/drive/MyDrive/MACROBATT/INPUT_PDF_FILES/28154700.pdf
26,Qualitative_concept,elevations,0.9436928033828735,1,/content/drive/MyDrive/MACROBATT/INPUT_PDF_FILES/28154700.pdf
27,Biological_structure,serum,0.9999310970306396,1,/content/drive/MyDrive/MACROBATT/INPUT_PDF_FILES/28154700.pdf
28,Diagnostic_procedure,ultrasound,0.9999724626541138,1,/content/drive/MyDrive/MACROBATT/INPUT_PDF_FILES/28154700.pdf
29,Diagnostic_procedure,computed tomography,0.9998500347137451,1,/content/drive/MyDrive/MACROBATT/INPUT_PDF_FILES/28154700.pdf
30,Diagnostic_procedure,( (,0.998580813407898,1,/content/drive/MyDrive/MACROBATT/INPUT_PDF_FILES/28154700.pdf
31,Disease_disorder,ileitis,0.9984003305435181,1,/content/drive/MyDrive/MACROBATT/INPUT_PDF_FILES/28154700.pdf
32,Biological_structure,last ileal ileal loop loops,0.9999333024024963,1,/content/drive/MyDrive/MACROBATT/INPUT_PDF_FILES/28154700.pdf
33,Sign_symptom,extended,0.9986036419868469,1,/content/drive/MyDrive/MACROBATT/INPUT_PDF_FILES/28154700.pdf
34,Distance,300 mm 22mm,0.9966478943824768,1,/content/drive/MyDrive/MACROBATT/INPUT_PDF_FILES/28154700.pdf
35,Sign_symptom,distended dilatation,0.9993727803230286,1,/content/drive/MyDrive/MACROBATT/INPUT_PDF_FILES/28154700.pdf
36,Sign_symptom,distended,0.9958009123802185,1,/content/drive/MyDrive/MACROBATT/INPUT_PDF_FILES/28154700.pdf
37,Sign_symptom,extended distended,0.9990645051002502,1,/content/drive/MyDrive/MACROBATT/INPUT_PDF_FILES/28154700.pdf
38,Biological_structure,ileal ileal loops,0.9988117218017578,1,/content/drive/MyDrive/MACROBATT/INPUT_PDF_FILES/28154700.pdf
39,Detailed_description,cystic,0.9984700083732605,1,/content/drive/MyDrive/MACROBATT/INPUT_PDF_FILES/28154700.pdf
40,Sign_symptom,image,0.9996803998947144,1,/content/drive/MyDrive/MACROBATT/INPUT_PDF_FILES/28154700.pdf
41,Biological_structure,tail of of of of the the the pancreas,0.9999324679374695,1,/content/drive/MyDrive/MACROBATT/INPUT_PDF_FILES/28154700.pdf
42,Sign_symptom,underwent ultrasound uncalcified,0.9870145320892334,1,/content/drive/MyDrive/MACROBATT/INPUT_PDF_FILES/28154700.pdf
43,Sign_symptom,uncalcified,0.9329512715339661,1,/content/drive/MyDrive/MACROBATT/INPUT_PDF_FILES/28154700.pdf
44,Biological_structure,extended distended endoluminal,0.9999544620513916,1,/content/drive/MyDrive/MACROBATT/INPUT_PDF_FILES/28154700.pdf
45,Sign_symptom,bourgeon,0.8752925395965576,1,/content/drive/MyDrive/MACROBATT/INPUT_PDF_FILES/28154700.pdf
46,Biological_structure,pancreas pancreatic,0.9999575614929199,1,/content/drive/MyDrive/MACROBATT/INPUT_PDF_FILES/28154700.pdf
47,Area,28 extended x 22mm,0.9988301396369934,1,/content/drive/MyDrive/MACROBATT/INPUT_PDF_FILES/28154700.pdf
48,Diagnostic_procedure,size,0.9999234676361084,1,/content/drive/MyDrive/MACROBATT/INPUT_PDF_FILES/28154700.pdf
49,Biological_structure,head,0.9997679591178894,1,/content/drive/MyDrive/MACROBATT/INPUT_PDF_FILES/28154700.pdf
50,Sign_symptom,enlarged,0.999943733215332,1,/content/drive/MyDrive/MACROBATT/INPUT_PDF_FILES/28154700.pdf
51,Biological_structure,lymph nodes,0.9988467693328857,1,/content/drive/MyDrive/MACROBATT/INPUT_PDF_FILES/28154700.pdf
52,Detailed_description,bilateral bilateral,0.9999301433563232,1,/content/drive/MyDrive/MACROBATT/INPUT_PDF_FILES/28154700.pdf
53,Disease_disorder,sacroiliitis,0.9997648596763611,1,/content/drive/MyDrive/MACROBATT/INPUT_PDF_FILES/28154700.pdf
54,Disease_disorder,coxarthrosis,0.8998945951461792,1,/content/drive/MyDrive/MACROBATT/INPUT_PDF_FILES/28154700.pdf
55,Diagnostic_procedure,MRI,0.9999566078186035,1,/content/drive/MyDrive/MACROBATT/INPUT_PDF_FILES/28154700.pdf
56,Biological_structure,last ileal loop,0.9999414086341858,1,/content/drive/MyDrive/MACROBATT/INPUT_PDF_FILES/28154700.pdf
57,Biological_structure,pancreatic pancreas,0.9995825886726379,1,/content/drive/MyDrive/MACROBATT/INPUT_PDF_FILES/28154700.pdf
58,Detailed_description,parietal,0.9999531507492065,1,/content/drive/MyDrive/MACROBATT/INPUT_PDF_FILES/28154700.pdf
59,Sign_symptom,enhancement,0.9999446868896484,1,/content/drive/MyDrive/MACROBATT/INPUT_PDF_FILES/28154700.pdf
60,Biological_structure,caudal,0.9930720925331116,1,/content/drive/MyDrive/MACROBATT/INPUT_PDF_FILES/28154700.pdf
61,Biological_structure,pancreas,0.9998261332511902,1,/content/drive/MyDrive/MACROBATT/INPUT_PDF_FILES/28154700.pdf
62,Severity,slight,0.9970284104347229,1,/content/drive/MyDrive/MACROBATT/INPUT_PDF_FILES/28154700.pdf
63,Sign_symptom,dilation,0.9998476505279541,1,/content/drive/MyDrive/MACROBATT/INPUT_PDF_FILES/28154700.pdf
64,Biological_structure,gallbladder gallstones,0.9999674558639526,1,/content/drive/MyDrive/MACROBATT/INPUT_PDF_FILES/28154700.pdf
65,Detailed_description,multiple,0.998917818069458,1,/content/drive/MyDrive/MACROBATT/INPUT_PDF_FILES/28154700.pdf
66,Sign_symptom,gallstones,0.9988577365875244,1,/content/drive/MyDrive/MACROBATT/INPUT_PDF_FILES/28154700.pdf
67,Diagnostic_procedure,Tumor,0.9409080147743225,1,/content/drive/MyDrive/MACROBATT/INPUT_PDF_FILES/28154700.pdf
68,Diagnostic_procedure,colonoscopy,0.9999518394470215,1,/content/drive/MyDrive/MACROBATT/INPUT_PDF_FILES/28154700.pdf
69,Biological_structure,terminal ileum,0.9999260902404785,1,/content/drive/MyDrive/MACROBATT/INPUT_PDF_FILES/28154700.pdf
70,Sign_symptom,ulcerations,0.9999145269393921,1,/content/drive/MyDrive/MACROBATT/INPUT_PDF_FILES/28154700.pdf
71,Diagnostic_procedure,biopsies,0.9961737990379333,1,/content/drive/MyDrive/MACROBATT/INPUT_PDF_FILES/28154700.pdf
72,Detailed_description,subacute,0.9999752044677734,1,/content/drive/MyDrive/MACROBATT/INPUT_PDF_FILES/28154700.pdf
73,Detailed_description,ulcerative,0.9997853636741638,1,/content/drive/MyDrive/MACROBATT/INPUT_PDF_FILES/28154700.pdf
74,Diagnostic_procedure,Esophagogastroduodenoscopy,0.999969482421875,1,/content/drive/MyDrive/MACROBATT/INPUT_PDF_FILES/28154700.pdf
75,Therapeutic_procedure,laparoscopy,0.9982851147651672,1,/content/drive/MyDrive/MACROBATT/INPUT_PDF_FILES/28154700.pdf
76,Detailed_description,caudal pathological,0.9999746084213257,1,/content/drive/MyDrive/MACROBATT/INPUT_PDF_FILES/28154700.pdf
77,Therapeutic_procedure,pancreatectomy,0.9854705929756165,1,/content/drive/MyDrive/MACROBATT/INPUT_PDF_FILES/28154700.pdf
78,Therapeutic_procedure,cholecystectomy,0.9999232292175293,1,/content/drive/MyDrive/MACROBATT/INPUT_PDF_FILES/28154700.pdf
79,Distance,.1.5 cm,0.993672251701355,1,/content/drive/MyDrive/MACROBATT/INPUT_PDF_FILES/28154700.pdf
80,Detailed_description,cholecystectomy cystic,0.9999431371688843,1,/content/drive/MyDrive/MACROBATT/INPUT_PDF_FILES/28154700.pdf
81,Biological_structure,tail of pancreas,0.9999152421951294,1,/content/drive/MyDrive/MACROBATT/INPUT_PDF_FILES/28154700.pdf
82,Therapeutic_procedure,resected,0.9939061999320984,1,/content/drive/MyDrive/MACROBATT/INPUT_PDF_FILES/28154700.pdf
83,Diagnostic_procedure,post-operative course,0.9995962381362915,1,/content/drive/MyDrive/MACROBATT/INPUT_PDF_FILES/28154700.pdf
84,Clinical_event,discharged,0.9998188614845276,1,/content/drive/MyDrive/MACROBATT/INPUT_PDF_FILES/28154700.pdf
85,Nonbiological_location,home,0.9995967745780945,1,/content/drive/MyDrive/MACROBATT/INPUT_PDF_FILES/28154700.pdf
86,Date,within 7 days,0.9997823238372803,1,/content/drive/MyDrive/MACROBATT/INPUT_PDF_FILES/28154700.pdf
87,Lab_value,good,0.9998729228973389,1,/content/drive/MyDrive/MACROBATT/INPUT_PDF_FILES/28154700.pdf
88,Sign_symptom,symptoms of glucose intolerance,0.9999275207519531,1,/content/drive/MyDrive/MACROBATT/INPUT_PDF_FILES/28154700.pdf
89,Lab_value,normal,0.9995166063308716,1,/content/drive/MyDrive/MACROBATT/INPUT_PDF_FILES/28154700.pdf
90,Therapeutic_procedure,diet,0.9997184872627258,1,/content/drive/MyDrive/MACROBATT/INPUT_PDF_FILES/28154700.pdf
91,Diagnostic_procedure,microscopic examination,0.9999224543571472,1,/content/drive/MyDrive/MACROBATT/INPUT_PDF_FILES/28154700.pdf
92,Detailed_description,well differentiated,0.9999222755432129,1,/content/drive/MyDrive/MACROBATT/INPUT_PDF_FILES/28154700.pdf
93,Detailed_description,cystic cholecystitis,0.9999638795852661,1,/content/drive/MyDrive/MACROBATT/INPUT_PDF_FILES/28154700.pdf
94,Biological_structure,neuro endocrine neuroendocrine,0.9333520531654358,1,/content/drive/MyDrive/MACROBATT/INPUT_PDF_FILES/28154700.pdf
95,Biological_structure,neuro neuroendocrine endocrine neuroendocrine,0.7224400639533997,1,/content/drive/MyDrive/MACROBATT/INPUT_PDF_FILES/28154700.pdf
96,Biological_structure,tail of of of of of the the the pancreas,0.9999156594276428,1,/content/drive/MyDrive/MACROBATT/INPUT_PDF_FILES/28154700.pdf
97,Qualitative_concept,grade I,0.9542920589447021,1,/content/drive/MyDrive/MACROBATT/INPUT_PDF_FILES/28154700.pdf
98,Lab_value,mitosis limit,0.818543016910553,1,/content/drive/MyDrive/MACROBATT/INPUT_PDF_FILES/28154700.pdf
99,Lab_value,< <,0.7844642996788025,1,/content/drive/MyDrive/MACROBATT/INPUT_PDF_FILES/28154700.pdf
100,Lab_value,2010 2/10CFG,0.791174590587616,1,/content/drive/MyDrive/MACROBATT/INPUT_PDF_FILES/28154700.pdf
101,Diagnostic_procedure,2/10CFG,0.9584818482398987,1,/content/drive/MyDrive/MACROBATT/INPUT_PDF_FILES/28154700.pdf
102,Disease_disorder,hyperplasia,0.863141655921936,1,/content/drive/MyDrive/MACROBATT/INPUT_PDF_FILES/28154700.pdf
103,Sign_symptom,lesions,0.9999403953552246,1,/content/drive/MyDrive/MACROBATT/INPUT_PDF_FILES/28154700.pdf
104,Biological_structure,islets of of of of of Langerhans,0.9922173619270325,1,/content/drive/MyDrive/MACROBATT/INPUT_PDF_FILES/28154700.pdf
105,Diagnostic_procedure,surgical limit,0.9990384578704834,1,/content/drive/MyDrive/MACROBATT/INPUT_PDF_FILES/28154700.pdf
106,Diagnostic_procedure,pTNM pT2,0.9998854398727417,1,/content/drive/MyDrive/MACROBATT/INPUT_PDF_FILES/28154700.pdf
107,Diagnostic_procedure,pTNM,0.934839129447937,1,/content/drive/MyDrive/MACROBATT/INPUT_PDF_FILES/28154700.pdf
108,Clinical_event,out-patient,0.9919793605804443,1,/content/drive/MyDrive/MACROBATT/INPUT_PDF_FILES/28154700.pdf
109,Clinical_event,patient out-patient consultations,0.9843062162399292,1,/content/drive/MyDrive/MACROBATT/INPUT_PDF_FILES/28154700.pdf
110,Severity,severe,0.999332845211029,1,/content/drive/MyDrive/MACROBATT/INPUT_PDF_FILES/28154700.pdf
111,Sign_symptom,complaints,0.9997333884239197,1,/content/drive/MyDrive/MACROBATT/INPUT_PDF_FILES/28154700.pdf
112,Lab_value,correct,0.9929739236831665,1,/content/drive/MyDrive/MACROBATT/INPUT_PDF_FILES/28154700.pdf
113,Diagnostic_procedure,periodic findings,0.9918341636657715,1,/content/drive/MyDrive/MACROBATT/INPUT_PDF_FILES/28154700.pdf
