,Entity Group,Value,Score,Page,Pdf File
0,Age,18-year-old,0.9979788661003113,1,/content/drive/MyDrive/MACROBATT/INPUT_PDF_FILES/28151916.pdf
1,Sex,man,0.9998082518577576,1,/content/drive/MyDrive/MACROBATT/INPUT_PDF_FILES/28151916.pdf
2,Clinical_event,presented,0.9933912754058838,1,/content/drive/MyDrive/MACROBATT/INPUT_PDF_FILES/28151916.pdf
3,Detailed_description,palpable,0.9999420642852783,1,/content/drive/MyDrive/MACROBATT/INPUT_PDF_FILES/28151916.pdf
4,Sign_symptom,lump,0.999923825263977,1,/content/drive/MyDrive/MACROBATT/INPUT_PDF_FILES/28151916.pdf
5,Biological_structure,presternal,0.999567985534668,1,/content/drive/MyDrive/MACROBATT/INPUT_PDF_FILES/28151916.pdf
6,Sign_symptom,weight,0.6601794362068176,1,/content/drive/MyDrive/MACROBATT/INPUT_PDF_FILES/28151916.pdf
7,History,no other,0.8031676411628723,1,/content/drive/MyDrive/MACROBATT/INPUT_PDF_FILES/28151916.pdf
8,History,medical,0.7668982744216919,1,/content/drive/MyDrive/MACROBATT/INPUT_PDF_FILES/28151916.pdf
9,History,trauma,0.7700632810592651,1,/content/drive/MyDrive/MACROBATT/INPUT_PDF_FILES/28151916.pdf
10,Coreference,lesion,0.9996747970581055,1,/content/drive/MyDrive/MACROBATT/INPUT_PDF_FILES/28151916.pdf
11,Coreference,examination lesion position,0.9989022016525269,1,/content/drive/MyDrive/MACROBATT/INPUT_PDF_FILES/28151916.pdf
12,Detailed_description,nonmovable,0.8390100598335266,1,/content/drive/MyDrive/MACROBATT/INPUT_PDF_FILES/28151916.pdf
13,Texture,firm,0.7014414668083191,1,/content/drive/MyDrive/MACROBATT/INPUT_PDF_FILES/28151916.pdf
14,Coreference,mass,0.9781518578529358,1,/content/drive/MyDrive/MACROBATT/INPUT_PDF_FILES/28151916.pdf
15,Sign_symptom,tenderness,0.9998711347579956,1,/content/drive/MyDrive/MACROBATT/INPUT_PDF_FILES/28151916.pdf
16,Detailed_description,midline position,0.9429911971092224,1,/content/drive/MyDrive/MACROBATT/INPUT_PDF_FILES/28151916.pdf
17,Biological_structure,sternum,0.9999034404754639,1,/content/drive/MyDrive/MACROBATT/INPUT_PDF_FILES/28151916.pdf
18,Biological_structure,manubrium,0.999859094619751,1,/content/drive/MyDrive/MACROBATT/INPUT_PDF_FILES/28151916.pdf
19,Sign_symptom,fistulous opening,0.9927173256874084,1,/content/drive/MyDrive/MACROBATT/INPUT_PDF_FILES/28151916.pdf
20,Sign_symptom,discharge,0.9997003078460693,1,/content/drive/MyDrive/MACROBATT/INPUT_PDF_FILES/28151916.pdf
21,Diagnostic_procedure,ultrasonography,0.8549157977104187,1,/content/drive/MyDrive/MACROBATT/INPUT_PDF_FILES/28151916.pdf
22,Detailed_description,well-circumscribed,0.999659538269043,1,/content/drive/MyDrive/MACROBATT/INPUT_PDF_FILES/28151916.pdf
23,Detailed_description,anechoic enhancement and subcutaneous,0.9984328150749207,1,/content/drive/MyDrive/MACROBATT/INPUT_PDF_FILES/28151916.pdf
24,Detailed_description,anechoic,0.9382938742637634,1,/content/drive/MyDrive/MACROBATT/INPUT_PDF_FILES/28151916.pdf
25,Detailed_description,posterior acoustic,0.9988461136817932,1,/content/drive/MyDrive/MACROBATT/INPUT_PDF_FILES/28151916.pdf
26,Volume,3.3 × × 1.7 × × 3.1,0.9975727200508118,1,/content/drive/MyDrive/MACROBATT/INPUT_PDF_FILES/28151916.pdf
27,Biological_structure,subcutaneous fat,0.8516035676002502,1,/content/drive/MyDrive/MACROBATT/INPUT_PDF_FILES/28151916.pdf
28,Biological_structure,dependent portion,0.9998822212219238,1,/content/drive/MyDrive/MACROBATT/INPUT_PDF_FILES/28151916.pdf
29,Detailed_description,heterogeneously,0.9932952523231506,1,/content/drive/MyDrive/MACROBATT/INPUT_PDF_FILES/28151916.pdf
30,Lab_value,the the heterogeneously hypoechoic egg-shaped showing,0.8751055002212524,1,/content/drive/MyDrive/MACROBATT/INPUT_PDF_FILES/28151916.pdf
31,Detailed_description,hypoechoic,0.8458875417709351,1,/content/drive/MyDrive/MACROBATT/INPUT_PDF_FILES/28151916.pdf
32,Shape,egg-shaped,0.7860381007194519,1,/content/drive/MyDrive/MACROBATT/INPUT_PDF_FILES/28151916.pdf
33,Coreference,portion lesion,0.9987230896949768,1,/content/drive/MyDrive/MACROBATT/INPUT_PDF_FILES/28151916.pdf
34,Detailed_description,movement movement according,0.9492930769920349,1,/content/drive/MyDrive/MACROBATT/INPUT_PDF_FILES/28151916.pdf
35,Detailed_description,patient,0.8958346247673035,1,/content/drive/MyDrive/MACROBATT/INPUT_PDF_FILES/28151916.pdf
36,Lab_value,compressed,0.99970942735672,1,/content/drive/MyDrive/MACROBATT/INPUT_PDF_FILES/28151916.pdf
37,Therapeutic_procedure,linear transducer,0.9995050430297852,1,/content/drive/MyDrive/MACROBATT/INPUT_PDF_FILES/28151916.pdf
38,Detailed_description,color,0.9999312162399292,1,/content/drive/MyDrive/MACROBATT/INPUT_PDF_FILES/28151916.pdf
39,Diagnostic_procedure,Doppler study,0.9631304144859314,1,/content/drive/MyDrive/MACROBATT/INPUT_PDF_FILES/28151916.pdf
40,Sign_symptom,vascularity,0.9999052286148071,1,/content/drive/MyDrive/MACROBATT/INPUT_PDF_FILES/28151916.pdf
41,Detailed_description,cystic,0.9998668432235718,1,/content/drive/MyDrive/MACROBATT/INPUT_PDF_FILES/28151916.pdf
42,Detailed_description,internal,0.9997496008872986,1,/content/drive/MyDrive/MACROBATT/INPUT_PDF_FILES/28151916.pdf
43,Lab_value,showed within the the hypoechoic,0.9981429576873779,1,/content/drive/MyDrive/MACROBATT/INPUT_PDF_FILES/28151916.pdf
44,Lab_value,cystic hypoechoic,0.8838651180267334,1,/content/drive/MyDrive/MACROBATT/INPUT_PDF_FILES/28151916.pdf
45,Therapeutic_procedure,Surgical excision,0.999737024307251,1,/content/drive/MyDrive/MACROBATT/INPUT_PDF_FILES/28151916.pdf
46,Coreference,mass mass,0.9991368651390076,1,/content/drive/MyDrive/MACROBATT/INPUT_PDF_FILES/28151916.pdf
47,Detailed_description,well-defined,0.8338685035705566,1,/content/drive/MyDrive/MACROBATT/INPUT_PDF_FILES/28151916.pdf
48,Shape,Grossly ovoid color,0.9170436263084412,1,/content/drive/MyDrive/MACROBATT/INPUT_PDF_FILES/28151916.pdf
49,Detailed_description,ovoid,0.953273355960846,1,/content/drive/MyDrive/MACROBATT/INPUT_PDF_FILES/28151916.pdf
50,Color,gray-tan,0.9351167678833008,1,/content/drive/MyDrive/MACROBATT/INPUT_PDF_FILES/28151916.pdf
51,Lab_value,unilocular,0.8133155703544617,1,/content/drive/MyDrive/MACROBATT/INPUT_PDF_FILES/28151916.pdf
52,Sign_symptom,cyst,0.998230516910553,1,/content/drive/MyDrive/MACROBATT/INPUT_PDF_FILES/28151916.pdf
53,Color,whitish,0.9980787038803101,1,/content/drive/MyDrive/MACROBATT/INPUT_PDF_FILES/28151916.pdf
54,Detailed_description,mucous,0.7310749292373657,1,/content/drive/MyDrive/MACROBATT/INPUT_PDF_FILES/28151916.pdf
55,Detailed_description,lined,0.8430889844894409,1,/content/drive/MyDrive/MACROBATT/INPUT_PDF_FILES/28151916.pdf
56,Detailed_description,ciliated pseudostratified,0.9622801542282104,1,/content/drive/MyDrive/MACROBATT/INPUT_PDF_FILES/28151916.pdf
57,Biological_structure,columnar epithelium,0.9983446002006531,1,/content/drive/MyDrive/MACROBATT/INPUT_PDF_FILES/28151916.pdf
58,Lab_value,nonspecific,0.5775247812271118,1,/content/drive/MyDrive/MACROBATT/INPUT_PDF_FILES/28151916.pdf
59,Detailed_description,collagenous,0.9999524354934692,1,/content/drive/MyDrive/MACROBATT/INPUT_PDF_FILES/28151916.pdf
60,Sign_symptom,nonspecific fibrosis,0.9999549388885498,1,/content/drive/MyDrive/MACROBATT/INPUT_PDF_FILES/28151916.pdf
61,Sign_symptom,fibrosis,0.987429141998291,1,/content/drive/MyDrive/MACROBATT/INPUT_PDF_FILES/28151916.pdf
62,Sign_symptom,cyst cyst cyst cyst cyst,0.9981226325035095,1,/content/drive/MyDrive/MACROBATT/INPUT_PDF_FILES/28151916.pdf
63,Sign_symptom,histological,0.9019446969032288,1,/content/drive/MyDrive/MACROBATT/INPUT_PDF_FILES/28151916.pdf
64,Sign_symptom,histological evidence,0.8690637350082397,1,/content/drive/MyDrive/MACROBATT/INPUT_PDF_FILES/28151916.pdf
65,Detailed_description,bronchogenic,0.9961208701133728,1,/content/drive/MyDrive/MACROBATT/INPUT_PDF_FILES/28151916.pdf
