,Entity Group,Value,Score,Page,Pdf File
0,Age,82-year-old,0.9981802701950073,1,/content/drive/MyDrive/MACROBATT/INPUT_PDF_FILES/28154669.pdf
1,Sex,male,0.9995049238204956,1,/content/drive/MyDrive/MACROBATT/INPUT_PDF_FILES/28154669.pdf
2,Clinical_event,admitted,0.9997542500495911,1,/content/drive/MyDrive/MACROBATT/INPUT_PDF_FILES/28154669.pdf
3,Nonbiological_location,outside hospital ’ was outside hospital s emergency room,0.9996899962425232,1,/content/drive/MyDrive/MACROBATT/INPUT_PDF_FILES/28154669.pdf
4,Biological_structure,abdominal,0.9999260902404785,1,/content/drive/MyDrive/MACROBATT/INPUT_PDF_FILES/28154669.pdf
5,Sign_symptom,pain,0.9999697208404541,1,/content/drive/MyDrive/MACROBATT/INPUT_PDF_FILES/28154669.pdf
6,Sign_symptom,auricular fibrillation,0.9998748898506165,1,/content/drive/MyDrive/MACROBATT/INPUT_PDF_FILES/28154669.pdf
7,History,dicumarinic anticoagulant,0.9983186721801758,1,/content/drive/MyDrive/MACROBATT/INPUT_PDF_FILES/28154669.pdf
8,Detailed_description,spontaneous,0.9999406337738037,1,/content/drive/MyDrive/MACROBATT/INPUT_PDF_FILES/28154669.pdf
9,Disease_disorder,treatment mesenchimal,0.9996860027313232,1,/content/drive/MyDrive/MACROBATT/INPUT_PDF_FILES/28154669.pdf
10,Disease_disorder,mesenchimal haematoma,0.997844398021698,1,/content/drive/MyDrive/MACROBATT/INPUT_PDF_FILES/28154669.pdf
11,Therapeutic_procedure,treated,0.8987088799476624,1,/content/drive/MyDrive/MACROBATT/INPUT_PDF_FILES/28154669.pdf
12,Sign_symptom,hematemesis,0.9999282360076904,1,/content/drive/MyDrive/MACROBATT/INPUT_PDF_FILES/28154669.pdf
13,Diagnostic_procedure,physical examination,0.9999428987503052,1,/content/drive/MyDrive/MACROBATT/INPUT_PDF_FILES/28154669.pdf
14,Lab_value,stable,0.9998898506164551,1,/content/drive/MyDrive/MACROBATT/INPUT_PDF_FILES/28154669.pdf
15,Severity,intense,0.9995085000991821,1,/content/drive/MyDrive/MACROBATT/INPUT_PDF_FILES/28154669.pdf
16,Biological_structure,right lower abdomen,0.9999289512634277,1,/content/drive/MyDrive/MACROBATT/INPUT_PDF_FILES/28154669.pdf
17,Diagnostic_procedure,Blood tests,0.9999100565910339,1,/content/drive/MyDrive/MACROBATT/INPUT_PDF_FILES/28154669.pdf
18,Diagnostic_procedure,haemoglobin,0.9999752044677734,1,/content/drive/MyDrive/MACROBATT/INPUT_PDF_FILES/28154669.pdf
19,Diagnostic_procedure,haemoglobin level,0.9738337397575378,1,/content/drive/MyDrive/MACROBATT/INPUT_PDF_FILES/28154669.pdf
20,Diagnostic_procedure,Coagulation,0.9996007084846497,1,/content/drive/MyDrive/MACROBATT/INPUT_PDF_FILES/28154669.pdf
21,Lab_value,altered,0.9999349117279053,1,/content/drive/MyDrive/MACROBATT/INPUT_PDF_FILES/28154669.pdf
22,Diagnostic_procedure,CT scan,0.999912679195404,1,/content/drive/MyDrive/MACROBATT/INPUT_PDF_FILES/28154669.pdf
23,Severity,massive,0.999396562576294,1,/content/drive/MyDrive/MACROBATT/INPUT_PDF_FILES/28154669.pdf
24,Sign_symptom,hemoperitoneum,0.9991117715835571,1,/content/drive/MyDrive/MACROBATT/INPUT_PDF_FILES/28154669.pdf
25,Disease_disorder,mesenteric hematoma,0.9994783997535706,1,/content/drive/MyDrive/MACROBATT/INPUT_PDF_FILES/28154669.pdf
26,Detailed_description,expansive,0.9998769760131836,1,/content/drive/MyDrive/MACROBATT/INPUT_PDF_FILES/28154669.pdf
27,Disease_disorder,mesenteric performed,0.9997133612632751,1,/content/drive/MyDrive/MACROBATT/INPUT_PDF_FILES/28154669.pdf
28,Disease_disorder,mesenteric,0.997837245464325,1,/content/drive/MyDrive/MACROBATT/INPUT_PDF_FILES/28154669.pdf
29,Detailed_description,ongoing,0.9999101161956787,1,/content/drive/MyDrive/MACROBATT/INPUT_PDF_FILES/28154669.pdf
30,Sign_symptom,bleeding,0.9998983144760132,1,/content/drive/MyDrive/MACROBATT/INPUT_PDF_FILES/28154669.pdf
31,Therapeutic_procedure,laparotomy,0.9998444318771362,1,/content/drive/MyDrive/MACROBATT/INPUT_PDF_FILES/28154669.pdf
32,Volume,3 liters,0.9942274689674377,1,/content/drive/MyDrive/MACROBATT/INPUT_PDF_FILES/28154669.pdf
33,Sign_symptom,fresh and old blood clots,0.999856173992157,1,/content/drive/MyDrive/MACROBATT/INPUT_PDF_FILES/28154669.pdf
34,Distance,90cm from,0.999108612537384,1,/content/drive/MyDrive/MACROBATT/INPUT_PDF_FILES/28154669.pdf
35,Biological_structure,ileocecal valve,0.9998939633369446,1,/content/drive/MyDrive/MACROBATT/INPUT_PDF_FILES/28154669.pdf
36,Detailed_description,torsionated,0.9999710321426392,1,/content/drive/MyDrive/MACROBATT/INPUT_PDF_FILES/28154669.pdf
37,Detailed_description,perforated,0.9887505173683167,1,/content/drive/MyDrive/MACROBATT/INPUT_PDF_FILES/28154669.pdf
38,Disease_disorder,meckel diverticulum,0.9908385872840881,1,/content/drive/MyDrive/MACROBATT/INPUT_PDF_FILES/28154669.pdf
39,Biological_structure,intradiverticular,0.9826692342758179,1,/content/drive/MyDrive/MACROBATT/INPUT_PDF_FILES/28154669.pdf
40,Biological_structure,intradiverticular diverticular,0.9998704195022583,1,/content/drive/MyDrive/MACROBATT/INPUT_PDF_FILES/28154669.pdf
41,Therapeutic_procedure,resection,0.9997110962867737,1,/content/drive/MyDrive/MACROBATT/INPUT_PDF_FILES/28154669.pdf
42,Therapeutic_procedure,postoperatory,0.9986357092857361,1,/content/drive/MyDrive/MACROBATT/INPUT_PDF_FILES/28154669.pdf
43,Lab_value,uneventful,0.6381824016571045,1,/content/drive/MyDrive/MACROBATT/INPUT_PDF_FILES/28154669.pdf
44,Clinical_event,discharged home,0.9921888113021851,1,/content/drive/MyDrive/MACROBATT/INPUT_PDF_FILES/28154669.pdf
45,Date,postoperatory postoperative,0.9320583343505859,1,/content/drive/MyDrive/MACROBATT/INPUT_PDF_FILES/28154669.pdf
