,Entity Group,Value,Score,Page,Pdf File
0,Age,54-year-old,0.9975967407226562,1,/content/drive/MyDrive/MACROBATT/INPUT_PDF_FILES/28173879.pdf
1,Personal_background,Asian,0.9984398484230042,1,/content/drive/MyDrive/MACROBATT/INPUT_PDF_FILES/28173879.pdf
2,Sex,man,0.9997698664665222,1,/content/drive/MyDrive/MACROBATT/INPUT_PDF_FILES/28173879.pdf
3,History,IgA nephropathy,0.9996044039726257,1,/content/drive/MyDrive/MACROBATT/INPUT_PDF_FILES/28173879.pdf
4,Detailed_description,living-donor,0.9999406337738037,1,/content/drive/MyDrive/MACROBATT/INPUT_PDF_FILES/28173879.pdf
5,Therapeutic_procedure,kidney transplantation,0.898404061794281,1,/content/drive/MyDrive/MACROBATT/INPUT_PDF_FILES/28173879.pdf
6,Date,14 years,0.9997910261154175,1,/content/drive/MyDrive/MACROBATT/INPUT_PDF_FILES/28173879.pdf
7,Diagnostic_procedure,medical condition,0.9998946785926819,1,/content/drive/MyDrive/MACROBATT/INPUT_PDF_FILES/28173879.pdf
8,Lab_value,almost stable,0.9998753070831299,1,/content/drive/MyDrive/MACROBATT/INPUT_PDF_FILES/28173879.pdf
9,Detailed_description,multifocal,0.9999697208404541,1,/content/drive/MyDrive/MACROBATT/INPUT_PDF_FILES/28173879.pdf
10,Color,salmon-pink,0.965829074382782,1,/content/drive/MyDrive/MACROBATT/INPUT_PDF_FILES/28173879.pdf
11,Biological_structure,skin,0.9998706579208374,1,/content/drive/MyDrive/MACROBATT/INPUT_PDF_FILES/28173879.pdf
12,Sign_symptom,swelling,0.9999549388885498,1,/content/drive/MyDrive/MACROBATT/INPUT_PDF_FILES/28173879.pdf
13,Detailed_description,spontaneous,0.999969482421875,1,/content/drive/MyDrive/MACROBATT/INPUT_PDF_FILES/28173879.pdf
14,Sign_symptom,pain,0.9999667406082153,1,/content/drive/MyDrive/MACROBATT/INPUT_PDF_FILES/28173879.pdf
15,Biological_structure,left knee,0.9998711347579956,1,/content/drive/MyDrive/MACROBATT/INPUT_PDF_FILES/28173879.pdf
16,Biological_structure,right right forearm,0.9999016523361206,1,/content/drive/MyDrive/MACROBATT/INPUT_PDF_FILES/28173879.pdf
17,Biological_structure,outside,0.8107659220695496,1,/content/drive/MyDrive/MACROBATT/INPUT_PDF_FILES/28173879.pdf
18,Biological_structure,right right,0.999610960483551,1,/content/drive/MyDrive/MACROBATT/INPUT_PDF_FILES/28173879.pdf
19,Clinical_event,admitted,0.9998830556869507,1,/content/drive/MyDrive/MACROBATT/INPUT_PDF_FILES/28173879.pdf
20,Nonbiological_location,hospital,0.999319314956665,1,/content/drive/MyDrive/MACROBATT/INPUT_PDF_FILES/28173879.pdf
21,Diagnostic_procedure,evaluation,0.9997197985649109,1,/content/drive/MyDrive/MACROBATT/INPUT_PDF_FILES/28173879.pdf
22,Sign_symptom,fever,0.9999477863311768,1,/content/drive/MyDrive/MACROBATT/INPUT_PDF_FILES/28173879.pdf
23,Detailed_description,for multifocal,0.9925357103347778,1,/content/drive/MyDrive/MACROBATT/INPUT_PDF_FILES/28173879.pdf
24,Disease_disorder,cellulitis,0.9990628361701965,1,/content/drive/MyDrive/MACROBATT/INPUT_PDF_FILES/28173879.pdf
25,Date,Two months before,0.9998230934143066,1,/content/drive/MyDrive/MACROBATT/INPUT_PDF_FILES/28173879.pdf
26,Detailed_description,chronic,0.9993158578872681,1,/content/drive/MyDrive/MACROBATT/INPUT_PDF_FILES/28173879.pdf
27,Diagnostic_procedure,serum creatinine,0.9998900294303894,1,/content/drive/MyDrive/MACROBATT/INPUT_PDF_FILES/28173879.pdf
28,Lab_value,stabilized,0.9999091625213623,1,/content/drive/MyDrive/MACROBATT/INPUT_PDF_FILES/28173879.pdf
29,Lab_value,1.7 mg/dL,0.9998748898506165,1,/content/drive/MyDrive/MACROBATT/INPUT_PDF_FILES/28173879.pdf
30,Therapeutic_procedure,immunosuppressive tacrolimus,0.9999147653579712,1,/content/drive/MyDrive/MACROBATT/INPUT_PDF_FILES/28173879.pdf
31,Therapeutic_procedure,immunosuppressive,0.9998916387557983,1,/content/drive/MyDrive/MACROBATT/INPUT_PDF_FILES/28173879.pdf
32,Therapeutic_procedure,immunosuppressive therapy,0.9532254934310913,1,/content/drive/MyDrive/MACROBATT/INPUT_PDF_FILES/28173879.pdf
33,Medication,tacrolimus,0.8909914493560791,1,/content/drive/MyDrive/MACROBATT/INPUT_PDF_FILES/28173879.pdf
34,Medication,mycophenolate,0.9998751878738403,1,/content/drive/MyDrive/MACROBATT/INPUT_PDF_FILES/28173879.pdf
35,Medication,mycophenolate mofetil,0.9833107590675354,1,/content/drive/MyDrive/MACROBATT/INPUT_PDF_FILES/28173879.pdf
36,Dosage,1500,0.9554523825645447,1,/content/drive/MyDrive/MACROBATT/INPUT_PDF_FILES/28173879.pdf
37,Medication,prednisone,0.960777759552002,1,/content/drive/MyDrive/MACROBATT/INPUT_PDF_FILES/28173879.pdf
38,Lab_value,6.3,0.9997666478157043,1,/content/drive/MyDrive/MACROBATT/INPUT_PDF_FILES/28173879.pdf
39,Occupation,patient had a years dog breeder for 12 years,0.9750369191169739,1,/content/drive/MyDrive/MACROBATT/INPUT_PDF_FILES/28173879.pdf
40,Diagnostic_procedure,white blood cell count,0.9999063611030579,1,/content/drive/MyDrive/MACROBATT/INPUT_PDF_FILES/28173879.pdf
41,Lab_value,"12,400/μL",0.9998884201049805,1,/content/drive/MyDrive/MACROBATT/INPUT_PDF_FILES/28173879.pdf
42,Diagnostic_procedure,C-reactive protein,0.9999457001686096,1,/content/drive/MyDrive/MACROBATT/INPUT_PDF_FILES/28173879.pdf
43,Lab_value,3.9,0.9997422695159912,1,/content/drive/MyDrive/MACROBATT/INPUT_PDF_FILES/28173879.pdf
44,Medication,ampicillin/sulbactam,0.9998989105224609,1,/content/drive/MyDrive/MACROBATT/INPUT_PDF_FILES/28173879.pdf
45,Dosage,9 g/day,0.9986578822135925,1,/content/drive/MyDrive/MACROBATT/INPUT_PDF_FILES/28173879.pdf
46,Administration,intravenously,0.9993196725845337,1,/content/drive/MyDrive/MACROBATT/INPUT_PDF_FILES/28173879.pdf
47,Date,Two days after,0.9997835159301758,1,/content/drive/MyDrive/MACROBATT/INPUT_PDF_FILES/28173879.pdf
48,Sign_symptom,after afebrile,0.9966530203819275,1,/content/drive/MyDrive/MACROBATT/INPUT_PDF_FILES/28173879.pdf
49,Date,Four days later,0.9998369216918945,1,/content/drive/MyDrive/MACROBATT/INPUT_PDF_FILES/28173879.pdf
50,Detailed_description,automated,0.509702205657959,1,/content/drive/MyDrive/MACROBATT/INPUT_PDF_FILES/28173879.pdf
51,Diagnostic_procedure,blood culture,0.9998220205307007,1,/content/drive/MyDrive/MACROBATT/INPUT_PDF_FILES/28173879.pdf
52,Diagnostic_procedure,Bactec,0.9979528188705444,1,/content/drive/MyDrive/MACROBATT/INPUT_PDF_FILES/28173879.pdf
53,Diagnostic_procedure,Bactec Becton–Dickinson,0.9439563751220703,1,/content/drive/MyDrive/MACROBATT/INPUT_PDF_FILES/28173879.pdf
54,Detailed_description,Becton–Dickinson and Company,0.9753457307815552,1,/content/drive/MyDrive/MACROBATT/INPUT_PDF_FILES/28173879.pdf
55,Detailed_description,"Sparks , , , , MD , , , , USA",0.8638116717338562,1,/content/drive/MyDrive/MACROBATT/INPUT_PDF_FILES/28173879.pdf
56,Lab_value,positivity,0.9999333620071411,1,/content/drive/MyDrive/MACROBATT/INPUT_PDF_FILES/28173879.pdf
57,Detailed_description,gram-negative,0.7101144790649414,1,/content/drive/MyDrive/MACROBATT/INPUT_PDF_FILES/28173879.pdf
58,Biological_structure,blood,0.9958764314651489,1,/content/drive/MyDrive/MACROBATT/INPUT_PDF_FILES/28173879.pdf
59,Diagnostic_procedure,culture,0.9998769760131836,1,/content/drive/MyDrive/MACROBATT/INPUT_PDF_FILES/28173879.pdf
60,Detailed_description,MALDI-,0.9920059442520142,1,/content/drive/MyDrive/MACROBATT/INPUT_PDF_FILES/28173879.pdf
61,Detailed_description,TOF,0.9983906149864197,1,/content/drive/MyDrive/MACROBATT/INPUT_PDF_FILES/28173879.pdf
62,Lab_value,identification identification score was 2.064,0.9997783899307251,1,/content/drive/MyDrive/MACROBATT/INPUT_PDF_FILES/28173879.pdf
63,Diagnostic_procedure,H. cinaedi,0.9991046190261841,1,/content/drive/MyDrive/MACROBATT/INPUT_PDF_FILES/28173879.pdf
64,Detailed_description,gyrase subunit B gyrB gyrB ( ( gyrB gyrB ) ) -targeted,0.9998194575309753,1,/content/drive/MyDrive/MACROBATT/INPUT_PDF_FILES/28173879.pdf
65,Diagnostic_procedure,PCR assays,0.9385449886322021,1,/content/drive/MyDrive/MACROBATT/INPUT_PDF_FILES/28173879.pdf
66,Diagnostic_procedure,forward primer primer,0.7929506301879883,1,/content/drive/MyDrive/MACROBATT/INPUT_PDF_FILES/28173879.pdf
67,Detailed_description,AGGGATTCCACAAAGTGAGC,0.6234751343727112,1,/content/drive/MyDrive/MACROBATT/INPUT_PDF_FILES/28173879.pdf
68,Diagnostic_procedure,AGGGATTCCACAAAGTGAGC TCTTGTCCTGTGCGTTCATC,0.9905622601509094,1,/content/drive/MyDrive/MACROBATT/INPUT_PDF_FILES/28173879.pdf
69,Detailed_description,reverse primer primer,0.9211316108703613,1,/content/drive/MyDrive/MACROBATT/INPUT_PDF_FILES/28173879.pdf
70,Detailed_description,TCTTGTCCTGTGCGTTCATC,0.741312563419342,1,/content/drive/MyDrive/MACROBATT/INPUT_PDF_FILES/28173879.pdf
71,Lab_value,positive,0.9999063014984131,1,/content/drive/MyDrive/MACROBATT/INPUT_PDF_FILES/28173879.pdf
72,Detailed_description,gyrB-targeted using single,0.9999756813049316,1,/content/drive/MyDrive/MACROBATT/INPUT_PDF_FILES/28173879.pdf
73,Detailed_description,gyrB-targeted,0.9373063445091248,1,/content/drive/MyDrive/MACROBATT/INPUT_PDF_FILES/28173879.pdf
74,Diagnostic_procedure,PCR,0.999872088432312,1,/content/drive/MyDrive/MACROBATT/INPUT_PDF_FILES/28173879.pdf
75,Medication,distilled,0.8627051115036011,1,/content/drive/MyDrive/MACROBATT/INPUT_PDF_FILES/28173879.pdf
76,Lab_value,negative control,0.9996387958526611,1,/content/drive/MyDrive/MACROBATT/INPUT_PDF_FILES/28173879.pdf
77,Detailed_description,negative gyrB-targeted Fig.3,0.9999552965164185,1,/content/drive/MyDrive/MACROBATT/INPUT_PDF_FILES/28173879.pdf
78,Diagnostic_procedure,16S rRNA gene sequencing,0.9999145865440369,1,/content/drive/MyDrive/MACROBATT/INPUT_PDF_FILES/28173879.pdf
79,Disease_disorder,bacteremia,0.9913513660430908,1,/content/drive/MyDrive/MACROBATT/INPUT_PDF_FILES/28173879.pdf
80,Diagnostic_procedure,examined the the genomic heat shock protein ( HSP ) 60 sequence,0.9999354481697083,1,/content/drive/MyDrive/MACROBATT/INPUT_PDF_FILES/28173879.pdf
81,Detailed_description,cluster B,0.9854981899261475,1,/content/drive/MyDrive/MACROBATT/INPUT_PDF_FILES/28173879.pdf
82,Diagnostic_procedure,culture culture,0.9999139308929443,1,/content/drive/MyDrive/MACROBATT/INPUT_PDF_FILES/28173879.pdf
83,Date,at at negative 11 days days,0.9997601509094238,1,/content/drive/MyDrive/MACROBATT/INPUT_PDF_FILES/28173879.pdf
84,Date,at at negative 15 days days,0.9995913505554199,1,/content/drive/MyDrive/MACROBATT/INPUT_PDF_FILES/28173879.pdf
85,Medication,antibiotic,0.8776093125343323,1,/content/drive/MyDrive/MACROBATT/INPUT_PDF_FILES/28173879.pdf
86,Duration,6 6 weeks weeks weeks,0.9996894001960754,1,/content/drive/MyDrive/MACROBATT/INPUT_PDF_FILES/28173879.pdf
87,Medication,ampicillin-sulbactam,0.9998733997344971,1,/content/drive/MyDrive/MACROBATT/INPUT_PDF_FILES/28173879.pdf
88,Administration,drip,0.9995667338371277,1,/content/drive/MyDrive/MACROBATT/INPUT_PDF_FILES/28173879.pdf
89,Duration,2 weeks weeks weeks,0.9991135597229004,1,/content/drive/MyDrive/MACROBATT/INPUT_PDF_FILES/28173879.pdf
90,Administration,oral,0.9996422529220581,1,/content/drive/MyDrive/MACROBATT/INPUT_PDF_FILES/28173879.pdf
91,Medication,levofloxacin,0.9085685014724731,1,/content/drive/MyDrive/MACROBATT/INPUT_PDF_FILES/28173879.pdf
92,Sign_symptom,recurrence,0.9994862079620361,1,/content/drive/MyDrive/MACROBATT/INPUT_PDF_FILES/28173879.pdf
93,Date,6 6 months after,0.9998844265937805,1,/content/drive/MyDrive/MACROBATT/INPUT_PDF_FILES/28173879.pdf
94,Medication,enteric bacteria elimination,0.9997206330299377,1,/content/drive/MyDrive/MACROBATT/INPUT_PDF_FILES/28173879.pdf
