,Entity Group,Value,Score,Page,Pdf File
0,Age,37-year-old,0.9963762164115906,1,/content/drive/MyDrive/MACROBATT/INPUT_PDF_FILES/28190872.pdf
1,Personal_background,African American,0.9941291213035583,1,/content/drive/MyDrive/MACROBATT/INPUT_PDF_FILES/28190872.pdf
2,Sex,female,0.9997304081916809,1,/content/drive/MyDrive/MACROBATT/INPUT_PDF_FILES/28190872.pdf
3,Lab_value,significant,0.9999538660049438,1,/content/drive/MyDrive/MACROBATT/INPUT_PDF_FILES/28190872.pdf
4,Lab_value,stage 1,0.9998643398284912,1,/content/drive/MyDrive/MACROBATT/INPUT_PDF_FILES/28190872.pdf
5,Disease_disorder,sarcoidosis,0.9996087551116943,1,/content/drive/MyDrive/MACROBATT/INPUT_PDF_FILES/28190872.pdf
6,Clinical_event,presented,0.999697208404541,1,/content/drive/MyDrive/MACROBATT/INPUT_PDF_FILES/28190872.pdf
7,Nonbiological_location,facility,0.9997337460517883,1,/content/drive/MyDrive/MACROBATT/INPUT_PDF_FILES/28190872.pdf
8,Sign_symptom,shortness,0.9030473232269287,1,/content/drive/MyDrive/MACROBATT/INPUT_PDF_FILES/28190872.pdf
9,Date,Ten years prior,0.9736433029174805,1,/content/drive/MyDrive/MACROBATT/INPUT_PDF_FILES/28190872.pdf
10,Detailed_description,bilateral,0.9999122619628906,1,/content/drive/MyDrive/MACROBATT/INPUT_PDF_FILES/28190872.pdf
11,Disease_disorder,uveitis,0.9997151494026184,1,/content/drive/MyDrive/MACROBATT/INPUT_PDF_FILES/28190872.pdf
12,Sign_symptom,lupus,0.999919056892395,1,/content/drive/MyDrive/MACROBATT/INPUT_PDF_FILES/28190872.pdf
13,Sign_symptom,lupus pernio,0.9244567155838013,1,/content/drive/MyDrive/MACROBATT/INPUT_PDF_FILES/28190872.pdf
14,Sign_symptom,pernio,0.988055408000946,1,/content/drive/MyDrive/MACROBATT/INPUT_PDF_FILES/28190872.pdf
15,Biological_structure,right years ear,0.9998894929885864,1,/content/drive/MyDrive/MACROBATT/INPUT_PDF_FILES/28190872.pdf
16,Lab_value,successfully,0.9996688365936279,1,/content/drive/MyDrive/MACROBATT/INPUT_PDF_FILES/28190872.pdf
17,Therapeutic_procedure,treated,0.9998283386230469,1,/content/drive/MyDrive/MACROBATT/INPUT_PDF_FILES/28190872.pdf
18,Lab_value,quiescent,0.9993329048156738,1,/content/drive/MyDrive/MACROBATT/INPUT_PDF_FILES/28190872.pdf
19,Date,three years,0.8896485567092896,1,/content/drive/MyDrive/MACROBATT/INPUT_PDF_FILES/28190872.pdf
20,Clinical_event,discovered,0.9131045341491699,1,/content/drive/MyDrive/MACROBATT/INPUT_PDF_FILES/28190872.pdf
21,Biological_structure,laryngeal,0.9999613761901855,1,/content/drive/MyDrive/MACROBATT/INPUT_PDF_FILES/28190872.pdf
22,Medication,prednisone,0.9998088479042053,1,/content/drive/MyDrive/MACROBATT/INPUT_PDF_FILES/28190872.pdf
23,Medication,treated prednisone daily and tapered daily,0.6727460622787476,1,/content/drive/MyDrive/MACROBATT/INPUT_PDF_FILES/28190872.pdf
24,Dosage,60 mg mg daily daily,0.9997782707214355,1,/content/drive/MyDrive/MACROBATT/INPUT_PDF_FILES/28190872.pdf
25,Duration,several months,0.9989376068115234,1,/content/drive/MyDrive/MACROBATT/INPUT_PDF_FILES/28190872.pdf
26,Date,eventually,0.9896323680877686,1,/content/drive/MyDrive/MACROBATT/INPUT_PDF_FILES/28190872.pdf
27,Dosage,10 mg mg,0.9996520280838013,1,/content/drive/MyDrive/MACROBATT/INPUT_PDF_FILES/28190872.pdf
28,Lab_value,well-controlled,0.99988853931427,1,/content/drive/MyDrive/MACROBATT/INPUT_PDF_FILES/28190872.pdf
29,Dosage,maintenance dose,0.999512791633606,1,/content/drive/MyDrive/MACROBATT/INPUT_PDF_FILES/28190872.pdf
30,Medication,prednisone prednisone,0.9926137924194336,1,/content/drive/MyDrive/MACROBATT/INPUT_PDF_FILES/28190872.pdf
31,Date,six months prior,0.9997871518135071,1,/content/drive/MyDrive/MACROBATT/INPUT_PDF_FILES/28190872.pdf
32,Lab_value,self-discontinued,0.9993446469306946,1,/content/drive/MyDrive/MACROBATT/INPUT_PDF_FILES/28190872.pdf
33,Therapeutic_procedure,homeopathic treatment,0.977577269077301,1,/content/drive/MyDrive/MACROBATT/INPUT_PDF_FILES/28190872.pdf
34,Medication,Nopalea,0.9997679591178894,1,/content/drive/MyDrive/MACROBATT/INPUT_PDF_FILES/28190872.pdf
35,Medication,Nopalea cactus,0.9561216831207275,1,/content/drive/MyDrive/MACROBATT/INPUT_PDF_FILES/28190872.pdf
36,Sign_symptom,developed dyspnea dyspnea,0.9999517202377319,1,/content/drive/MyDrive/MACROBATT/INPUT_PDF_FILES/28190872.pdf
37,Sign_symptom,dyspnea dyspnea,0.99922114610672,1,/content/drive/MyDrive/MACROBATT/INPUT_PDF_FILES/28190872.pdf
38,Detailed_description,on exertion exertion,0.9998517036437988,1,/content/drive/MyDrive/MACROBATT/INPUT_PDF_FILES/28190872.pdf
39,Activity,voice,0.9909482598304749,1,/content/drive/MyDrive/MACROBATT/INPUT_PDF_FILES/28190872.pdf
40,Sign_symptom,hoarse,0.9995829463005066,1,/content/drive/MyDrive/MACROBATT/INPUT_PDF_FILES/28190872.pdf
41,Frequency,frequent,0.998557984828949,1,/content/drive/MyDrive/MACROBATT/INPUT_PDF_FILES/28190872.pdf
42,Diagnostic_procedure,physical examination,0.9999393820762634,1,/content/drive/MyDrive/MACROBATT/INPUT_PDF_FILES/28190872.pdf
43,Sign_symptom,respiratory distress,0.9999239444732666,1,/content/drive/MyDrive/MACROBATT/INPUT_PDF_FILES/28190872.pdf
44,Sign_symptom,inspiratory stridor,0.9995720386505127,1,/content/drive/MyDrive/MACROBATT/INPUT_PDF_FILES/28190872.pdf
45,Sign_symptom,hoarseness,0.9999493360519409,1,/content/drive/MyDrive/MACROBATT/INPUT_PDF_FILES/28190872.pdf
46,Lab_value,chronic-appearing,0.9998044371604919,1,/content/drive/MyDrive/MACROBATT/INPUT_PDF_FILES/28190872.pdf
47,Lab_value,indurated,0.7082421779632568,1,/content/drive/MyDrive/MACROBATT/INPUT_PDF_FILES/28190872.pdf
48,Sign_symptom,lesions,0.9999517202377319,1,/content/drive/MyDrive/MACROBATT/INPUT_PDF_FILES/28190872.pdf
49,Biological_structure,right,0.9260862469673157,1,/content/drive/MyDrive/MACROBATT/INPUT_PDF_FILES/28190872.pdf
50,Biological_structure,upper airway airway,0.999912440776825,1,/content/drive/MyDrive/MACROBATT/INPUT_PDF_FILES/28190872.pdf
51,Lab_value,impending,0.9995982050895691,1,/content/drive/MyDrive/MACROBATT/INPUT_PDF_FILES/28190872.pdf
52,Detailed_description,emergent,0.9654521942138672,1,/content/drive/MyDrive/MACROBATT/INPUT_PDF_FILES/28190872.pdf
53,Detailed_description,bedside,0.9999749660491943,1,/content/drive/MyDrive/MACROBATT/INPUT_PDF_FILES/28190872.pdf
54,Diagnostic_procedure,laryngoscopy,0.9999526739120483,1,/content/drive/MyDrive/MACROBATT/INPUT_PDF_FILES/28190872.pdf
55,Disease_disorder,obstructed,0.9996458292007446,1,/content/drive/MyDrive/MACROBATT/INPUT_PDF_FILES/28190872.pdf
56,Biological_structure,airway airway,0.9998786449432373,1,/content/drive/MyDrive/MACROBATT/INPUT_PDF_FILES/28190872.pdf
57,Biological_structure,epiglottis aryepiglottic,0.985465943813324,1,/content/drive/MyDrive/MACROBATT/INPUT_PDF_FILES/28190872.pdf
58,Disease_disorder,epiglottis glottis,0.9419896602630615,1,/content/drive/MyDrive/MACROBATT/INPUT_PDF_FILES/28190872.pdf
59,Sign_symptom,retroflexed,0.9982385635375977,1,/content/drive/MyDrive/MACROBATT/INPUT_PDF_FILES/28190872.pdf
60,Biological_structure,signs impending emergent laryngoscopy revealing epiglottis glottis significant aryepiglottic,0.9999231100082397,1,/content/drive/MyDrive/MACROBATT/INPUT_PDF_FILES/28190872.pdf
61,Sign_symptom,bedside performed obstructed retroflexed edema,0.9999459981918335,1,/content/drive/MyDrive/MACROBATT/INPUT_PDF_FILES/28190872.pdf
62,Sign_symptom,edema,0.9945112466812134,1,/content/drive/MyDrive/MACROBATT/INPUT_PDF_FILES/28190872.pdf
63,Biological_structure,arytenoids,0.9998501539230347,1,/content/drive/MyDrive/MACROBATT/INPUT_PDF_FILES/28190872.pdf
64,Biological_structure,aryepiglottic,0.9996209144592285,1,/content/drive/MyDrive/MACROBATT/INPUT_PDF_FILES/28190872.pdf
65,Dosage,high-dose,0.9984428286552429,1,/content/drive/MyDrive/MACROBATT/INPUT_PDF_FILES/28190872.pdf
66,Administration,intravenous,0.9995713829994202,1,/content/drive/MyDrive/MACROBATT/INPUT_PDF_FILES/28190872.pdf
67,Medication,dexamethasone,0.9018486738204956,1,/content/drive/MyDrive/MACROBATT/INPUT_PDF_FILES/28190872.pdf
68,Clinical_event,taken,0.9995481371879578,1,/content/drive/MyDrive/MACROBATT/INPUT_PDF_FILES/28190872.pdf
69,Detailed_description,emergently,0.9953065514564514,1,/content/drive/MyDrive/MACROBATT/INPUT_PDF_FILES/28190872.pdf
70,Nonbiological_location,operating room,0.9997333288192749,1,/content/drive/MyDrive/MACROBATT/INPUT_PDF_FILES/28190872.pdf
71,Therapeutic_procedure,secure,0.9996203184127808,1,/content/drive/MyDrive/MACROBATT/INPUT_PDF_FILES/28190872.pdf
72,Diagnostic_procedure,direct visualization,0.9998431205749512,1,/content/drive/MyDrive/MACROBATT/INPUT_PDF_FILES/28190872.pdf
73,Biological_structure,larynx,0.9999524354934692,1,/content/drive/MyDrive/MACROBATT/INPUT_PDF_FILES/28190872.pdf
74,Therapeutic_procedure,intubated,0.9902402758598328,1,/content/drive/MyDrive/MACROBATT/INPUT_PDF_FILES/28190872.pdf
75,Diagnostic_procedure,biopsies,0.9987204670906067,1,/content/drive/MyDrive/MACROBATT/INPUT_PDF_FILES/28190872.pdf
76,Biological_structure,lingual surface,0.9453317523002625,1,/content/drive/MyDrive/MACROBATT/INPUT_PDF_FILES/28190872.pdf
77,Detailed_description,# 4 cuffed,0.9998981952667236,1,/content/drive/MyDrive/MACROBATT/INPUT_PDF_FILES/28190872.pdf
78,Detailed_description,Shiley™,0.9999203085899353,1,/content/drive/MyDrive/MACROBATT/INPUT_PDF_FILES/28190872.pdf
79,Therapeutic_procedure,tracheostomy,0.8375570774078369,1,/content/drive/MyDrive/MACROBATT/INPUT_PDF_FILES/28190872.pdf
80,Diagnostic_procedure,respiratory status,0.9999416470527649,1,/content/drive/MyDrive/MACROBATT/INPUT_PDF_FILES/28190872.pdf
81,Clinical_event,transferred,0.998659610748291,1,/content/drive/MyDrive/MACROBATT/INPUT_PDF_FILES/28190872.pdf
82,Nonbiological_location,medical intensive care,0.9590891003608704,1,/content/drive/MyDrive/MACROBATT/INPUT_PDF_FILES/28190872.pdf
83,Therapeutic_procedure,tracheostomy postoperative,0.9994714856147766,1,/content/drive/MyDrive/MACROBATT/INPUT_PDF_FILES/28190872.pdf
84,Detailed_description,# 4 cuffless,0.9998874068260193,1,/content/drive/MyDrive/MACROBATT/INPUT_PDF_FILES/28190872.pdf
85,Detailed_description,Shiley,0.9995347857475281,1,/content/drive/MyDrive/MACROBATT/INPUT_PDF_FILES/28190872.pdf
86,Dosage,60 mg,0.9987442493438721,1,/content/drive/MyDrive/MACROBATT/INPUT_PDF_FILES/28190872.pdf
87,Diagnostic_procedure,Biopsies,0.9999135136604309,1,/content/drive/MyDrive/MACROBATT/INPUT_PDF_FILES/28190872.pdf
88,Detailed_description,non-necrotizing,0.9999626874923706,1,/content/drive/MyDrive/MACROBATT/INPUT_PDF_FILES/28190872.pdf
89,Detailed_description,epithelioid,0.9531809687614441,1,/content/drive/MyDrive/MACROBATT/INPUT_PDF_FILES/28190872.pdf
90,Sign_symptom,granulomas,0.9999406337738037,1,/content/drive/MyDrive/MACROBATT/INPUT_PDF_FILES/28190872.pdf
91,Duration,three,0.9770268797874451,1,/content/drive/MyDrive/MACROBATT/INPUT_PDF_FILES/28190872.pdf
92,Clinical_event,education,0.99674391746521,1,/content/drive/MyDrive/MACROBATT/INPUT_PDF_FILES/28190872.pdf
93,Therapeutic_procedure,self-tracheostomy,0.9504042267799377,1,/content/drive/MyDrive/MACROBATT/INPUT_PDF_FILES/28190872.pdf
94,Clinical_event,discharged,0.9997003078460693,1,/content/drive/MyDrive/MACROBATT/INPUT_PDF_FILES/28190872.pdf
95,Date,one-month,0.9996260404586792,1,/content/drive/MyDrive/MACROBATT/INPUT_PDF_FILES/28190872.pdf
96,Date,one-month three-month,0.9287874102592468,1,/content/drive/MyDrive/MACROBATT/INPUT_PDF_FILES/28190872.pdf
97,Date,three-month,0.9754900336265564,1,/content/drive/MyDrive/MACROBATT/INPUT_PDF_FILES/28190872.pdf
98,Clinical_event,follow-up,0.9997842907905579,1,/content/drive/MyDrive/MACROBATT/INPUT_PDF_FILES/28190872.pdf
99,Sign_symptom,respiratory,0.9977355003356934,1,/content/drive/MyDrive/MACROBATT/INPUT_PDF_FILES/28190872.pdf
100,Diagnostic_procedure,laryngoscopies,0.9999557733535767,1,/content/drive/MyDrive/MACROBATT/INPUT_PDF_FILES/28190872.pdf
101,Lab_value,improvement,0.9996755123138428,1,/content/drive/MyDrive/MACROBATT/INPUT_PDF_FILES/28190872.pdf
102,Biological_structure,Repeat aryepiglottic epiglottis,0.701676070690155,1,/content/drive/MyDrive/MACROBATT/INPUT_PDF_FILES/28190872.pdf
103,Biological_structure,aryepiglottic epiglottis glottis,0.6993533372879028,1,/content/drive/MyDrive/MACROBATT/INPUT_PDF_FILES/28190872.pdf
104,Disease_disorder,obscure,0.9995542168617249,1,/content/drive/MyDrive/MACROBATT/INPUT_PDF_FILES/28190872.pdf
105,Biological_structure,laryngoscopies significant aryepiglottic epiglottis glottis high-dose,0.9998440742492676,1,/content/drive/MyDrive/MACROBATT/INPUT_PDF_FILES/28190872.pdf
106,Medication,showed edema arytenoids and folds continued despite high-dose prednisone,0.5129196047782898,1,/content/drive/MyDrive/MACROBATT/INPUT_PDF_FILES/28190872.pdf
107,Medication,Methotrexate,0.9987674951553345,1,/content/drive/MyDrive/MACROBATT/INPUT_PDF_FILES/28190872.pdf
108,Dosage,10 mg mg daily daily,0.9152946472167969,1,/content/drive/MyDrive/MACROBATT/INPUT_PDF_FILES/28190872.pdf
109,Dosage,20 mg mg daily daily,0.999127209186554,1,/content/drive/MyDrive/MACROBATT/INPUT_PDF_FILES/28190872.pdf
110,Therapeutic_procedure,medical management,0.9997192621231079,1,/content/drive/MyDrive/MACROBATT/INPUT_PDF_FILES/28190872.pdf
111,Therapeutic_procedure,immunosuppressive,0.9999030828475952,1,/content/drive/MyDrive/MACROBATT/INPUT_PDF_FILES/28190872.pdf
112,Therapeutic_procedure,immunosuppressive therapy,0.9995988607406616,1,/content/drive/MyDrive/MACROBATT/INPUT_PDF_FILES/28190872.pdf
