,Entity Group,Value,Score,Page,Pdf File
0,Age,62-year-old,0.9983776807785034,1,/content/drive/MyDrive/MACROBATT/INPUT_PDF_FILES/28193213.pdf
1,Sex,female,0.9997239708900452,1,/content/drive/MyDrive/MACROBATT/INPUT_PDF_FILES/28193213.pdf
2,Clinical_event,presented,0.999757707118988,1,/content/drive/MyDrive/MACROBATT/INPUT_PDF_FILES/28193213.pdf
3,Nonbiological_location,outpatient department,0.9996011853218079,1,/content/drive/MyDrive/MACROBATT/INPUT_PDF_FILES/28193213.pdf
4,Nonbiological_location,Wuhan Central Hospital of of of Tongji Medical College,0.9997235536575317,1,/content/drive/MyDrive/MACROBATT/INPUT_PDF_FILES/28193213.pdf
5,Date,September 2015with,0.9995900988578796,1,/content/drive/MyDrive/MACROBATT/INPUT_PDF_FILES/28193213.pdf
6,Detailed_description,recurrent,0.9998038411140442,1,/content/drive/MyDrive/MACROBATT/INPUT_PDF_FILES/28193213.pdf
7,Disease_disorder,infections,0.9997333884239197,1,/content/drive/MyDrive/MACROBATT/INPUT_PDF_FILES/28193213.pdf
8,Biological_structure,umbilical,0.9999240636825562,1,/content/drive/MyDrive/MACROBATT/INPUT_PDF_FILES/28193213.pdf
9,Biological_structure,abdominal,0.999955415725708,1,/content/drive/MyDrive/MACROBATT/INPUT_PDF_FILES/28193213.pdf
10,Sign_symptom,pain,0.9999638795852661,1,/content/drive/MyDrive/MACROBATT/INPUT_PDF_FILES/28193213.pdf
11,Detailed_description,burning sensation,0.9998342990875244,1,/content/drive/MyDrive/MACROBATT/INPUT_PDF_FILES/28193213.pdf
12,Activity,discharge,0.5308027863502502,1,/content/drive/MyDrive/MACROBATT/INPUT_PDF_FILES/28193213.pdf
13,Coreference,symptoms and and signs,0.9940746426582336,1,/content/drive/MyDrive/MACROBATT/INPUT_PDF_FILES/28193213.pdf
14,Frequency,waxed and and waned,0.9926039576530457,1,/content/drive/MyDrive/MACROBATT/INPUT_PDF_FILES/28193213.pdf
15,Duration,lasted for 5years,0.9980047345161438,1,/content/drive/MyDrive/MACROBATT/INPUT_PDF_FILES/28193213.pdf
16,Sign_symptom,diarrhoea,0.998745322227478,1,/content/drive/MyDrive/MACROBATT/INPUT_PDF_FILES/28193213.pdf
17,Sign_symptom,constipation,0.9096601009368896,1,/content/drive/MyDrive/MACROBATT/INPUT_PDF_FILES/28193213.pdf
18,Therapeutic_procedure,surgical treatment,0.9949172735214233,1,/content/drive/MyDrive/MACROBATT/INPUT_PDF_FILES/28193213.pdf
19,Diagnostic_procedure,physical examination,0.9999257326126099,1,/content/drive/MyDrive/MACROBATT/INPUT_PDF_FILES/28193213.pdf
20,Lab_value,normal,0.9998822212219238,1,/content/drive/MyDrive/MACROBATT/INPUT_PDF_FILES/28193213.pdf
21,Detailed_description,external,0.9999732971191406,1,/content/drive/MyDrive/MACROBATT/INPUT_PDF_FILES/28193213.pdf
22,Sign_symptom,fistula,0.999945878982544,1,/content/drive/MyDrive/MACROBATT/INPUT_PDF_FILES/28193213.pdf
23,Biological_structure,umbilical region,0.9998725056648254,1,/content/drive/MyDrive/MACROBATT/INPUT_PDF_FILES/28193213.pdf
24,Sign_symptom,redness,0.99515300989151,1,/content/drive/MyDrive/MACROBATT/INPUT_PDF_FILES/28193213.pdf
25,Diagnostic_procedure,Morphological examination,0.9997189044952393,1,/content/drive/MyDrive/MACROBATT/INPUT_PDF_FILES/28193213.pdf
26,Detailed_description,small,0.9972164630889893,1,/content/drive/MyDrive/MACROBATT/INPUT_PDF_FILES/28193213.pdf
27,Diagnostic_procedure,Bowel sounds,0.9998712539672852,1,/content/drive/MyDrive/MACROBATT/INPUT_PDF_FILES/28193213.pdf
28,Disease_disorder,Escherichia coli,0.9919304847717285,1,/content/drive/MyDrive/MACROBATT/INPUT_PDF_FILES/28193213.pdf
29,Disease_disorder,Enterococcus faecalis,0.9992972016334534,1,/content/drive/MyDrive/MACROBATT/INPUT_PDF_FILES/28193213.pdf
30,Diagnostic_procedure,laboratory examinations,0.9999079704284668,1,/content/drive/MyDrive/MACROBATT/INPUT_PDF_FILES/28193213.pdf
31,Biological_structure,abdomen,0.999962329864502,1,/content/drive/MyDrive/MACROBATT/INPUT_PDF_FILES/28193213.pdf
32,Biological_structure,intestinal wall wall,0.9997184872627258,1,/content/drive/MyDrive/MACROBATT/INPUT_PDF_FILES/28193213.pdf
33,Sign_symptom,adhered,0.9998985528945923,1,/content/drive/MyDrive/MACROBATT/INPUT_PDF_FILES/28193213.pdf
34,Biological_structure,navel,0.9999641180038452,1,/content/drive/MyDrive/MACROBATT/INPUT_PDF_FILES/28193213.pdf
35,Biological_structure,bowel,0.9757955074310303,1,/content/drive/MyDrive/MACROBATT/INPUT_PDF_FILES/28193213.pdf
36,Sign_symptom,obstruction,0.9999372959136963,1,/content/drive/MyDrive/MACROBATT/INPUT_PDF_FILES/28193213.pdf
37,Disease_disorder,ECF,0.9958688020706177,1,/content/drive/MyDrive/MACROBATT/INPUT_PDF_FILES/28193213.pdf
38,Detailed_description,digital,0.9995204210281372,1,/content/drive/MyDrive/MACROBATT/INPUT_PDF_FILES/28193213.pdf
39,Diagnostic_procedure,radiography,0.9996484518051147,1,/content/drive/MyDrive/MACROBATT/INPUT_PDF_FILES/28193213.pdf
40,Detailed_description,iopamidol-370,0.9993796348571777,1,/content/drive/MyDrive/MACROBATT/INPUT_PDF_FILES/28193213.pdf
41,Detailed_description,local,0.9999731779098511,1,/content/drive/MyDrive/MACROBATT/INPUT_PDF_FILES/28193213.pdf
42,Medication,anaesthesia,0.9944738149642944,1,/content/drive/MyDrive/MACROBATT/INPUT_PDF_FILES/28193213.pdf
43,Biological_structure,distal ileum,0.9999365210533142,1,/content/drive/MyDrive/MACROBATT/INPUT_PDF_FILES/28193213.pdf
44,Distance,40 cm,0.9995789527893066,1,/content/drive/MyDrive/MACROBATT/INPUT_PDF_FILES/28193213.pdf
45,Biological_structure,ileocaecal junction,0.9999130964279175,1,/content/drive/MyDrive/MACROBATT/INPUT_PDF_FILES/28193213.pdf
46,Sign_symptom,entrapped,0.9763715267181396,1,/content/drive/MyDrive/MACROBATT/INPUT_PDF_FILES/28193213.pdf
47,Therapeutic_procedure,surgery,0.9995155334472656,1,/content/drive/MyDrive/MACROBATT/INPUT_PDF_FILES/28193213.pdf
48,Biological_structure,terminal ileum,0.9998859763145447,1,/content/drive/MyDrive/MACROBATT/INPUT_PDF_FILES/28193213.pdf
49,Coreference,defect,0.9997172951698303,1,/content/drive/MyDrive/MACROBATT/INPUT_PDF_FILES/28193213.pdf
50,Distance,less than 1.0 cm,0.9978411197662354,1,/content/drive/MyDrive/MACROBATT/INPUT_PDF_FILES/28193213.pdf
51,Sign_symptom,stuck,0.9996405839920044,1,/content/drive/MyDrive/MACROBATT/INPUT_PDF_FILES/28193213.pdf
52,Disease_disorder,perforation,0.9998923540115356,1,/content/drive/MyDrive/MACROBATT/INPUT_PDF_FILES/28193213.pdf
53,Detailed_description,Side-to-side,0.999958872795105,1,/content/drive/MyDrive/MACROBATT/INPUT_PDF_FILES/28193213.pdf
54,Detailed_description,ileo-ileal,0.9682512283325195,1,/content/drive/MyDrive/MACROBATT/INPUT_PDF_FILES/28193213.pdf
55,Therapeutic_procedure,anastomosis,0.9998362064361572,1,/content/drive/MyDrive/MACROBATT/INPUT_PDF_FILES/28193213.pdf
56,Distance,75 mm,0.9995657205581665,1,/content/drive/MyDrive/MACROBATT/INPUT_PDF_FILES/28193213.pdf
57,Therapeutic_procedure,linear stapler,0.9997690320014954,1,/content/drive/MyDrive/MACROBATT/INPUT_PDF_FILES/28193213.pdf
58,Therapeutic_procedure,remove,0.9217233657836914,1,/content/drive/MyDrive/MACROBATT/INPUT_PDF_FILES/28193213.pdf
59,Biological_structure,internal,0.5489072203636169,1,/content/drive/MyDrive/MACROBATT/INPUT_PDF_FILES/28193213.pdf
60,Disease_disorder,hernia,0.9876744747161865,1,/content/drive/MyDrive/MACROBATT/INPUT_PDF_FILES/28193213.pdf
61,Therapeutic_procedure,ring,0.5945843458175659,1,/content/drive/MyDrive/MACROBATT/INPUT_PDF_FILES/28193213.pdf
62,Therapeutic_procedure,closed,0.9785822629928589,1,/content/drive/MyDrive/MACROBATT/INPUT_PDF_FILES/28193213.pdf
63,Detailed_description,plication,0.9701628684997559,1,/content/drive/MyDrive/MACROBATT/INPUT_PDF_FILES/28193213.pdf
64,Therapeutic_procedure,sutures,0.9787877202033997,1,/content/drive/MyDrive/MACROBATT/INPUT_PDF_FILES/28193213.pdf
65,Therapeutic_procedure,cleaned,0.9985160231590271,1,/content/drive/MyDrive/MACROBATT/INPUT_PDF_FILES/28193213.pdf
66,Medication,saline,0.9976850748062134,1,/content/drive/MyDrive/MACROBATT/INPUT_PDF_FILES/28193213.pdf
67,Detailed_description,rubber,0.9997201561927795,1,/content/drive/MyDrive/MACROBATT/INPUT_PDF_FILES/28193213.pdf
68,Therapeutic_procedure,drainage tube,0.9974381923675537,1,/content/drive/MyDrive/MACROBATT/INPUT_PDF_FILES/28193213.pdf
69,Biological_structure,pelvis,0.9995260238647461,1,/content/drive/MyDrive/MACROBATT/INPUT_PDF_FILES/28193213.pdf
70,Biological_structure,scar tissue,0.9998728036880493,1,/content/drive/MyDrive/MACROBATT/INPUT_PDF_FILES/28193213.pdf
71,Therapeutic_procedure,removed,0.9998430013656616,1,/content/drive/MyDrive/MACROBATT/INPUT_PDF_FILES/28193213.pdf
72,Detailed_description,relaxation,0.9999258518218994,1,/content/drive/MyDrive/MACROBATT/INPUT_PDF_FILES/28193213.pdf
73,Disease_disorder,Richter ’ diagnosis s presenting as spontaneous was hernia,0.9994562268257141,1,/content/drive/MyDrive/MACROBATT/INPUT_PDF_FILES/28193213.pdf
74,Detailed_description,spontaneous,0.9999643564224243,1,/content/drive/MyDrive/MACROBATT/INPUT_PDF_FILES/28193213.pdf
75,Clinical_event,discharged,0.9996845722198486,1,/content/drive/MyDrive/MACROBATT/INPUT_PDF_FILES/28193213.pdf
76,Date,2 weeks after,0.9998850226402283,1,/content/drive/MyDrive/MACROBATT/INPUT_PDF_FILES/28193213.pdf
77,Duration,10 months,0.9990509748458862,1,/content/drive/MyDrive/MACROBATT/INPUT_PDF_FILES/28193213.pdf
