,Entity Group,Value,Score,Page,Pdf File
0,Age,40-year-old,0.9979467391967773,1,/content/drive/MyDrive/MACROBATT/INPUT_PDF_FILES/28202862.pdf
1,Sex,woman,0.9997223019599915,1,/content/drive/MyDrive/MACROBATT/INPUT_PDF_FILES/28202862.pdf
2,Clinical_event,visited,0.9992606043815613,1,/content/drive/MyDrive/MACROBATT/INPUT_PDF_FILES/28202862.pdf
3,Nonbiological_location,Department of of of Obstetrics and Gynecology,0.9996659159660339,1,/content/drive/MyDrive/MACROBATT/INPUT_PDF_FILES/28202862.pdf
4,Nonbiological_location,our hospital,0.9996049404144287,1,/content/drive/MyDrive/MACROBATT/INPUT_PDF_FILES/28202862.pdf
5,Detailed_description,sudden,0.9999704360961914,1,/content/drive/MyDrive/MACROBATT/INPUT_PDF_FILES/28202862.pdf
6,Sign_symptom,40-year-old visited and sudden dyspnea,0.9999488592147827,1,/content/drive/MyDrive/MACROBATT/INPUT_PDF_FILES/28202862.pdf
7,Sign_symptom,dyspnea,0.9997439384460449,1,/content/drive/MyDrive/MACROBATT/INPUT_PDF_FILES/28202862.pdf
8,Disease_disorder,endometriosis,0.9987515807151794,1,/content/drive/MyDrive/MACROBATT/INPUT_PDF_FILES/28202862.pdf
9,Detailed_description,combination,0.9998900890350342,1,/content/drive/MyDrive/MACROBATT/INPUT_PDF_FILES/28202862.pdf
10,Administration,oral,0.998683512210846,1,/content/drive/MyDrive/MACROBATT/INPUT_PDF_FILES/28202862.pdf
11,Medication,contraceptive,0.9996030926704407,1,/content/drive/MyDrive/MACROBATT/INPUT_PDF_FILES/28202862.pdf
12,Administration,pill,0.9990536570549011,1,/content/drive/MyDrive/MACROBATT/INPUT_PDF_FILES/28202862.pdf
13,Medication,drospirenone/ethinylestradiol,0.8545476198196411,1,/content/drive/MyDrive/MACROBATT/INPUT_PDF_FILES/28202862.pdf
14,Medication,diagnosed endometriosis drospirenone/ethinylestradiol,0.9359167814254761,1,/content/drive/MyDrive/MACROBATT/INPUT_PDF_FILES/28202862.pdf
15,Medication,endometriosis drospirenone/ethinylestradiol betadex,0.9783855080604553,1,/content/drive/MyDrive/MACROBATT/INPUT_PDF_FILES/28202862.pdf
16,Medication,contraceptive drospirenone/ethinylestradiol trade,0.834662139415741,1,/content/drive/MyDrive/MACROBATT/INPUT_PDF_FILES/28202862.pdf
17,Detailed_description,betadex,0.8620060682296753,1,/content/drive/MyDrive/MACROBATT/INPUT_PDF_FILES/28202862.pdf
18,Other_event,Kumamoto Earthquakes,0.8224475383758545,1,/content/drive/MyDrive/MACROBATT/INPUT_PDF_FILES/28202862.pdf
19,Other_event,aftershocks,0.7945084571838379,1,/content/drive/MyDrive/MACROBATT/INPUT_PDF_FILES/28202862.pdf
20,Activity,spent,0.9976613521575928,1,/content/drive/MyDrive/MACROBATT/INPUT_PDF_FILES/28202862.pdf
21,Duration,7 nights,0.9991000890731812,1,/content/drive/MyDrive/MACROBATT/INPUT_PDF_FILES/28202862.pdf
22,Sign_symptom,noticed sudden dyspnea walked outside,0.9999299049377441,1,/content/drive/MyDrive/MACROBATT/INPUT_PDF_FILES/28202862.pdf
23,Detailed_description,on on effort,0.999896228313446,1,/content/drive/MyDrive/MACROBATT/INPUT_PDF_FILES/28202862.pdf
24,Clinical_event,walked,0.9993600249290466,1,/content/drive/MyDrive/MACROBATT/INPUT_PDF_FILES/28202862.pdf
25,Nonbiological_location,outside,0.991810142993927,1,/content/drive/MyDrive/MACROBATT/INPUT_PDF_FILES/28202862.pdf
26,Date,8th morning after,0.9994246959686279,1,/content/drive/MyDrive/MACROBATT/INPUT_PDF_FILES/28202862.pdf
27,Nonbiological_location,small car,0.9989640116691589,1,/content/drive/MyDrive/MACROBATT/INPUT_PDF_FILES/28202862.pdf
28,Biological_structure,legs,0.9997873902320862,1,/content/drive/MyDrive/MACROBATT/INPUT_PDF_FILES/28202862.pdf
29,Detailed_description,hanging,0.9992577433586121,1,/content/drive/MyDrive/MACROBATT/INPUT_PDF_FILES/28202862.pdf
30,Sign_symptom,swelling,0.9999557733535767,1,/content/drive/MyDrive/MACROBATT/INPUT_PDF_FILES/28202862.pdf
31,Sign_symptom,pain,0.9999655485153198,1,/content/drive/MyDrive/MACROBATT/INPUT_PDF_FILES/28202862.pdf
32,Biological_structure,left lower extremity,0.9803130030632019,1,/content/drive/MyDrive/MACROBATT/INPUT_PDF_FILES/28202862.pdf
33,Diagnostic_procedure,serum D-dimer,0.9999400973320007,1,/content/drive/MyDrive/MACROBATT/INPUT_PDF_FILES/28202862.pdf
34,Lab_value,13.2 μg/mL,0.9998757243156433,1,/content/drive/MyDrive/MACROBATT/INPUT_PDF_FILES/28202862.pdf
35,Disease_disorder,Deep vein thrombosis,0.9998020529747009,1,/content/drive/MyDrive/MACROBATT/INPUT_PDF_FILES/28202862.pdf
36,Disease_disorder,Deep DVT,0.9998687505722046,1,/content/drive/MyDrive/MACROBATT/INPUT_PDF_FILES/28202862.pdf
37,Disease_disorder,DVT,0.8583369255065918,1,/content/drive/MyDrive/MACROBATT/INPUT_PDF_FILES/28202862.pdf
38,Nonbiological_location,home,0.769478440284729,1,/content/drive/MyDrive/MACROBATT/INPUT_PDF_FILES/28202862.pdf
39,Detailed_description,contrast-enhanced,0.9998478889465332,1,/content/drive/MyDrive/MACROBATT/INPUT_PDF_FILES/28202862.pdf
40,Diagnostic_procedure,computed tomography,0.9999448657035828,1,/content/drive/MyDrive/MACROBATT/INPUT_PDF_FILES/28202862.pdf
41,Diagnostic_procedure,( ( ( (,0.9997709393501282,1,/content/drive/MyDrive/MACROBATT/INPUT_PDF_FILES/28202862.pdf
42,Diagnostic_procedure,CT ) ) ) ) -scan,0.9973068833351135,1,/content/drive/MyDrive/MACROBATT/INPUT_PDF_FILES/28202862.pdf
43,Sign_symptom,contrast-enhanced contrast deficit,0.9999154210090637,1,/content/drive/MyDrive/MACROBATT/INPUT_PDF_FILES/28202862.pdf
44,Biological_structure,bilateral pulmonary artery,0.9999117851257324,1,/content/drive/MyDrive/MACROBATT/INPUT_PDF_FILES/28202862.pdf
45,Biological_structure,tibial,0.8628256320953369,1,/content/drive/MyDrive/MACROBATT/INPUT_PDF_FILES/28202862.pdf
46,Biological_structure,", soleus",0.9966843724250793,1,/content/drive/MyDrive/MACROBATT/INPUT_PDF_FILES/28202862.pdf
47,Biological_structure,gastrocnemius,0.9995585680007935,1,/content/drive/MyDrive/MACROBATT/INPUT_PDF_FILES/28202862.pdf
48,Diagnostic_procedure,right ventricular function,0.9999462366104126,1,/content/drive/MyDrive/MACROBATT/INPUT_PDF_FILES/28202862.pdf
49,Lab_value,intact,0.9998067021369934,1,/content/drive/MyDrive/MACROBATT/INPUT_PDF_FILES/28202862.pdf
50,Diagnostic_procedure,pulmonary artery pressure=29/8,0.9999496936798096,1,/content/drive/MyDrive/MACROBATT/INPUT_PDF_FILES/28202862.pdf
51,Lab_value,pressure=29/8 mmHg,0.999661922454834,1,/content/drive/MyDrive/MACROBATT/INPUT_PDF_FILES/28202862.pdf
52,Biological_structure,cardiac,0.9984204769134521,1,/content/drive/MyDrive/MACROBATT/INPUT_PDF_FILES/28202862.pdf
53,Detailed_description,plasma,0.9999552965164185,1,/content/drive/MyDrive/MACROBATT/INPUT_PDF_FILES/28202862.pdf
54,Diagnostic_procedure,brain natriuretic peptide,0.9999553561210632,1,/content/drive/MyDrive/MACROBATT/INPUT_PDF_FILES/28202862.pdf
55,Detailed_description,high-sense,0.9966476559638977,1,/content/drive/MyDrive/MACROBATT/INPUT_PDF_FILES/28202862.pdf
56,Diagnostic_procedure,troponin T concentration,0.9965439438819885,1,/content/drive/MyDrive/MACROBATT/INPUT_PDF_FILES/28202862.pdf
57,Lab_value,97.2 pg/mL,0.999921977519989,1,/content/drive/MyDrive/MACROBATT/INPUT_PDF_FILES/28202862.pdf
58,Lab_value,0.0061,0.999961256980896,1,/content/drive/MyDrive/MACROBATT/INPUT_PDF_FILES/28202862.pdf
59,Lab_value,0.0061 ng/mL,0.9782963991165161,1,/content/drive/MyDrive/MACROBATT/INPUT_PDF_FILES/28202862.pdf
60,Disease_disorder,PTE,0.9855524301528931,1,/content/drive/MyDrive/MACROBATT/INPUT_PDF_FILES/28202862.pdf
61,Clinical_event,admitted,0.9983935952186584,1,/content/drive/MyDrive/MACROBATT/INPUT_PDF_FILES/28202862.pdf
62,Diagnostic_procedure,blood pressure,0.9999637007713318,1,/content/drive/MyDrive/MACROBATT/INPUT_PDF_FILES/28202862.pdf
63,Lab_value,129/80 mmHg,0.9999027252197266,1,/content/drive/MyDrive/MACROBATT/INPUT_PDF_FILES/28202862.pdf
64,Diagnostic_procedure,heart rate,0.9999634027481079,1,/content/drive/MyDrive/MACROBATT/INPUT_PDF_FILES/28202862.pdf
65,Lab_value,72 beats per minute,0.895411491394043,1,/content/drive/MyDrive/MACROBATT/INPUT_PDF_FILES/28202862.pdf
66,Diagnostic_procedure,oxygen saturation,0.9998654723167419,1,/content/drive/MyDrive/MACROBATT/INPUT_PDF_FILES/28202862.pdf
67,Diagnostic_procedure,SaO2,0.9984531402587891,1,/content/drive/MyDrive/MACROBATT/INPUT_PDF_FILES/28202862.pdf
68,Detailed_description,arterial blood gas,0.9988542199134827,1,/content/drive/MyDrive/MACROBATT/INPUT_PDF_FILES/28202862.pdf
69,Lab_value,97.7,0.5367966294288635,1,/content/drive/MyDrive/MACROBATT/INPUT_PDF_FILES/28202862.pdf
70,Diagnostic_procedure,body mass index,0.9999236464500427,1,/content/drive/MyDrive/MACROBATT/INPUT_PDF_FILES/28202862.pdf
71,Lab_value,24.4 kg/m2,0.999875009059906,1,/content/drive/MyDrive/MACROBATT/INPUT_PDF_FILES/28202862.pdf
72,Diagnostic_procedure,Electrocardiography,0.9127402901649475,1,/content/drive/MyDrive/MACROBATT/INPUT_PDF_FILES/28202862.pdf
73,Diagnostic_procedure,ultrasound,0.9999710321426392,1,/content/drive/MyDrive/MACROBATT/INPUT_PDF_FILES/28202862.pdf
74,Diagnostic_procedure,factors factors related factors to factors thrombus formation,0.999844491481781,1,/content/drive/MyDrive/MACROBATT/INPUT_PDF_FILES/28202862.pdf
75,Diagnostic_procedure,protein protein C,0.9984660148620605,1,/content/drive/MyDrive/MACROBATT/INPUT_PDF_FILES/28202862.pdf
76,Diagnostic_procedure,protein protein S,0.9974982738494873,1,/content/drive/MyDrive/MACROBATT/INPUT_PDF_FILES/28202862.pdf
77,Diagnostic_procedure,antithrombin,0.9834027290344238,1,/content/drive/MyDrive/MACROBATT/INPUT_PDF_FILES/28202862.pdf
78,Diagnostic_procedure,antiphospholipid antibodies,0.971538245677948,1,/content/drive/MyDrive/MACROBATT/INPUT_PDF_FILES/28202862.pdf
79,Administration,oral oral,0.9996392726898193,1,/content/drive/MyDrive/MACROBATT/INPUT_PDF_FILES/28202862.pdf
80,Medication,rivaroxaban trial,0.9999101161956787,1,/content/drive/MyDrive/MACROBATT/INPUT_PDF_FILES/28202862.pdf
81,Medication,rivaroxaban,0.9268161058425903,1,/content/drive/MyDrive/MACROBATT/INPUT_PDF_FILES/28202862.pdf
82,Detailed_description,direct,0.9998626708984375,1,/content/drive/MyDrive/MACROBATT/INPUT_PDF_FILES/28202862.pdf
83,Medication,anticoagulant,0.9249019622802734,1,/content/drive/MyDrive/MACROBATT/INPUT_PDF_FILES/28202862.pdf
84,Detailed_description,EINSTEIN- PE trial,0.9891215562820435,1,/content/drive/MyDrive/MACROBATT/INPUT_PDF_FILES/28202862.pdf
85,Disease_disorder,the thrombosis,0.9999068975448608,1,/content/drive/MyDrive/MACROBATT/INPUT_PDF_FILES/28202862.pdf
86,Disease_disorder,thrombosis,0.9971051812171936,1,/content/drive/MyDrive/MACROBATT/INPUT_PDF_FILES/28202862.pdf
87,Clinical_event,followed up,0.9987982511520386,1,/content/drive/MyDrive/MACROBATT/INPUT_PDF_FILES/28202862.pdf
