,Entity Group,Value,Score,Page,Pdf File
0,Age,48-year-old,0.9980901479721069,1,/content/drive/MyDrive/MACROBATT/INPUT_PDF_FILES/28202865.pdf
1,Sex,man,0.9997885823249817,1,/content/drive/MyDrive/MACROBATT/INPUT_PDF_FILES/28202865.pdf
2,Clinical_event,hospitalized,0.9435420632362366,1,/content/drive/MyDrive/MACROBATT/INPUT_PDF_FILES/28202865.pdf
3,Sign_symptom,hemoptysis,0.9016534686088562,1,/content/drive/MyDrive/MACROBATT/INPUT_PDF_FILES/28202865.pdf
4,Date,42 years,0.9568974375724792,1,/content/drive/MyDrive/MACROBATT/INPUT_PDF_FILES/28202865.pdf
5,Biological_structure,chest chest,0.9999469518661499,1,/content/drive/MyDrive/MACROBATT/INPUT_PDF_FILES/28202865.pdf
6,Diagnostic_procedure,radiograph,0.9998960494995117,1,/content/drive/MyDrive/MACROBATT/INPUT_PDF_FILES/28202865.pdf
7,Diagnostic_procedure,computed tomography,0.9999430775642395,1,/content/drive/MyDrive/MACROBATT/INPUT_PDF_FILES/28202865.pdf
8,Diagnostic_procedure,( ( ( (,0.997778594493866,1,/content/drive/MyDrive/MACROBATT/INPUT_PDF_FILES/28202865.pdf
9,Detailed_description,diffuse,0.9998894929885864,1,/content/drive/MyDrive/MACROBATT/INPUT_PDF_FILES/28202865.pdf
10,Texture,ground-glass,0.9896095991134644,1,/content/drive/MyDrive/MACROBATT/INPUT_PDF_FILES/28202865.pdf
11,Sign_symptom,opacity ( ( ( (,0.9962522387504578,1,/content/drive/MyDrive/MACROBATT/INPUT_PDF_FILES/28202865.pdf
12,Sign_symptom,GGO ) ) ) ),0.887293815612793,1,/content/drive/MyDrive/MACROBATT/INPUT_PDF_FILES/28202865.pdf
13,Biological_structure,bilateral lung,0.999933123588562,1,/content/drive/MyDrive/MACROBATT/INPUT_PDF_FILES/28202865.pdf
14,Diagnostic_procedure,bronchoscopic examination,0.9998303651809692,1,/content/drive/MyDrive/MACROBATT/INPUT_PDF_FILES/28202865.pdf
15,Sign_symptom,accumulation,0.999680757522583,1,/content/drive/MyDrive/MACROBATT/INPUT_PDF_FILES/28202865.pdf
16,Severity,large amounts,0.9956144094467163,1,/content/drive/MyDrive/MACROBATT/INPUT_PDF_FILES/28202865.pdf
17,Detailed_description,blood,0.9982326030731201,1,/content/drive/MyDrive/MACROBATT/INPUT_PDF_FILES/28202865.pdf
18,Biological_structure,trachea,0.999862015247345,1,/content/drive/MyDrive/MACROBATT/INPUT_PDF_FILES/28202865.pdf
19,Biological_structure,bronchoscopic bronchi,0.9999369382858276,1,/content/drive/MyDrive/MACROBATT/INPUT_PDF_FILES/28202865.pdf
20,Biological_structure,bronchi,0.9999030232429504,1,/content/drive/MyDrive/MACROBATT/INPUT_PDF_FILES/28202865.pdf
21,Diagnostic_procedure,bronchoalveolar,0.9999101161956787,1,/content/drive/MyDrive/MACROBATT/INPUT_PDF_FILES/28202865.pdf
22,Diagnostic_procedure,bronchoalveolar lavage fluid,0.990864098072052,1,/content/drive/MyDrive/MACROBATT/INPUT_PDF_FILES/28202865.pdf
23,Diagnostic_procedure,BALF,0.9969448447227478,1,/content/drive/MyDrive/MACROBATT/INPUT_PDF_FILES/28202865.pdf
24,Diagnostic_procedure,culture test,0.999954342842102,1,/content/drive/MyDrive/MACROBATT/INPUT_PDF_FILES/28202865.pdf
25,Diagnostic_procedure,electrocardiogram,0.9995285272598267,1,/content/drive/MyDrive/MACROBATT/INPUT_PDF_FILES/28202865.pdf
26,Biological_structure,transthoracic,0.9999395608901978,1,/content/drive/MyDrive/MACROBATT/INPUT_PDF_FILES/28202865.pdf
27,Diagnostic_procedure,echocardiogram,0.9957023859024048,1,/content/drive/MyDrive/MACROBATT/INPUT_PDF_FILES/28202865.pdf
28,Other_event,questionnaire,0.9475446343421936,1,/content/drive/MyDrive/MACROBATT/INPUT_PDF_FILES/28202865.pdf
29,Date,that at that patient hepatitis that that that that time,0.9995238780975342,1,/content/drive/MyDrive/MACROBATT/INPUT_PDF_FILES/28202865.pdf
30,Sign_symptom,hemorrhagic episode,0.999732494354248,1,/content/drive/MyDrive/MACROBATT/INPUT_PDF_FILES/28202865.pdf
31,Disease_disorder,bleeding,0.9984501600265503,1,/content/drive/MyDrive/MACROBATT/INPUT_PDF_FILES/28202865.pdf
32,Subject,younger brother,0.9863893389701843,1,/content/drive/MyDrive/MACROBATT/INPUT_PDF_FILES/28202865.pdf
33,Disease_disorder,hepatitis C.,0.9965578317642212,1,/content/drive/MyDrive/MACROBATT/INPUT_PDF_FILES/28202865.pdf
34,Medication,drugs,0.9983752965927124,1,/content/drive/MyDrive/MACROBATT/INPUT_PDF_FILES/28202865.pdf
35,Disease_disorder,DAH,0.8194227814674377,1,/content/drive/MyDrive/MACROBATT/INPUT_PDF_FILES/28202865.pdf
36,Disease_disorder,vasculitis,0.9946999549865723,1,/content/drive/MyDrive/MACROBATT/INPUT_PDF_FILES/28202865.pdf
37,Dosage,high-dose,0.9947337508201599,1,/content/drive/MyDrive/MACROBATT/INPUT_PDF_FILES/28202865.pdf
38,Administration,intravenous,0.9995378255844116,1,/content/drive/MyDrive/MACROBATT/INPUT_PDF_FILES/28202865.pdf
39,Medication,methylprednisolone,0.999832272529602,1,/content/drive/MyDrive/MACROBATT/INPUT_PDF_FILES/28202865.pdf
40,Medication,methylprednisolone prednisolone,0.9916553497314453,1,/content/drive/MyDrive/MACROBATT/INPUT_PDF_FILES/28202865.pdf
41,Dosage,"1,000",0.996656060218811,1,/content/drive/MyDrive/MACROBATT/INPUT_PDF_FILES/28202865.pdf
42,Duration,3 days,0.9994955062866211,1,/content/drive/MyDrive/MACROBATT/INPUT_PDF_FILES/28202865.pdf
43,Biological_structure,Chest,0.9554988145828247,1,/content/drive/MyDrive/MACROBATT/INPUT_PDF_FILES/28202865.pdf
44,Medication,prednisolone,0.9996602535247803,1,/content/drive/MyDrive/MACROBATT/INPUT_PDF_FILES/28202865.pdf
45,Medication,prednisolone dose tapered and discontinued two-and-a-half discharge,0.9871679544448853,1,/content/drive/MyDrive/MACROBATT/INPUT_PDF_FILES/28202865.pdf
46,Dosage,tapered,0.977141261100769,1,/content/drive/MyDrive/MACROBATT/INPUT_PDF_FILES/28202865.pdf
47,Dosage,discontinued,0.9984287619590759,1,/content/drive/MyDrive/MACROBATT/INPUT_PDF_FILES/28202865.pdf
48,Date,two-and-a-half years,0.9997813701629639,1,/content/drive/MyDrive/MACROBATT/INPUT_PDF_FILES/28202865.pdf
49,Clinical_event,discharge,0.9994465708732605,1,/content/drive/MyDrive/MACROBATT/INPUT_PDF_FILES/28202865.pdf
50,Clinical_event,readmitted,0.9997968077659607,1,/content/drive/MyDrive/MACROBATT/INPUT_PDF_FILES/28202865.pdf
51,Nonbiological_location,hospital,0.999536395072937,1,/content/drive/MyDrive/MACROBATT/INPUT_PDF_FILES/28202865.pdf
52,Date,patient at 46 years of of,0.9404440522193909,1,/content/drive/MyDrive/MACROBATT/INPUT_PDF_FILES/28202865.pdf
53,Lab_value,improvement,0.9969778060913086,1,/content/drive/MyDrive/MACROBATT/INPUT_PDF_FILES/28202865.pdf
54,Medication,prednisolone dose tapered daily dose daily,0.9119654893875122,1,/content/drive/MyDrive/MACROBATT/INPUT_PDF_FILES/28202865.pdf
55,Dosage,60 mg mg daily daily,0.999701976776123,1,/content/drive/MyDrive/MACROBATT/INPUT_PDF_FILES/28202865.pdf
56,Dosage,5 mg mg,0.9991077184677124,1,/content/drive/MyDrive/MACROBATT/INPUT_PDF_FILES/28202865.pdf
57,Date,At 48 years of of age,0.9917879104614258,1,/content/drive/MyDrive/MACROBATT/INPUT_PDF_FILES/28202865.pdf
58,Detailed_description,steroid-induced,0.9802497625350952,1,/content/drive/MyDrive/MACROBATT/INPUT_PDF_FILES/28202865.pdf
59,Disease_disorder,diabetes,0.9995297193527222,1,/content/drive/MyDrive/MACROBATT/INPUT_PDF_FILES/28202865.pdf
60,Medication,glimepiride mg,0.9999150037765503,1,/content/drive/MyDrive/MACROBATT/INPUT_PDF_FILES/28202865.pdf
61,Medication,glimepiride,0.7202150225639343,1,/content/drive/MyDrive/MACROBATT/INPUT_PDF_FILES/28202865.pdf
62,Diagnostic_procedure,weight,0.999860405921936,1,/content/drive/MyDrive/MACROBATT/INPUT_PDF_FILES/28202865.pdf
63,Lab_value,75 kg,0.9994831085205078,1,/content/drive/MyDrive/MACROBATT/INPUT_PDF_FILES/28202865.pdf
64,Diagnostic_procedure,height,0.966191828250885,1,/content/drive/MyDrive/MACROBATT/INPUT_PDF_FILES/28202865.pdf
65,Lab_value,167 cm,0.9725127220153809,1,/content/drive/MyDrive/MACROBATT/INPUT_PDF_FILES/28202865.pdf
66,Diagnostic_procedure,vital signs,0.9999601244926453,1,/content/drive/MyDrive/MACROBATT/INPUT_PDF_FILES/28202865.pdf
67,Lab_value,178/102,0.6298270225524902,1,/content/drive/MyDrive/MACROBATT/INPUT_PDF_FILES/28202865.pdf
68,Diagnostic_procedure,pulse pulse,0.9999773502349854,1,/content/drive/MyDrive/MACROBATT/INPUT_PDF_FILES/28202865.pdf
69,Lab_value,109 beats/min,0.9938766956329346,1,/content/drive/MyDrive/MACROBATT/INPUT_PDF_FILES/28202865.pdf
70,Diagnostic_procedure,auscultation,0.9995536208152771,1,/content/drive/MyDrive/MACROBATT/INPUT_PDF_FILES/28202865.pdf
71,Detailed_description,fine,0.9999185800552368,1,/content/drive/MyDrive/MACROBATT/INPUT_PDF_FILES/28202865.pdf
72,Sign_symptom,crackles,0.9726722240447998,1,/content/drive/MyDrive/MACROBATT/INPUT_PDF_FILES/28202865.pdf
73,Biological_structure,right lung,0.9999247193336487,1,/content/drive/MyDrive/MACROBATT/INPUT_PDF_FILES/28202865.pdf
74,Biological_structure,skin,0.9999383687973022,1,/content/drive/MyDrive/MACROBATT/INPUT_PDF_FILES/28202865.pdf
75,Biological_structure,subcutaneous,0.9812241792678833,1,/content/drive/MyDrive/MACROBATT/INPUT_PDF_FILES/28202865.pdf
76,Biological_structure,joint,0.9999487400054932,1,/content/drive/MyDrive/MACROBATT/INPUT_PDF_FILES/28202865.pdf
77,Sign_symptom,swelling,0.9998053908348083,1,/content/drive/MyDrive/MACROBATT/INPUT_PDF_FILES/28202865.pdf
78,Biological_structure,chest,0.9999394416809082,1,/content/drive/MyDrive/MACROBATT/INPUT_PDF_FILES/28202865.pdf
79,Sign_symptom,GGO,0.9998171329498291,1,/content/drive/MyDrive/MACROBATT/INPUT_PDF_FILES/28202865.pdf
80,Severity,Mild,0.9996576309204102,1,/content/drive/MyDrive/MACROBATT/INPUT_PDF_FILES/28202865.pdf
81,Sign_symptom,anemia,0.9999583959579468,1,/content/drive/MyDrive/MACROBATT/INPUT_PDF_FILES/28202865.pdf
82,Diagnostic_procedure,hemoglobin hemoglobin,0.9981722831726074,1,/content/drive/MyDrive/MACROBATT/INPUT_PDF_FILES/28202865.pdf
83,Lab_value,14.6 g/dL g/dL,0.9998510479927063,1,/content/drive/MyDrive/MACROBATT/INPUT_PDF_FILES/28202865.pdf
84,Sign_symptom,hemoglobin hemoglobin hemoptysis,0.9999438524246216,1,/content/drive/MyDrive/MACROBATT/INPUT_PDF_FILES/28202865.pdf
85,Diagnostic_procedure,activated partial thromboplastin time,0.9999334812164307,1,/content/drive/MyDrive/MACROBATT/INPUT_PDF_FILES/28202865.pdf
86,Diagnostic_procedure,( (,0.9122469425201416,1,/content/drive/MyDrive/MACROBATT/INPUT_PDF_FILES/28202865.pdf
87,Diagnostic_procedure,APTT,0.9992378950119019,1,/content/drive/MyDrive/MACROBATT/INPUT_PDF_FILES/28202865.pdf
88,Lab_value,prolonged,0.9998632669448853,1,/content/drive/MyDrive/MACROBATT/INPUT_PDF_FILES/28202865.pdf
89,Lab_value,53.5 seconds seconds,0.9998840689659119,1,/content/drive/MyDrive/MACROBATT/INPUT_PDF_FILES/28202865.pdf
90,Lab_value,normal,0.9998301267623901,1,/content/drive/MyDrive/MACROBATT/INPUT_PDF_FILES/28202865.pdf
91,Lab_value,25.1-40.7,0.5489568114280701,1,/content/drive/MyDrive/MACROBATT/INPUT_PDF_FILES/28202865.pdf
92,Diagnostic_procedure,Laboratory tests,0.9999478459358215,1,/content/drive/MyDrive/MACROBATT/INPUT_PDF_FILES/28202865.pdf
93,Diagnostic_procedure,hemoglobin,0.9999450445175171,1,/content/drive/MyDrive/MACROBATT/INPUT_PDF_FILES/28202865.pdf
94,Diagnostic_procedure,blood hemoglobin,0.9906236529350281,1,/content/drive/MyDrive/MACROBATT/INPUT_PDF_FILES/28202865.pdf
95,Lab_value,299 mg/dL,0.9999294281005859,1,/content/drive/MyDrive/MACROBATT/INPUT_PDF_FILES/28202865.pdf
96,Lab_value,8.2,0.9843756556510925,1,/content/drive/MyDrive/MACROBATT/INPUT_PDF_FILES/28202865.pdf
97,Diagnostic_procedure,Autoantibodies for various collagen diseases,0.9999046325683594,1,/content/drive/MyDrive/MACROBATT/INPUT_PDF_FILES/28202865.pdf
98,Lab_value,negative,0.9999394416809082,1,/content/drive/MyDrive/MACROBATT/INPUT_PDF_FILES/28202865.pdf
99,Diagnostic_procedure,condition,0.9997374415397644,1,/content/drive/MyDrive/MACROBATT/INPUT_PDF_FILES/28202865.pdf
100,Date,an and transfusions elementary school student,0.9639672040939331,1,/content/drive/MyDrive/MACROBATT/INPUT_PDF_FILES/28202865.pdf
101,Quantitative_concept,twice,0.9863612651824951,1,/content/drive/MyDrive/MACROBATT/INPUT_PDF_FILES/28202865.pdf
102,Severity,abnormally heavy,0.975883960723877,1,/content/drive/MyDrive/MACROBATT/INPUT_PDF_FILES/28202865.pdf
103,Disease_disorder,bleeding bleeding,0.9994527697563171,1,/content/drive/MyDrive/MACROBATT/INPUT_PDF_FILES/28202865.pdf
104,Detailed_description,congenital,0.9999445676803589,1,/content/drive/MyDrive/MACROBATT/INPUT_PDF_FILES/28202865.pdf
105,Subject,younger brother,0.99725341796875,2,/content/drive/MyDrive/MACROBATT/INPUT_PDF_FILES/28202865.pdf
106,Disease_disorder,hemophilia,0.9943771958351135,2,/content/drive/MyDrive/MACROBATT/INPUT_PDF_FILES/28202865.pdf
107,Diagnostic_procedure,factors factor IX,0.9998052716255188,2,/content/drive/MyDrive/MACROBATT/INPUT_PDF_FILES/28202865.pdf
108,Severity,moderate,0.9997656941413879,2,/content/drive/MyDrive/MACROBATT/INPUT_PDF_FILES/28202865.pdf
109,Disease_disorder,DAH,0.9920679330825806,2,/content/drive/MyDrive/MACROBATT/INPUT_PDF_FILES/28202865.pdf
110,Medication,corticosteroid,0.9999033212661743,2,/content/drive/MyDrive/MACROBATT/INPUT_PDF_FILES/28202865.pdf
111,Medication,prednisolone,0.9998062252998352,2,/content/drive/MyDrive/MACROBATT/INPUT_PDF_FILES/28202865.pdf
112,Medication,decided prednisolone,0.9922834038734436,2,/content/drive/MyDrive/MACROBATT/INPUT_PDF_FILES/28202865.pdf
113,Medication,coagulation factor IX replacement,0.9448115825653076,2,/content/drive/MyDrive/MACROBATT/INPUT_PDF_FILES/28202865.pdf
114,Sign_symptom,hemorrhagic,0.673443078994751,2,/content/drive/MyDrive/MACROBATT/INPUT_PDF_FILES/28202865.pdf
115,Sign_symptom,recurrence hemorrhagic since discontinuation,0.9035459160804749,2,/content/drive/MyDrive/MACROBATT/INPUT_PDF_FILES/28202865.pdf
116,Sign_symptom,symptoms,0.9998810291290283,2,/content/drive/MyDrive/MACROBATT/INPUT_PDF_FILES/28202865.pdf
117,Duration,during 3 years,0.9996352791786194,2,/content/drive/MyDrive/MACROBATT/INPUT_PDF_FILES/28202865.pdf
