,Entity Group,Value,Score,Page,Pdf File
0,Age,34-year-old,0.9938589334487915,1,/content/drive/MyDrive/MACROBATT/INPUT_PDF_FILES/28202869.pdf
1,Personal_background,Japanese,0.9981873631477356,1,/content/drive/MyDrive/MACROBATT/INPUT_PDF_FILES/28202869.pdf
2,Sex,woman,0.9996304512023926,1,/content/drive/MyDrive/MACROBATT/INPUT_PDF_FILES/28202869.pdf
3,Disease_disorder,MCTD,0.9999083280563354,1,/content/drive/MyDrive/MACROBATT/INPUT_PDF_FILES/28202869.pdf
4,Disease_disorder,Raynaud,0.58760666847229,1,/content/drive/MyDrive/MACROBATT/INPUT_PDF_FILES/28202869.pdf
5,Sign_symptom,Japanese pancytopenia,0.9938212633132935,1,/content/drive/MyDrive/MACROBATT/INPUT_PDF_FILES/28202869.pdf
6,Lab_value,elevated,0.9999110698699951,1,/content/drive/MyDrive/MACROBATT/INPUT_PDF_FILES/28202869.pdf
7,Detailed_description,plasma,0.9996606111526489,1,/content/drive/MyDrive/MACROBATT/INPUT_PDF_FILES/28202869.pdf
8,Diagnostic_procedure,creatinine,0.9998923540115356,1,/content/drive/MyDrive/MACROBATT/INPUT_PDF_FILES/28202869.pdf
9,Diagnostic_procedure,34-year-old creatinine,0.9326358437538147,1,/content/drive/MyDrive/MACROBATT/INPUT_PDF_FILES/28202869.pdf
10,Lab_value,antibodies against,0.9996289014816284,1,/content/drive/MyDrive/MACROBATT/INPUT_PDF_FILES/28202869.pdf
11,Diagnostic_procedure,U1-ribonucleoprotein,0.9937117695808411,1,/content/drive/MyDrive/MACROBATT/INPUT_PDF_FILES/28202869.pdf
12,Date,2005,0.9983313679695129,1,/content/drive/MyDrive/MACROBATT/INPUT_PDF_FILES/28202869.pdf
13,Dosage,10 mg,0.9995903968811035,1,/content/drive/MyDrive/MACROBATT/INPUT_PDF_FILES/28202869.pdf
14,Medication,presence prednisolone,0.9995991587638855,1,/content/drive/MyDrive/MACROBATT/INPUT_PDF_FILES/28202869.pdf
15,Medication,34-year-old had diagnosis Raynaud elevated and antibodies and received prednisolone daily,0.987086296081543,1,/content/drive/MyDrive/MACROBATT/INPUT_PDF_FILES/28202869.pdf
16,Medication,prednisolone,0.8278953433036804,1,/content/drive/MyDrive/MACROBATT/INPUT_PDF_FILES/28202869.pdf
17,Diagnostic_procedure,Pulmonary arterial systolic pressure,0.9999394416809082,1,/content/drive/MyDrive/MACROBATT/INPUT_PDF_FILES/28202869.pdf
18,Diagnostic_procedure,echocardiography,0.9996240735054016,1,/content/drive/MyDrive/MACROBATT/INPUT_PDF_FILES/28202869.pdf
19,Detailed_description,progressive,0.9999663829803467,1,/content/drive/MyDrive/MACROBATT/INPUT_PDF_FILES/28202869.pdf
20,Sign_symptom,shortness of breath,0.9999217987060547,1,/content/drive/MyDrive/MACROBATT/INPUT_PDF_FILES/28202869.pdf
21,Activity,physical effort,0.9983245134353638,1,/content/drive/MyDrive/MACROBATT/INPUT_PDF_FILES/28202869.pdf
22,Disease_disorder,Pulmonary arterial arterial hypertension,0.9998437762260437,1,/content/drive/MyDrive/MACROBATT/INPUT_PDF_FILES/28202869.pdf
23,Lab_value,74 mmHg,0.999870777130127,1,/content/drive/MyDrive/MACROBATT/INPUT_PDF_FILES/28202869.pdf
24,Diagnostic_procedure,mean pulmonary arterial arterial pressure,0.9962759613990784,1,/content/drive/MyDrive/MACROBATT/INPUT_PDF_FILES/28202869.pdf
25,Diagnostic_procedure,mPAP,0.9644250869750977,1,/content/drive/MyDrive/MACROBATT/INPUT_PDF_FILES/28202869.pdf
26,Diagnostic_procedure,right heart catheterization,0.9628786444664001,1,/content/drive/MyDrive/MACROBATT/INPUT_PDF_FILES/28202869.pdf
27,Diagnostic_procedure,RHC,0.9831221699714661,1,/content/drive/MyDrive/MACROBATT/INPUT_PDF_FILES/28202869.pdf
28,Medication,Cyclophosphamide-based,0.9520425796508789,1,/content/drive/MyDrive/MACROBATT/INPUT_PDF_FILES/28202869.pdf
29,Medication,immunosuppressive therapy,0.9759928584098816,1,/content/drive/MyDrive/MACROBATT/INPUT_PDF_FILES/28202869.pdf
30,Detailed_description,early,0.5539451837539673,1,/content/drive/MyDrive/MACROBATT/INPUT_PDF_FILES/28202869.pdf
31,Detailed_description,menopausal,0.5782091021537781,1,/content/drive/MyDrive/MACROBATT/INPUT_PDF_FILES/28202869.pdf
32,Dosage,250 mg/day,0.9996969699859619,1,/content/drive/MyDrive/MACROBATT/INPUT_PDF_FILES/28202869.pdf
33,Medication,bosentan,0.9396262168884277,1,/content/drive/MyDrive/MACROBATT/INPUT_PDF_FILES/28202869.pdf
34,Dosage,120 μg/day,0.9997299909591675,1,/content/drive/MyDrive/MACROBATT/INPUT_PDF_FILES/28202869.pdf
35,Medication,beraprost,0.9998996257781982,1,/content/drive/MyDrive/MACROBATT/INPUT_PDF_FILES/28202869.pdf
36,Date,January,0.8531084656715393,1,/content/drive/MyDrive/MACROBATT/INPUT_PDF_FILES/28202869.pdf
37,Date,2014,0.7213679552078247,1,/content/drive/MyDrive/MACROBATT/INPUT_PDF_FILES/28202869.pdf
38,Sign_symptom,dyspnea deteriorated and admitted,0.9999440908432007,1,/content/drive/MyDrive/MACROBATT/INPUT_PDF_FILES/28202869.pdf
39,Sign_symptom,dyspnea,0.9998415112495422,1,/content/drive/MyDrive/MACROBATT/INPUT_PDF_FILES/28202869.pdf
40,Clinical_event,admitted,0.9998470544815063,1,/content/drive/MyDrive/MACROBATT/INPUT_PDF_FILES/28202869.pdf
41,Diagnostic_procedure,physical examination,0.9999186992645264,1,/content/drive/MyDrive/MACROBATT/INPUT_PDF_FILES/28202869.pdf
42,Lab_value,low low,0.9974689483642578,1,/content/drive/MyDrive/MACROBATT/INPUT_PDF_FILES/28202869.pdf
43,Diagnostic_procedure,systemic systemic blood blood pressure,0.9957115650177002,1,/content/drive/MyDrive/MACROBATT/INPUT_PDF_FILES/28202869.pdf
44,Sign_symptom,tachycardia percutaneous,0.9999454021453857,1,/content/drive/MyDrive/MACROBATT/INPUT_PDF_FILES/28202869.pdf
45,Sign_symptom,tachycardia,0.9992658495903015,1,/content/drive/MyDrive/MACROBATT/INPUT_PDF_FILES/28202869.pdf
46,Diagnostic_procedure,blood blood oxygen oxygen level,0.9861133694648743,1,/content/drive/MyDrive/MACROBATT/INPUT_PDF_FILES/28202869.pdf
47,Biological_structure,jugular venous,0.999427080154419,1,/content/drive/MyDrive/MACROBATT/INPUT_PDF_FILES/28202869.pdf
48,Sign_symptom,tachycardia distension,0.9369981288909912,1,/content/drive/MyDrive/MACROBATT/INPUT_PDF_FILES/28202869.pdf
49,Severity,severe,0.9996142387390137,1,/content/drive/MyDrive/MACROBATT/INPUT_PDF_FILES/28202869.pdf
50,Detailed_description,systemic systemic,0.96324622631073,1,/content/drive/MyDrive/MACROBATT/INPUT_PDF_FILES/28202869.pdf
51,Detailed_description,Coarse,0.9999121427536011,1,/content/drive/MyDrive/MACROBATT/INPUT_PDF_FILES/28202869.pdf
52,Sign_symptom,crackles,0.9997610449790955,1,/content/drive/MyDrive/MACROBATT/INPUT_PDF_FILES/28202869.pdf
53,Detailed_description,loud,0.9999319314956665,1,/content/drive/MyDrive/MACROBATT/INPUT_PDF_FILES/28202869.pdf
54,Sign_symptom,pulmonic valve closure sounds,0.9969509243965149,1,/content/drive/MyDrive/MACROBATT/INPUT_PDF_FILES/28202869.pdf
55,Diagnostic_procedure,6-minute walk test,0.999885082244873,1,/content/drive/MyDrive/MACROBATT/INPUT_PDF_FILES/28202869.pdf
56,Sign_symptom,undergo due dyspnea,0.999858021736145,1,/content/drive/MyDrive/MACROBATT/INPUT_PDF_FILES/28202869.pdf
57,Diagnostic_procedure,Laboratory examinations,0.9999525547027588,1,/content/drive/MyDrive/MACROBATT/INPUT_PDF_FILES/28202869.pdf
58,Diagnostic_procedure,brain natriuretic peptide ( ( ( ( (,0.9939113259315491,1,/content/drive/MyDrive/MACROBATT/INPUT_PDF_FILES/28202869.pdf
59,Diagnostic_procedure,BNP,0.9988254308700562,1,/content/drive/MyDrive/MACROBATT/INPUT_PDF_FILES/28202869.pdf
60,Lab_value,929.4,0.5513697862625122,1,/content/drive/MyDrive/MACROBATT/INPUT_PDF_FILES/28202869.pdf
61,Sign_symptom,showed hypoxemia the,0.9999538660049438,1,/content/drive/MyDrive/MACROBATT/INPUT_PDF_FILES/28202869.pdf
62,Sign_symptom,hypoxemia,0.9999247789382935,1,/content/drive/MyDrive/MACROBATT/INPUT_PDF_FILES/28202869.pdf
63,Diagnostic_procedure,( ( ( ( (,0.9998230338096619,1,/content/drive/MyDrive/MACROBATT/INPUT_PDF_FILES/28202869.pdf
64,Diagnostic_procedure,PaO2,0.9892439842224121,1,/content/drive/MyDrive/MACROBATT/INPUT_PDF_FILES/28202869.pdf
65,Lab_value,62.5,0.9991542100906372,1,/content/drive/MyDrive/MACROBATT/INPUT_PDF_FILES/28202869.pdf
66,Diagnostic_procedure,PaCO2,0.9667770266532898,1,/content/drive/MyDrive/MACROBATT/INPUT_PDF_FILES/28202869.pdf
67,Lab_value,presence,0.9074634909629822,1,/content/drive/MyDrive/MACROBATT/INPUT_PDF_FILES/28202869.pdf
68,Lab_value,antibodies antibodies against,0.9984928369522095,1,/content/drive/MyDrive/MACROBATT/INPUT_PDF_FILES/28202869.pdf
69,Diagnostic_procedure,antinuclear antibodies antibodies,0.9969094395637512,1,/content/drive/MyDrive/MACROBATT/INPUT_PDF_FILES/28202869.pdf
70,Biological_structure,chest,0.9999397993087769,1,/content/drive/MyDrive/MACROBATT/INPUT_PDF_FILES/28202869.pdf
71,Diagnostic_procedure,X-ray,0.9999470114707947,1,/content/drive/MyDrive/MACROBATT/INPUT_PDF_FILES/28202869.pdf
72,Sign_symptom,enlarged,0.9999198913574219,1,/content/drive/MyDrive/MACROBATT/INPUT_PDF_FILES/28202869.pdf
73,Biological_structure,pulmonary arteries,0.9996529817581177,1,/content/drive/MyDrive/MACROBATT/INPUT_PDF_FILES/28202869.pdf
74,Sign_symptom,cardiomegaly,0.9999614953994751,1,/content/drive/MyDrive/MACROBATT/INPUT_PDF_FILES/28202869.pdf
75,Diagnostic_procedure,Electrocardiogram,0.9999225735664368,1,/content/drive/MyDrive/MACROBATT/INPUT_PDF_FILES/28202869.pdf
76,Sign_symptom,P wave elevation,0.9999046325683594,1,/content/drive/MyDrive/MACROBATT/INPUT_PDF_FILES/28202869.pdf
77,Detailed_description,V1-V2,0.9994909167289734,1,/content/drive/MyDrive/MACROBATT/INPUT_PDF_FILES/28202869.pdf
78,Lab_value,normal,0.9998874664306641,1,/content/drive/MyDrive/MACROBATT/INPUT_PDF_FILES/28202869.pdf
79,Diagnostic_procedure,pulmonary pulmonary arterial wedge pressure,0.9999423623085022,1,/content/drive/MyDrive/MACROBATT/INPUT_PDF_FILES/28202869.pdf
80,Lab_value,high,0.9998528957366943,1,/content/drive/MyDrive/MACROBATT/INPUT_PDF_FILES/28202869.pdf
81,Diagnostic_procedure,pulmonary pulmonary vascular resistance,0.99983149766922,1,/content/drive/MyDrive/MACROBATT/INPUT_PDF_FILES/28202869.pdf
82,Lab_value,"1,547 dyne ・sec・cm-5",0.911511242389679,1,/content/drive/MyDrive/MACROBATT/INPUT_PDF_FILES/28202869.pdf
83,Lab_value,decreased,0.9999164342880249,1,/content/drive/MyDrive/MACROBATT/INPUT_PDF_FILES/28202869.pdf
84,Diagnostic_procedure,cardiac cardiac output,0.9999074935913086,1,/content/drive/MyDrive/MACROBATT/INPUT_PDF_FILES/28202869.pdf
85,Diagnostic_procedure,cardiac cardiac,0.9998857975006104,1,/content/drive/MyDrive/MACROBATT/INPUT_PDF_FILES/28202869.pdf
86,Lab_value,1.69 L/min/m2,0.9615846872329712,1,/content/drive/MyDrive/MACROBATT/INPUT_PDF_FILES/28202869.pdf
87,Diagnostic_procedure,ventilation/perfusion scan,0.9999468922615051,1,/content/drive/MyDrive/MACROBATT/INPUT_PDF_FILES/28202869.pdf
88,Disease_disorder,pulmonary,0.9757876992225647,1,/content/drive/MyDrive/MACROBATT/INPUT_PDF_FILES/28202869.pdf
89,Disease_disorder,chronic obstructive pulmonary disease diseases,0.9998198747634888,1,/content/drive/MyDrive/MACROBATT/INPUT_PDF_FILES/28202869.pdf
90,Disease_disorder,interstitial lung diseases,0.9996017217636108,1,/content/drive/MyDrive/MACROBATT/INPUT_PDF_FILES/28202869.pdf
91,Diagnostic_procedure,computed,0.9121624231338501,1,/content/drive/MyDrive/MACROBATT/INPUT_PDF_FILES/28202869.pdf
92,Sign_symptom,dyspnea considered due MCTD-associated and,0.9999502897262573,1,/content/drive/MyDrive/MACROBATT/INPUT_PDF_FILES/28202869.pdf
93,Disease_disorder,MCTD-associated,0.972630500793457,1,/content/drive/MyDrive/MACROBATT/INPUT_PDF_FILES/28202869.pdf
94,Disease_disorder,PAH,0.9348791837692261,1,/content/drive/MyDrive/MACROBATT/INPUT_PDF_FILES/28202869.pdf
95,Medication,be beraprost,0.9998979568481445,1,/content/drive/MyDrive/MACROBATT/INPUT_PDF_FILES/28202869.pdf
96,Therapeutic_procedure,supportive therapy,0.9998061656951904,1,/content/drive/MyDrive/MACROBATT/INPUT_PDF_FILES/28202869.pdf
97,Therapeutic_procedure,oxygen supplementation,0.9993896484375,1,/content/drive/MyDrive/MACROBATT/INPUT_PDF_FILES/28202869.pdf
98,Medication,addition diuretics additional,0.9998929500579834,1,/content/drive/MyDrive/MACROBATT/INPUT_PDF_FILES/28202869.pdf
99,Medication,diuretics,0.9987073540687561,1,/content/drive/MyDrive/MACROBATT/INPUT_PDF_FILES/28202869.pdf
100,Dosage,40 mg/day mg/day,0.9981300830841064,1,/content/drive/MyDrive/MACROBATT/INPUT_PDF_FILES/28202869.pdf
101,Medication,furosemide,0.9998644590377808,1,/content/drive/MyDrive/MACROBATT/INPUT_PDF_FILES/28202869.pdf
102,Medication,furosemide dose chosen,0.5482401847839355,1,/content/drive/MyDrive/MACROBATT/INPUT_PDF_FILES/28202869.pdf
103,Dosage,60 mg/day mg/day,0.9997575283050537,1,/content/drive/MyDrive/MACROBATT/INPUT_PDF_FILES/28202869.pdf
104,Medication,sildenafil,0.999903678894043,1,/content/drive/MyDrive/MACROBATT/INPUT_PDF_FILES/28202869.pdf
105,Dosage,gradual increment initiation increment in therapy the dose,0.9995288252830505,1,/content/drive/MyDrive/MACROBATT/INPUT_PDF_FILES/28202869.pdf
106,Sign_symptom,dyspnea remained unchanged and increased,0.9999532699584961,1,/content/drive/MyDrive/MACROBATT/INPUT_PDF_FILES/28202869.pdf
107,Medication,IVCY,0.9996455907821655,1,/content/drive/MyDrive/MACROBATT/INPUT_PDF_FILES/28202869.pdf
108,Dosage,750,0.9972684383392334,1,/content/drive/MyDrive/MACROBATT/INPUT_PDF_FILES/28202869.pdf
109,Frequency,every 4 weeks,0.8906805515289307,1,/content/drive/MyDrive/MACROBATT/INPUT_PDF_FILES/28202869.pdf
110,Medication,initiated and dose prednisolone increased daily,0.921252965927124,1,/content/drive/MyDrive/MACROBATT/INPUT_PDF_FILES/28202869.pdf
111,Lab_value,increased,0.9886670112609863,1,/content/drive/MyDrive/MACROBATT/INPUT_PDF_FILES/28202869.pdf
112,Sign_symptom,dyspnea ameliorated and undergo,0.9999632835388184,1,/content/drive/MyDrive/MACROBATT/INPUT_PDF_FILES/28202869.pdf
113,Diagnostic_procedure,SpO2,0.9880716800689697,1,/content/drive/MyDrive/MACROBATT/INPUT_PDF_FILES/28202869.pdf
114,Date,Six months after,0.9998779892921448,1,/content/drive/MyDrive/MACROBATT/INPUT_PDF_FILES/28202869.pdf
115,Clinical_event,follow-up,0.9972881078720093,1,/content/drive/MyDrive/MACROBATT/INPUT_PDF_FILES/28202869.pdf
116,Lab_value,improved,0.9998601675033569,1,/content/drive/MyDrive/MACROBATT/INPUT_PDF_FILES/28202869.pdf
117,Diagnostic_procedure,pulmonary vascular resistance,0.9998446106910706,1,/content/drive/MyDrive/MACROBATT/INPUT_PDF_FILES/28202869.pdf
118,Lab_value,"1,116",0.7723914384841919,1,/content/drive/MyDrive/MACROBATT/INPUT_PDF_FILES/28202869.pdf
119,Lab_value,dyne・sec ・cm-5,0.9945968389511108,1,/content/drive/MyDrive/MACROBATT/INPUT_PDF_FILES/28202869.pdf
120,Diagnostic_procedure,cardiac index,0.9999433159828186,1,/content/drive/MyDrive/MACROBATT/INPUT_PDF_FILES/28202869.pdf
121,Lab_value,"1,547 1,116 1.69 1.83",0.9998249411582947,1,/content/drive/MyDrive/MACROBATT/INPUT_PDF_FILES/28202869.pdf
122,Lab_value,1.83,0.6313328742980957,1,/content/drive/MyDrive/MACROBATT/INPUT_PDF_FILES/28202869.pdf
123,Sign_symptom,stable,0.9997871518135071,1,/content/drive/MyDrive/MACROBATT/INPUT_PDF_FILES/28202869.pdf
124,Date,18 months after,0.9998874664306641,1,/content/drive/MyDrive/MACROBATT/INPUT_PDF_FILES/28202869.pdf
125,Clinical_event,admission,0.9997784495353699,1,/content/drive/MyDrive/MACROBATT/INPUT_PDF_FILES/28202869.pdf
126,Administration,parenteral,0.9989866614341736,1,/content/drive/MyDrive/MACROBATT/INPUT_PDF_FILES/28202869.pdf
127,Medication,prostanoids,0.9986217021942139,1,/content/drive/MyDrive/MACROBATT/INPUT_PDF_FILES/28202869.pdf
128,Therapeutic_procedure,lung transplantation,0.999645471572876,1,/content/drive/MyDrive/MACROBATT/INPUT_PDF_FILES/28202869.pdf
