,Entity Group,Value,Score,Page,Pdf File
0,Age,34-year-old,0.9914538264274597,1,/content/drive/MyDrive/MACROBATT/INPUT_PDF_FILES/28216610.pdf
1,Personal_[back](Biological_structure,Hispanic,0.7653753757476807,1,/content/drive/MyDrive/MACROBATT/INPUT_PDF_FILES/28216610.pdf
2,Sex,male,0.9967743754386902,1,/content/drive/MyDrive/MACROBATT/INPUT_PDF_FILES/28216610.pdf
3,History,without significant past medical history history,0.9998279809951782,1,/content/drive/MyDrive/MACROBATT/INPUT_PDF_FILES/28216610.pdf
4,Clinical_event,presented,0.999869704246521,1,/content/drive/MyDrive/MACROBATT/INPUT_PDF_FILES/28216610.pdf
5,Nonbiological_location,hospital,0.9996849298477173,1,/content/drive/MyDrive/MACROBATT/INPUT_PDF_FILES/28216610.pdf
6,Duration,one month,0.9997144937515259,1,/content/drive/MyDrive/MACROBATT/INPUT_PDF_FILES/28216610.pdf
7,Color,whitish,0.9947469830513,1,/content/drive/MyDrive/MACROBATT/INPUT_PDF_FILES/28216610.pdf
8,Biological_structure,chest,0.9652062058448792,1,/content/drive/MyDrive/MACROBATT/INPUT_PDF_FILES/28216610.pdf
9,Biological_structure,back,0.8782137036323547,1,/content/drive/MyDrive/MACROBATT/INPUT_PDF_FILES/28216610.pdf
10,Lab_value,15–20 pound,0.9995822906494141,1,/content/drive/MyDrive/MACROBATT/INPUT_PDF_FILES/28216610.pdf
11,Sign_symptom,weight loss,0.9999125599861145,1,/content/drive/MyDrive/MACROBATT/INPUT_PDF_FILES/28216610.pdf
12,History,denied smoking,0.9978318214416504,1,/content/drive/MyDrive/MACROBATT/INPUT_PDF_FILES/28216610.pdf
13,History,socially drank,0.7882990837097168,1,/content/drive/MyDrive/MACROBATT/INPUT_PDF_FILES/28216610.pdf
14,History,unprotected sexual intercourse,0.9725341200828552,1,/content/drive/MyDrive/MACROBATT/INPUT_PDF_FILES/28216610.pdf
15,History,multiple partners,0.7035236954689026,1,/content/drive/MyDrive/MACROBATT/INPUT_PDF_FILES/28216610.pdf
16,Diagnostic_procedure,temperature,0.9999274015426636,1,/content/drive/MyDrive/MACROBATT/INPUT_PDF_FILES/28216610.pdf
17,Lab_value,97.9°F,0.9658149480819702,1,/content/drive/MyDrive/MACROBATT/INPUT_PDF_FILES/28216610.pdf
18,Diagnostic_procedure,heart rate rate,0.9999602437019348,1,/content/drive/MyDrive/MACROBATT/INPUT_PDF_FILES/28216610.pdf
19,Lab_value,85 beats temperature per per minute minute,0.9999347925186157,1,/content/drive/MyDrive/MACROBATT/INPUT_PDF_FILES/28216610.pdf
20,Diagnostic_procedure,respiratory rate rate,0.9999603033065796,1,/content/drive/MyDrive/MACROBATT/INPUT_PDF_FILES/28216610.pdf
21,Lab_value,16 breaths temperature per per minute minute,0.9998780488967896,1,/content/drive/MyDrive/MACROBATT/INPUT_PDF_FILES/28216610.pdf
22,Diagnostic_procedure,blood pressure,0.9999544024467468,1,/content/drive/MyDrive/MACROBATT/INPUT_PDF_FILES/28216610.pdf
23,Lab_value,107/66 mm Hg,0.9308865666389465,1,/content/drive/MyDrive/MACROBATT/INPUT_PDF_FILES/28216610.pdf
24,Diagnostic_procedure,oxygen saturation,0.9999485015869141,1,/content/drive/MyDrive/MACROBATT/INPUT_PDF_FILES/28216610.pdf
25,Lab_value,100 %,0.9998707175254822,1,/content/drive/MyDrive/MACROBATT/INPUT_PDF_FILES/28216610.pdf
26,Detailed_description,room,0.9967304468154907,1,/content/drive/MyDrive/MACROBATT/INPUT_PDF_FILES/28216610.pdf
27,Diagnostic_procedure,Examination,0.9997465014457703,1,/content/drive/MyDrive/MACROBATT/INPUT_PDF_FILES/28216610.pdf
28,Biological_structure,oral,0.999953031539917,1,/content/drive/MyDrive/MACROBATT/INPUT_PDF_FILES/28216610.pdf
29,Sign_symptom,thrush,0.9996830224990845,1,/content/drive/MyDrive/MACROBATT/INPUT_PDF_FILES/28216610.pdf
30,Sign_symptom,decreased,0.7457903623580933,1,/content/drive/MyDrive/MACROBATT/INPUT_PDF_FILES/28216610.pdf
31,Diagnostic_procedure,breath sounds,0.9897899627685547,1,/content/drive/MyDrive/MACROBATT/INPUT_PDF_FILES/28216610.pdf
32,Sign_symptom,crackles,0.9891276359558105,1,/content/drive/MyDrive/MACROBATT/INPUT_PDF_FILES/28216610.pdf
33,Biological_structure,right lower lung,0.9999184608459473,1,/content/drive/MyDrive/MACROBATT/INPUT_PDF_FILES/28216610.pdf
34,Biological_structure,cutaneous,0.9999405145645142,1,/content/drive/MyDrive/MACROBATT/INPUT_PDF_FILES/28216610.pdf
35,Sign_symptom,lesions,0.9999513626098633,1,/content/drive/MyDrive/MACROBATT/INPUT_PDF_FILES/28216610.pdf
36,Diagnostic_procedure,complete blood count,0.9999545216560364,1,/content/drive/MyDrive/MACROBATT/INPUT_PDF_FILES/28216610.pdf
37,Diagnostic_procedure,CBC,0.8925584554672241,1,/content/drive/MyDrive/MACROBATT/INPUT_PDF_FILES/28216610.pdf
38,Diagnostic_procedure,hemoglobin,0.9999065399169922,1,/content/drive/MyDrive/MACROBATT/INPUT_PDF_FILES/28216610.pdf
39,Lab_value,9.7 2.3×109/L 164×109/L,0.9999158382415771,1,/content/drive/MyDrive/MACROBATT/INPUT_PDF_FILES/28216610.pdf
40,Lab_value,9.7,0.9397842884063721,1,/content/drive/MyDrive/MACROBATT/INPUT_PDF_FILES/28216610.pdf
41,Diagnostic_procedure,WBCs,0.9998787641525269,1,/content/drive/MyDrive/MACROBATT/INPUT_PDF_FILES/28216610.pdf
42,Lab_value,2.3×109/L,0.958890438079834,1,/content/drive/MyDrive/MACROBATT/INPUT_PDF_FILES/28216610.pdf
43,Diagnostic_procedure,platelets,0.9999454617500305,1,/content/drive/MyDrive/MACROBATT/INPUT_PDF_FILES/28216610.pdf
44,Lab_value,164×109/L,0.9999407529830933,1,/content/drive/MyDrive/MACROBATT/INPUT_PDF_FILES/28216610.pdf
45,Diagnostic_procedure,creatinine,0.9999643564224243,1,/content/drive/MyDrive/MACROBATT/INPUT_PDF_FILES/28216610.pdf
46,Diagnostic_procedure,creatinine urea,0.9999229907989502,1,/content/drive/MyDrive/MACROBATT/INPUT_PDF_FILES/28216610.pdf
47,Lab_value,0.62 mg/dL mg/dL,0.9914132356643677,1,/content/drive/MyDrive/MACROBATT/INPUT_PDF_FILES/28216610.pdf
48,Diagnostic_procedure,blood urea nitrogen,0.999953031539917,1,/content/drive/MyDrive/MACROBATT/INPUT_PDF_FILES/28216610.pdf
49,Lab_value,10 mg/dL mg/dL,0.7741510272026062,1,/content/drive/MyDrive/MACROBATT/INPUT_PDF_FILES/28216610.pdf
50,Diagnostic_procedure,Radiograph,0.9990097284317017,1,/content/drive/MyDrive/MACROBATT/INPUT_PDF_FILES/28216610.pdf
51,Biological_structure,chest chest,0.999962568283081,1,/content/drive/MyDrive/MACROBATT/INPUT_PDF_FILES/28216610.pdf
52,Severity,extensive,0.9991311430931091,1,/content/drive/MyDrive/MACROBATT/INPUT_PDF_FILES/28216610.pdf
53,Biological_structure,right right right,0.9999316930770874,1,/content/drive/MyDrive/MACROBATT/INPUT_PDF_FILES/28216610.pdf
54,Biological_structure,left,0.9998499155044556,1,/content/drive/MyDrive/MACROBATT/INPUT_PDF_FILES/28216610.pdf
55,Biological_structure,perihilar perihilar,0.9999507665634155,1,/content/drive/MyDrive/MACROBATT/INPUT_PDF_FILES/28216610.pdf
56,Sign_symptom,opacity,0.9999517202377319,1,/content/drive/MyDrive/MACROBATT/INPUT_PDF_FILES/28216610.pdf
57,Diagnostic_procedure,computed tomography,0.9998437762260437,1,/content/drive/MyDrive/MACROBATT/INPUT_PDF_FILES/28216610.pdf
58,Diagnostic_procedure,( ( (,0.9998764991760254,1,/content/drive/MyDrive/MACROBATT/INPUT_PDF_FILES/28216610.pdf
59,Severity,large,0.9979581832885742,1,/content/drive/MyDrive/MACROBATT/INPUT_PDF_FILES/28216610.pdf
60,Sign_symptom,mass,0.99993896484375,1,/content/drive/MyDrive/MACROBATT/INPUT_PDF_FILES/28216610.pdf
61,Detailed_description,multiple,0.9996830224990845,1,/content/drive/MyDrive/MACROBATT/INPUT_PDF_FILES/28216610.pdf
62,Biological_structure,thoracic,0.9999462366104126,1,/content/drive/MyDrive/MACROBATT/INPUT_PDF_FILES/28216610.pdf
63,Biological_structure,lumbar,0.9998577833175659,1,/content/drive/MyDrive/MACROBATT/INPUT_PDF_FILES/28216610.pdf
64,Biological_structure,Radiograph right perihilar more right tomography right large perihilar Figure thoracic lumbar vertebrae ribs sternal Figure,0.84675532579422,1,/content/drive/MyDrive/MACROBATT/INPUT_PDF_FILES/28216610.pdf
65,Biological_structure,sternal,0.9998499155044556,1,/content/drive/MyDrive/MACROBATT/INPUT_PDF_FILES/28216610.pdf
66,Severity,tiny,0.9907069206237793,1,/content/drive/MyDrive/MACROBATT/INPUT_PDF_FILES/28216610.pdf
67,Detailed_description,left perihilar large perihilar multiple lumbar sternal lytic lesions,0.9999626874923706,1,/content/drive/MyDrive/MACROBATT/INPUT_PDF_FILES/28216610.pdf
68,Detailed_description,lytic,0.9999628067016602,1,/content/drive/MyDrive/MACROBATT/INPUT_PDF_FILES/28216610.pdf
69,Biological_structure,bony,0.9996817111968994,1,/content/drive/MyDrive/MACROBATT/INPUT_PDF_FILES/28216610.pdf
70,Disease_disorder,metastasis,0.9509027600288391,1,/content/drive/MyDrive/MACROBATT/INPUT_PDF_FILES/28216610.pdf
71,Biological_structure,Blood,0.9999502897262573,1,/content/drive/MyDrive/MACROBATT/INPUT_PDF_FILES/28216610.pdf
72,Biological_structure,sputum,0.99437016248703,1,/content/drive/MyDrive/MACROBATT/INPUT_PDF_FILES/28216610.pdf
73,Diagnostic_procedure,cultures,0.9999276399612427,1,/content/drive/MyDrive/MACROBATT/INPUT_PDF_FILES/28216610.pdf
74,Disease_disorder,Tuberculosis,0.99982088804245,1,/content/drive/MyDrive/MACROBATT/INPUT_PDF_FILES/28216610.pdf
75,Detailed_description,three consecutive,0.9984633326530457,1,/content/drive/MyDrive/MACROBATT/INPUT_PDF_FILES/28216610.pdf
76,Lab_value,negative negative,0.9999310970306396,1,/content/drive/MyDrive/MACROBATT/INPUT_PDF_FILES/28216610.pdf
77,Detailed_description,acid fast bacilli,0.9998770952224731,1,/content/drive/MyDrive/MACROBATT/INPUT_PDF_FILES/28216610.pdf
78,Diagnostic_procedure,QUANTIferon,0.9998168349266052,1,/content/drive/MyDrive/MACROBATT/INPUT_PDF_FILES/28216610.pdf
79,Diagnostic_procedure,QUANTIferon gold,0.9114983081817627,1,/content/drive/MyDrive/MACROBATT/INPUT_PDF_FILES/28216610.pdf
80,Lab_value,positive,0.9999071359634399,1,/content/drive/MyDrive/MACROBATT/INPUT_PDF_FILES/28216610.pdf
81,Disease_disorder,human immunodeficiency virus (,0.9913967847824097,1,/content/drive/MyDrive/MACROBATT/INPUT_PDF_FILES/28216610.pdf
82,Disease_disorder,HIV,0.9962037205696106,1,/content/drive/MyDrive/MACROBATT/INPUT_PDF_FILES/28216610.pdf
83,Diagnostic_procedure,CD4 counts,0.9999427199363708,1,/content/drive/MyDrive/MACROBATT/INPUT_PDF_FILES/28216610.pdf
84,Lab_value,7 cells/uL,0.9998499155044556,1,/content/drive/MyDrive/MACROBATT/INPUT_PDF_FILES/28216610.pdf
85,Therapeutic_procedure,prophylaxis,0.9999157190322876,1,/content/drive/MyDrive/MACROBATT/INPUT_PDF_FILES/28216610.pdf
86,Medication,bactrim,0.9781525731086731,1,/content/drive/MyDrive/MACROBATT/INPUT_PDF_FILES/28216610.pdf
87,Dosage,80–160 mg mg daily,0.9996801614761353,1,/content/drive/MyDrive/MACROBATT/INPUT_PDF_FILES/28216610.pdf
88,Medication,azithromycin,0.9983709454536438,1,/content/drive/MyDrive/MACROBATT/INPUT_PDF_FILES/28216610.pdf
89,Dosage,1200 mg mg weekly,0.999733030796051,1,/content/drive/MyDrive/MACROBATT/INPUT_PDF_FILES/28216610.pdf
90,Diagnostic_procedure,Bronchoscopy,0.9993395805358887,1,/content/drive/MyDrive/MACROBATT/INPUT_PDF_FILES/28216610.pdf
91,Diagnostic_procedure,biopsy,0.9988062381744385,1,/content/drive/MyDrive/MACROBATT/INPUT_PDF_FILES/28216610.pdf
92,Lab_value,unrevealing,0.9992260932922363,1,/content/drive/MyDrive/MACROBATT/INPUT_PDF_FILES/28216610.pdf
93,Detailed_description,video assisted,0.9998019933700562,1,/content/drive/MyDrive/MACROBATT/INPUT_PDF_FILES/28216610.pdf
94,Diagnostic_procedure,mediastinoscopy,0.9998133778572083,1,/content/drive/MyDrive/MACROBATT/INPUT_PDF_FILES/28216610.pdf
95,Diagnostic_procedure,biopsies,0.9998365044593811,1,/content/drive/MyDrive/MACROBATT/INPUT_PDF_FILES/28216610.pdf
96,Biological_structure,right,0.9922457337379456,1,/content/drive/MyDrive/MACROBATT/INPUT_PDF_FILES/28216610.pdf
97,Diagnostic_procedure,Pathology,0.9999648332595825,1,/content/drive/MyDrive/MACROBATT/INPUT_PDF_FILES/28216610.pdf
98,Sign_symptom,spindle cells,0.9878328442573547,1,/content/drive/MyDrive/MACROBATT/INPUT_PDF_FILES/28216610.pdf
99,Diagnostic_procedure,CD34,0.9994280338287354,1,/content/drive/MyDrive/MACROBATT/INPUT_PDF_FILES/28216610.pdf
100,Diagnostic_procedure,BCL2,0.9960479736328125,1,/content/drive/MyDrive/MACROBATT/INPUT_PDF_FILES/28216610.pdf
101,Diagnostic_procedure,vimentin,0.9977676272392273,1,/content/drive/MyDrive/MACROBATT/INPUT_PDF_FILES/28216610.pdf
102,Diagnostic_procedure,HHV-8,0.9997053146362305,1,/content/drive/MyDrive/MACROBATT/INPUT_PDF_FILES/28216610.pdf
103,Detailed_description,diffuse,0.9996047616004944,1,/content/drive/MyDrive/MACROBATT/INPUT_PDF_FILES/28216610.pdf
104,Lab_value,positivity,0.9982544779777527,1,/content/drive/MyDrive/MACROBATT/INPUT_PDF_FILES/28216610.pdf
105,Diagnostic_procedure,CD31,0.9998934864997864,1,/content/drive/MyDrive/MACROBATT/INPUT_PDF_FILES/28216610.pdf
106,Medication,HAART,0.9998155236244202,1,/content/drive/MyDrive/MACROBATT/INPUT_PDF_FILES/28216610.pdf
107,Medication,emtricitabine,0.999862790107727,1,/content/drive/MyDrive/MACROBATT/INPUT_PDF_FILES/28216610.pdf
108,Medication,emtricitabine and and tenofovir disoproxil fumarate,0.9698765873908997,1,/content/drive/MyDrive/MACROBATT/INPUT_PDF_FILES/28216610.pdf
109,Lab_value,200/300 mg mg,0.9986536502838135,1,/content/drive/MyDrive/MACROBATT/INPUT_PDF_FILES/28216610.pdf
110,Medication,dolutegravir,0.9497330188751221,1,/content/drive/MyDrive/MACROBATT/INPUT_PDF_FILES/28216610.pdf
111,Detailed_description,actively involved,0.9945393204689026,1,/content/drive/MyDrive/MACROBATT/INPUT_PDF_FILES/28216610.pdf
112,Clinical_event,decisions,0.8449091911315918,1,/content/drive/MyDrive/MACROBATT/INPUT_PDF_FILES/28216610.pdf
113,Date,three months,0.9998252391815186,1,/content/drive/MyDrive/MACROBATT/INPUT_PDF_FILES/28216610.pdf
114,Sign_symptom,regression,0.9995405673980713,1,/content/drive/MyDrive/MACROBATT/INPUT_PDF_FILES/28216610.pdf
