,Entity Group,Value,Score,Page,Pdf File
0,Age,58-year-old,0.9975992441177368,1,/content/drive/MyDrive/MACROBATT/INPUT_PDF_FILES/28239141.pdf
1,Personal_background,white,0.998630702495575,1,/content/drive/MyDrive/MACROBATT/INPUT_PDF_FILES/28239141.pdf
2,Personal_background,American,0.9970324039459229,1,/content/drive/MyDrive/MACROBATT/INPUT_PDF_FILES/28239141.pdf
3,Sex,male,0.990291178226471,1,/content/drive/MyDrive/MACROBATT/INPUT_PDF_FILES/28239141.pdf
4,Clinical_event,presented,0.9997534155845642,1,/content/drive/MyDrive/MACROBATT/INPUT_PDF_FILES/28239141.pdf
5,Nonbiological_location,emergency department (,0.9854140281677246,1,/content/drive/MyDrive/MACROBATT/INPUT_PDF_FILES/28239141.pdf
6,Sign_symptom,disorientation steadily polydipsia,0.9999008178710938,1,/content/drive/MyDrive/MACROBATT/INPUT_PDF_FILES/28239141.pdf
7,Sign_symptom,disorientation,0.9969984889030457,1,/content/drive/MyDrive/MACROBATT/INPUT_PDF_FILES/28239141.pdf
8,Sign_symptom,inability to to walk,0.9993901252746582,1,/content/drive/MyDrive/MACROBATT/INPUT_PDF_FILES/28239141.pdf
9,Sign_symptom,dehydration,0.9996867179870605,1,/content/drive/MyDrive/MACROBATT/INPUT_PDF_FILES/28239141.pdf
10,Sign_symptom,disorientation dehydration,0.9665011167526245,1,/content/drive/MyDrive/MACROBATT/INPUT_PDF_FILES/28239141.pdf
11,Sign_symptom,polyuria polydipsia,0.9998836517333984,1,/content/drive/MyDrive/MACROBATT/INPUT_PDF_FILES/28239141.pdf
12,Sign_symptom,polydipsia,0.9978180527687073,1,/content/drive/MyDrive/MACROBATT/INPUT_PDF_FILES/28239141.pdf
13,Clinical_event,diagnosed,0.9997252821922302,1,/content/drive/MyDrive/MACROBATT/INPUT_PDF_FILES/28239141.pdf
14,Disease_disorder,CML,0.9997116327285767,1,/content/drive/MyDrive/MACROBATT/INPUT_PDF_FILES/28239141.pdf
15,Date,six years,0.9955804347991943,1,/content/drive/MyDrive/MACROBATT/INPUT_PDF_FILES/28239141.pdf
16,Sign_symptom,hematological response,0.9976352453231812,1,/content/drive/MyDrive/MACROBATT/INPUT_PDF_FILES/28239141.pdf
17,Detailed_description,multiple,0.9999597072601318,1,/content/drive/MyDrive/MACROBATT/INPUT_PDF_FILES/28239141.pdf
18,Medication,chemotherapy,0.9998652935028076,1,/content/drive/MyDrive/MACROBATT/INPUT_PDF_FILES/28239141.pdf
19,Medication,allopurinol allogenic,0.9998683929443359,1,/content/drive/MyDrive/MACROBATT/INPUT_PDF_FILES/28239141.pdf
20,Medication,allopurinol,0.9994803071022034,1,/content/drive/MyDrive/MACROBATT/INPUT_PDF_FILES/28239141.pdf
21,Diagnostic_procedure,Vital signs,0.9999369978904724,1,/content/drive/MyDrive/MACROBATT/INPUT_PDF_FILES/28239141.pdf
22,Clinical_event,admission,0.9995346069335938,1,/content/drive/MyDrive/MACROBATT/INPUT_PDF_FILES/28239141.pdf
23,Diagnostic_procedure,heart rate,0.9999505877494812,1,/content/drive/MyDrive/MACROBATT/INPUT_PDF_FILES/28239141.pdf
24,Lab_value,104 bpm,0.999890148639679,1,/content/drive/MyDrive/MACROBATT/INPUT_PDF_FILES/28239141.pdf
25,Diagnostic_procedure,blood pressure,0.9999626874923706,1,/content/drive/MyDrive/MACROBATT/INPUT_PDF_FILES/28239141.pdf
26,Lab_value,122/68 mm Hg,0.999923050403595,1,/content/drive/MyDrive/MACROBATT/INPUT_PDF_FILES/28239141.pdf
27,Diagnostic_procedure,temperature,0.9999513626098633,1,/content/drive/MyDrive/MACROBATT/INPUT_PDF_FILES/28239141.pdf
28,Lab_value,99.7°F,0.9998210072517395,1,/content/drive/MyDrive/MACROBATT/INPUT_PDF_FILES/28239141.pdf
29,Lab_value,37.6°C,0.9863342642784119,1,/content/drive/MyDrive/MACROBATT/INPUT_PDF_FILES/28239141.pdf
30,Lab_value,no remarkable findings,0.9994255900382996,1,/content/drive/MyDrive/MACROBATT/INPUT_PDF_FILES/28239141.pdf
31,Diagnostic_procedure,physical examination,0.9998769760131836,1,/content/drive/MyDrive/MACROBATT/INPUT_PDF_FILES/28239141.pdf
32,Sign_symptom,altered mental status,0.99992436170578,1,/content/drive/MyDrive/MACROBATT/INPUT_PDF_FILES/28239141.pdf
33,Diagnostic_procedure,Laboratory evaluations,0.9999459981918335,1,/content/drive/MyDrive/MACROBATT/INPUT_PDF_FILES/28239141.pdf
34,Diagnostic_procedure,hemoglobin,0.9975428581237793,1,/content/drive/MyDrive/MACROBATT/INPUT_PDF_FILES/28239141.pdf
35,Lab_value,13.3,0.9985957145690918,1,/content/drive/MyDrive/MACROBATT/INPUT_PDF_FILES/28239141.pdf
36,Lab_value,18.3×109/L,0.9999098181724548,1,/content/drive/MyDrive/MACROBATT/INPUT_PDF_FILES/28239141.pdf
37,Diagnostic_procedure,neutrophils,0.8644967675209045,1,/content/drive/MyDrive/MACROBATT/INPUT_PDF_FILES/28239141.pdf
38,Lab_value,13.3 18.3×109/L 79.6 7.2 8.3 .,0.7763171792030334,1,/content/drive/MyDrive/MACROBATT/INPUT_PDF_FILES/28239141.pdf
39,Lab_value,evaluations hemoglobin blood cell neutrophils lymphocytes platelet,0.9742814302444458,1,/content/drive/MyDrive/MACROBATT/INPUT_PDF_FILES/28239141.pdf
40,Lab_value,7.2,0.9974395036697388,1,/content/drive/MyDrive/MACROBATT/INPUT_PDF_FILES/28239141.pdf
41,Lab_value,monocytes,0.9682304263114929,1,/content/drive/MyDrive/MACROBATT/INPUT_PDF_FILES/28239141.pdf
42,Diagnostic_procedure,platelet count count,0.9999356269836426,1,/content/drive/MyDrive/MACROBATT/INPUT_PDF_FILES/28239141.pdf
43,Lab_value,910×109/L,0.9986189603805542,1,/content/drive/MyDrive/MACROBATT/INPUT_PDF_FILES/28239141.pdf
44,Diagnostic_procedure,Serum levels,0.9958248734474182,1,/content/drive/MyDrive/MACROBATT/INPUT_PDF_FILES/28239141.pdf
45,Diagnostic_procedure,calcium,0.9999592304229736,1,/content/drive/MyDrive/MACROBATT/INPUT_PDF_FILES/28239141.pdf
46,Lab_value,18.6 mg/dL mg/dL mg/dL mg/dL mg/dL,0.9729660749435425,1,/content/drive/MyDrive/MACROBATT/INPUT_PDF_FILES/28239141.pdf
47,Diagnostic_procedure,phosphate,0.9999626874923706,1,/content/drive/MyDrive/MACROBATT/INPUT_PDF_FILES/28239141.pdf
48,Lab_value,4.6 mg/dL mg/dL mg/dL mg/dL mg/dL,0.8735098242759705,1,/content/drive/MyDrive/MACROBATT/INPUT_PDF_FILES/28239141.pdf
49,Diagnostic_procedure,sodium,0.9999529123306274,1,/content/drive/MyDrive/MACROBATT/INPUT_PDF_FILES/28239141.pdf
50,Lab_value,135,0.9999332427978516,1,/content/drive/MyDrive/MACROBATT/INPUT_PDF_FILES/28239141.pdf
51,Diagnostic_procedure,potassium,0.9999626874923706,1,/content/drive/MyDrive/MACROBATT/INPUT_PDF_FILES/28239141.pdf
52,Lab_value,2.7 2.2 125,0.9996073842048645,1,/content/drive/MyDrive/MACROBATT/INPUT_PDF_FILES/28239141.pdf
53,Lab_value,2.7 71 mg/dL mg/dL mg/dL mg/dL mg/dL,0.8063651323318481,1,/content/drive/MyDrive/MACROBATT/INPUT_PDF_FILES/28239141.pdf
54,Diagnostic_procedure,albumin,0.9995607137680054,1,/content/drive/MyDrive/MACROBATT/INPUT_PDF_FILES/28239141.pdf
55,Lab_value,4.0 mg/dL mg/dL mg/dL g/dL mg/dL mg/dL,0.9862242937088013,1,/content/drive/MyDrive/MACROBATT/INPUT_PDF_FILES/28239141.pdf
56,Diagnostic_procedure,creatinine,0.9993624687194824,1,/content/drive/MyDrive/MACROBATT/INPUT_PDF_FILES/28239141.pdf
57,Lab_value,2.7 2.2 125 mg/dL mg/dL mg/dL mg/dL mg/dL,0.9710726737976074,1,/content/drive/MyDrive/MACROBATT/INPUT_PDF_FILES/28239141.pdf
58,Diagnostic_procedure,total bilirubin,0.9999257922172546,1,/content/drive/MyDrive/MACROBATT/INPUT_PDF_FILES/28239141.pdf
59,Lab_value,0.9 mg/dL mg/dL mg/dL mg/dL mg/dL,0.9625653624534607,1,/content/drive/MyDrive/MACROBATT/INPUT_PDF_FILES/28239141.pdf
60,Diagnostic_procedure,calcium albumin total alkaline alanine,0.9999409914016724,1,/content/drive/MyDrive/MACROBATT/INPUT_PDF_FILES/28239141.pdf
61,Diagnostic_procedure,alkaline phosphatase,0.999800443649292,1,/content/drive/MyDrive/MACROBATT/INPUT_PDF_FILES/28239141.pdf
62,Lab_value,125,0.9999321699142456,1,/content/drive/MyDrive/MACROBATT/INPUT_PDF_FILES/28239141.pdf
63,Diagnostic_procedure,aspartate aminotransferase aminotransferase,0.9985840320587158,1,/content/drive/MyDrive/MACROBATT/INPUT_PDF_FILES/28239141.pdf
64,Diagnostic_procedure,alanine aminotransferase aminotransferase,0.9999254941940308,1,/content/drive/MyDrive/MACROBATT/INPUT_PDF_FILES/28239141.pdf
65,Lab_value,71 IU/L IU/L IU/L,0.9221130013465881,1,/content/drive/MyDrive/MACROBATT/INPUT_PDF_FILES/28239141.pdf
66,Diagnostic_procedure,SPEP,0.9966015219688416,1,/content/drive/MyDrive/MACROBATT/INPUT_PDF_FILES/28239141.pdf
67,Lab_value,negative for an M,0.9995602369308472,1,/content/drive/MyDrive/MACROBATT/INPUT_PDF_FILES/28239141.pdf
68,Diagnostic_procedure,Hormones and and vitamins levels,0.9999316334724426,1,/content/drive/MyDrive/MACROBATT/INPUT_PDF_FILES/28239141.pdf
69,Diagnostic_procedure,PTH,0.9999242424964905,1,/content/drive/MyDrive/MACROBATT/INPUT_PDF_FILES/28239141.pdf
70,Lab_value,8.5 pg/L pg/L pg/L pg/L,0.9998899102210999,1,/content/drive/MyDrive/MACROBATT/INPUT_PDF_FILES/28239141.pdf
71,Diagnostic_procedure,PHTrP,0.9999234676361084,1,/content/drive/MyDrive/MACROBATT/INPUT_PDF_FILES/28239141.pdf
72,Lab_value,1.4 pg/L pg/L pg/L pg/L,0.99983149766922,1,/content/drive/MyDrive/MACROBATT/INPUT_PDF_FILES/28239141.pdf
73,Diagnostic_procedure,25-OH vitamins vitamin vitamin D D3,0.9999208450317383,1,/content/drive/MyDrive/MACROBATT/INPUT_PDF_FILES/28239141.pdf
74,Lab_value,30.4 ng/mL ng/mL ng/mL ng/mL,0.9999175071716309,1,/content/drive/MyDrive/MACROBATT/INPUT_PDF_FILES/28239141.pdf
75,Diagnostic_procedure,"1,25 25-OH OH vitamins vitamin vitamin D3",0.9923104047775269,1,/content/drive/MyDrive/MACROBATT/INPUT_PDF_FILES/28239141.pdf
76,Lab_value,33.7 ng/mL ng/mL ng/mL ng/mL,0.9999027848243713,1,/content/drive/MyDrive/MACROBATT/INPUT_PDF_FILES/28239141.pdf
77,Biological_structure,Chest,0.9990363121032715,1,/content/drive/MyDrive/MACROBATT/INPUT_PDF_FILES/28239141.pdf
78,Diagnostic_procedure,CT scan,0.9470481872558594,1,/content/drive/MyDrive/MACROBATT/INPUT_PDF_FILES/28239141.pdf
79,Detailed_description,diffuse diffuse,0.9999380111694336,1,/content/drive/MyDrive/MACROBATT/INPUT_PDF_FILES/28239141.pdf
80,Detailed_description,lytic lesions visualized skeleton involvement,0.9999616146087646,1,/content/drive/MyDrive/MACROBATT/INPUT_PDF_FILES/28239141.pdf
81,Detailed_description,lytic,0.9998226761817932,1,/content/drive/MyDrive/MACROBATT/INPUT_PDF_FILES/28239141.pdf
82,Sign_symptom,lesions,0.9998842477798462,1,/content/drive/MyDrive/MACROBATT/INPUT_PDF_FILES/28239141.pdf
83,Sign_symptom,bone bone destruction,0.9995822906494141,1,/content/drive/MyDrive/MACROBATT/INPUT_PDF_FILES/28239141.pdf
84,Biological_structure,thoracic,0.995532751083374,1,/content/drive/MyDrive/MACROBATT/INPUT_PDF_FILES/28239141.pdf
85,Clinical_event,diagnosis,0.9969223141670227,1,/content/drive/MyDrive/MACROBATT/INPUT_PDF_FILES/28239141.pdf
86,Disease_disorder,CML-,0.9991627931594849,1,/content/drive/MyDrive/MACROBATT/INPUT_PDF_FILES/28239141.pdf
87,Sign_symptom,hypercalcemia,0.9999165534973145,1,/content/drive/MyDrive/MACROBATT/INPUT_PDF_FILES/28239141.pdf
88,Sign_symptom,blast,0.9319686889648438,1,/content/drive/MyDrive/MACROBATT/INPUT_PDF_FILES/28239141.pdf
89,Detailed_description,aggressive,0.9999626874923706,1,/content/drive/MyDrive/MACROBATT/INPUT_PDF_FILES/28239141.pdf
90,Therapeutic_procedure,hydration,0.9997534155845642,1,/content/drive/MyDrive/MACROBATT/INPUT_PDF_FILES/28239141.pdf
91,Lab_value,0.9 %,0.9997698068618774,1,/content/drive/MyDrive/MACROBATT/INPUT_PDF_FILES/28239141.pdf
92,Medication,saline,0.9998459815979004,1,/content/drive/MyDrive/MACROBATT/INPUT_PDF_FILES/28239141.pdf
93,Medication,calcitonin,0.922423243522644,1,/content/drive/MyDrive/MACROBATT/INPUT_PDF_FILES/28239141.pdf
94,Dosage,400 units,0.9997204542160034,1,/content/drive/MyDrive/MACROBATT/INPUT_PDF_FILES/28239141.pdf
95,Administration,subcutaneous,0.9992096424102783,1,/content/drive/MyDrive/MACROBATT/INPUT_PDF_FILES/28239141.pdf
96,Medication,zoledronic,0.9998716115951538,1,/content/drive/MyDrive/MACROBATT/INPUT_PDF_FILES/28239141.pdf
97,Medication,zoledronic acid,0.9993997812271118,1,/content/drive/MyDrive/MACROBATT/INPUT_PDF_FILES/28239141.pdf
98,Dosage,3.3 mg,0.999471127986908,1,/content/drive/MyDrive/MACROBATT/INPUT_PDF_FILES/28239141.pdf
99,Administration,intravenous,0.997986912727356,1,/content/drive/MyDrive/MACROBATT/INPUT_PDF_FILES/28239141.pdf
100,Duration,After five days,0.9994745254516602,1,/content/drive/MyDrive/MACROBATT/INPUT_PDF_FILES/28239141.pdf
101,Lab_value,normalization,0.9998550415039062,1,/content/drive/MyDrive/MACROBATT/INPUT_PDF_FILES/28239141.pdf
102,Sign_symptom,symptoms,0.9999175071716309,1,/content/drive/MyDrive/MACROBATT/INPUT_PDF_FILES/28239141.pdf
103,Clinical_event,discharge,0.9997091889381409,1,/content/drive/MyDrive/MACROBATT/INPUT_PDF_FILES/28239141.pdf
104,Therapeutic_procedure,palliative,0.9997636675834656,1,/content/drive/MyDrive/MACROBATT/INPUT_PDF_FILES/28239141.pdf
105,Therapeutic_procedure,palliative treatment,0.997352123260498,1,/content/drive/MyDrive/MACROBATT/INPUT_PDF_FILES/28239141.pdf
106,Medication,ponatinib,0.9998705387115479,1,/content/drive/MyDrive/MACROBATT/INPUT_PDF_FILES/28239141.pdf
107,Therapeutic_procedure,radiotherapy,0.9996693134307861,1,/content/drive/MyDrive/MACROBATT/INPUT_PDF_FILES/28239141.pdf
108,Lab_value,maintained,0.9997915625572205,1,/content/drive/MyDrive/MACROBATT/INPUT_PDF_FILES/28239141.pdf
109,Dosage,4 mg every eight,0.9997391700744629,1,/content/drive/MyDrive/MACROBATT/INPUT_PDF_FILES/28239141.pdf
110,Disease_disorder,cancer,0.9993589520454407,1,/content/drive/MyDrive/MACROBATT/INPUT_PDF_FILES/28239141.pdf
111,Outcome,passed away,0.9913313388824463,1,/content/drive/MyDrive/MACROBATT/INPUT_PDF_FILES/28239141.pdf
112,Date,eight months after,0.9998658299446106,1,/content/drive/MyDrive/MACROBATT/INPUT_PDF_FILES/28239141.pdf
