,Entity Group,Value,Score,Page,Pdf File
0,Age,68-year-old,0.9984647631645203,1,/content/drive/MyDrive/MACROBATT/INPUT_PDF_FILES/28250406.pdf
1,Sex,man,0.9997437596321106,1,/content/drive/MyDrive/MACROBATT/INPUT_PDF_FILES/28250406.pdf
2,Clinical_event,referred,0.9997410178184509,1,/content/drive/MyDrive/MACROBATT/INPUT_PDF_FILES/28250406.pdf
3,Nonbiological_location,Internal Medicine Department,0.9997327923774719,1,/content/drive/MyDrive/MACROBATT/INPUT_PDF_FILES/28250406.pdf
4,Nonbiological_location,Razi Hospital,0.9769704341888428,1,/content/drive/MyDrive/MACROBATT/INPUT_PDF_FILES/28250406.pdf
5,Nonbiological_location,Rasht,0.9972007274627686,1,/content/drive/MyDrive/MACROBATT/INPUT_PDF_FILES/28250406.pdf
6,Biological_structure,the Rasht the north with hypogastric the right month,0.9999133348464966,1,/content/drive/MyDrive/MACROBATT/INPUT_PDF_FILES/28250406.pdf
7,Biological_structure,hypogastric,0.9999163150787354,1,/content/drive/MyDrive/MACROBATT/INPUT_PDF_FILES/28250406.pdf
8,Biological_structure,hypogastric region,0.999093770980835,1,/content/drive/MyDrive/MACROBATT/INPUT_PDF_FILES/28250406.pdf
9,Biological_structure,right lower quadrant,0.9999192357063293,1,/content/drive/MyDrive/MACROBATT/INPUT_PDF_FILES/28250406.pdf
10,Duration,one,0.7748978734016418,1,/content/drive/MyDrive/MACROBATT/INPUT_PDF_FILES/28250406.pdf
11,Coreference,pain,0.999047577381134,1,/content/drive/MyDrive/MACROBATT/INPUT_PDF_FILES/28250406.pdf
12,Detailed_description,colicky form,0.999230146408081,1,/content/drive/MyDrive/MACROBATT/INPUT_PDF_FILES/28250406.pdf
13,Detailed_description,pain was a had a each day each lasting few episodes each each day,0.8441591262817383,1,/content/drive/MyDrive/MACROBATT/INPUT_PDF_FILES/28250406.pdf
14,Detailed_description,each each episodes episode,0.7627767324447632,1,/content/drive/MyDrive/MACROBATT/INPUT_PDF_FILES/28250406.pdf
15,Detailed_description,4–5,0.9980081915855408,1,/content/drive/MyDrive/MACROBATT/INPUT_PDF_FILES/28250406.pdf
16,Nonbiological_location,back,0.9983761310577393,1,/content/drive/MyDrive/MACROBATT/INPUT_PDF_FILES/28250406.pdf
17,Sign_symptom,alleviated,0.9994869232177734,1,/content/drive/MyDrive/MACROBATT/INPUT_PDF_FILES/28250406.pdf
18,Activity,resting,0.9940356016159058,1,/content/drive/MyDrive/MACROBATT/INPUT_PDF_FILES/28250406.pdf
19,Lab_value,2–3 kg,0.9997280240058899,1,/content/drive/MyDrive/MACROBATT/INPUT_PDF_FILES/28250406.pdf
20,Sign_symptom,weight loss,0.9999359846115112,1,/content/drive/MyDrive/MACROBATT/INPUT_PDF_FILES/28250406.pdf
21,Duration,one month,0.9996691346168518,1,/content/drive/MyDrive/MACROBATT/INPUT_PDF_FILES/28250406.pdf
22,Sign_symptom,shaking chills,0.998154878616333,1,/content/drive/MyDrive/MACROBATT/INPUT_PDF_FILES/28250406.pdf
23,Clinical_event,admitted,0.9987797141075134,1,/content/drive/MyDrive/MACROBATT/INPUT_PDF_FILES/28250406.pdf
24,Nonbiological_location,another center,0.9991081953048706,1,/content/drive/MyDrive/MACROBATT/INPUT_PDF_FILES/28250406.pdf
25,Nonbiological_location,our hospital,0.9993270635604858,1,/content/drive/MyDrive/MACROBATT/INPUT_PDF_FILES/28250406.pdf
26,Coreference,surgery,0.9992314577102661,1,/content/drive/MyDrive/MACROBATT/INPUT_PDF_FILES/28250406.pdf
27,Therapeutic_procedure,prostatectomy,0.9955754280090332,1,/content/drive/MyDrive/MACROBATT/INPUT_PDF_FILES/28250406.pdf
28,Date,seven years before,0.999799907207489,1,/content/drive/MyDrive/MACROBATT/INPUT_PDF_FILES/28250406.pdf
29,Clinical_event,presentation,0.9944227337837219,1,/content/drive/MyDrive/MACROBATT/INPUT_PDF_FILES/28250406.pdf
30,Diagnostic_procedure,endoscopy,0.9977784752845764,1,/content/drive/MyDrive/MACROBATT/INPUT_PDF_FILES/28250406.pdf
31,Date,five years earlier,0.9994058012962341,1,/content/drive/MyDrive/MACROBATT/INPUT_PDF_FILES/28250406.pdf
32,Sign_symptom,had endoscopy due dyspepsia found and eradicated,0.9626004099845886,1,/content/drive/MyDrive/MACROBATT/INPUT_PDF_FILES/28250406.pdf
33,Diagnostic_procedure,Helicobacter,0.9967275857925415,1,/content/drive/MyDrive/MACROBATT/INPUT_PDF_FILES/28250406.pdf
34,Diagnostic_procedure,Helicobacter pylori,0.9249776005744934,1,/content/drive/MyDrive/MACROBATT/INPUT_PDF_FILES/28250406.pdf
35,Lab_value,pylori positive,0.7550066709518433,1,/content/drive/MyDrive/MACROBATT/INPUT_PDF_FILES/28250406.pdf
36,History,"No history of HIV , , , diabetes , , , smoking , , , history or recorded alcohol consumption",0.9921501278877258,1,/content/drive/MyDrive/MACROBATT/INPUT_PDF_FILES/28250406.pdf
37,Diagnostic_procedure,vital signs,0.9999530911445618,1,/content/drive/MyDrive/MACROBATT/INPUT_PDF_FILES/28250406.pdf
38,Lab_value,normal,0.9999358654022217,1,/content/drive/MyDrive/MACROBATT/INPUT_PDF_FILES/28250406.pdf
39,Biological_structure,abdomen,0.9998929500579834,1,/content/drive/MyDrive/MACROBATT/INPUT_PDF_FILES/28250406.pdf
40,Sign_symptom,distention,0.6998327970504761,1,/content/drive/MyDrive/MACROBATT/INPUT_PDF_FILES/28250406.pdf
41,Diagnostic_procedure,bowel,0.8816278576850891,1,/content/drive/MyDrive/MACROBATT/INPUT_PDF_FILES/28250406.pdf
42,Sign_symptom,tenderness,0.9999560117721558,1,/content/drive/MyDrive/MACROBATT/INPUT_PDF_FILES/28250406.pdf
43,Sign_symptom,rebound state,0.9999112486839294,1,/content/drive/MyDrive/MACROBATT/INPUT_PDF_FILES/28250406.pdf
44,Diagnostic_procedure,peripheral blood analysis,0.999958336353302,1,/content/drive/MyDrive/MACROBATT/INPUT_PDF_FILES/28250406.pdf
45,Diagnostic_procedure,Stool examination,0.9982026815414429,1,/content/drive/MyDrive/MACROBATT/INPUT_PDF_FILES/28250406.pdf
46,Diagnostic_procedure,urine analysis,0.9780865907669067,1,/content/drive/MyDrive/MACROBATT/INPUT_PDF_FILES/28250406.pdf
47,Diagnostic_procedure,evaluation of electrolytes,0.9996187090873718,1,/content/drive/MyDrive/MACROBATT/INPUT_PDF_FILES/28250406.pdf
48,Biological_structure,abdominal,0.9999544620513916,1,/content/drive/MyDrive/MACROBATT/INPUT_PDF_FILES/28250406.pdf
49,Detailed_description,well-demarcated,0.9999738931655884,1,/content/drive/MyDrive/MACROBATT/INPUT_PDF_FILES/28250406.pdf
50,Detailed_description,homogenous,0.9935711026191711,1,/content/drive/MyDrive/MACROBATT/INPUT_PDF_FILES/28250406.pdf
51,Detailed_description,solitary,0.9999488592147827,1,/content/drive/MyDrive/MACROBATT/INPUT_PDF_FILES/28250406.pdf
52,Sign_symptom,mass,0.9999576807022095,1,/content/drive/MyDrive/MACROBATT/INPUT_PDF_FILES/28250406.pdf
53,Biological_structure,cecum,0.9998456239700317,1,/content/drive/MyDrive/MACROBATT/INPUT_PDF_FILES/28250406.pdf
54,Biological_structure,ileum,0.9999641180038452,1,/content/drive/MyDrive/MACROBATT/INPUT_PDF_FILES/28250406.pdf
55,Sign_symptom,thickened,0.9999195337295532,1,/content/drive/MyDrive/MACROBATT/INPUT_PDF_FILES/28250406.pdf
56,Diagnostic_procedure,colonoscopy,0.9999690055847168,1,/content/drive/MyDrive/MACROBATT/INPUT_PDF_FILES/28250406.pdf
57,Detailed_description,large,0.8962177634239197,1,/content/drive/MyDrive/MACROBATT/INPUT_PDF_FILES/28250406.pdf
58,Sign_symptom,lesion,0.9998490810394287,1,/content/drive/MyDrive/MACROBATT/INPUT_PDF_FILES/28250406.pdf
59,Biological_structure,cecum cecum,0.9180824756622314,1,/content/drive/MyDrive/MACROBATT/INPUT_PDF_FILES/28250406.pdf
60,Diagnostic_procedure,biopsy,0.9999343156814575,1,/content/drive/MyDrive/MACROBATT/INPUT_PDF_FILES/28250406.pdf
61,Biological_structure,cecum procedure cecum,0.5457294583320618,1,/content/drive/MyDrive/MACROBATT/INPUT_PDF_FILES/28250406.pdf
62,Biological_structure,lamina propria,0.9998816251754761,1,/content/drive/MyDrive/MACROBATT/INPUT_PDF_FILES/28250406.pdf
63,Sign_symptom,infiltrated,0.9998892545700073,1,/content/drive/MyDrive/MACROBATT/INPUT_PDF_FILES/28250406.pdf
64,Biological_structure,PMNCs,0.9993653893470764,1,/content/drive/MyDrive/MACROBATT/INPUT_PDF_FILES/28250406.pdf
65,Diagnostic_procedure,The infiltrated number admixed some eosinophils Figure,0.650508463382721,1,/content/drive/MyDrive/MACROBATT/INPUT_PDF_FILES/28250406.pdf
66,Diagnostic_procedure,Immunohistochemical,0.9999653100967407,1,/content/drive/MyDrive/MACROBATT/INPUT_PDF_FILES/28250406.pdf
67,Diagnostic_procedure,Immunohistochemical evaluation,0.9845274686813354,1,/content/drive/MyDrive/MACROBATT/INPUT_PDF_FILES/28250406.pdf
68,Lab_value,positive,0.9999257326126099,1,/content/drive/MyDrive/MACROBATT/INPUT_PDF_FILES/28250406.pdf
69,Diagnostic_procedure,vimentin,0.9999436140060425,1,/content/drive/MyDrive/MACROBATT/INPUT_PDF_FILES/28250406.pdf
70,Diagnostic_procedure,CD68,0.9993058443069458,1,/content/drive/MyDrive/MACROBATT/INPUT_PDF_FILES/28250406.pdf
71,Diagnostic_procedure,C-Kit,0.9995976090431213,1,/content/drive/MyDrive/MACROBATT/INPUT_PDF_FILES/28250406.pdf
72,Lab_value,negative,0.9999432563781738,1,/content/drive/MyDrive/MACROBATT/INPUT_PDF_FILES/28250406.pdf
73,Diagnostic_procedure,smooth muscle actin,0.9998025894165039,1,/content/drive/MyDrive/MACROBATT/INPUT_PDF_FILES/28250406.pdf
74,Diagnostic_procedure,SMA,0.9999356269836426,1,/content/drive/MyDrive/MACROBATT/INPUT_PDF_FILES/28250406.pdf
75,Diagnostic_procedure,ALK,0.9999074339866638,1,/content/drive/MyDrive/MACROBATT/INPUT_PDF_FILES/28250406.pdf
76,Lab_value,no colonoscopy,0.5824562311172485,1,/content/drive/MyDrive/MACROBATT/INPUT_PDF_FILES/28250406.pdf
77,Diagnostic_procedure,cyclin,0.9239188432693481,1,/content/drive/MyDrive/MACROBATT/INPUT_PDF_FILES/28250406.pdf
78,Diagnostic_procedure,pancytokeratin,0.9996193647384644,1,/content/drive/MyDrive/MACROBATT/INPUT_PDF_FILES/28250406.pdf
79,Diagnostic_procedure,cyclin pancytokeratin,0.838164210319519,1,/content/drive/MyDrive/MACROBATT/INPUT_PDF_FILES/28250406.pdf
80,Disease_disorder,IMT,0.9994705319404602,1,/content/drive/MyDrive/MACROBATT/INPUT_PDF_FILES/28250406.pdf
81,Volume,40 mL,0.9975839853286743,1,/content/drive/MyDrive/MACROBATT/INPUT_PDF_FILES/28250406.pdf
82,Sign_symptom,ascites,0.999954104423523,1,/content/drive/MyDrive/MACROBATT/INPUT_PDF_FILES/28250406.pdf
83,Biological_structure,ileocolic,0.9999440908432007,1,/content/drive/MyDrive/MACROBATT/INPUT_PDF_FILES/28250406.pdf
84,Detailed_description,right,0.9999583959579468,1,/content/drive/MyDrive/MACROBATT/INPUT_PDF_FILES/28250406.pdf
85,Therapeutic_procedure,hemicolectomy,0.9993005990982056,1,/content/drive/MyDrive/MACROBATT/INPUT_PDF_FILES/28250406.pdf
86,Therapeutic_procedure,hemicolectomy ileocolic,0.8242984414100647,1,/content/drive/MyDrive/MACROBATT/INPUT_PDF_FILES/28250406.pdf
87,Detailed_description,end-to-end,0.9034913182258606,1,/content/drive/MyDrive/MACROBATT/INPUT_PDF_FILES/28250406.pdf
88,Detailed_description,hemicolectomy end-to-end anastomosis,0.84310382604599,1,/content/drive/MyDrive/MACROBATT/INPUT_PDF_FILES/28250406.pdf
89,Sign_symptom,enlarge,0.9998893737792969,1,/content/drive/MyDrive/MACROBATT/INPUT_PDF_FILES/28250406.pdf
90,Sign_symptom,enlarge enlarge lymph,0.881739616394043,1,/content/drive/MyDrive/MACROBATT/INPUT_PDF_FILES/28250406.pdf
91,Biological_structure,lymph nodes,0.8879263401031494,1,/content/drive/MyDrive/MACROBATT/INPUT_PDF_FILES/28250406.pdf
92,Clinical_event,discharged,0.9997631907463074,1,/content/drive/MyDrive/MACROBATT/INPUT_PDF_FILES/28250406.pdf
93,Date,seven days after,0.999889075756073,1,/content/drive/MyDrive/MACROBATT/INPUT_PDF_FILES/28250406.pdf
94,Sign_symptom,complications,0.9998509883880615,1,/content/drive/MyDrive/MACROBATT/INPUT_PDF_FILES/28250406.pdf
