,Entity Group,Value,Score,Page,Pdf File
0,Age,44-year-old,0.9984914064407349,1,/content/drive/MyDrive/MACROBATT/INPUT_PDF_FILES/28250304.pdf
1,Sex,man,0.9998156428337097,1,/content/drive/MyDrive/MACROBATT/INPUT_PDF_FILES/28250304.pdf
2,Clinical_event,diagnosed,0.9998026490211487,1,/content/drive/MyDrive/MACROBATT/INPUT_PDF_FILES/28250304.pdf
3,Disease_disorder,LCNEC,0.9994742274284363,1,/content/drive/MyDrive/MACROBATT/INPUT_PDF_FILES/28250304.pdf
4,Biological_structure,thymus,0.9998738765716553,1,/content/drive/MyDrive/MACROBATT/INPUT_PDF_FILES/28250304.pdf
5,Biological_structure,bone,0.9999555349349976,1,/content/drive/MyDrive/MACROBATT/INPUT_PDF_FILES/28250304.pdf
6,Sign_symptom,metastasis,0.9999548196792603,1,/content/drive/MyDrive/MACROBATT/INPUT_PDF_FILES/28250304.pdf
7,Nonbiological_location,different hospital,0.9996729493141174,1,/content/drive/MyDrive/MACROBATT/INPUT_PDF_FILES/28250304.pdf
8,Date,3 years,0.9998440742492676,1,/content/drive/MyDrive/MACROBATT/INPUT_PDF_FILES/28250304.pdf
9,Diagnostic_procedure,serum,0.9999176263809204,1,/content/drive/MyDrive/MACROBATT/INPUT_PDF_FILES/28250304.pdf
10,Diagnostic_procedure,ACTH,0.9996339678764343,1,/content/drive/MyDrive/MACROBATT/INPUT_PDF_FILES/28250304.pdf
11,Diagnostic_procedure,cortisol,0.999969482421875,1,/content/drive/MyDrive/MACROBATT/INPUT_PDF_FILES/28250304.pdf
12,Biological_structure,brain,0.9999116659164429,1,/content/drive/MyDrive/MACROBATT/INPUT_PDF_FILES/28250304.pdf
13,Diagnostic_procedure,magnetic resonance imaging,0.9999566078186035,1,/content/drive/MyDrive/MACROBATT/INPUT_PDF_FILES/28250304.pdf
14,Detailed_description,pituitary,0.9999505281448364,1,/content/drive/MyDrive/MACROBATT/INPUT_PDF_FILES/28250304.pdf
15,Detailed_description,pituitary gland,0.9987473487854004,1,/content/drive/MyDrive/MACROBATT/INPUT_PDF_FILES/28250304.pdf
16,Diagnostic_procedure,immunohistochemical,0.9999655485153198,1,/content/drive/MyDrive/MACROBATT/INPUT_PDF_FILES/28250304.pdf
17,Diagnostic_procedure,immunohistochemical staining,0.9997599720954895,1,/content/drive/MyDrive/MACROBATT/INPUT_PDF_FILES/28250304.pdf
18,Biological_structure,thymic,0.9996387958526611,1,/content/drive/MyDrive/MACROBATT/INPUT_PDF_FILES/28250304.pdf
19,Sign_symptom,tumor,0.9680642485618591,1,/content/drive/MyDrive/MACROBATT/INPUT_PDF_FILES/28250304.pdf
20,Diagnostic_procedure,anti-ACTH antibody,0.7788537740707397,1,/content/drive/MyDrive/MACROBATT/INPUT_PDF_FILES/28250304.pdf
21,Medication,chemotherapy chemotherapy,0.9998959302902222,1,/content/drive/MyDrive/MACROBATT/INPUT_PDF_FILES/28250304.pdf
22,Medication,cisplatin,0.9998698234558105,1,/content/drive/MyDrive/MACROBATT/INPUT_PDF_FILES/28250304.pdf
23,Medication,irinotecan,0.999806821346283,1,/content/drive/MyDrive/MACROBATT/INPUT_PDF_FILES/28250304.pdf
24,Sign_symptom,hypertension,0.9997972846031189,1,/content/drive/MyDrive/MACROBATT/INPUT_PDF_FILES/28250304.pdf
25,Disease_disorder,diabetes,0.9993721842765808,1,/content/drive/MyDrive/MACROBATT/INPUT_PDF_FILES/28250304.pdf
26,Disease_disorder,ACTH syndrome,0.9912968277931213,1,/content/drive/MyDrive/MACROBATT/INPUT_PDF_FILES/28250304.pdf
27,Medication,zoledronic,0.9997963309288025,1,/content/drive/MyDrive/MACROBATT/INPUT_PDF_FILES/28250304.pdf
28,Medication,zoledronic acid,0.9878416657447815,1,/content/drive/MyDrive/MACROBATT/INPUT_PDF_FILES/28250304.pdf
29,Clinical_event,referred,0.9998763799667358,1,/content/drive/MyDrive/MACROBATT/INPUT_PDF_FILES/28250304.pdf
30,Nonbiological_location,Endocrine Center patient at sensation our hospital,0.999674916267395,1,/content/drive/MyDrive/MACROBATT/INPUT_PDF_FILES/28250304.pdf
31,Date,after 3 months,0.9998583793640137,1,/content/drive/MyDrive/MACROBATT/INPUT_PDF_FILES/28250304.pdf
32,Sign_symptom,sensation of of weakness,0.9999095797538757,1,/content/drive/MyDrive/MACROBATT/INPUT_PDF_FILES/28250304.pdf
33,Diagnostic_procedure,physical examination,0.9973573684692383,1,/content/drive/MyDrive/MACROBATT/INPUT_PDF_FILES/28250304.pdf
34,Detailed_description,subcutaneous,0.9250126481056213,1,/content/drive/MyDrive/MACROBATT/INPUT_PDF_FILES/28250304.pdf
35,Sign_symptom,mass,0.9999511241912842,1,/content/drive/MyDrive/MACROBATT/INPUT_PDF_FILES/28250304.pdf
36,Detailed_description,palpable,0.7465779185295105,1,/content/drive/MyDrive/MACROBATT/INPUT_PDF_FILES/28250304.pdf
37,Sign_symptom,redness,0.999213695526123,1,/content/drive/MyDrive/MACROBATT/INPUT_PDF_FILES/28250304.pdf
38,Sign_symptom,swelling,0.9999359846115112,1,/content/drive/MyDrive/MACROBATT/INPUT_PDF_FILES/28250304.pdf
39,Biological_structure,left lower leg,0.9999069571495056,1,/content/drive/MyDrive/MACROBATT/INPUT_PDF_FILES/28250304.pdf
40,Biological_structure,chest chest,0.9525478482246399,1,/content/drive/MyDrive/MACROBATT/INPUT_PDF_FILES/28250304.pdf
41,Diagnostic_procedure,oxygen saturation,0.9999486804008484,1,/content/drive/MyDrive/MACROBATT/INPUT_PDF_FILES/28250304.pdf
42,Detailed_description,pulse oximeter,0.9999330043792725,1,/content/drive/MyDrive/MACROBATT/INPUT_PDF_FILES/28250304.pdf
43,Detailed_description,room air,0.9999377131462097,1,/content/drive/MyDrive/MACROBATT/INPUT_PDF_FILES/28250304.pdf
44,Lab_value,97 %,0.9999173879623413,1,/content/drive/MyDrive/MACROBATT/INPUT_PDF_FILES/28250304.pdf
45,Diagnostic_procedure,respiratory rate,0.9999353885650635,1,/content/drive/MyDrive/MACROBATT/INPUT_PDF_FILES/28250304.pdf
46,Lab_value,13 breaths per,0.9999386668205261,1,/content/drive/MyDrive/MACROBATT/INPUT_PDF_FILES/28250304.pdf
47,Diagnostic_procedure,white blood blood cell,0.9483709931373596,1,/content/drive/MyDrive/MACROBATT/INPUT_PDF_FILES/28250304.pdf
48,Detailed_description,blood blood,0.5565813183784485,1,/content/drive/MyDrive/MACROBATT/INPUT_PDF_FILES/28250304.pdf
49,Diagnostic_procedure,triglyceride,0.9167129993438721,1,/content/drive/MyDrive/MACROBATT/INPUT_PDF_FILES/28250304.pdf
50,Diagnostic_procedure,low-density lipoprotein cholesterol,0.9999106526374817,1,/content/drive/MyDrive/MACROBATT/INPUT_PDF_FILES/28250304.pdf
51,Medication,potassium,0.7688500285148621,1,/content/drive/MyDrive/MACROBATT/INPUT_PDF_FILES/28250304.pdf
52,Lab_value,decreased,0.9999213218688965,1,/content/drive/MyDrive/MACROBATT/INPUT_PDF_FILES/28250304.pdf
53,Lab_value,2.8 mEq/L,0.8684847354888916,1,/content/drive/MyDrive/MACROBATT/INPUT_PDF_FILES/28250304.pdf
54,Diagnostic_procedure,lactate dehydrogenase,0.9996106624603271,1,/content/drive/MyDrive/MACROBATT/INPUT_PDF_FILES/28250304.pdf
55,Diagnostic_procedure,beta-D glucan,0.9997379183769226,1,/content/drive/MyDrive/MACROBATT/INPUT_PDF_FILES/28250304.pdf
56,Lab_value,354.1 49.1,0.6974820494651794,1,/content/drive/MyDrive/MACROBATT/INPUT_PDF_FILES/28250304.pdf
57,Lab_value,negative negative,0.9999433755874634,1,/content/drive/MyDrive/MACROBATT/INPUT_PDF_FILES/28250304.pdf
58,Diagnostic_procedure,was aspergillus,0.9950723052024841,1,/content/drive/MyDrive/MACROBATT/INPUT_PDF_FILES/28250304.pdf
59,Diagnostic_procedure,candida,0.8818979263305664,1,/content/drive/MyDrive/MACROBATT/INPUT_PDF_FILES/28250304.pdf
60,Diagnostic_procedure,cryptococcus,0.9975929856300354,1,/content/drive/MyDrive/MACROBATT/INPUT_PDF_FILES/28250304.pdf
61,Diagnostic_procedure,cytomegalovirus pp65 antigenemia test,0.9998629689216614,1,/content/drive/MyDrive/MACROBATT/INPUT_PDF_FILES/28250304.pdf
62,Diagnostic_procedure,ACTH ACTH,0.9984833002090454,1,/content/drive/MyDrive/MACROBATT/INPUT_PDF_FILES/28250304.pdf
63,Diagnostic_procedure,Computed tomography,0.9999127388000488,1,/content/drive/MyDrive/MACROBATT/INPUT_PDF_FILES/28250304.pdf
64,Diagnostic_procedure,( (,0.999464213848114,1,/content/drive/MyDrive/MACROBATT/INPUT_PDF_FILES/28250304.pdf
65,Sign_symptom,progression of the the the the disease,0.9996447563171387,1,/content/drive/MyDrive/MACROBATT/INPUT_PDF_FILES/28250304.pdf
66,Detailed_description,metastatic,0.9999793767929077,1,/content/drive/MyDrive/MACROBATT/INPUT_PDF_FILES/28250304.pdf
67,Detailed_description,multiple,0.8971533179283142,1,/content/drive/MyDrive/MACROBATT/INPUT_PDF_FILES/28250304.pdf
68,Texture,ground-,0.9945637583732605,1,/content/drive/MyDrive/MACROBATT/INPUT_PDF_FILES/28250304.pdf
69,Texture,glass,0.9757567644119263,1,/content/drive/MyDrive/MACROBATT/INPUT_PDF_FILES/28250304.pdf
70,Sign_symptom,opacities,0.8755650520324707,1,/content/drive/MyDrive/MACROBATT/INPUT_PDF_FILES/28250304.pdf
71,Biological_structure,both both lungs,0.9990061521530151,1,/content/drive/MyDrive/MACROBATT/INPUT_PDF_FILES/28250304.pdf
72,Diagnostic_procedure,bronchoalveolar,0.9992929697036743,1,/content/drive/MyDrive/MACROBATT/INPUT_PDF_FILES/28250304.pdf
73,Diagnostic_procedure,bronchoalveolar lavage (,0.9895403981208801,1,/content/drive/MyDrive/MACROBATT/INPUT_PDF_FILES/28250304.pdf
74,Diagnostic_procedure,BAL BAL,0.9998114705085754,1,/content/drive/MyDrive/MACROBATT/INPUT_PDF_FILES/28250304.pdf
75,Biological_structure,right B5 segment,0.9999322891235352,1,/content/drive/MyDrive/MACROBATT/INPUT_PDF_FILES/28250304.pdf
76,Detailed_description,150 mL,0.7371858358383179,1,/content/drive/MyDrive/MACROBATT/INPUT_PDF_FILES/28250304.pdf
77,Lab_value,62.7 %,0.9435741305351257,1,/content/drive/MyDrive/MACROBATT/INPUT_PDF_FILES/28250304.pdf
78,Diagnostic_procedure,cell cell count,0.9999584555625916,1,/content/drive/MyDrive/MACROBATT/INPUT_PDF_FILES/28250304.pdf
79,Lab_value,0.61×105 per,0.9941237568855286,1,/content/drive/MyDrive/MACROBATT/INPUT_PDF_FILES/28250304.pdf
80,Diagnostic_procedure,cell cell differentiation,0.9999569058418274,1,/content/drive/MyDrive/MACROBATT/INPUT_PDF_FILES/28250304.pdf
81,Lab_value,17.0 % % % macrophages,0.997364342212677,1,/content/drive/MyDrive/MACROBATT/INPUT_PDF_FILES/28250304.pdf
82,Lab_value,0.61×105 17.0 81.0 2.0 0.57,0.9823415875434875,1,/content/drive/MyDrive/MACROBATT/INPUT_PDF_FILES/28250304.pdf
83,Lab_value,CD 4/8,0.999660074710846,1,/content/drive/MyDrive/MACROBATT/INPUT_PDF_FILES/28250304.pdf
84,Diagnostic_procedure,Ziehl-Neelsen,0.9466257095336914,1,/content/drive/MyDrive/MACROBATT/INPUT_PDF_FILES/28250304.pdf
85,Diagnostic_procedure,Grocott staining,0.9420757293701172,1,/content/drive/MyDrive/MACROBATT/INPUT_PDF_FILES/28250304.pdf
86,Diagnostic_procedure,polymerase chain reaction,0.99982088804245,1,/content/drive/MyDrive/MACROBATT/INPUT_PDF_FILES/28250304.pdf
87,Diagnostic_procedure,BAL,0.9998241066932678,1,/content/drive/MyDrive/MACROBATT/INPUT_PDF_FILES/28250304.pdf
88,Lab_value,positive,0.9999432563781738,1,/content/drive/MyDrive/MACROBATT/INPUT_PDF_FILES/28250304.pdf
89,Diagnostic_procedure,Pneumocystis,0.9857538342475891,1,/content/drive/MyDrive/MACROBATT/INPUT_PDF_FILES/28250304.pdf
90,Disease_disorder,PCP,0.9993250370025635,1,/content/drive/MyDrive/MACROBATT/INPUT_PDF_FILES/28250304.pdf
91,Medication,sulfamethoxazole/trimethoprim,0.9999079704284668,1,/content/drive/MyDrive/MACROBATT/INPUT_PDF_FILES/28250304.pdf
92,Medication,Anti-cortisol,0.8848868608474731,1,/content/drive/MyDrive/MACROBATT/INPUT_PDF_FILES/28250304.pdf
93,Medication,Anti-cortisol hypercortisolemia,0.9888122081756592,1,/content/drive/MyDrive/MACROBATT/INPUT_PDF_FILES/28250304.pdf
94,Medication,metyrapone,0.937009871006012,1,/content/drive/MyDrive/MACROBATT/INPUT_PDF_FILES/28250304.pdf
95,Dosage,small dose,0.9995107650756836,1,/content/drive/MyDrive/MACROBATT/INPUT_PDF_FILES/28250304.pdf
96,Medication,insulin,0.9998083710670471,1,/content/drive/MyDrive/MACROBATT/INPUT_PDF_FILES/28250304.pdf
97,Medication,cefazolin,0.9954291582107544,1,/content/drive/MyDrive/MACROBATT/INPUT_PDF_FILES/28250304.pdf
98,Disease_disorder,cellulitis,0.9998273253440857,1,/content/drive/MyDrive/MACROBATT/INPUT_PDF_FILES/28250304.pdf
99,Sign_symptom,exacerbation,0.9997702240943909,1,/content/drive/MyDrive/MACROBATT/INPUT_PDF_FILES/28250304.pdf
100,Diagnostic_procedure,respiratory,0.5851419568061829,1,/content/drive/MyDrive/MACROBATT/INPUT_PDF_FILES/28250304.pdf
101,Dosage,250 mg/day,0.9972226619720459,1,/content/drive/MyDrive/MACROBATT/INPUT_PDF_FILES/28250304.pdf
102,Lab_value,decline slowly,0.9997032284736633,1,/content/drive/MyDrive/MACROBATT/INPUT_PDF_FILES/28250304.pdf
103,Medication,hydrocortisone,0.9932152032852173,2,/content/drive/MyDrive/MACROBATT/INPUT_PDF_FILES/28250304.pdf
104,Biological_structure,left lower leg,0.9995781779289246,2,/content/drive/MyDrive/MACROBATT/INPUT_PDF_FILES/28250304.pdf
105,Disease_disorder,cellulitis,0.591075599193573,2,/content/drive/MyDrive/MACROBATT/INPUT_PDF_FILES/28250304.pdf
106,Therapeutic_procedure,laminectomy,0.9979603290557861,2,/content/drive/MyDrive/MACROBATT/INPUT_PDF_FILES/28250304.pdf
107,Therapeutic_procedure,radiation therapy,0.9998307228088379,2,/content/drive/MyDrive/MACROBATT/INPUT_PDF_FILES/28250304.pdf
108,Biological_structure,spinal spinal,0.9999551773071289,2,/content/drive/MyDrive/MACROBATT/INPUT_PDF_FILES/28250304.pdf
109,Detailed_description,metastatic,0.9998784065246582,2,/content/drive/MyDrive/MACROBATT/INPUT_PDF_FILES/28250304.pdf
110,Medication,Octreotide,0.9967870712280273,2,/content/drive/MyDrive/MACROBATT/INPUT_PDF_FILES/28250304.pdf
111,Clinical_event,discharged,0.9990211725234985,2,/content/drive/MyDrive/MACROBATT/INPUT_PDF_FILES/28250304.pdf
112,Date,68th day,0.9997788071632385,2,/content/drive/MyDrive/MACROBATT/INPUT_PDF_FILES/28250304.pdf
