,Entity Group,Value,Score,Page,Pdf File
0,Age,51-year-old,0.9981464147567749,1,/content/drive/MyDrive/MACROBATT/INPUT_PDF_FILES/28265107.pdf
1,History,G1P1,0.9995254278182983,1,/content/drive/MyDrive/MACROBATT/INPUT_PDF_FILES/28265107.pdf
2,Personal_background,Caucasian,0.9988332390785217,1,/content/drive/MyDrive/MACROBATT/INPUT_PDF_FILES/28265107.pdf
3,Sex,female,0.9994311928749084,1,/content/drive/MyDrive/MACROBATT/INPUT_PDF_FILES/28265107.pdf
4,History,neurogenic,0.9995057582855225,1,/content/drive/MyDrive/MACROBATT/INPUT_PDF_FILES/28265107.pdf
5,History,neurogenic bladder,0.9947063326835632,1,/content/drive/MyDrive/MACROBATT/INPUT_PDF_FILES/28265107.pdf
6,History,spina bifida occulta,0.9995750784873962,1,/content/drive/MyDrive/MACROBATT/INPUT_PDF_FILES/28265107.pdf
7,Clinical_event,referred,0.9997560381889343,1,/content/drive/MyDrive/MACROBATT/INPUT_PDF_FILES/28265107.pdf
8,Sign_symptom,constipation,0.9976903200149536,1,/content/drive/MyDrive/MACROBATT/INPUT_PDF_FILES/28265107.pdf
9,Diagnostic_procedure,Bristol Type,0.9998217821121216,1,/content/drive/MyDrive/MACROBATT/INPUT_PDF_FILES/28265107.pdf
10,Lab_value,1–2,0.9997493624687195,1,/content/drive/MyDrive/MACROBATT/INPUT_PDF_FILES/28265107.pdf
11,Activity,stool,0.9963756203651428,1,/content/drive/MyDrive/MACROBATT/INPUT_PDF_FILES/28265107.pdf
12,Frequency,every 5 days,0.9991396069526672,1,/content/drive/MyDrive/MACROBATT/INPUT_PDF_FILES/28265107.pdf
13,Therapeutic_procedure,manual,0.9976097345352173,1,/content/drive/MyDrive/MACROBATT/INPUT_PDF_FILES/28265107.pdf
14,Frequency,twice weekly,0.9984728097915649,1,/content/drive/MyDrive/MACROBATT/INPUT_PDF_FILES/28265107.pdf
15,Severity,urgent,0.9983106851577759,1,/content/drive/MyDrive/MACROBATT/INPUT_PDF_FILES/28265107.pdf
16,Sign_symptom,fecal,0.8150598406791687,1,/content/drive/MyDrive/MACROBATT/INPUT_PDF_FILES/28265107.pdf
17,Frequency,daily,0.9954161643981934,1,/content/drive/MyDrive/MACROBATT/INPUT_PDF_FILES/28265107.pdf
18,Therapeutic_procedure,continence,0.9960284233093262,1,/content/drive/MyDrive/MACROBATT/INPUT_PDF_FILES/28265107.pdf
19,Medication,psyllium,0.9997773766517639,1,/content/drive/MyDrive/MACROBATT/INPUT_PDF_FILES/28265107.pdf
20,Medication,psyllium bisacodyl,0.995664656162262,1,/content/drive/MyDrive/MACROBATT/INPUT_PDF_FILES/28265107.pdf
21,Medication,bisacodyl,0.9952274560928345,1,/content/drive/MyDrive/MACROBATT/INPUT_PDF_FILES/28265107.pdf
22,Diagnostic_procedure,defecography,0.9999431371688843,1,/content/drive/MyDrive/MACROBATT/INPUT_PDF_FILES/28265107.pdf
23,Sign_symptom,atrophy atrophy,0.9999514818191528,1,/content/drive/MyDrive/MACROBATT/INPUT_PDF_FILES/28265107.pdf
24,Sign_symptom,defecography atrophy atrophy,0.9373871088027954,1,/content/drive/MyDrive/MACROBATT/INPUT_PDF_FILES/28265107.pdf
25,Biological_structure,puborectalis,0.9989657402038574,1,/content/drive/MyDrive/MACROBATT/INPUT_PDF_FILES/28265107.pdf
26,Lab_value,poor,0.9982200264930725,1,/content/drive/MyDrive/MACROBATT/INPUT_PDF_FILES/28265107.pdf
27,Diagnostic_procedure,squeeze,0.9344328045845032,1,/content/drive/MyDrive/MACROBATT/INPUT_PDF_FILES/28265107.pdf
28,Biological_structure,EAS muscle,0.9999213218688965,1,/content/drive/MyDrive/MACROBATT/INPUT_PDF_FILES/28265107.pdf
29,Diagnostic_procedure,Anorectal,0.9999467134475708,1,/content/drive/MyDrive/MACROBATT/INPUT_PDF_FILES/28265107.pdf
30,Diagnostic_procedure,Anorectal manometry,0.9996199607849121,1,/content/drive/MyDrive/MACROBATT/INPUT_PDF_FILES/28265107.pdf
31,Lab_value,normal,0.9998631477355957,1,/content/drive/MyDrive/MACROBATT/INPUT_PDF_FILES/28265107.pdf
32,Diagnostic_procedure,resting pressure pressure,0.9999045133590698,1,/content/drive/MyDrive/MACROBATT/INPUT_PDF_FILES/28265107.pdf
33,Sign_symptom,augmentation,0.9535222053527832,1,/content/drive/MyDrive/MACROBATT/INPUT_PDF_FILES/28265107.pdf
34,Sign_symptom,augmentation of squeeze,0.9231807589530945,1,/content/drive/MyDrive/MACROBATT/INPUT_PDF_FILES/28265107.pdf
35,Disease_disorder,weak EAS,0.9958343505859375,1,/content/drive/MyDrive/MACROBATT/INPUT_PDF_FILES/28265107.pdf
36,Sign_symptom,fixed perineal descent,0.999860405921936,1,/content/drive/MyDrive/MACROBATT/INPUT_PDF_FILES/28265107.pdf
37,Lab_value,inability to widen,0.973186194896698,1,/content/drive/MyDrive/MACROBATT/INPUT_PDF_FILES/28265107.pdf
38,Biological_structure,posterior anorectal angle,0.9995310306549072,1,/content/drive/MyDrive/MACROBATT/INPUT_PDF_FILES/28265107.pdf
39,Diagnostic_procedure,evacuation of contrast,0.9615974426269531,1,/content/drive/MyDrive/MACROBATT/INPUT_PDF_FILES/28265107.pdf
40,Diagnostic_procedure,ARM,0.7320414185523987,1,/content/drive/MyDrive/MACROBATT/INPUT_PDF_FILES/28265107.pdf
41,Lab_value,type IV,0.9999140501022339,1,/content/drive/MyDrive/MACROBATT/INPUT_PDF_FILES/28265107.pdf
42,Diagnostic_procedure,Reflex and and sensory testing,0.9999454617500305,1,/content/drive/MyDrive/MACROBATT/INPUT_PDF_FILES/28265107.pdf
43,Lab_value,intact,0.9996945858001709,1,/content/drive/MyDrive/MACROBATT/INPUT_PDF_FILES/28265107.pdf
44,Diagnostic_procedure,rectoanal,0.9953765869140625,1,/content/drive/MyDrive/MACROBATT/INPUT_PDF_FILES/28265107.pdf
45,Diagnostic_procedure,rectoanal inhibitory reflex,0.8799983263015747,1,/content/drive/MyDrive/MACROBATT/INPUT_PDF_FILES/28265107.pdf
46,Biological_structure,rectoanal rectal,0.9999600648880005,1,/content/drive/MyDrive/MACROBATT/INPUT_PDF_FILES/28265107.pdf
47,Biological_structure,rectal,0.7509809732437134,1,/content/drive/MyDrive/MACROBATT/INPUT_PDF_FILES/28265107.pdf
48,Sign_symptom,management,0.9996508359909058,1,/content/drive/MyDrive/MACROBATT/INPUT_PDF_FILES/28265107.pdf
49,Detailed_description,home,0.999815046787262,1,/content/drive/MyDrive/MACROBATT/INPUT_PDF_FILES/28265107.pdf
50,Detailed_description,conventional,0.9999151229858398,1,/content/drive/MyDrive/MACROBATT/INPUT_PDF_FILES/28265107.pdf
51,Therapeutic_procedure,biofeedback,0.9941635727882385,1,/content/drive/MyDrive/MACROBATT/INPUT_PDF_FILES/28265107.pdf
52,Detailed_description,temporary,0.9999006986618042,1,/content/drive/MyDrive/MACROBATT/INPUT_PDF_FILES/28265107.pdf
53,Therapeutic_procedure,SNS SNS,0.9982209205627441,1,/content/drive/MyDrive/MACROBATT/INPUT_PDF_FILES/28265107.pdf
54,Detailed_description,permanent,0.9998953342437744,1,/content/drive/MyDrive/MACROBATT/INPUT_PDF_FILES/28265107.pdf
55,Date,One year later,0.9453518390655518,1,/content/drive/MyDrive/MACROBATT/INPUT_PDF_FILES/28265107.pdf
