,Entity Group,Value,Score,Page,Pdf File
0,Age,52-year-old,0.9978854060173035,1,/content/drive/MyDrive/MACROBATT/INPUT_PDF_FILES/28272214.pdf
1,Sex,man,0.9997962117195129,1,/content/drive/MyDrive/MACROBATT/INPUT_PDF_FILES/28272214.pdf
2,Duration,30-year,0.8930184841156006,1,/content/drive/MyDrive/MACROBATT/INPUT_PDF_FILES/28272214.pdf
3,History,smoking,0.6636221408843994,1,/content/drive/MyDrive/MACROBATT/INPUT_PDF_FILES/28272214.pdf
4,Clinical_event,presented,0.9974998831748962,1,/content/drive/MyDrive/MACROBATT/INPUT_PDF_FILES/28272214.pdf
5,Detailed_description,abnormal,0.999962568283081,1,/content/drive/MyDrive/MACROBATT/INPUT_PDF_FILES/28272214.pdf
6,Sign_symptom,nodule,0.9998401403427124,1,/content/drive/MyDrive/MACROBATT/INPUT_PDF_FILES/28272214.pdf
7,Area,0.8 × 1.5 cm,0.9981145858764648,1,/content/drive/MyDrive/MACROBATT/INPUT_PDF_FILES/28272214.pdf
8,Biological_structure,left upper lung lobe,0.9992163777351379,1,/content/drive/MyDrive/MACROBATT/INPUT_PDF_FILES/28272214.pdf
9,Biological_structure,chest,0.9999573230743408,1,/content/drive/MyDrive/MACROBATT/INPUT_PDF_FILES/28272214.pdf
10,Diagnostic_procedure,computed tomography,0.9999377131462097,1,/content/drive/MyDrive/MACROBATT/INPUT_PDF_FILES/28272214.pdf
11,Date,March 2012,0.9995653629302979,1,/content/drive/MyDrive/MACROBATT/INPUT_PDF_FILES/28272214.pdf
12,Diagnostic_procedure,Physical examination,0.9999060034751892,1,/content/drive/MyDrive/MACROBATT/INPUT_PDF_FILES/28272214.pdf
13,Diagnostic_procedure,Laboratory findings,0.9999527931213379,1,/content/drive/MyDrive/MACROBATT/INPUT_PDF_FILES/28272214.pdf
14,Lab_value,normal normal,0.9996514320373535,1,/content/drive/MyDrive/MACROBATT/INPUT_PDF_FILES/28272214.pdf
15,Diagnostic_procedure,carcinoembryonic,0.9998897314071655,1,/content/drive/MyDrive/MACROBATT/INPUT_PDF_FILES/28272214.pdf
16,Diagnostic_procedure,carcinoembryonic antigen ( (,0.9906333088874817,1,/content/drive/MyDrive/MACROBATT/INPUT_PDF_FILES/28272214.pdf
17,Diagnostic_procedure,CEA,0.9984910488128662,1,/content/drive/MyDrive/MACROBATT/INPUT_PDF_FILES/28272214.pdf
18,Lab_value,30.25 ng/mL ng/mL,0.9999361038208008,1,/content/drive/MyDrive/MACROBATT/INPUT_PDF_FILES/28272214.pdf
19,Diagnostic_procedure,positron,0.9999693632125854,1,/content/drive/MyDrive/MACROBATT/INPUT_PDF_FILES/28272214.pdf
20,Diagnostic_procedure,positron emission tomography,0.9998275637626648,1,/content/drive/MyDrive/MACROBATT/INPUT_PDF_FILES/28272214.pdf
21,Diagnostic_procedure,( (,0.9481785893440247,1,/content/drive/MyDrive/MACROBATT/INPUT_PDF_FILES/28272214.pdf
22,Diagnostic_procedure,PET ) ) /CT,0.992202639579773,1,/content/drive/MyDrive/MACROBATT/INPUT_PDF_FILES/28272214.pdf
23,Biological_structure,lung,0.9999508857727051,1,/content/drive/MyDrive/MACROBATT/INPUT_PDF_FILES/28272214.pdf
24,Sign_symptom,lesion,0.9998914003372192,1,/content/drive/MyDrive/MACROBATT/INPUT_PDF_FILES/28272214.pdf
25,Sign_symptom,emission lesion,0.9998637437820435,1,/content/drive/MyDrive/MACROBATT/INPUT_PDF_FILES/28272214.pdf
26,Diagnostic_procedure,standardized uptake value,0.9999216794967651,1,/content/drive/MyDrive/MACROBATT/INPUT_PDF_FILES/28272214.pdf
27,Lab_value,7.94,0.987091064453125,1,/content/drive/MyDrive/MACROBATT/INPUT_PDF_FILES/28272214.pdf
28,Coreference,tumor,0.9747496843338013,1,/content/drive/MyDrive/MACROBATT/INPUT_PDF_FILES/28272214.pdf
29,Biological_structure,left upper,0.981278657913208,1,/content/drive/MyDrive/MACROBATT/INPUT_PDF_FILES/28272214.pdf
30,Therapeutic_procedure,lobectomy,0.7931521534919739,1,/content/drive/MyDrive/MACROBATT/INPUT_PDF_FILES/28272214.pdf
31,Therapeutic_procedure,Subsequently left lung lobectomy lymph,0.992465615272522,1,/content/drive/MyDrive/MACROBATT/INPUT_PDF_FILES/28272214.pdf
32,Therapeutic_procedure,node,0.6537044644355774,1,/content/drive/MyDrive/MACROBATT/INPUT_PDF_FILES/28272214.pdf
33,Diagnostic_procedure,pathological examination,0.9995737075805664,1,/content/drive/MyDrive/MACROBATT/INPUT_PDF_FILES/28272214.pdf
34,Disease_disorder,adenocarcinoma,0.9605379104614258,1,/content/drive/MyDrive/MACROBATT/INPUT_PDF_FILES/28272214.pdf
35,Disease_disorder,ADC,0.999765932559967,1,/content/drive/MyDrive/MACROBATT/INPUT_PDF_FILES/28272214.pdf
36,Diagnostic_procedure,Immunohistochemistry,0.9999657869338989,1,/content/drive/MyDrive/MACROBATT/INPUT_PDF_FILES/28272214.pdf
37,Diagnostic_procedure,Immunohistochemistry ( (,0.998650074005127,1,/content/drive/MyDrive/MACROBATT/INPUT_PDF_FILES/28272214.pdf
38,Diagnostic_procedure,IHC,0.985695481300354,1,/content/drive/MyDrive/MACROBATT/INPUT_PDF_FILES/28272214.pdf
39,Lab_value,positive,0.9999334812164307,1,/content/drive/MyDrive/MACROBATT/INPUT_PDF_FILES/28272214.pdf
40,Diagnostic_procedure,CK7 CK,0.9998960494995117,1,/content/drive/MyDrive/MACROBATT/INPUT_PDF_FILES/28272214.pdf
41,Diagnostic_procedure,TTF-1,0.9994133114814758,1,/content/drive/MyDrive/MACROBATT/INPUT_PDF_FILES/28272214.pdf
42,Diagnostic_procedure,p63,0.9616321325302124,1,/content/drive/MyDrive/MACROBATT/INPUT_PDF_FILES/28272214.pdf
43,Diagnostic_procedure,NapsinA,0.9996506571769714,1,/content/drive/MyDrive/MACROBATT/INPUT_PDF_FILES/28272214.pdf
44,Lab_value,negative,0.9999226331710815,1,/content/drive/MyDrive/MACROBATT/INPUT_PDF_FILES/28272214.pdf
45,Diagnostic_procedure,CK7 CK 5/6,0.9988216161727905,1,/content/drive/MyDrive/MACROBATT/INPUT_PDF_FILES/28272214.pdf
46,Diagnostic_procedure,Immunohistochemistry cgA,0.9979816675186157,1,/content/drive/MyDrive/MACROBATT/INPUT_PDF_FILES/28272214.pdf
47,Diagnostic_procedure,Ki-67,0.9999143481254578,1,/content/drive/MyDrive/MACROBATT/INPUT_PDF_FILES/28272214.pdf
48,Diagnostic_procedure,clinical stage,0.9999287128448486,1,/content/drive/MyDrive/MACROBATT/INPUT_PDF_FILES/28272214.pdf
49,Lab_value,IA2,0.9998307228088379,1,/content/drive/MyDrive/MACROBATT/INPUT_PDF_FILES/28272214.pdf
50,Medication,adjuvant treatment,0.9991188645362854,1,/content/drive/MyDrive/MACROBATT/INPUT_PDF_FILES/28272214.pdf
51,Therapeutic_procedure,monitored,0.9967085123062134,1,/content/drive/MyDrive/MACROBATT/INPUT_PDF_FILES/28272214.pdf
52,Nonbiological_location,hospital,0.999519944190979,1,/content/drive/MyDrive/MACROBATT/INPUT_PDF_FILES/28272214.pdf
53,Diagnostic_procedure,condition,0.9999535083770752,1,/content/drive/MyDrive/MACROBATT/INPUT_PDF_FILES/28272214.pdf
54,Lab_value,stable,0.9999165534973145,1,/content/drive/MyDrive/MACROBATT/INPUT_PDF_FILES/28272214.pdf
55,Biological_structure,left,0.9998992681503296,1,/content/drive/MyDrive/MACROBATT/INPUT_PDF_FILES/28272214.pdf
56,Sign_symptom,pain,0.9999626874923706,1,/content/drive/MyDrive/MACROBATT/INPUT_PDF_FILES/28272214.pdf
57,Date,2015,0.9021175503730774,1,/content/drive/MyDrive/MACROBATT/INPUT_PDF_FILES/28272214.pdf
58,Clinical_event,transferred,0.9998729228973389,1,/content/drive/MyDrive/MACROBATT/INPUT_PDF_FILES/28272214.pdf
59,Nonbiological_location,hospital hospital,0.9993149042129517,1,/content/drive/MyDrive/MACROBATT/INPUT_PDF_FILES/28272214.pdf
60,Severity,significant,0.999675989151001,1,/content/drive/MyDrive/MACROBATT/INPUT_PDF_FILES/28272214.pdf
61,Sign_symptom,tender point,0.9998437166213989,1,/content/drive/MyDrive/MACROBATT/INPUT_PDF_FILES/28272214.pdf
62,Diagnostic_procedure,cytokeratin19 fragment antigen 21–1 CYFRA21–1,0.9998825192451477,1,/content/drive/MyDrive/MACROBATT/INPUT_PDF_FILES/28272214.pdf
63,Diagnostic_procedure,CYFRA21–1,0.9998723268508911,1,/content/drive/MyDrive/MACROBATT/INPUT_PDF_FILES/28272214.pdf
64,Diagnostic_procedure,21–1 CYFRA21–1,0.9983325004577637,1,/content/drive/MyDrive/MACROBATT/INPUT_PDF_FILES/28272214.pdf
65,Lab_value,17.45 ng/mL ng/mL,0.9999304413795471,1,/content/drive/MyDrive/MACROBATT/INPUT_PDF_FILES/28272214.pdf
66,Biological_structure,serum,0.9998730421066284,1,/content/drive/MyDrive/MACROBATT/INPUT_PDF_FILES/28272214.pdf
67,Diagnostic_procedure,CT PET/CT,0.9999721050262451,1,/content/drive/MyDrive/MACROBATT/INPUT_PDF_FILES/28272214.pdf
68,Diagnostic_procedure,PET/CT,0.9999715089797974,1,/content/drive/MyDrive/MACROBATT/INPUT_PDF_FILES/28272214.pdf
69,Severity,serious,0.9997594952583313,1,/content/drive/MyDrive/MACROBATT/INPUT_PDF_FILES/28272214.pdf
70,Sign_symptom,involvement,0.9999419450759888,1,/content/drive/MyDrive/MACROBATT/INPUT_PDF_FILES/28272214.pdf
71,Biological_structure,left pleura,0.9981657862663269,1,/content/drive/MyDrive/MACROBATT/INPUT_PDF_FILES/28272214.pdf
72,Detailed_description,bilateral,0.9999488592147827,1,/content/drive/MyDrive/MACROBATT/INPUT_PDF_FILES/28272214.pdf
73,Sign_symptom,lesions,0.9997028708457947,1,/content/drive/MyDrive/MACROBATT/INPUT_PDF_FILES/28272214.pdf
74,Lab_value,upgraded,0.9982147216796875,1,/content/drive/MyDrive/MACROBATT/INPUT_PDF_FILES/28272214.pdf
75,Lab_value,IVB,0.9999191761016846,1,/content/drive/MyDrive/MACROBATT/INPUT_PDF_FILES/28272214.pdf
76,Detailed_description,CT-guided,0.998261034488678,1,/content/drive/MyDrive/MACROBATT/INPUT_PDF_FILES/28272214.pdf
77,Diagnostic_procedure,pleura puncture pathological positive p63 p40 NapsinA supporting,0.8897466659545898,1,/content/drive/MyDrive/MACROBATT/INPUT_PDF_FILES/28272214.pdf
78,Diagnostic_procedure,CK CK 7,0.7767340540885925,1,/content/drive/MyDrive/MACROBATT/INPUT_PDF_FILES/28272214.pdf
79,Diagnostic_procedure,CK CK,0.9999043941497803,1,/content/drive/MyDrive/MACROBATT/INPUT_PDF_FILES/28272214.pdf
80,Disease_disorder,squamous,0.9997487664222717,1,/content/drive/MyDrive/MACROBATT/INPUT_PDF_FILES/28272214.pdf
81,Disease_disorder,squamous cell carcinoma,0.9996324777603149,1,/content/drive/MyDrive/MACROBATT/INPUT_PDF_FILES/28272214.pdf
82,Disease_disorder,SCC,0.9998055100440979,1,/content/drive/MyDrive/MACROBATT/INPUT_PDF_FILES/28272214.pdf
83,Diagnostic_procedure,molecular evaluation,0.9999575018882751,1,/content/drive/MyDrive/MACROBATT/INPUT_PDF_FILES/28272214.pdf
84,Sign_symptom,L858R mutation mutation,0.9998937845230103,1,/content/drive/MyDrive/MACROBATT/INPUT_PDF_FILES/28272214.pdf
85,Detailed_description,exon exon 21,0.9998381733894348,1,/content/drive/MyDrive/MACROBATT/INPUT_PDF_FILES/28272214.pdf
86,Sign_symptom,T790M mutation mutation,0.999650776386261,1,/content/drive/MyDrive/MACROBATT/INPUT_PDF_FILES/28272214.pdf
87,Detailed_description,exon exon 20,0.9996920228004456,1,/content/drive/MyDrive/MACROBATT/INPUT_PDF_FILES/28272214.pdf
88,Disease_disorder,SCC NSCLC,0.9997287392616272,1,/content/drive/MyDrive/MACROBATT/INPUT_PDF_FILES/28272214.pdf
89,Sign_symptom,L858R mutation,0.9999116659164429,1,/content/drive/MyDrive/MACROBATT/INPUT_PDF_FILES/28272214.pdf
90,Detailed_description,palliative,0.9999759197235107,1,/content/drive/MyDrive/MACROBATT/INPUT_PDF_FILES/28272214.pdf
91,Therapeutic_procedure,three-dimensional conformal radiotherapy,0.988385796546936,1,/content/drive/MyDrive/MACROBATT/INPUT_PDF_FILES/28272214.pdf
92,Therapeutic_procedure,3D-CRT,0.9998378753662109,1,/content/drive/MyDrive/MACROBATT/INPUT_PDF_FILES/28272214.pdf
93,Therapeutic_procedure,three-dimensional 3D-CRT,0.5030766129493713,1,/content/drive/MyDrive/MACROBATT/INPUT_PDF_FILES/28272214.pdf
94,Sign_symptom,three-dimensional lesion fractions,0.9999222755432129,1,/content/drive/MyDrive/MACROBATT/INPUT_PDF_FILES/28272214.pdf
95,Dosage,42 Gy/14 fractions,0.9995986819267273,1,/content/drive/MyDrive/MACROBATT/INPUT_PDF_FILES/28272214.pdf
96,Frequency,once daily,0.8588835000991821,1,/content/drive/MyDrive/MACROBATT/INPUT_PDF_FILES/28272214.pdf
97,Dosage,5f/week,0.9805631041526794,1,/content/drive/MyDrive/MACROBATT/INPUT_PDF_FILES/28272214.pdf
98,Lab_value,5 V5 5 5 Gy Gy Gy,0.9996669292449951,1,/content/drive/MyDrive/MACROBATT/INPUT_PDF_FILES/28272214.pdf
99,Biological_structure,lungs,0.999924898147583,1,/content/drive/MyDrive/MACROBATT/INPUT_PDF_FILES/28272214.pdf
100,Lab_value,20 20 V20,0.999906063079834,1,/content/drive/MyDrive/MACROBATT/INPUT_PDF_FILES/28272214.pdf
101,Lab_value,20 0 20 V20 10 0,0.9965456128120422,1,/content/drive/MyDrive/MACROBATT/INPUT_PDF_FILES/28272214.pdf
102,Lab_value,7.8,0.9997327923774719,1,/content/drive/MyDrive/MACROBATT/INPUT_PDF_FILES/28272214.pdf
103,Lab_value,20 20 V20 Gy Gy Gy,0.8952498435974121,1,/content/drive/MyDrive/MACROBATT/INPUT_PDF_FILES/28272214.pdf
104,Lab_value,5 V5 5 5,0.9999051094055176,1,/content/drive/MyDrive/MACROBATT/INPUT_PDF_FILES/28272214.pdf
105,Biological_structure,lungs lung,0.9999516010284424,1,/content/drive/MyDrive/MACROBATT/INPUT_PDF_FILES/28272214.pdf
106,Medication,GP chemotherapy,0.9997318983078003,1,/content/drive/MyDrive/MACROBATT/INPUT_PDF_FILES/28272214.pdf
107,Medication,cisplatin,0.994434654712677,1,/content/drive/MyDrive/MACROBATT/INPUT_PDF_FILES/28272214.pdf
108,Dosage,75 mg/m2 mg/m2 considering received d1 d1 d8 days and achieved followed disease,0.9148661494255066,1,/content/drive/MyDrive/MACROBATT/INPUT_PDF_FILES/28272214.pdf
109,Medication,gemcitabine,0.9934135675430298,1,/content/drive/MyDrive/MACROBATT/INPUT_PDF_FILES/28272214.pdf
110,Dosage,1250 mg/m2 mg/m2,0.9655607342720032,1,/content/drive/MyDrive/MACROBATT/INPUT_PDF_FILES/28272214.pdf
111,Detailed_description,partial,0.9998661279678345,1,/content/drive/MyDrive/MACROBATT/INPUT_PDF_FILES/28272214.pdf
112,Sign_symptom,received remission,0.9998457431793213,1,/content/drive/MyDrive/MACROBATT/INPUT_PDF_FILES/28272214.pdf
113,Sign_symptom,remission,0.9977132081985474,1,/content/drive/MyDrive/MACROBATT/INPUT_PDF_FILES/28272214.pdf
114,Lab_value,mg/m2 1250 mg/m2 21 2,0.7471774816513062,1,/content/drive/MyDrive/MACROBATT/INPUT_PDF_FILES/28272214.pdf
115,Disease_disorder,disease,0.9427757859230042,1,/content/drive/MyDrive/MACROBATT/INPUT_PDF_FILES/28272214.pdf
116,Detailed_description,4 cycles,0.6579517126083374,2,/content/drive/MyDrive/MACROBATT/INPUT_PDF_FILES/28272214.pdf
117,Diagnostic_procedure,evaluation criteria according in solid tumors,0.9460350275039673,2,/content/drive/MyDrive/MACROBATT/INPUT_PDF_FILES/28272214.pdf
118,Diagnostic_procedure,RECIST,0.9907354116439819,2,/content/drive/MyDrive/MACROBATT/INPUT_PDF_FILES/28272214.pdf
119,Medication,gefitinib,0.9997877478599548,2,/content/drive/MyDrive/MACROBATT/INPUT_PDF_FILES/28272214.pdf
120,Dosage,150,0.6097761988639832,2,/content/drive/MyDrive/MACROBATT/INPUT_PDF_FILES/28272214.pdf
121,Date,November 2015,0.9536780118942261,2,/content/drive/MyDrive/MACROBATT/INPUT_PDF_FILES/28272214.pdf
122,Medication,Ibandronate sodium,0.9996706247329712,2,/content/drive/MyDrive/MACROBATT/INPUT_PDF_FILES/28272214.pdf
123,Frequency,monthly,0.9991926550865173,2,/content/drive/MyDrive/MACROBATT/INPUT_PDF_FILES/28272214.pdf
124,Clinical_event,under surveillance,0.9963933229446411,2,/content/drive/MyDrive/MACROBATT/INPUT_PDF_FILES/28272214.pdf
