,Entity Group,Value,Score,Page,Pdf File
0,Age,57-year-old,0.9975790977478027,1,/content/drive/MyDrive/MACROBATT/INPUT_PDF_FILES/28272235.pdf
1,Sex,male,0.9995543360710144,1,/content/drive/MyDrive/MACROBATT/INPUT_PDF_FILES/28272235.pdf
2,Clinical_event,admitted,0.9998548030853271,1,/content/drive/MyDrive/MACROBATT/INPUT_PDF_FILES/28272235.pdf
3,Nonbiological_location,hospital,0.9943079352378845,1,/content/drive/MyDrive/MACROBATT/INPUT_PDF_FILES/28272235.pdf
4,Duration,57-year-old 5 months,0.9997755885124207,1,/content/drive/MyDrive/MACROBATT/INPUT_PDF_FILES/28272235.pdf
5,Severity,massive,0.9995525479316711,1,/content/drive/MyDrive/MACROBATT/INPUT_PDF_FILES/28272235.pdf
6,Biological_structure,rectal,0.9927138686180115,1,/content/drive/MyDrive/MACROBATT/INPUT_PDF_FILES/28272235.pdf
7,Sign_symptom,bleeding,0.9999333620071411,1,/content/drive/MyDrive/MACROBATT/INPUT_PDF_FILES/28272235.pdf
8,History,passage of of,0.7367864847183228,1,/content/drive/MyDrive/MACROBATT/INPUT_PDF_FILES/28272235.pdf
9,History,fresh blood mixed,0.882220983505249,1,/content/drive/MyDrive/MACROBATT/INPUT_PDF_FILES/28272235.pdf
10,Activity,stool,0.7358031868934631,1,/content/drive/MyDrive/MACROBATT/INPUT_PDF_FILES/28272235.pdf
11,History,since,0.6252198815345764,1,/content/drive/MyDrive/MACROBATT/INPUT_PDF_FILES/28272235.pdf
12,History,55 years,0.8766062259674072,1,/content/drive/MyDrive/MACROBATT/INPUT_PDF_FILES/28272235.pdf
13,Clinical_event,went,0.9993809461593628,1,/content/drive/MyDrive/MACROBATT/INPUT_PDF_FILES/28272235.pdf
14,Therapeutic_procedure,interventions,0.9997991919517517,1,/content/drive/MyDrive/MACROBATT/INPUT_PDF_FILES/28272235.pdf
15,History,diagnosed and treated past was as hemorrhoids,0.9641785025596619,1,/content/drive/MyDrive/MACROBATT/INPUT_PDF_FILES/28272235.pdf
16,Sign_symptom,symptom,0.999963641166687,1,/content/drive/MyDrive/MACROBATT/INPUT_PDF_FILES/28272235.pdf
17,Duration,was a and again while,0.9994447231292725,1,/content/drive/MyDrive/MACROBATT/INPUT_PDF_FILES/28272235.pdf
18,Sign_symptom,recurred,0.9999556541442871,1,/content/drive/MyDrive/MACROBATT/INPUT_PDF_FILES/28272235.pdf
19,Duration,Thirty years,0.8327994346618652,1,/content/drive/MyDrive/MACROBATT/INPUT_PDF_FILES/28272235.pdf
20,Disease_disorder,hemangioma,0.9989140629768372,1,/content/drive/MyDrive/MACROBATT/INPUT_PDF_FILES/28272235.pdf
21,Therapeutic_procedure,managed,0.9998849630355835,1,/content/drive/MyDrive/MACROBATT/INPUT_PDF_FILES/28272235.pdf
22,Therapeutic_procedure,cryotherapy,0.9982137084007263,1,/content/drive/MyDrive/MACROBATT/INPUT_PDF_FILES/28272235.pdf
23,Duration,few years,0.9995840787887573,1,/content/drive/MyDrive/MACROBATT/INPUT_PDF_FILES/28272235.pdf
24,Clinical_event,consulted,0.9994156360626221,1,/content/drive/MyDrive/MACROBATT/INPUT_PDF_FILES/28272235.pdf
25,Detailed_description,short-term,0.9999293088912964,1,/content/drive/MyDrive/MACROBATT/INPUT_PDF_FILES/28272235.pdf
26,Sign_symptom,symptomatic,0.9999102354049683,1,/content/drive/MyDrive/MACROBATT/INPUT_PDF_FILES/28272235.pdf
27,Nonbiological_location,local hospital,0.9996823072433472,1,/content/drive/MyDrive/MACROBATT/INPUT_PDF_FILES/28272235.pdf
28,Administration,intravenous,0.9994726777076721,1,/content/drive/MyDrive/MACROBATT/INPUT_PDF_FILES/28272235.pdf
29,Administration,intervention intravenous,0.9820854067802429,1,/content/drive/MyDrive/MACROBATT/INPUT_PDF_FILES/28272235.pdf
30,Medication,fluid,0.9986503720283508,1,/content/drive/MyDrive/MACROBATT/INPUT_PDF_FILES/28272235.pdf
31,Clinical_event,referred,0.999840259552002,1,/content/drive/MyDrive/MACROBATT/INPUT_PDF_FILES/28272235.pdf
32,Detailed_description,Intermediate,0.9905961751937866,1,/content/drive/MyDrive/MACROBATT/INPUT_PDF_FILES/28272235.pdf
33,Detailed_description,fresh blood,0.9888578653335571,1,/content/drive/MyDrive/MACROBATT/INPUT_PDF_FILES/28272235.pdf
34,Clinical_event,presented,0.9127001762390137,1,/content/drive/MyDrive/MACROBATT/INPUT_PDF_FILES/28272235.pdf
35,Sign_symptom,dizziness standing distance,0.9999465942382812,1,/content/drive/MyDrive/MACROBATT/INPUT_PDF_FILES/28272235.pdf
36,Sign_symptom,dizziness,0.9998952150344849,1,/content/drive/MyDrive/MACROBATT/INPUT_PDF_FILES/28272235.pdf
37,Sign_symptom,shortness,0.9824634790420532,1,/content/drive/MyDrive/MACROBATT/INPUT_PDF_FILES/28272235.pdf
38,Sign_symptom,palpitation,0.999956488609314,1,/content/drive/MyDrive/MACROBATT/INPUT_PDF_FILES/28272235.pdf
39,Detailed_description,walking,0.9754518866539001,1,/content/drive/MyDrive/MACROBATT/INPUT_PDF_FILES/28272235.pdf
40,Detailed_description,shortness short,0.9997259974479675,1,/content/drive/MyDrive/MACROBATT/INPUT_PDF_FILES/28272235.pdf
41,Family_history,no history of similar illness,0.999289333820343,1,/content/drive/MyDrive/MACROBATT/INPUT_PDF_FILES/28272235.pdf
42,Diagnostic_procedure,heart rate,0.9999604225158691,1,/content/drive/MyDrive/MACROBATT/INPUT_PDF_FILES/28272235.pdf
43,Diagnostic_procedure,blood pressure,0.9999610781669617,1,/content/drive/MyDrive/MACROBATT/INPUT_PDF_FILES/28272235.pdf
44,Lab_value,within normal limit,0.9999143481254578,1,/content/drive/MyDrive/MACROBATT/INPUT_PDF_FILES/28272235.pdf
45,Lab_value,lost 5 5 kg,0.9998270869255066,1,/content/drive/MyDrive/MACROBATT/INPUT_PDF_FILES/28272235.pdf
46,Diagnostic_procedure,body weight,0.9999350905418396,1,/content/drive/MyDrive/MACROBATT/INPUT_PDF_FILES/28272235.pdf
47,Biological_structure,rectal rectal,0.9999628067016602,1,/content/drive/MyDrive/MACROBATT/INPUT_PDF_FILES/28272235.pdf
48,Biological_structure,around anal region,0.9999248385429382,1,/content/drive/MyDrive/MACROBATT/INPUT_PDF_FILES/28272235.pdf
49,Texture,soft,0.9976822137832642,1,/content/drive/MyDrive/MACROBATT/INPUT_PDF_FILES/28272235.pdf
50,Sign_symptom,mass,0.999909520149231,1,/content/drive/MyDrive/MACROBATT/INPUT_PDF_FILES/28272235.pdf
51,Diagnostic_procedure,proctoscopy,0.980105459690094,1,/content/drive/MyDrive/MACROBATT/INPUT_PDF_FILES/28272235.pdf
52,Biological_structure,anal cavity,0.997919499874115,1,/content/drive/MyDrive/MACROBATT/INPUT_PDF_FILES/28272235.pdf
53,Biological_structure,rectum,0.9323004484176636,1,/content/drive/MyDrive/MACROBATT/INPUT_PDF_FILES/28272235.pdf
54,Sign_symptom,ulcer,0.9976773858070374,1,/content/drive/MyDrive/MACROBATT/INPUT_PDF_FILES/28272235.pdf
55,Diagnostic_procedure,red blood cell count,0.9999404549598694,1,/content/drive/MyDrive/MACROBATT/INPUT_PDF_FILES/28272235.pdf
56,Lab_value,3.09 × × 1012/L 1012/L,0.9998817443847656,1,/content/drive/MyDrive/MACROBATT/INPUT_PDF_FILES/28272235.pdf
57,Diagnostic_procedure,hemoglobin,0.9998494386672974,1,/content/drive/MyDrive/MACROBATT/INPUT_PDF_FILES/28272235.pdf
58,Lab_value,86 g/L g/L,0.9999265670776367,1,/content/drive/MyDrive/MACROBATT/INPUT_PDF_FILES/28272235.pdf
59,Diagnostic_procedure,All other parameters,0.9999275803565979,1,/content/drive/MyDrive/MACROBATT/INPUT_PDF_FILES/28272235.pdf
60,Lab_value,normal,0.9999071359634399,1,/content/drive/MyDrive/MACROBATT/INPUT_PDF_FILES/28272235.pdf
61,Detailed_description,None enhanced contrast-enhanced,0.9999366998672485,1,/content/drive/MyDrive/MACROBATT/INPUT_PDF_FILES/28272235.pdf
62,Diagnostic_procedure,CT CT,0.9999642372131348,1,/content/drive/MyDrive/MACROBATT/INPUT_PDF_FILES/28272235.pdf
63,Detailed_description,isodense,0.9437313079833984,1,/content/drive/MyDrive/MACROBATT/INPUT_PDF_FILES/28272235.pdf
64,Detailed_description,homogenous,0.9999568462371826,1,/content/drive/MyDrive/MACROBATT/INPUT_PDF_FILES/28272235.pdf
65,Biological_structure,bowel wall,0.999843418598175,1,/content/drive/MyDrive/MACROBATT/INPUT_PDF_FILES/28272235.pdf
66,Sign_symptom,thickening,0.9997822642326355,1,/content/drive/MyDrive/MACROBATT/INPUT_PDF_FILES/28272235.pdf
67,Detailed_description,contrast-enhanced,0.9977698922157288,1,/content/drive/MyDrive/MACROBATT/INPUT_PDF_FILES/28272235.pdf
68,Detailed_description,venous phase,0.9991130828857422,1,/content/drive/MyDrive/MACROBATT/INPUT_PDF_FILES/28272235.pdf
69,Sign_symptom,enhanced contrast-enhanced enhances,0.9998764991760254,1,/content/drive/MyDrive/MACROBATT/INPUT_PDF_FILES/28272235.pdf
70,Detailed_description,heterogeneously,0.9541664719581604,1,/content/drive/MyDrive/MACROBATT/INPUT_PDF_FILES/28272235.pdf
71,Detailed_description,Multiple,0.9997170567512512,1,/content/drive/MyDrive/MACROBATT/INPUT_PDF_FILES/28272235.pdf
72,Sign_symptom,calcifications,0.999962568283081,1,/content/drive/MyDrive/MACROBATT/INPUT_PDF_FILES/28272235.pdf
73,Biological_structure,peri-rectal,0.9998644590377808,1,/content/drive/MyDrive/MACROBATT/INPUT_PDF_FILES/28272235.pdf
74,Sign_symptom,Lesion,0.9999285936355591,1,/content/drive/MyDrive/MACROBATT/INPUT_PDF_FILES/28272235.pdf
75,Biological_structure,distal sigmoid,0.9998855590820312,1,/content/drive/MyDrive/MACROBATT/INPUT_PDF_FILES/28272235.pdf
76,Detailed_description,hypodense,0.999947190284729,1,/content/drive/MyDrive/MACROBATT/INPUT_PDF_FILES/28272235.pdf
77,Sign_symptom,lesions,0.9999426603317261,1,/content/drive/MyDrive/MACROBATT/INPUT_PDF_FILES/28272235.pdf
78,Biological_structure,spleen,0.9995526671409607,1,/content/drive/MyDrive/MACROBATT/INPUT_PDF_FILES/28272235.pdf
79,Biological_structure,abdominal,0.9998711347579956,1,/content/drive/MyDrive/MACROBATT/INPUT_PDF_FILES/28272235.pdf
80,Therapeutic_procedure,laparotomy,0.9968041181564331,1,/content/drive/MyDrive/MACROBATT/INPUT_PDF_FILES/28272235.pdf
81,Therapeutic_procedure,surgical,0.9995651841163635,1,/content/drive/MyDrive/MACROBATT/INPUT_PDF_FILES/28272235.pdf
82,Distance,25 cm,0.999454140663147,1,/content/drive/MyDrive/MACROBATT/INPUT_PDF_FILES/28272235.pdf
83,Sign_symptom,lesion,0.9998631477355957,1,/content/drive/MyDrive/MACROBATT/INPUT_PDF_FILES/28272235.pdf
84,Biological_structure,part of of the the sigmoid sigmoid-anus colon,0.9999032020568848,1,/content/drive/MyDrive/MACROBATT/INPUT_PDF_FILES/28272235.pdf
85,Therapeutic_procedure,excised,0.9999209642410278,1,/content/drive/MyDrive/MACROBATT/INPUT_PDF_FILES/28272235.pdf
86,Detailed_description,sigmoid-anus,0.9966394305229187,1,/content/drive/MyDrive/MACROBATT/INPUT_PDF_FILES/28272235.pdf
87,Therapeutic_procedure,anastomosis,0.993605375289917,1,/content/drive/MyDrive/MACROBATT/INPUT_PDF_FILES/28272235.pdf
88,Diagnostic_procedure,histopathological,0.9998887777328491,1,/content/drive/MyDrive/MACROBATT/INPUT_PDF_FILES/28272235.pdf
89,Diagnostic_procedure,histopathological examination,0.98042893409729,1,/content/drive/MyDrive/MACROBATT/INPUT_PDF_FILES/28272235.pdf
90,Therapeutic_procedure,examination excised,0.9994801878929138,1,/content/drive/MyDrive/MACROBATT/INPUT_PDF_FILES/28272235.pdf
91,Detailed_description,submucosal multiple thin-walled vessel,0.9922236204147339,1,/content/drive/MyDrive/MACROBATT/INPUT_PDF_FILES/28272235.pdf
92,Lab_value,varying size,0.8847015500068665,1,/content/drive/MyDrive/MACROBATT/INPUT_PDF_FILES/28272235.pdf
93,Lab_value,interposed,0.9965314269065857,1,/content/drive/MyDrive/MACROBATT/INPUT_PDF_FILES/28272235.pdf
94,Lab_value,Some vessels lumen consisted consisted of of blood blood cells,0.9998849630355835,1,/content/drive/MyDrive/MACROBATT/INPUT_PDF_FILES/28272235.pdf
95,Diagnostic_procedure,Immunohistochemistry,0.9998645782470703,1,/content/drive/MyDrive/MACROBATT/INPUT_PDF_FILES/28272235.pdf
96,Biological_structure,endothelial cells,0.9998648166656494,1,/content/drive/MyDrive/MACROBATT/INPUT_PDF_FILES/28272235.pdf
97,Lab_value,positive,0.9999330043792725,1,/content/drive/MyDrive/MACROBATT/INPUT_PDF_FILES/28272235.pdf
98,Diagnostic_procedure,CD CD 31,0.9998162984848022,1,/content/drive/MyDrive/MACROBATT/INPUT_PDF_FILES/28272235.pdf
99,Diagnostic_procedure,CD CD,0.9999310970306396,1,/content/drive/MyDrive/MACROBATT/INPUT_PDF_FILES/28272235.pdf
100,Biological_structure,Some cells,0.999907910823822,1,/content/drive/MyDrive/MACROBATT/INPUT_PDF_FILES/28272235.pdf
101,Diagnostic_procedure,D2–40 D2–40,0.9954907894134521,1,/content/drive/MyDrive/MACROBATT/INPUT_PDF_FILES/28272235.pdf
102,Biological_structure,others,0.999710738658905,1,/content/drive/MyDrive/MACROBATT/INPUT_PDF_FILES/28272235.pdf
103,Lab_value,negative,0.9999501705169678,1,/content/drive/MyDrive/MACROBATT/INPUT_PDF_FILES/28272235.pdf
104,Disease_disorder,hemolymphangioma,0.9981120228767395,2,/content/drive/MyDrive/MACROBATT/INPUT_PDF_FILES/28272235.pdf
105,Sign_symptom,complication,0.9999487400054932,2,/content/drive/MyDrive/MACROBATT/INPUT_PDF_FILES/28272235.pdf
106,Biological_structure,intestinal,0.9700857400894165,2,/content/drive/MyDrive/MACROBATT/INPUT_PDF_FILES/28272235.pdf
107,Therapeutic_procedure,managed,0.9997554421424866,2,/content/drive/MyDrive/MACROBATT/INPUT_PDF_FILES/28272235.pdf
108,Clinical_event,discharged,0.9998294115066528,2,/content/drive/MyDrive/MACROBATT/INPUT_PDF_FILES/28272235.pdf
109,Nonbiological_location,hospital,0.9997585415840149,2,/content/drive/MyDrive/MACROBATT/INPUT_PDF_FILES/28272235.pdf
110,Date,23rd day,0.9997930526733398,2,/content/drive/MyDrive/MACROBATT/INPUT_PDF_FILES/28272235.pdf
111,Sign_symptom,recurrence,0.9998865127563477,2,/content/drive/MyDrive/MACROBATT/INPUT_PDF_FILES/28272235.pdf
112,Duration,6 months,0.9411993622779846,2,/content/drive/MyDrive/MACROBATT/INPUT_PDF_FILES/28272235.pdf
