,Entity Group,Value,Score,Page,Pdf File
0,Age,68-year-old,0.9980801343917847,1,/content/drive/MyDrive/MACROBATT/INPUT_PDF_FILES/28292056.pdf
1,Sex,female,0.9997270703315735,1,/content/drive/MyDrive/MACROBATT/INPUT_PDF_FILES/28292056.pdf
2,History,no past medical,0.9938929677009583,1,/content/drive/MyDrive/MACROBATT/INPUT_PDF_FILES/28292056.pdf
3,Clinical_event,presented,0.998552143573761,1,/content/drive/MyDrive/MACROBATT/INPUT_PDF_FILES/28292056.pdf
4,Biological_structure,upper upper gastrointestinal,0.9941655397415161,1,/content/drive/MyDrive/MACROBATT/INPUT_PDF_FILES/28292056.pdf
5,Sign_symptom,bleeding,0.9999426603317261,1,/content/drive/MyDrive/MACROBATT/INPUT_PDF_FILES/28292056.pdf
6,Sign_symptom,pain,0.9999598264694214,1,/content/drive/MyDrive/MACROBATT/INPUT_PDF_FILES/28292056.pdf
7,Biological_structure,left,0.9911150932312012,1,/content/drive/MyDrive/MACROBATT/INPUT_PDF_FILES/28292056.pdf
8,Diagnostic_procedure,Physical examination,0.9988621473312378,1,/content/drive/MyDrive/MACROBATT/INPUT_PDF_FILES/28292056.pdf
9,Sign_symptom,splenomegaly,0.9999508857727051,1,/content/drive/MyDrive/MACROBATT/INPUT_PDF_FILES/28292056.pdf
10,Disease_disorder,portosystemic collateral formation,0.9998540878295898,1,/content/drive/MyDrive/MACROBATT/INPUT_PDF_FILES/28292056.pdf
11,Biological_structure,abdominal wall,0.9987925887107849,1,/content/drive/MyDrive/MACROBATT/INPUT_PDF_FILES/28292056.pdf
12,Sign_symptom,dilated,0.9999580383300781,1,/content/drive/MyDrive/MACROBATT/INPUT_PDF_FILES/28292056.pdf
13,Sign_symptom,dilated veins,0.9986014366149902,1,/content/drive/MyDrive/MACROBATT/INPUT_PDF_FILES/28292056.pdf
14,Biological_structure,rectal,0.9999617338180542,1,/content/drive/MyDrive/MACROBATT/INPUT_PDF_FILES/28292056.pdf
15,Sign_symptom,haemorrhoids,0.9995861649513245,1,/content/drive/MyDrive/MACROBATT/INPUT_PDF_FILES/28292056.pdf
16,Sign_symptom,biological abnormalities,0.9996412396430969,1,/content/drive/MyDrive/MACROBATT/INPUT_PDF_FILES/28292056.pdf
17,Disease_disorder,hypersplenism,0.9939462542533875,1,/content/drive/MyDrive/MACROBATT/INPUT_PDF_FILES/28292056.pdf
18,Sign_symptom,anaemia,0.99955815076828,1,/content/drive/MyDrive/MACROBATT/INPUT_PDF_FILES/28292056.pdf
19,Sign_symptom,those thrombocytopenia,0.9798926115036011,1,/content/drive/MyDrive/MACROBATT/INPUT_PDF_FILES/28292056.pdf
20,Sign_symptom,thrombocytopenia,0.9972447156906128,1,/content/drive/MyDrive/MACROBATT/INPUT_PDF_FILES/28292056.pdf
21,Biological_structure,upper gastrointestinal,0.9999103546142578,1,/content/drive/MyDrive/MACROBATT/INPUT_PDF_FILES/28292056.pdf
22,Diagnostic_procedure,endoscopy,0.9984387755393982,1,/content/drive/MyDrive/MACROBATT/INPUT_PDF_FILES/28292056.pdf
23,Detailed_description,stage III,0.9997912049293518,1,/content/drive/MyDrive/MACROBATT/INPUT_PDF_FILES/28292056.pdf
24,Biological_structure,oesophageal,0.9967800974845886,1,/content/drive/MyDrive/MACROBATT/INPUT_PDF_FILES/28292056.pdf
25,Sign_symptom,varices,0.999454915523529,1,/content/drive/MyDrive/MACROBATT/INPUT_PDF_FILES/28292056.pdf
26,Biological_structure,portal,0.9999520778656006,1,/content/drive/MyDrive/MACROBATT/INPUT_PDF_FILES/28292056.pdf
27,Detailed_description,hypertensive,0.9992771744728088,1,/content/drive/MyDrive/MACROBATT/INPUT_PDF_FILES/28292056.pdf
28,Disease_disorder,gastropathy,0.9989929795265198,1,/content/drive/MyDrive/MACROBATT/INPUT_PDF_FILES/28292056.pdf
29,Diagnostic_procedure,Ultrasonography,0.9998111724853516,1,/content/drive/MyDrive/MACROBATT/INPUT_PDF_FILES/28292056.pdf
30,Sign_symptom,fusiform dilatation,0.9781043529510498,1,/content/drive/MyDrive/MACROBATT/INPUT_PDF_FILES/28292056.pdf
31,Biological_structure,portal portal,0.999947190284729,1,/content/drive/MyDrive/MACROBATT/INPUT_PDF_FILES/28292056.pdf
32,Distance,40 mm,0.9995535612106323,1,/content/drive/MyDrive/MACROBATT/INPUT_PDF_FILES/28292056.pdf
33,Disease_disorder,the with thrombosis,0.9649918079376221,1,/content/drive/MyDrive/MACROBATT/INPUT_PDF_FILES/28292056.pdf
34,Disease_disorder,thrombosis,0.917730987071991,1,/content/drive/MyDrive/MACROBATT/INPUT_PDF_FILES/28292056.pdf
35,Diagnostic_procedure,Doppler study,0.9975371360778809,1,/content/drive/MyDrive/MACROBATT/INPUT_PDF_FILES/28292056.pdf
36,Lab_value,normal hepatopetal,0.97533118724823,1,/content/drive/MyDrive/MACROBATT/INPUT_PDF_FILES/28292056.pdf
37,Sign_symptom,splenomegaly splenorenal,0.9998446702957153,1,/content/drive/MyDrive/MACROBATT/INPUT_PDF_FILES/28292056.pdf
38,Sign_symptom,repermeation,0.960320770740509,1,/content/drive/MyDrive/MACROBATT/INPUT_PDF_FILES/28292056.pdf
39,Biological_structure,umbilical vein,0.9878854751586914,1,/content/drive/MyDrive/MACROBATT/INPUT_PDF_FILES/28292056.pdf
40,Biological_structure,splenorenal,0.9914301037788391,1,/content/drive/MyDrive/MACROBATT/INPUT_PDF_FILES/28292056.pdf
41,Diagnostic_procedure,angio-CT,0.9999444484710693,1,/content/drive/MyDrive/MACROBATT/INPUT_PDF_FILES/28292056.pdf
42,Diagnostic_procedure,angio-CT calcifications,0.9877776503562927,1,/content/drive/MyDrive/MACROBATT/INPUT_PDF_FILES/28292056.pdf
43,Sign_symptom,thin calcifications,0.9998884201049805,1,/content/drive/MyDrive/MACROBATT/INPUT_PDF_FILES/28292056.pdf
44,Biological_structure,angio-CT aneurysmal and,0.9999455213546753,1,/content/drive/MyDrive/MACROBATT/INPUT_PDF_FILES/28292056.pdf
45,Biological_structure,aneurysmal wall,0.9999019503593445,1,/content/drive/MyDrive/MACROBATT/INPUT_PDF_FILES/28292056.pdf
46,Biological_structure,of portal hypertension noted oesophageal collateral circulation associated to ultrasonography,0.9999409914016724,1,/content/drive/MyDrive/MACROBATT/INPUT_PDF_FILES/28292056.pdf
47,Biological_structure,oesophageal varices,0.9976153373718262,1,/content/drive/MyDrive/MACROBATT/INPUT_PDF_FILES/28292056.pdf
48,Biological_structure,portal oesophageal parietal collateral,0.8546911478042603,1,/content/drive/MyDrive/MACROBATT/INPUT_PDF_FILES/28292056.pdf
49,Biological_structure,gastric,0.9179011583328247,1,/content/drive/MyDrive/MACROBATT/INPUT_PDF_FILES/28292056.pdf
50,Biological_structure,parietal,0.9999587535858154,1,/content/drive/MyDrive/MACROBATT/INPUT_PDF_FILES/28292056.pdf
51,Sign_symptom,collateral circulation,0.9999310374259949,1,/content/drive/MyDrive/MACROBATT/INPUT_PDF_FILES/28292056.pdf
52,Coreference,ultrasonography,0.9994264841079712,1,/content/drive/MyDrive/MACROBATT/INPUT_PDF_FILES/28292056.pdf
53,Disease_disorder,Liver cirrhosis,0.9997574687004089,1,/content/drive/MyDrive/MACROBATT/INPUT_PDF_FILES/28292056.pdf
54,Diagnostic_procedure,transcient elastometry,0.9998394846916199,1,/content/drive/MyDrive/MACROBATT/INPUT_PDF_FILES/28292056.pdf
55,Diagnostic_procedure,biopsy,0.9999542236328125,1,/content/drive/MyDrive/MACROBATT/INPUT_PDF_FILES/28292056.pdf
