,Entity Group,Value,Score,Page,Pdf File
0,Age,78-year-old,0.9981945157051086,1,/content/drive/MyDrive/MACROBATT/INPUT_PDF_FILES/28296775.pdf
1,History,previously healthy,0.9996857047080994,1,/content/drive/MyDrive/MACROBATT/INPUT_PDF_FILES/28296775.pdf
2,Sex,male,0.997958779335022,1,/content/drive/MyDrive/MACROBATT/INPUT_PDF_FILES/28296775.pdf
3,History,heavy smoker,0.9992590546607971,1,/content/drive/MyDrive/MACROBATT/INPUT_PDF_FILES/28296775.pdf
4,Clinical_event,presented,0.9998482465744019,1,/content/drive/MyDrive/MACROBATT/INPUT_PDF_FILES/28296775.pdf
5,Nonbiological_location,Emergency Department,0.9998001456260681,1,/content/drive/MyDrive/MACROBATT/INPUT_PDF_FILES/28296775.pdf
6,Detailed_description,generalized,0.9999493360519409,1,/content/drive/MyDrive/MACROBATT/INPUT_PDF_FILES/28296775.pdf
7,Sign_symptom,jaundice,0.9999544620513916,1,/content/drive/MyDrive/MACROBATT/INPUT_PDF_FILES/28296775.pdf
8,Biological_structure,sclera,0.7492402195930481,1,/content/drive/MyDrive/MACROBATT/INPUT_PDF_FILES/28296775.pdf
9,Sign_symptom,ascites,0.9999570846557617,1,/content/drive/MyDrive/MACROBATT/INPUT_PDF_FILES/28296775.pdf
10,Biological_structure,healthy heavy the hepatic,0.9926867485046387,1,/content/drive/MyDrive/MACROBATT/INPUT_PDF_FILES/28296775.pdf
11,Biological_structure,hepatic,0.9976887702941895,1,/content/drive/MyDrive/MACROBATT/INPUT_PDF_FILES/28296775.pdf
12,Disease_disorder,urinary,0.7383491396903992,1,/content/drive/MyDrive/MACROBATT/INPUT_PDF_FILES/28296775.pdf
13,Disease_disorder,bladder carcinoma,0.999715268611908,1,/content/drive/MyDrive/MACROBATT/INPUT_PDF_FILES/28296775.pdf
14,Date,3 months before,0.9998725056648254,1,/content/drive/MyDrive/MACROBATT/INPUT_PDF_FILES/28296775.pdf
15,Duration,2-month,0.9997532963752747,1,/content/drive/MyDrive/MACROBATT/INPUT_PDF_FILES/28296775.pdf
16,Detailed_description,temporary,0.6292669773101807,1,/content/drive/MyDrive/MACROBATT/INPUT_PDF_FILES/28296775.pdf
17,Sign_symptom,weight loss,0.9999420046806335,1,/content/drive/MyDrive/MACROBATT/INPUT_PDF_FILES/28296775.pdf
18,Disease_disorder,viral hepatitis,0.9998708367347717,1,/content/drive/MyDrive/MACROBATT/INPUT_PDF_FILES/28296775.pdf
19,Clinical_event,drug excess,0.9820491671562195,1,/content/drive/MyDrive/MACROBATT/INPUT_PDF_FILES/28296775.pdf
20,Family_history,No family history of cancer,0.9995136260986328,1,/content/drive/MyDrive/MACROBATT/INPUT_PDF_FILES/28296775.pdf
21,Biological_structure,abdominal,0.9999451637268066,1,/content/drive/MyDrive/MACROBATT/INPUT_PDF_FILES/28296775.pdf
22,Diagnostic_procedure,CT scan,0.9999247789382935,1,/content/drive/MyDrive/MACROBATT/INPUT_PDF_FILES/28296775.pdf
23,Sign_symptom,the the hepatomegaly hepatic the,0.9999324083328247,1,/content/drive/MyDrive/MACROBATT/INPUT_PDF_FILES/28296775.pdf
24,Sign_symptom,hepatomegaly hepatic,0.9995310306549072,1,/content/drive/MyDrive/MACROBATT/INPUT_PDF_FILES/28296775.pdf
25,Sign_symptom,hepatomegaly,0.9898467659950256,1,/content/drive/MyDrive/MACROBATT/INPUT_PDF_FILES/28296775.pdf
26,Detailed_description,multiple,0.9998509883880615,1,/content/drive/MyDrive/MACROBATT/INPUT_PDF_FILES/28296775.pdf
27,Detailed_description,small,0.9999465942382812,1,/content/drive/MyDrive/MACROBATT/INPUT_PDF_FILES/28296775.pdf
28,Sign_symptom,nodules,0.9911723136901855,1,/content/drive/MyDrive/MACROBATT/INPUT_PDF_FILES/28296775.pdf
29,Distance,2–10 mm,0.7908260822296143,1,/content/drive/MyDrive/MACROBATT/INPUT_PDF_FILES/28296775.pdf
30,Sign_symptom,metastases,0.9964981079101562,1,/content/drive/MyDrive/MACROBATT/INPUT_PDF_FILES/28296775.pdf
31,Biological_structure,bladder,0.9662509560585022,1,/content/drive/MyDrive/MACROBATT/INPUT_PDF_FILES/28296775.pdf
32,Biological_structure,thoracic,0.999846339225769,1,/content/drive/MyDrive/MACROBATT/INPUT_PDF_FILES/28296775.pdf
33,Diagnostic_procedure,x-ray,0.9999277591705322,1,/content/drive/MyDrive/MACROBATT/INPUT_PDF_FILES/28296775.pdf
34,Detailed_description,bilateral,0.9998772144317627,1,/content/drive/MyDrive/MACROBATT/INPUT_PDF_FILES/28296775.pdf
35,Sign_symptom,bronchopneumonia,0.9999545812606812,1,/content/drive/MyDrive/MACROBATT/INPUT_PDF_FILES/28296775.pdf
36,Lab_value,abnormal,0.9998501539230347,1,/content/drive/MyDrive/MACROBATT/INPUT_PDF_FILES/28296775.pdf
37,Sign_symptom,bronchopneumonia opacities,0.7550553679466248,1,/content/drive/MyDrive/MACROBATT/INPUT_PDF_FILES/28296775.pdf
38,Clinical_event,died,0.9894056916236877,1,/content/drive/MyDrive/MACROBATT/INPUT_PDF_FILES/28296775.pdf
39,Biological_structure,The hepatic,0.999889612197876,1,/content/drive/MyDrive/MACROBATT/INPUT_PDF_FILES/28296775.pdf
40,Biological_structure,patient hepatic,0.9994187355041504,1,/content/drive/MyDrive/MACROBATT/INPUT_PDF_FILES/28296775.pdf
41,Disease_disorder,encephalopathy,0.9708169102668762,1,/content/drive/MyDrive/MACROBATT/INPUT_PDF_FILES/28296775.pdf
42,Time,7 hours after,0.9992837309837341,1,/content/drive/MyDrive/MACROBATT/INPUT_PDF_FILES/28296775.pdf
43,Diagnostic_procedure,macroscopic examination,0.9984361529350281,1,/content/drive/MyDrive/MACROBATT/INPUT_PDF_FILES/28296775.pdf
44,Lab_value,huge,0.999184787273407,1,/content/drive/MyDrive/MACROBATT/INPUT_PDF_FILES/28296775.pdf
45,Biological_structure,liver,0.9998987913131714,1,/content/drive/MyDrive/MACROBATT/INPUT_PDF_FILES/28296775.pdf
46,Detailed_description,widely distributed,0.9998674392700195,1,/content/drive/MyDrive/MACROBATT/INPUT_PDF_FILES/28296775.pdf
47,Color,white,0.9979128241539001,1,/content/drive/MyDrive/MACROBATT/INPUT_PDF_FILES/28296775.pdf
48,Detailed_description,varying sizes,0.9995890259742737,1,/content/drive/MyDrive/MACROBATT/INPUT_PDF_FILES/28296775.pdf
49,Volume,30 30 × × 30 30 × × 50 mm,0.9981837272644043,1,/content/drive/MyDrive/MACROBATT/INPUT_PDF_FILES/28296775.pdf
50,Biological_structure,prostate,0.9998956918716431,1,/content/drive/MyDrive/MACROBATT/INPUT_PDF_FILES/28296775.pdf
51,Sign_symptom,nodule,0.8756881952285767,1,/content/drive/MyDrive/MACROBATT/INPUT_PDF_FILES/28296775.pdf
52,Detailed_description,urinary infiltrative,0.9999749660491943,1,/content/drive/MyDrive/MACROBATT/INPUT_PDF_FILES/28296775.pdf
53,Detailed_description,infiltrative aspect,0.9890220761299133,1,/content/drive/MyDrive/MACROBATT/INPUT_PDF_FILES/28296775.pdf
54,Detailed_description,central,0.9806188941001892,1,/content/drive/MyDrive/MACROBATT/INPUT_PDF_FILES/28296775.pdf
55,Sign_symptom,tumor,0.9999239444732666,1,/content/drive/MyDrive/MACROBATT/INPUT_PDF_FILES/28296775.pdf
56,Distance,10-mm,0.9560866355895996,1,/content/drive/MyDrive/MACROBATT/INPUT_PDF_FILES/28296775.pdf
57,Sign_symptom,nodule nodules,0.9998626708984375,1,/content/drive/MyDrive/MACROBATT/INPUT_PDF_FILES/28296775.pdf
58,Biological_structure,middle lobe of the the right,0.9989941716194153,1,/content/drive/MyDrive/MACROBATT/INPUT_PDF_FILES/28296775.pdf
59,Detailed_description,peripheral,0.9990615248680115,1,/content/drive/MyDrive/MACROBATT/INPUT_PDF_FILES/28296775.pdf
60,Severity,moderate,0.999170184135437,1,/content/drive/MyDrive/MACROBATT/INPUT_PDF_FILES/28296775.pdf
61,Biological_structure,brain,0.9994669556617737,1,/content/drive/MyDrive/MACROBATT/INPUT_PDF_FILES/28296775.pdf
62,Sign_symptom,lesions,0.9999583959579468,1,/content/drive/MyDrive/MACROBATT/INPUT_PDF_FILES/28296775.pdf
63,Biological_structure,other organs,0.9999304413795471,1,/content/drive/MyDrive/MACROBATT/INPUT_PDF_FILES/28296775.pdf
64,Biological_structure,bone,0.999954342842102,1,/content/drive/MyDrive/MACROBATT/INPUT_PDF_FILES/28296775.pdf
65,Diagnostic_procedure,Microscopic examination,0.9999564290046692,1,/content/drive/MyDrive/MACROBATT/INPUT_PDF_FILES/28296775.pdf
66,Diagnostic_procedure,3+3 Gleason 's grade,0.9914215803146362,1,/content/drive/MyDrive/MACROBATT/INPUT_PDF_FILES/28296775.pdf
67,Lab_value,2 Fig.2,0.9997920393943787,1,/content/drive/MyDrive/MACROBATT/INPUT_PDF_FILES/28296775.pdf
68,Detailed_description,occult,0.9999544620513916,1,/content/drive/MyDrive/MACROBATT/INPUT_PDF_FILES/28296775.pdf
69,Disease_disorder,adenocarcinoma,0.9997914433479309,1,/content/drive/MyDrive/MACROBATT/INPUT_PDF_FILES/28296775.pdf
70,Biological_structure,Clusters small cells liver lymph hilum,0.9999527931213379,1,/content/drive/MyDrive/MACROBATT/INPUT_PDF_FILES/28296775.pdf
71,Biological_structure,lymph nodes,0.9996371865272522,1,/content/drive/MyDrive/MACROBATT/INPUT_PDF_FILES/28296775.pdf
72,Biological_structure,sheets the the the hepatic,0.9999533891677856,1,/content/drive/MyDrive/MACROBATT/INPUT_PDF_FILES/28296775.pdf
73,Biological_structure,peribronchial,0.9999550580978394,1,/content/drive/MyDrive/MACROBATT/INPUT_PDF_FILES/28296775.pdf
74,Disease_disorder,SCLC,0.999904990196228,1,/content/drive/MyDrive/MACROBATT/INPUT_PDF_FILES/28296775.pdf
75,Detailed_description,multiple multiple,0.9998542070388794,1,/content/drive/MyDrive/MACROBATT/INPUT_PDF_FILES/28296775.pdf
76,Sign_symptom,tumor tumor,0.9996615648269653,1,/content/drive/MyDrive/MACROBATT/INPUT_PDF_FILES/28296775.pdf
77,Detailed_description,emboli,0.9626173973083496,1,/content/drive/MyDrive/MACROBATT/INPUT_PDF_FILES/28296775.pdf
78,Biological_structure,veins,0.9998817443847656,1,/content/drive/MyDrive/MACROBATT/INPUT_PDF_FILES/28296775.pdf
79,Biological_structure,lymphatic vessels,0.9998451471328735,1,/content/drive/MyDrive/MACROBATT/INPUT_PDF_FILES/28296775.pdf
80,Shape,coin-shaped,0.9431797862052917,1,/content/drive/MyDrive/MACROBATT/INPUT_PDF_FILES/28296775.pdf
81,Distance,2 mm,0.7606735825538635,1,/content/drive/MyDrive/MACROBATT/INPUT_PDF_FILES/28296775.pdf
82,Biological_structure,below the the pleura,0.9998976588249207,1,/content/drive/MyDrive/MACROBATT/INPUT_PDF_FILES/28296775.pdf
83,Biological_structure,bone bone,0.9999115467071533,1,/content/drive/MyDrive/MACROBATT/INPUT_PDF_FILES/28296775.pdf
84,Biological_structure,peribronchial peripheral,0.9991187453269958,1,/content/drive/MyDrive/MACROBATT/INPUT_PDF_FILES/28296775.pdf
85,Biological_structure,peribronchial synchronous,0.9934758543968201,1,/content/drive/MyDrive/MACROBATT/INPUT_PDF_FILES/28296775.pdf
86,Shape,coin-like,0.9302757382392883,1,/content/drive/MyDrive/MACROBATT/INPUT_PDF_FILES/28296775.pdf
87,Severity,massive,0.9997050166130066,1,/content/drive/MyDrive/MACROBATT/INPUT_PDF_FILES/28296775.pdf
88,Biological_structure,angiolymphatic,0.9998551607131958,1,/content/drive/MyDrive/MACROBATT/INPUT_PDF_FILES/28296775.pdf
89,Biological_structure,angiolymphatic lymph,0.6936412453651428,1,/content/drive/MyDrive/MACROBATT/INPUT_PDF_FILES/28296775.pdf
90,Disease_disorder,invasion,0.999176561832428,1,/content/drive/MyDrive/MACROBATT/INPUT_PDF_FILES/28296775.pdf
91,Detailed_description,synchronous,0.9945982694625854,1,/content/drive/MyDrive/MACROBATT/INPUT_PDF_FILES/28296775.pdf
