,Entity Group,Value,Score,Page,Pdf File
0,Age,65-year-old,0.9978083372116089,1,/content/drive/MyDrive/MACROBATT/INPUT_PDF_FILES/28321073.pdf
1,Sex,man,0.9997774958610535,1,/content/drive/MyDrive/MACROBATT/INPUT_PDF_FILES/28321073.pdf
2,Duration,45-year,0.9994862675666809,1,/content/drive/MyDrive/MACROBATT/INPUT_PDF_FILES/28321073.pdf
3,Activity,cigarette smoking,0.9956067800521851,1,/content/drive/MyDrive/MACROBATT/INPUT_PDF_FILES/28321073.pdf
4,Clinical_event,visited,0.9994639754295349,1,/content/drive/MyDrive/MACROBATT/INPUT_PDF_FILES/28321073.pdf
5,Nonbiological_location,hospital,0.9996225833892822,1,/content/drive/MyDrive/MACROBATT/INPUT_PDF_FILES/28321073.pdf
6,Detailed_description,abnormal,0.9999665021896362,1,/content/drive/MyDrive/MACROBATT/INPUT_PDF_FILES/28321073.pdf
7,Biological_structure,chest,0.9999145269393921,1,/content/drive/MyDrive/MACROBATT/INPUT_PDF_FILES/28321073.pdf
8,Sign_symptom,shadow,0.9893144369125366,1,/content/drive/MyDrive/MACROBATT/INPUT_PDF_FILES/28321073.pdf
9,History,did not not have any remarkable medical history,0.9997897148132324,1,/content/drive/MyDrive/MACROBATT/INPUT_PDF_FILES/28321073.pdf
10,Medication,anticoagulants,0.9971148371696472,1,/content/drive/MyDrive/MACROBATT/INPUT_PDF_FILES/28321073.pdf
11,Medication,antiplatelet,0.9510540962219238,1,/content/drive/MyDrive/MACROBATT/INPUT_PDF_FILES/28321073.pdf
12,Diagnostic_procedure,computed tomography,0.9998924136161804,1,/content/drive/MyDrive/MACROBATT/INPUT_PDF_FILES/28321073.pdf
13,Diagnostic_procedure,( ( (,0.9998708963394165,1,/content/drive/MyDrive/MACROBATT/INPUT_PDF_FILES/28321073.pdf
14,Diagnostic_procedure,CT ) ) ),0.9972683191299438,1,/content/drive/MyDrive/MACROBATT/INPUT_PDF_FILES/28321073.pdf
15,Detailed_description,huge,0.9992515444755554,1,/content/drive/MyDrive/MACROBATT/INPUT_PDF_FILES/28321073.pdf
16,Sign_symptom,mass,0.9998090863227844,1,/content/drive/MyDrive/MACROBATT/INPUT_PDF_FILES/28321073.pdf
17,Biological_structure,left left left left upper lobe lobe,0.9999426007270813,1,/content/drive/MyDrive/MACROBATT/INPUT_PDF_FILES/28321073.pdf
18,Distance,11.0 cm cm,0.9992598295211792,1,/content/drive/MyDrive/MACROBATT/INPUT_PDF_FILES/28321073.pdf
19,Biological_structure,left left left left hilum,0.999902069568634,1,/content/drive/MyDrive/MACROBATT/INPUT_PDF_FILES/28321073.pdf
20,Biological_structure,mediastinum,0.9999250173568726,1,/content/drive/MyDrive/MACROBATT/INPUT_PDF_FILES/28321073.pdf
21,Biological_structure,intrapulmonary,0.8479532599449158,1,/content/drive/MyDrive/MACROBATT/INPUT_PDF_FILES/28321073.pdf
22,Sign_symptom,metastasis,0.9998784065246582,1,/content/drive/MyDrive/MACROBATT/INPUT_PDF_FILES/28321073.pdf
23,Biological_structure,left left left left,0.9997743964195251,1,/content/drive/MyDrive/MACROBATT/INPUT_PDF_FILES/28321073.pdf
24,Disease_disorder,pleural effusion,0.9977534413337708,1,/content/drive/MyDrive/MACROBATT/INPUT_PDF_FILES/28321073.pdf
25,Detailed_description,multiple,0.9997590184211731,1,/content/drive/MyDrive/MACROBATT/INPUT_PDF_FILES/28321073.pdf
26,Biological_structure,liver,0.999935507774353,1,/content/drive/MyDrive/MACROBATT/INPUT_PDF_FILES/28321073.pdf
27,Sign_symptom,tumors,0.9996557235717773,1,/content/drive/MyDrive/MACROBATT/INPUT_PDF_FILES/28321073.pdf
28,Distance,0.5 tomography to to 4.7 cm cm,0.9985706806182861,1,/content/drive/MyDrive/MACROBATT/INPUT_PDF_FILES/28321073.pdf
29,Detailed_description,some,0.9825583696365356,1,/content/drive/MyDrive/MACROBATT/INPUT_PDF_FILES/28321073.pdf
30,Biological_structure,liver liver,0.9994162321090698,1,/content/drive/MyDrive/MACROBATT/INPUT_PDF_FILES/28321073.pdf
31,Coreference,metastases,0.9989368319511414,1,/content/drive/MyDrive/MACROBATT/INPUT_PDF_FILES/28321073.pdf
32,Diagnostic_procedure,laboratory findings,0.9999314546585083,1,/content/drive/MyDrive/MACROBATT/INPUT_PDF_FILES/28321073.pdf
33,Diagnostic_procedure,white blood cell count count,0.9999408721923828,1,/content/drive/MyDrive/MACROBATT/INPUT_PDF_FILES/28321073.pdf
34,Lab_value,"11,900/mm3",0.9940193295478821,1,/content/drive/MyDrive/MACROBATT/INPUT_PDF_FILES/28321073.pdf
35,Lab_value,"11,900/mm3 214,000/mm3",0.9963323473930359,1,/content/drive/MyDrive/MACROBATT/INPUT_PDF_FILES/28321073.pdf
36,Diagnostic_procedure,hemoglobin,0.9997937679290771,1,/content/drive/MyDrive/MACROBATT/INPUT_PDF_FILES/28321073.pdf
37,Lab_value,14.8,0.9986016750335693,1,/content/drive/MyDrive/MACROBATT/INPUT_PDF_FILES/28321073.pdf
38,Diagnostic_procedure,platelet count count,0.9999448657035828,1,/content/drive/MyDrive/MACROBATT/INPUT_PDF_FILES/28321073.pdf
39,Lab_value,"214,000/mm3",0.999900221824646,1,/content/drive/MyDrive/MACROBATT/INPUT_PDF_FILES/28321073.pdf
40,Diagnostic_procedure,aspartate transaminase transaminase,0.999579131603241,1,/content/drive/MyDrive/MACROBATT/INPUT_PDF_FILES/28321073.pdf
41,Diagnostic_procedure,alanine transaminase transaminase,0.9999043345451355,1,/content/drive/MyDrive/MACROBATT/INPUT_PDF_FILES/28321073.pdf
42,Diagnostic_procedure,lactate dehydrogenase,0.9598289132118225,1,/content/drive/MyDrive/MACROBATT/INPUT_PDF_FILES/28321073.pdf
43,Diagnostic_procedure,LDH,0.9998854398727417,1,/content/drive/MyDrive/MACROBATT/INPUT_PDF_FILES/28321073.pdf
44,Lab_value,749,0.9997250437736511,1,/content/drive/MyDrive/MACROBATT/INPUT_PDF_FILES/28321073.pdf
45,Lab_value,"11,900/mm3 19 749",0.9391525983810425,1,/content/drive/MyDrive/MACROBATT/INPUT_PDF_FILES/28321073.pdf
46,Diagnostic_procedure,histological,0.999958872795105,1,/content/drive/MyDrive/MACROBATT/INPUT_PDF_FILES/28321073.pdf
47,Diagnostic_procedure,histological examination,0.9677743315696716,1,/content/drive/MyDrive/MACROBATT/INPUT_PDF_FILES/28321073.pdf
48,Sign_symptom,tumor,0.9997639060020447,1,/content/drive/MyDrive/MACROBATT/INPUT_PDF_FILES/28321073.pdf
49,Diagnostic_procedure,bronchoscopy,0.9999624490737915,1,/content/drive/MyDrive/MACROBATT/INPUT_PDF_FILES/28321073.pdf
50,Medication,antitumor,0.9998828172683716,1,/content/drive/MyDrive/MACROBATT/INPUT_PDF_FILES/28321073.pdf
51,Medication,chemotherapy,0.9994420409202576,1,/content/drive/MyDrive/MACROBATT/INPUT_PDF_FILES/28321073.pdf
52,Medication,cisplatin,0.9990383982658386,1,/content/drive/MyDrive/MACROBATT/INPUT_PDF_FILES/28321073.pdf
53,Dosage,60 mg/m2 mg/m2,0.959642767906189,1,/content/drive/MyDrive/MACROBATT/INPUT_PDF_FILES/28321073.pdf
54,Dosage,mg/m2 mg/m2,0.6499242186546326,1,/content/drive/MyDrive/MACROBATT/INPUT_PDF_FILES/28321073.pdf
55,Medication,etoposide,0.9374914169311523,1,/content/drive/MyDrive/MACROBATT/INPUT_PDF_FILES/28321073.pdf
56,Dosage,100 mg/m2 mg/m2,0.8178036212921143,1,/content/drive/MyDrive/MACROBATT/INPUT_PDF_FILES/28321073.pdf
57,Date,a day after initial scan started chemotherapy day after 2 weeks,0.9998895525932312,1,/content/drive/MyDrive/MACROBATT/INPUT_PDF_FILES/28321073.pdf
58,Date,Day 3,0.9995408058166504,1,/content/drive/MyDrive/MACROBATT/INPUT_PDF_FILES/28321073.pdf
59,Biological_structure,abdominal,0.9999493360519409,1,/content/drive/MyDrive/MACROBATT/INPUT_PDF_FILES/28321073.pdf
60,Diagnostic_procedure,vital signs,0.9999526143074036,1,/content/drive/MyDrive/MACROBATT/INPUT_PDF_FILES/28321073.pdf
61,Sign_symptom,vital tachycardia,0.9999545812606812,1,/content/drive/MyDrive/MACROBATT/INPUT_PDF_FILES/28321073.pdf
62,Sign_symptom,tachycardia,0.9996821284294128,1,/content/drive/MyDrive/MACROBATT/INPUT_PDF_FILES/28321073.pdf
63,Lab_value,120 beats,0.9993932247161865,1,/content/drive/MyDrive/MACROBATT/INPUT_PDF_FILES/28321073.pdf
64,Sign_symptom,chemotherapy he his showed tachycardia hypotension,0.9999445676803589,1,/content/drive/MyDrive/MACROBATT/INPUT_PDF_FILES/28321073.pdf
65,Sign_symptom,hypotension,0.9836212396621704,1,/content/drive/MyDrive/MACROBATT/INPUT_PDF_FILES/28321073.pdf
66,Lab_value,85/55,0.7366448640823364,1,/content/drive/MyDrive/MACROBATT/INPUT_PDF_FILES/28321073.pdf
67,Diagnostic_procedure,hematological examination,0.9992271661758423,1,/content/drive/MyDrive/MACROBATT/INPUT_PDF_FILES/28321073.pdf
68,Severity,severe,0.9998506307601929,1,/content/drive/MyDrive/MACROBATT/INPUT_PDF_FILES/28321073.pdf
69,Sign_symptom,anemia,0.9999520778656006,1,/content/drive/MyDrive/MACROBATT/INPUT_PDF_FILES/28321073.pdf
70,Diagnostic_procedure,hematological hemoglobin,0.9999607801437378,1,/content/drive/MyDrive/MACROBATT/INPUT_PDF_FILES/28321073.pdf
71,Lab_value,6.7,0.9996932744979858,1,/content/drive/MyDrive/MACROBATT/INPUT_PDF_FILES/28321073.pdf
72,Lab_value,dropped,0.9988214373588562,1,/content/drive/MyDrive/MACROBATT/INPUT_PDF_FILES/28321073.pdf
73,Lab_value,14.8 g/dL g/dL,0.9030874967575073,1,/content/drive/MyDrive/MACROBATT/INPUT_PDF_FILES/28321073.pdf
74,Biological_structure,gastrointestinal,0.9997610449790955,1,/content/drive/MyDrive/MACROBATT/INPUT_PDF_FILES/28321073.pdf
75,Diagnostic_procedure,endoscopy contained,0.9939437508583069,1,/content/drive/MyDrive/MACROBATT/INPUT_PDF_FILES/28321073.pdf
76,Detailed_description,rapid,0.9996235370635986,1,/content/drive/MyDrive/MACROBATT/INPUT_PDF_FILES/28321073.pdf
77,Sign_symptom,identify endoscopy enlargement high-density density,0.9999357461929321,1,/content/drive/MyDrive/MACROBATT/INPUT_PDF_FILES/28321073.pdf
78,Sign_symptom,enlargement,0.96478271484375,1,/content/drive/MyDrive/MACROBATT/INPUT_PDF_FILES/28321073.pdf
79,Biological_structure,left,0.9996739625930786,1,/content/drive/MyDrive/MACROBATT/INPUT_PDF_FILES/28321073.pdf
80,Lab_value,partial,0.9993900060653687,1,/content/drive/MyDrive/MACROBATT/INPUT_PDF_FILES/28321073.pdf
81,Sign_symptom,high-density areas,0.9839615821838379,1,/content/drive/MyDrive/MACROBATT/INPUT_PDF_FILES/28321073.pdf
82,Sign_symptom,gastrointestinal areas ascites metastasis associated ascites,0.999970555305481,1,/content/drive/MyDrive/MACROBATT/INPUT_PDF_FILES/28321073.pdf
83,Sign_symptom,ascites ascites,0.9998996257781982,1,/content/drive/MyDrive/MACROBATT/INPUT_PDF_FILES/28321073.pdf
84,Detailed_description,higher high-density density,0.9683350920677185,1,/content/drive/MyDrive/MACROBATT/INPUT_PDF_FILES/28321073.pdf
85,Detailed_description,ruptured,0.9999150037765503,1,/content/drive/MyDrive/MACROBATT/INPUT_PDF_FILES/28321073.pdf
86,Detailed_description,attempted ruptured,0.9997710585594177,1,/content/drive/MyDrive/MACROBATT/INPUT_PDF_FILES/28321073.pdf
87,Detailed_description,hemorrhagic,0.9999645948410034,1,/content/drive/MyDrive/MACROBATT/INPUT_PDF_FILES/28321073.pdf
88,Detailed_description,tumor hemorrhagic,0.9999452829360962,1,/content/drive/MyDrive/MACROBATT/INPUT_PDF_FILES/28321073.pdf
89,Detailed_description,contrast-enhanced,0.9993932843208313,1,/content/drive/MyDrive/MACROBATT/INPUT_PDF_FILES/28321073.pdf
90,Diagnostic_procedure,angiography,0.9499800205230713,1,/content/drive/MyDrive/MACROBATT/INPUT_PDF_FILES/28321073.pdf
91,Biological_structure,left left and right hepatic hepatic,0.9979020953178406,1,/content/drive/MyDrive/MACROBATT/INPUT_PDF_FILES/28321073.pdf
92,Detailed_description,obscure,0.9998774528503418,1,/content/drive/MyDrive/MACROBATT/INPUT_PDF_FILES/28321073.pdf
93,Biological_structure,left left hepatic hepatic lobe,0.9999295473098755,1,/content/drive/MyDrive/MACROBATT/INPUT_PDF_FILES/28321073.pdf
94,Sign_symptom,extravasation,0.9999666213989258,1,/content/drive/MyDrive/MACROBATT/INPUT_PDF_FILES/28321073.pdf
95,Therapeutic_procedure,transcatheter,0.9845243692398071,1,/content/drive/MyDrive/MACROBATT/INPUT_PDF_FILES/28321073.pdf
96,Therapeutic_procedure,transcatheter arterial embolization embolization,0.9994953274726868,1,/content/drive/MyDrive/MACROBATT/INPUT_PDF_FILES/28321073.pdf
97,Therapeutic_procedure,TAE,0.9987382292747498,1,/content/drive/MyDrive/MACROBATT/INPUT_PDF_FILES/28321073.pdf
98,Biological_structure,left main hepatic hepatic artery artery,0.9999105930328369,1,/content/drive/MyDrive/MACROBATT/INPUT_PDF_FILES/28321073.pdf
99,Therapeutic_procedure,gelform particles,0.9993274211883545,1,/content/drive/MyDrive/MACROBATT/INPUT_PDF_FILES/28321073.pdf
100,Lab_value,slowed,0.9998006224632263,1,/content/drive/MyDrive/MACROBATT/INPUT_PDF_FILES/28321073.pdf
101,Diagnostic_procedure,blood flow,0.9998352527618408,1,/content/drive/MyDrive/MACROBATT/INPUT_PDF_FILES/28321073.pdf
102,Biological_structure,left the hepatic the peripheral,0.9590739011764526,1,/content/drive/MyDrive/MACROBATT/INPUT_PDF_FILES/28321073.pdf
103,Biological_structure,hepatic,0.999504566192627,1,/content/drive/MyDrive/MACROBATT/INPUT_PDF_FILES/28321073.pdf
104,Medication,RBC,0.9402475357055664,1,/content/drive/MyDrive/MACROBATT/INPUT_PDF_FILES/28321073.pdf
105,Administration,transfusions,0.9886018633842468,1,/content/drive/MyDrive/MACROBATT/INPUT_PDF_FILES/28321073.pdf
106,Dosage,6 U,0.9991894364356995,1,/content/drive/MyDrive/MACROBATT/INPUT_PDF_FILES/28321073.pdf
107,Diagnostic_procedure,clinical,0.9493301510810852,1,/content/drive/MyDrive/MACROBATT/INPUT_PDF_FILES/28321073.pdf
108,Diagnostic_procedure,blood pressure,0.9999647736549377,1,/content/drive/MyDrive/MACROBATT/INPUT_PDF_FILES/28321073.pdf
109,Lab_value,120/70 mmHg,0.9823675155639648,1,/content/drive/MyDrive/MACROBATT/INPUT_PDF_FILES/28321073.pdf
110,Sign_symptom,and anemia transfusion and,0.9999662637710571,1,/content/drive/MyDrive/MACROBATT/INPUT_PDF_FILES/28321073.pdf
111,Biological_structure,Liver,0.9999403953552246,1,/content/drive/MyDrive/MACROBATT/INPUT_PDF_FILES/28321073.pdf
112,Sign_symptom,dysfunction,0.9999483823776245,1,/content/drive/MyDrive/MACROBATT/INPUT_PDF_FILES/28321073.pdf
113,Date,A month after,0.9997105598449707,1,/content/drive/MyDrive/MACROBATT/INPUT_PDF_FILES/28321073.pdf
114,Lab_value,good,0.9182459115982056,1,/content/drive/MyDrive/MACROBATT/INPUT_PDF_FILES/28321073.pdf
115,Diagnostic_procedure,health,0.9995976090431213,1,/content/drive/MyDrive/MACROBATT/INPUT_PDF_FILES/28321073.pdf
116,Diagnostic_procedure,response,0.9987367987632751,1,/content/drive/MyDrive/MACROBATT/INPUT_PDF_FILES/28321073.pdf
117,Biological_structure,lung,0.9999439716339111,1,/content/drive/MyDrive/MACROBATT/INPUT_PDF_FILES/28321073.pdf
