,Entity Group,Value,Score,Page,Pdf File
0,Age,82-year-old,0.9984858632087708,1,/content/drive/MyDrive/MACROBATT/INPUT_PDF_FILES/28321071.pdf
1,Sex,woman,0.9998143315315247,1,/content/drive/MyDrive/MACROBATT/INPUT_PDF_FILES/28321071.pdf
2,Clinical_event,transferred,0.9998873472213745,1,/content/drive/MyDrive/MACROBATT/INPUT_PDF_FILES/28321071.pdf
3,Nonbiological_location,hospital,0.9982070922851562,1,/content/drive/MyDrive/MACROBATT/INPUT_PDF_FILES/28321071.pdf
4,Sign_symptom,82-year-old transferred dyspnea and,0.999950647354126,1,/content/drive/MyDrive/MACROBATT/INPUT_PDF_FILES/28321071.pdf
5,Sign_symptom,dyspnea,0.999677836894989,1,/content/drive/MyDrive/MACROBATT/INPUT_PDF_FILES/28321071.pdf
6,Severity,massive,0.9996558427810669,1,/content/drive/MyDrive/MACROBATT/INPUT_PDF_FILES/28321071.pdf
7,Sign_symptom,hemoptysis,0.9999102354049683,1,/content/drive/MyDrive/MACROBATT/INPUT_PDF_FILES/28321071.pdf
8,History,bronchial bronchodilator,0.9994096755981445,1,/content/drive/MyDrive/MACROBATT/INPUT_PDF_FILES/28321071.pdf
9,History,bronchial asthma,0.9937278628349304,1,/content/drive/MyDrive/MACROBATT/INPUT_PDF_FILES/28321071.pdf
10,History,bronchodilator,0.9770438075065613,1,/content/drive/MyDrive/MACROBATT/INPUT_PDF_FILES/28321071.pdf
11,History,"no nontuberculous history of tuberculosis , , nontuberculous mycobacterial infection , , history or smoking",0.9982122182846069,1,/content/drive/MyDrive/MACROBATT/INPUT_PDF_FILES/28321071.pdf
12,Diagnostic_procedure,physical examination,0.9999264478683472,1,/content/drive/MyDrive/MACROBATT/INPUT_PDF_FILES/28321071.pdf
13,Detailed_description,diffuse,0.9999620914459229,1,/content/drive/MyDrive/MACROBATT/INPUT_PDF_FILES/28321071.pdf
14,Detailed_description,bilateral,0.9999167919158936,1,/content/drive/MyDrive/MACROBATT/INPUT_PDF_FILES/28321071.pdf
15,Severity,severe,0.9998276233673096,1,/content/drive/MyDrive/MACROBATT/INPUT_PDF_FILES/28321071.pdf
16,Sign_symptom,She hypoxemia,0.9999610185623169,1,/content/drive/MyDrive/MACROBATT/INPUT_PDF_FILES/28321071.pdf
17,Sign_symptom,hypoxemia,0.999942421913147,1,/content/drive/MyDrive/MACROBATT/INPUT_PDF_FILES/28321071.pdf
18,Diagnostic_procedure,PCO2,0.952069878578186,1,/content/drive/MyDrive/MACROBATT/INPUT_PDF_FILES/28321071.pdf
19,Lab_value,35.1 mmHg mmHg mmHg mmHg,0.987195611000061,1,/content/drive/MyDrive/MACROBATT/INPUT_PDF_FILES/28321071.pdf
20,Diagnostic_procedure,PO2,0.9983643293380737,1,/content/drive/MyDrive/MACROBATT/INPUT_PDF_FILES/28321071.pdf
21,Lab_value,61.0 mmHg mmHg mmHg mmHg,0.9916247725486755,1,/content/drive/MyDrive/MACROBATT/INPUT_PDF_FILES/28321071.pdf
22,Diagnostic_procedure,HCO3-,0.9993698000907898,1,/content/drive/MyDrive/MACROBATT/INPUT_PDF_FILES/28321071.pdf
23,Lab_value,20.1,0.9811270236968994,1,/content/drive/MyDrive/MACROBATT/INPUT_PDF_FILES/28321071.pdf
24,Lab_value,35.1 -5.5 90.5,0.9009277820587158,1,/content/drive/MyDrive/MACROBATT/INPUT_PDF_FILES/28321071.pdf
25,Diagnostic_procedure,SpO2,0.9939193725585938,1,/content/drive/MyDrive/MACROBATT/INPUT_PDF_FILES/28321071.pdf
26,Lab_value,under 10,0.964851975440979,1,/content/drive/MyDrive/MACROBATT/INPUT_PDF_FILES/28321071.pdf
27,Biological_structure,tracheal,0.9999538660049438,1,/content/drive/MyDrive/MACROBATT/INPUT_PDF_FILES/28321071.pdf
28,Volume,100 mL,0.9985796213150024,1,/content/drive/MyDrive/MACROBATT/INPUT_PDF_FILES/28321071.pdf
29,Color,bright-red,0.9132053256034851,1,/content/drive/MyDrive/MACROBATT/INPUT_PDF_FILES/28321071.pdf
30,Biological_structure,blood,0.999908447265625,1,/content/drive/MyDrive/MACROBATT/INPUT_PDF_FILES/28321071.pdf
31,Biological_structure,chest,0.9998862743377686,1,/content/drive/MyDrive/MACROBATT/INPUT_PDF_FILES/28321071.pdf
32,Diagnostic_procedure,radiograph,0.9999276995658875,1,/content/drive/MyDrive/MACROBATT/INPUT_PDF_FILES/28321071.pdf
33,Sign_symptom,infiltrates,0.8438439965248108,1,/content/drive/MyDrive/MACROBATT/INPUT_PDF_FILES/28321071.pdf
34,Detailed_description,multiple,0.9999110698699951,1,/content/drive/MyDrive/MACROBATT/INPUT_PDF_FILES/28321071.pdf
35,Sign_symptom,consolidations,0.9999572038650513,1,/content/drive/MyDrive/MACROBATT/INPUT_PDF_FILES/28321071.pdf
36,Texture,ground glass,0.9953505992889404,1,/content/drive/MyDrive/MACROBATT/INPUT_PDF_FILES/28321071.pdf
37,Sign_symptom,opacity,0.9999079704284668,1,/content/drive/MyDrive/MACROBATT/INPUT_PDF_FILES/28321071.pdf
38,Detailed_description,focal,0.9999678134918213,1,/content/drive/MyDrive/MACROBATT/INPUT_PDF_FILES/28321071.pdf
39,Disease_disorder,bronchiectasis,0.9998965263366699,1,/content/drive/MyDrive/MACROBATT/INPUT_PDF_FILES/28321071.pdf
40,Biological_structure,right segment 4 S4,0.9999420046806335,1,/content/drive/MyDrive/MACROBATT/INPUT_PDF_FILES/28321071.pdf
41,Detailed_description,space-occupying,0.9195495247840881,1,/content/drive/MyDrive/MACROBATT/INPUT_PDF_FILES/28321071.pdf
42,Date,Four days after,0.999839723110199,1,/content/drive/MyDrive/MACROBATT/INPUT_PDF_FILES/28321071.pdf
43,Diagnostic_procedure,respiratory condition,0.999943733215332,1,/content/drive/MyDrive/MACROBATT/INPUT_PDF_FILES/28321071.pdf
44,Detailed_description,active,0.9999722242355347,1,/content/drive/MyDrive/MACROBATT/INPUT_PDF_FILES/28321071.pdf
45,Sign_symptom,hemorrhaging,0.9999617338180542,1,/content/drive/MyDrive/MACROBATT/INPUT_PDF_FILES/28321071.pdf
46,Severity,small amount,0.9929805994033813,1,/content/drive/MyDrive/MACROBATT/INPUT_PDF_FILES/28321071.pdf
47,Sign_symptom,bloody,0.5430727601051331,1,/content/drive/MyDrive/MACROBATT/INPUT_PDF_FILES/28321071.pdf
48,Sign_symptom,sputum,0.9871742129325867,1,/content/drive/MyDrive/MACROBATT/INPUT_PDF_FILES/28321071.pdf
49,Detailed_description,contrast-enhanced,0.9990836977958679,1,/content/drive/MyDrive/MACROBATT/INPUT_PDF_FILES/28321071.pdf
50,Diagnostic_procedure,CTA,0.9802930355072021,1,/content/drive/MyDrive/MACROBATT/INPUT_PDF_FILES/28321071.pdf
51,Detailed_description,abnormal,0.9999536275863647,1,/content/drive/MyDrive/MACROBATT/INPUT_PDF_FILES/28321071.pdf
52,Biological_structure,vascular,0.9999159574508667,1,/content/drive/MyDrive/MACROBATT/INPUT_PDF_FILES/28321071.pdf
53,Disease_disorder,anastomosis,0.9994432330131531,1,/content/drive/MyDrive/MACROBATT/INPUT_PDF_FILES/28321071.pdf
54,Biological_structure,right right right inferior phrenic artery artery,0.9999332427978516,1,/content/drive/MyDrive/MACROBATT/INPUT_PDF_FILES/28321071.pdf
55,Biological_structure,right right right pulmonary artery artery,0.9999220967292786,1,/content/drive/MyDrive/MACROBATT/INPUT_PDF_FILES/28321071.pdf
56,Biological_structure,right right right middle lobe,0.99993497133255,1,/content/drive/MyDrive/MACROBATT/INPUT_PDF_FILES/28321071.pdf
57,Therapeutic_procedure,embolization,0.9998855590820312,1,/content/drive/MyDrive/MACROBATT/INPUT_PDF_FILES/28321071.pdf
58,Therapeutic_procedure,superselecting,0.897191047668457,1,/content/drive/MyDrive/MACROBATT/INPUT_PDF_FILES/28321071.pdf
59,Biological_structure,right inferior phrenic artery,0.9999070763587952,1,/content/drive/MyDrive/MACROBATT/INPUT_PDF_FILES/28321071.pdf
60,Detailed_description,2.2-Fr,0.8457515835762024,1,/content/drive/MyDrive/MACROBATT/INPUT_PDF_FILES/28321071.pdf
61,Therapeutic_procedure,microcatheter,0.914645791053772,1,/content/drive/MyDrive/MACROBATT/INPUT_PDF_FILES/28321071.pdf
62,Diagnostic_procedure,angiogram,0.9996442794799805,1,/content/drive/MyDrive/MACROBATT/INPUT_PDF_FILES/28321071.pdf
63,Biological_structure,right bronchial artery,0.9999019503593445,1,/content/drive/MyDrive/MACROBATT/INPUT_PDF_FILES/28321071.pdf
64,Date,Three weeks after,0.9998615384101868,1,/content/drive/MyDrive/MACROBATT/INPUT_PDF_FILES/28321071.pdf
65,Clinical_event,discharged,0.9957783222198486,1,/content/drive/MyDrive/MACROBATT/INPUT_PDF_FILES/28321071.pdf
66,Detailed_description,recurrent,0.9999475479125977,1,/content/drive/MyDrive/MACROBATT/INPUT_PDF_FILES/28321071.pdf
67,Duration,three,0.6102761626243591,1,/content/drive/MyDrive/MACROBATT/INPUT_PDF_FILES/28321071.pdf
