,Entity Group,Value,Score,Page,Pdf File
0,Age,58-year-old,0.9757516980171204,1,/content/drive/MyDrive/MACROBATT/INPUT_PDF_FILES/28353613.pdf
1,Occupation,cotton farmer,0.9915518164634705,1,/content/drive/MyDrive/MACROBATT/INPUT_PDF_FILES/28353613.pdf
2,Clinical_event,presented,0.9998778104782104,1,/content/drive/MyDrive/MACROBATT/INPUT_PDF_FILES/28353613.pdf
3,Nonbiological_location,West China Hospital of of of Sichuan University,0.9997298717498779,1,/content/drive/MyDrive/MACROBATT/INPUT_PDF_FILES/28353613.pdf
4,Duration,over 1-month,0.9998007416725159,1,/content/drive/MyDrive/MACROBATT/INPUT_PDF_FILES/28353613.pdf
5,Detailed_description,recurrent,0.9998629093170166,1,/content/drive/MyDrive/MACROBATT/INPUT_PDF_FILES/28353613.pdf
6,Sign_symptom,fever,0.9998511075973511,1,/content/drive/MyDrive/MACROBATT/INPUT_PDF_FILES/28353613.pdf
7,Detailed_description,productive,0.9999172687530518,1,/content/drive/MyDrive/MACROBATT/INPUT_PDF_FILES/28353613.pdf
8,Sign_symptom,58-year-old presented and productive and dyspnea,0.9979934692382812,1,/content/drive/MyDrive/MACROBATT/INPUT_PDF_FILES/28353613.pdf
9,Disease_disorder,pneumonia,0.9996514320373535,1,/content/drive/MyDrive/MACROBATT/INPUT_PDF_FILES/28353613.pdf
10,Medication,latamoxef,0.9990426898002625,1,/content/drive/MyDrive/MACROBATT/INPUT_PDF_FILES/28353613.pdf
11,Medication,latamoxef ofloxacin,0.904181182384491,1,/content/drive/MyDrive/MACROBATT/INPUT_PDF_FILES/28353613.pdf
12,Medication,of ofloxacin,0.9998849630355835,1,/content/drive/MyDrive/MACROBATT/INPUT_PDF_FILES/28353613.pdf
13,Medication,ofloxacin local,0.9988766312599182,1,/content/drive/MyDrive/MACROBATT/INPUT_PDF_FILES/28353613.pdf
14,Medication,ofloxacin,0.9989631175994873,1,/content/drive/MyDrive/MACROBATT/INPUT_PDF_FILES/28353613.pdf
15,Medication,vancomycin,0.9998225569725037,1,/content/drive/MyDrive/MACROBATT/INPUT_PDF_FILES/28353613.pdf
16,Medication,voriconazole,0.9998540878295898,1,/content/drive/MyDrive/MACROBATT/INPUT_PDF_FILES/28353613.pdf
17,Sign_symptom,remission,0.9999505281448364,1,/content/drive/MyDrive/MACROBATT/INPUT_PDF_FILES/28353613.pdf
18,Sign_symptom,remission of symptoms,0.9998884201049805,1,/content/drive/MyDrive/MACROBATT/INPUT_PDF_FILES/28353613.pdf
19,History,hepatitis B virus carrier,0.999731719493866,1,/content/drive/MyDrive/MACROBATT/INPUT_PDF_FILES/28353613.pdf
20,History,10 pack-years smoking,0.9992960095405579,1,/content/drive/MyDrive/MACROBATT/INPUT_PDF_FILES/28353613.pdf
21,History,"no history of of diabetes mellitus , , , tuberculosis , , , and use of of glucocorticoids in informed the past",0.9998922944068909,1,/content/drive/MyDrive/MACROBATT/INPUT_PDF_FILES/28353613.pdf
22,Diagnostic_procedure,blood pressure,0.9548726677894592,1,/content/drive/MyDrive/MACROBATT/INPUT_PDF_FILES/28353613.pdf
23,Lab_value,145/95 mm Hg,0.9879323244094849,1,/content/drive/MyDrive/MACROBATT/INPUT_PDF_FILES/28353613.pdf
24,Diagnostic_procedure,heart rate rate,0.9755458831787109,1,/content/drive/MyDrive/MACROBATT/INPUT_PDF_FILES/28353613.pdf
25,Lab_value,120 per per temperature minute minute,0.9117704033851624,1,/content/drive/MyDrive/MACROBATT/INPUT_PDF_FILES/28353613.pdf
26,Diagnostic_procedure,respiratory rate rate,0.7934138774871826,1,/content/drive/MyDrive/MACROBATT/INPUT_PDF_FILES/28353613.pdf
27,Diagnostic_procedure,Physical examination,0.9999259114265442,1,/content/drive/MyDrive/MACROBATT/INPUT_PDF_FILES/28353613.pdf
28,Sign_symptom,diminished breath,0.9999059438705444,1,/content/drive/MyDrive/MACROBATT/INPUT_PDF_FILES/28353613.pdf
29,Sign_symptom,rales,0.9999340176582336,1,/content/drive/MyDrive/MACROBATT/INPUT_PDF_FILES/28353613.pdf
30,Diagnostic_procedure,evaluation of of other systems,0.9999387264251709,1,/content/drive/MyDrive/MACROBATT/INPUT_PDF_FILES/28353613.pdf
31,Lab_value,unremarkable,0.9986554384231567,1,/content/drive/MyDrive/MACROBATT/INPUT_PDF_FILES/28353613.pdf
32,Severity,moderate,0.9997956156730652,1,/content/drive/MyDrive/MACROBATT/INPUT_PDF_FILES/28353613.pdf
33,Sign_symptom,edema,0.8421403169631958,1,/content/drive/MyDrive/MACROBATT/INPUT_PDF_FILES/28353613.pdf
34,Diagnostic_procedure,Arterial blood gases analysis,0.9999552965164185,1,/content/drive/MyDrive/MACROBATT/INPUT_PDF_FILES/28353613.pdf
35,Lab_value,7.361,0.8154680132865906,1,/content/drive/MyDrive/MACROBATT/INPUT_PDF_FILES/28353613.pdf
36,Diagnostic_procedure,PCO2,0.9994791150093079,1,/content/drive/MyDrive/MACROBATT/INPUT_PDF_FILES/28353613.pdf
37,Lab_value,53.5 mm mm,0.9998112916946411,1,/content/drive/MyDrive/MACROBATT/INPUT_PDF_FILES/28353613.pdf
38,Diagnostic_procedure,PO2,0.9999011158943176,1,/content/drive/MyDrive/MACROBATT/INPUT_PDF_FILES/28353613.pdf
39,Lab_value,62.8 mm mm,0.9994475245475769,1,/content/drive/MyDrive/MACROBATT/INPUT_PDF_FILES/28353613.pdf
40,Diagnostic_procedure,Table Table1 revealed leukocytosis elevated,0.9999053478240967,1,/content/drive/MyDrive/MACROBATT/INPUT_PDF_FILES/28353613.pdf
41,Diagnostic_procedure,leukocytosis,0.9994127750396729,1,/content/drive/MyDrive/MACROBATT/INPUT_PDF_FILES/28353613.pdf
42,Lab_value,"49,500/mm3",0.999741792678833,1,/content/drive/MyDrive/MACROBATT/INPUT_PDF_FILES/28353613.pdf
43,Lab_value,97.4 % neutrophils,0.9974746108055115,1,/content/drive/MyDrive/MACROBATT/INPUT_PDF_FILES/28353613.pdf
44,Diagnostic_procedure,procalcitonin,0.999954342842102,1,/content/drive/MyDrive/MACROBATT/INPUT_PDF_FILES/28353613.pdf
45,Lab_value,5.16 ng/mL,0.9997214078903198,1,/content/drive/MyDrive/MACROBATT/INPUT_PDF_FILES/28353613.pdf
46,Biological_structure,Chest,0.9997181296348572,1,/content/drive/MyDrive/MACROBATT/INPUT_PDF_FILES/28353613.pdf
47,Diagnostic_procedure,computed,0.8355539441108704,1,/content/drive/MyDrive/MACROBATT/INPUT_PDF_FILES/28353613.pdf
48,Detailed_description,bilateral,0.9007454514503479,1,/content/drive/MyDrive/MACROBATT/INPUT_PDF_FILES/28353613.pdf
49,Disease_disorder,pleural,0.9947892427444458,1,/content/drive/MyDrive/MACROBATT/INPUT_PDF_FILES/28353613.pdf
50,Diagnostic_procedure,sputum,0.9999661445617676,1,/content/drive/MyDrive/MACROBATT/INPUT_PDF_FILES/28353613.pdf
51,Diagnostic_procedure,sputum smear,0.9996551275253296,1,/content/drive/MyDrive/MACROBATT/INPUT_PDF_FILES/28353613.pdf
52,Detailed_description,filamentous,0.9985100626945496,1,/content/drive/MyDrive/MACROBATT/INPUT_PDF_FILES/28353613.pdf
53,Detailed_description,gram-positive,0.9966734051704407,1,/content/drive/MyDrive/MACROBATT/INPUT_PDF_FILES/28353613.pdf
54,Detailed_description,weakly acid-fast,0.9997342824935913,1,/content/drive/MyDrive/MACROBATT/INPUT_PDF_FILES/28353613.pdf
55,Detailed_description,beaded,0.9989898204803467,1,/content/drive/MyDrive/MACROBATT/INPUT_PDF_FILES/28353613.pdf
56,Sign_symptom,bacilli,0.980152428150177,1,/content/drive/MyDrive/MACROBATT/INPUT_PDF_FILES/28353613.pdf
57,Disease_disorder,Nocardia infection,0.9997265338897705,1,/content/drive/MyDrive/MACROBATT/INPUT_PDF_FILES/28353613.pdf
58,Medication,Trimethoprim-sulfamethoxazole,0.9689844846725464,1,/content/drive/MyDrive/MACROBATT/INPUT_PDF_FILES/28353613.pdf
59,Dosage,3 pills per 6 hours,0.8626787066459656,1,/content/drive/MyDrive/MACROBATT/INPUT_PDF_FILES/28353613.pdf
60,Detailed_description,noninvasive,0.9998581409454346,1,/content/drive/MyDrive/MACROBATT/INPUT_PDF_FILES/28353613.pdf
61,Therapeutic_procedure,ventilation,0.999727189540863,1,/content/drive/MyDrive/MACROBATT/INPUT_PDF_FILES/28353613.pdf
62,Diagnostic_procedure,Sputum culture,0.9998900890350342,1,/content/drive/MyDrive/MACROBATT/INPUT_PDF_FILES/28353613.pdf
63,Lab_value,growth of of numerous bacteria,0.9998672008514404,1,/content/drive/MyDrive/MACROBATT/INPUT_PDF_FILES/28353613.pdf
64,Sign_symptom,N otitidiscaviarum,0.9997238516807556,1,/content/drive/MyDrive/MACROBATT/INPUT_PDF_FILES/28353613.pdf
65,Diagnostic_procedure,mass spectroscopy,0.999925434589386,1,/content/drive/MyDrive/MACROBATT/INPUT_PDF_FILES/28353613.pdf
66,Clinical_event,admission,0.999721348285675,1,/content/drive/MyDrive/MACROBATT/INPUT_PDF_FILES/28353613.pdf
67,Medication,Antibiotics,0.9998844861984253,1,/content/drive/MyDrive/MACROBATT/INPUT_PDF_FILES/28353613.pdf
68,Medication,amikacin,0.9998703002929688,1,/content/drive/MyDrive/MACROBATT/INPUT_PDF_FILES/28353613.pdf
69,Medication,imipenem trimethoprim-sulfamethoxazole,0.9998915195465088,1,/content/drive/MyDrive/MACROBATT/INPUT_PDF_FILES/28353613.pdf
70,Medication,imipenem,0.9636920094490051,1,/content/drive/MyDrive/MACROBATT/INPUT_PDF_FILES/28353613.pdf
71,Medication,trimethoprim-sulfamethoxazole,0.9233954548835754,1,/content/drive/MyDrive/MACROBATT/INPUT_PDF_FILES/28353613.pdf
72,Sign_symptom,improved,0.999840259552002,1,/content/drive/MyDrive/MACROBATT/INPUT_PDF_FILES/28353613.pdf
73,Outcome,died,0.9982746839523315,1,/content/drive/MyDrive/MACROBATT/INPUT_PDF_FILES/28353613.pdf
74,Severity,severe,0.9996793270111084,1,/content/drive/MyDrive/MACROBATT/INPUT_PDF_FILES/28353613.pdf
75,Sign_symptom,respiratory insufficiency,0.9991932511329651,1,/content/drive/MyDrive/MACROBATT/INPUT_PDF_FILES/28353613.pdf
76,Sign_symptom,insufficiency,0.9989156723022461,1,/content/drive/MyDrive/MACROBATT/INPUT_PDF_FILES/28353613.pdf
77,Date,hospital,0.9824411273002625,1,/content/drive/MyDrive/MACROBATT/INPUT_PDF_FILES/28353613.pdf
