,Entity Group,Value,Score,Page,Pdf File
0,Age,75-year-old,0.998325526714325,1,/content/drive/MyDrive/MACROBATT/INPUT_PDF_FILES/28353588.pdf
1,Sex,man,0.9997913241386414,1,/content/drive/MyDrive/MACROBATT/INPUT_PDF_FILES/28353588.pdf
2,Clinical_event,referred,0.9998154044151306,1,/content/drive/MyDrive/MACROBATT/INPUT_PDF_FILES/28353588.pdf
3,Nonbiological_location,hospital,0.999347984790802,1,/content/drive/MyDrive/MACROBATT/INPUT_PDF_FILES/28353588.pdf
4,Sign_symptom,75-year-old referred dysphagia,0.9999583959579468,1,/content/drive/MyDrive/MACROBATT/INPUT_PDF_FILES/28353588.pdf
5,Sign_symptom,dysphagia,0.9999376535415649,1,/content/drive/MyDrive/MACROBATT/INPUT_PDF_FILES/28353588.pdf
6,Sign_symptom,nausea,0.9999531507492065,1,/content/drive/MyDrive/MACROBATT/INPUT_PDF_FILES/28353588.pdf
7,Sign_symptom,vomiting,0.9999485015869141,1,/content/drive/MyDrive/MACROBATT/INPUT_PDF_FILES/28353588.pdf
8,Sign_symptom,hematemesis hematochezia,0.9997606873512268,1,/content/drive/MyDrive/MACROBATT/INPUT_PDF_FILES/28353588.pdf
9,Sign_symptom,associated hematemesis,0.961205005645752,1,/content/drive/MyDrive/MACROBATT/INPUT_PDF_FILES/28353588.pdf
10,Sign_symptom,hematemesis,0.8932653665542603,1,/content/drive/MyDrive/MACROBATT/INPUT_PDF_FILES/28353588.pdf
11,Sign_symptom,hematochezia,0.8466808199882507,1,/content/drive/MyDrive/MACROBATT/INPUT_PDF_FILES/28353588.pdf
12,Sign_symptom,lethargy,0.999669075012207,1,/content/drive/MyDrive/MACROBATT/INPUT_PDF_FILES/28353588.pdf
13,Sign_symptom,had associated and denied and dyspnea,0.9999178647994995,1,/content/drive/MyDrive/MACROBATT/INPUT_PDF_FILES/28353588.pdf
14,Sign_symptom,dyspnea,0.9954776167869568,1,/content/drive/MyDrive/MACROBATT/INPUT_PDF_FILES/28353588.pdf
15,History,active smoker,0.9995401501655579,1,/content/drive/MyDrive/MACROBATT/INPUT_PDF_FILES/28353588.pdf
16,History,consumed alcohol for 30 years,0.9492963552474976,1,/content/drive/MyDrive/MACROBATT/INPUT_PDF_FILES/28353588.pdf
17,Diagnostic_procedure,Physical examination,0.9138916730880737,1,/content/drive/MyDrive/MACROBATT/INPUT_PDF_FILES/28353588.pdf
18,Detailed_description,peripheral,0.9943919777870178,1,/content/drive/MyDrive/MACROBATT/INPUT_PDF_FILES/28353588.pdf
19,Sign_symptom,Physical revealed peripheral lymphadenopathy thyromegaly,0.9735750555992126,1,/content/drive/MyDrive/MACROBATT/INPUT_PDF_FILES/28353588.pdf
20,Sign_symptom,lymphadenopathy,0.7257358431816101,1,/content/drive/MyDrive/MACROBATT/INPUT_PDF_FILES/28353588.pdf
21,Sign_symptom,lymphadenopathy thyromegaly,0.8102176785469055,1,/content/drive/MyDrive/MACROBATT/INPUT_PDF_FILES/28353588.pdf
22,Sign_symptom,ascites mass,0.9318466782569885,1,/content/drive/MyDrive/MACROBATT/INPUT_PDF_FILES/28353588.pdf
23,Coreference,mass,0.9914372563362122,1,/content/drive/MyDrive/MACROBATT/INPUT_PDF_FILES/28353588.pdf
24,Diagnostic_procedure,Laboratory data,0.9992092847824097,1,/content/drive/MyDrive/MACROBATT/INPUT_PDF_FILES/28353588.pdf
25,Lab_value,normal,0.9996836185455322,1,/content/drive/MyDrive/MACROBATT/INPUT_PDF_FILES/28353588.pdf
26,Diagnostic_procedure,HBs-Ag,0.9845427870750427,1,/content/drive/MyDrive/MACROBATT/INPUT_PDF_FILES/28353588.pdf
27,Diagnostic_procedure,HIV,0.9993664622306824,1,/content/drive/MyDrive/MACROBATT/INPUT_PDF_FILES/28353588.pdf
28,Diagnostic_procedure,syphilis,0.9993846416473389,1,/content/drive/MyDrive/MACROBATT/INPUT_PDF_FILES/28353588.pdf
29,Diagnostic_procedure,serum antibody against Helicobacter pylori,0.9999445080757141,1,/content/drive/MyDrive/MACROBATT/INPUT_PDF_FILES/28353588.pdf
30,Biological_structure,Chest,0.999958872795105,1,/content/drive/MyDrive/MACROBATT/INPUT_PDF_FILES/28353588.pdf
31,Diagnostic_procedure,computed tomography,0.9999291300773621,1,/content/drive/MyDrive/MACROBATT/INPUT_PDF_FILES/28353588.pdf
32,Diagnostic_procedure,( (,0.9996004700660706,1,/content/drive/MyDrive/MACROBATT/INPUT_PDF_FILES/28353588.pdf
33,Detailed_description,huge,0.9996953010559082,1,/content/drive/MyDrive/MACROBATT/INPUT_PDF_FILES/28353588.pdf
34,Detailed_description,well-circumscribed,0.9999591112136841,1,/content/drive/MyDrive/MACROBATT/INPUT_PDF_FILES/28353588.pdf
35,Detailed_description,homogeneous,0.9998784065246582,1,/content/drive/MyDrive/MACROBATT/INPUT_PDF_FILES/28353588.pdf
36,Shape,cylindrical,0.9971616268157959,1,/content/drive/MyDrive/MACROBATT/INPUT_PDF_FILES/28353588.pdf
37,Detailed_description,mesenchymal measuring enhancement,0.9997333884239197,1,/content/drive/MyDrive/MACROBATT/INPUT_PDF_FILES/28353588.pdf
38,Detailed_description,mesenchymal,0.8235945701599121,1,/content/drive/MyDrive/MACROBATT/INPUT_PDF_FILES/28353588.pdf
39,Sign_symptom,neoplasm,0.9909874200820923,1,/content/drive/MyDrive/MACROBATT/INPUT_PDF_FILES/28353588.pdf
40,Volume,15.5×5.9×4.0 cm,0.9976308941841125,1,/content/drive/MyDrive/MACROBATT/INPUT_PDF_FILES/28353588.pdf
41,Detailed_description,lower,0.916127622127533,1,/content/drive/MyDrive/MACROBATT/INPUT_PDF_FILES/28353588.pdf
42,Biological_structure,esophagus,0.9307268857955933,1,/content/drive/MyDrive/MACROBATT/INPUT_PDF_FILES/28353588.pdf
43,Detailed_description,mild contrast enhancement,0.9987378716468811,1,/content/drive/MyDrive/MACROBATT/INPUT_PDF_FILES/28353588.pdf
44,Sign_symptom,abnormalities,0.9984579086303711,1,/content/drive/MyDrive/MACROBATT/INPUT_PDF_FILES/28353588.pdf
45,Diagnostic_procedure,examination,0.9992596507072449,1,/content/drive/MyDrive/MACROBATT/INPUT_PDF_FILES/28353588.pdf
46,Biological_structure,submucosal,0.7137182354927063,1,/content/drive/MyDrive/MACROBATT/INPUT_PDF_FILES/28353588.pdf
47,Coreference,lesion,0.9974937438964844,1,/content/drive/MyDrive/MACROBATT/INPUT_PDF_FILES/28353588.pdf
48,Coreference,examination lesion,0.9960976839065552,1,/content/drive/MyDrive/MACROBATT/INPUT_PDF_FILES/28353588.pdf
49,Distance,20 cm from the the the incisor teeth,0.999083399772644,1,/content/drive/MyDrive/MACROBATT/INPUT_PDF_FILES/28353588.pdf
50,Biological_structure,up to the the the cardia,0.9998384714126587,1,/content/drive/MyDrive/MACROBATT/INPUT_PDF_FILES/28353588.pdf
51,Detailed_description,Endoscopic,0.8906120657920837,1,/content/drive/MyDrive/MACROBATT/INPUT_PDF_FILES/28353588.pdf
52,Diagnostic_procedure,ultrasonography,0.9424492716789246,1,/content/drive/MyDrive/MACROBATT/INPUT_PDF_FILES/28353588.pdf
53,Diagnostic_procedure,EUS,0.9930062294006348,1,/content/drive/MyDrive/MACROBATT/INPUT_PDF_FILES/28353588.pdf
54,Detailed_description,ultrasonography hypoechoic with the 4th,0.9999620914459229,1,/content/drive/MyDrive/MACROBATT/INPUT_PDF_FILES/28353588.pdf
55,Detailed_description,hypoechoic,0.9998388290405273,1,/content/drive/MyDrive/MACROBATT/INPUT_PDF_FILES/28353588.pdf
56,Detailed_description,clear boundary,0.999825119972229,1,/content/drive/MyDrive/MACROBATT/INPUT_PDF_FILES/28353588.pdf
57,Detailed_description,benign,0.9352144598960876,1,/content/drive/MyDrive/MACROBATT/INPUT_PDF_FILES/28353588.pdf
58,Coreference,tumor,0.9939292669296265,1,/content/drive/MyDrive/MACROBATT/INPUT_PDF_FILES/28353588.pdf
59,Biological_structure,esophageal,0.9245162010192871,1,/content/drive/MyDrive/MACROBATT/INPUT_PDF_FILES/28353588.pdf
60,Disease_disorder,leiomyoma,0.9925658702850342,1,/content/drive/MyDrive/MACROBATT/INPUT_PDF_FILES/28353588.pdf
61,Detailed_description,endoscopic,0.9251686930656433,1,/content/drive/MyDrive/MACROBATT/INPUT_PDF_FILES/28353588.pdf
62,Diagnostic_procedure,diagnosed endoscopic,0.7140817642211914,1,/content/drive/MyDrive/MACROBATT/INPUT_PDF_FILES/28353588.pdf
63,Detailed_description,Endoscopic endoscopic,0.9934569001197815,1,/content/drive/MyDrive/MACROBATT/INPUT_PDF_FILES/28353588.pdf
64,Detailed_description,mucosal submucosal,0.9266679883003235,1,/content/drive/MyDrive/MACROBATT/INPUT_PDF_FILES/28353588.pdf
65,Therapeutic_procedure,resection resection,0.9997650980949402,1,/content/drive/MyDrive/MACROBATT/INPUT_PDF_FILES/28353588.pdf
66,Detailed_description,surgical,0.9999569654464722,1,/content/drive/MyDrive/MACROBATT/INPUT_PDF_FILES/28353588.pdf
67,Therapeutic_procedure,resection,0.9826912879943848,1,/content/drive/MyDrive/MACROBATT/INPUT_PDF_FILES/28353588.pdf
68,Detailed_description,thoracoscopic-assisted thoracic,0.9999351501464844,1,/content/drive/MyDrive/MACROBATT/INPUT_PDF_FILES/28353588.pdf
69,Detailed_description,thoracoscopic-assisted,0.9428910613059998,1,/content/drive/MyDrive/MACROBATT/INPUT_PDF_FILES/28353588.pdf
70,Biological_structure,gastroesophageal,0.9995623230934143,1,/content/drive/MyDrive/MACROBATT/INPUT_PDF_FILES/28353588.pdf
71,Biological_structure,thoracic duct,0.9995822906494141,1,/content/drive/MyDrive/MACROBATT/INPUT_PDF_FILES/28353588.pdf
72,Therapeutic_procedure,ligation,0.8924545049667358,1,/content/drive/MyDrive/MACROBATT/INPUT_PDF_FILES/28353588.pdf
73,Therapeutic_procedure,jejunostomy,0.9988129138946533,1,/content/drive/MyDrive/MACROBATT/INPUT_PDF_FILES/28353588.pdf
74,Therapeutic_procedure,Postoperative course,0.9996217489242554,1,/content/drive/MyDrive/MACROBATT/INPUT_PDF_FILES/28353588.pdf
75,Shape,spindle,0.9980186223983765,1,/content/drive/MyDrive/MACROBATT/INPUT_PDF_FILES/28353588.pdf
76,Shape,spindle shaped,0.876906156539917,1,/content/drive/MyDrive/MACROBATT/INPUT_PDF_FILES/28353588.pdf
77,Coreference,lump,0.9990571141242981,1,/content/drive/MyDrive/MACROBATT/INPUT_PDF_FILES/28353588.pdf
78,Volume,14 × × 3.5 × × 2.5 cm,0.9988178014755249,1,/content/drive/MyDrive/MACROBATT/INPUT_PDF_FILES/28353588.pdf
79,Biological_structure,resected esophagus esophageal,0.997539758682251,1,/content/drive/MyDrive/MACROBATT/INPUT_PDF_FILES/28353588.pdf
80,Biological_structure,esophagus esophageal,0.9901406168937683,1,/content/drive/MyDrive/MACROBATT/INPUT_PDF_FILES/28353588.pdf
81,Sign_symptom,blocked,0.999536395072937,1,/content/drive/MyDrive/MACROBATT/INPUT_PDF_FILES/28353588.pdf
82,Biological_structure,submucosa,0.9998761415481567,1,/content/drive/MyDrive/MACROBATT/INPUT_PDF_FILES/28353588.pdf
83,Biological_structure,submucosa mucosa,0.9187599420547485,1,/content/drive/MyDrive/MACROBATT/INPUT_PDF_FILES/28353588.pdf
84,Detailed_description,covered,0.6651509404182434,1,/content/drive/MyDrive/MACROBATT/INPUT_PDF_FILES/28353588.pdf
85,Detailed_description,intact,0.9990955591201782,1,/content/drive/MyDrive/MACROBATT/INPUT_PDF_FILES/28353588.pdf
86,Color,homogenously white grayish-white,0.9314152002334595,1,/content/drive/MyDrive/MACROBATT/INPUT_PDF_FILES/28353588.pdf
87,Color,grayish-white,0.9747737050056458,1,/content/drive/MyDrive/MACROBATT/INPUT_PDF_FILES/28353588.pdf
88,Diagnostic_procedure,Histological examination,0.9999312162399292,1,/content/drive/MyDrive/MACROBATT/INPUT_PDF_FILES/28353588.pdf
89,Diagnostic_procedure,hematoxylin,0.9944363236427307,1,/content/drive/MyDrive/MACROBATT/INPUT_PDF_FILES/28353588.pdf
90,Diagnostic_procedure,examination hematoxylin eosin revealed covered epithelium the layer expanding the layer,0.9999576807022095,1,/content/drive/MyDrive/MACROBATT/INPUT_PDF_FILES/28353588.pdf
91,Diagnostic_procedure,eosin staining,0.974942147731781,1,/content/drive/MyDrive/MACROBATT/INPUT_PDF_FILES/28353588.pdf
92,Biological_structure,muscular,0.9925475716590881,1,/content/drive/MyDrive/MACROBATT/INPUT_PDF_FILES/28353588.pdf
93,Detailed_description,many,0.9953975081443787,1,/content/drive/MyDrive/MACROBATT/INPUT_PDF_FILES/28353588.pdf
94,Detailed_description,Numerous cytoplasm-rich cells were observed in invasive the collagenous septations with invasive growth pattern,0.9999469518661499,1,/content/drive/MyDrive/MACROBATT/INPUT_PDF_FILES/28353588.pdf
95,Detailed_description,nodules were mainly composed of small to mid-sized centrocyte-like or monocyte-like cells arranged,0.9997029900550842,1,/content/drive/MyDrive/MACROBATT/INPUT_PDF_FILES/28353588.pdf
96,Detailed_description,diffuse,0.9985570311546326,1,/content/drive/MyDrive/MACROBATT/INPUT_PDF_FILES/28353588.pdf
97,Detailed_description,atypical,0.999752938747406,1,/content/drive/MyDrive/MACROBATT/INPUT_PDF_FILES/28353588.pdf
98,Detailed_description,atypical lymphocytes,0.9994572401046753,1,/content/drive/MyDrive/MACROBATT/INPUT_PDF_FILES/28353588.pdf
99,Detailed_description,pale,0.968339741230011,1,/content/drive/MyDrive/MACROBATT/INPUT_PDF_FILES/28353588.pdf
100,Detailed_description,irregular,0.9994624257087708,1,/content/drive/MyDrive/MACROBATT/INPUT_PDF_FILES/28353588.pdf
101,Detailed_description,occasional nucleolus,0.9998892545700073,1,/content/drive/MyDrive/MACROBATT/INPUT_PDF_FILES/28353588.pdf
102,Diagnostic_procedure,Mitosis,0.795856237411499,1,/content/drive/MyDrive/MACROBATT/INPUT_PDF_FILES/28353588.pdf
103,Detailed_description,lymphoepithelial lesion lesion,0.9998975992202759,1,/content/drive/MyDrive/MACROBATT/INPUT_PDF_FILES/28353588.pdf
104,Detailed_description,lymphoepithelial,0.9992295503616333,1,/content/drive/MyDrive/MACROBATT/INPUT_PDF_FILES/28353588.pdf
105,Coreference,lesion lesion,0.9996533393859863,1,/content/drive/MyDrive/MACROBATT/INPUT_PDF_FILES/28353588.pdf
106,Diagnostic_procedure,immunohistochemical,0.9979060888290405,1,/content/drive/MyDrive/MACROBATT/INPUT_PDF_FILES/28353588.pdf
107,Biological_structure,epithelium,0.8250645399093628,1,/content/drive/MyDrive/MACROBATT/INPUT_PDF_FILES/28353588.pdf
108,Lab_value,positive positive,0.999901533126831,1,/content/drive/MyDrive/MACROBATT/INPUT_PDF_FILES/28353588.pdf
109,Diagnostic_procedure,cytokeratin,0.9850659370422363,1,/content/drive/MyDrive/MACROBATT/INPUT_PDF_FILES/28353588.pdf
110,Diagnostic_procedure,cluster of differentiation ( ( ( ( ( CD ) ) ) ) ) 20,0.9998923540115356,1,/content/drive/MyDrive/MACROBATT/INPUT_PDF_FILES/28353588.pdf
111,Diagnostic_procedure,paired box 5,0.9999414086341858,1,/content/drive/MyDrive/MACROBATT/INPUT_PDF_FILES/28353588.pdf
112,Diagnostic_procedure,B-cell lymphoma ( ( ( ( ( Bcl ) ) ) ) ) -2,0.97789466381073,1,/content/drive/MyDrive/MACROBATT/INPUT_PDF_FILES/28353588.pdf
113,Detailed_description,mainly mainly in the collagen,0.9998157620429993,1,/content/drive/MyDrive/MACROBATT/INPUT_PDF_FILES/28353588.pdf
114,Lab_value,positive,0.9998657703399658,1,/content/drive/MyDrive/MACROBATT/INPUT_PDF_FILES/28353588.pdf
115,Diagnostic_procedure,multiple myeloma oncogene 1 CD138,0.9508021473884583,1,/content/drive/MyDrive/MACROBATT/INPUT_PDF_FILES/28353588.pdf
116,Diagnostic_procedure,CD138 CD43,0.7197133302688599,1,/content/drive/MyDrive/MACROBATT/INPUT_PDF_FILES/28353588.pdf
117,Biological_structure,Small lymphocytes,0.9998480081558228,1,/content/drive/MyDrive/MACROBATT/INPUT_PDF_FILES/28353588.pdf
118,Diagnostic_procedure,CD3 CD5,0.9998213648796082,1,/content/drive/MyDrive/MACROBATT/INPUT_PDF_FILES/28353588.pdf
119,Biological_structure,Follicular dendritic cells,0.9998788833618164,1,/content/drive/MyDrive/MACROBATT/INPUT_PDF_FILES/28353588.pdf
120,Diagnostic_procedure,CD21,0.999889612197876,1,/content/drive/MyDrive/MACROBATT/INPUT_PDF_FILES/28353588.pdf
121,Diagnostic_procedure,CD23,0.9998852014541626,1,/content/drive/MyDrive/MACROBATT/INPUT_PDF_FILES/28353588.pdf
122,Biological_structure,All cells,0.9999181032180786,2,/content/drive/MyDrive/MACROBATT/INPUT_PDF_FILES/28353588.pdf
123,Lab_value,negative,0.999896764755249,2,/content/drive/MyDrive/MACROBATT/INPUT_PDF_FILES/28353588.pdf
124,Diagnostic_procedure,CyclinD1,0.6487423181533813,2,/content/drive/MyDrive/MACROBATT/INPUT_PDF_FILES/28353588.pdf
125,Diagnostic_procedure,CD10,0.9439555406570435,2,/content/drive/MyDrive/MACROBATT/INPUT_PDF_FILES/28353588.pdf
126,Diagnostic_procedure,Bcl-6,0.9251156449317932,2,/content/drive/MyDrive/MACROBATT/INPUT_PDF_FILES/28353588.pdf
127,Biological_structure,Bcl-6 B,0.9949356317520142,2,/content/drive/MyDrive/MACROBATT/INPUT_PDF_FILES/28353588.pdf
128,Diagnostic_procedure,OCT,0.9999254941940308,2,/content/drive/MyDrive/MACROBATT/INPUT_PDF_FILES/28353588.pdf
129,Coreference,tumor,0.9998164772987366,2,/content/drive/MyDrive/MACROBATT/INPUT_PDF_FILES/28353588.pdf
130,Disease_disorder,MALT,0.9992707371711731,2,/content/drive/MyDrive/MACROBATT/INPUT_PDF_FILES/28353588.pdf
131,Diagnostic_procedure,gene gene gene gene rearragements and and clonality analysis,0.9998524785041809,2,/content/drive/MyDrive/MACROBATT/INPUT_PDF_FILES/28353588.pdf
132,Coreference,immunoglobulin,0.6838330626487732,2,/content/drive/MyDrive/MACROBATT/INPUT_PDF_FILES/28353588.pdf
133,Coreference,heavy chain chain chain,0.9520229697227478,2,/content/drive/MyDrive/MACROBATT/INPUT_PDF_FILES/28353588.pdf
134,Coreference,kappa light light,0.9961141347885132,2,/content/drive/MyDrive/MACROBATT/INPUT_PDF_FILES/28353588.pdf
135,Coreference,lambda light light chain chain chain gene gene gene gene,0.9977360963821411,2,/content/drive/MyDrive/MACROBATT/INPUT_PDF_FILES/28353588.pdf
136,Detailed_description,IdentiCloneTM IGH/IGK/IGL Gene Clonality Assay,0.9994773864746094,2,/content/drive/MyDrive/MACROBATT/INPUT_PDF_FILES/28353588.pdf
137,Detailed_description,In InVivoScribe,0.9138901829719543,2,/content/drive/MyDrive/MACROBATT/INPUT_PDF_FILES/28353588.pdf
138,Detailed_description,InVivoScribe,0.6161634922027588,2,/content/drive/MyDrive/MACROBATT/INPUT_PDF_FILES/28353588.pdf
139,Lab_value,1 150 175 1 125 150 band bands band appeared within within within 150 150 to to to 175 base pairs,0.999909520149231,2,/content/drive/MyDrive/MACROBATT/INPUT_PDF_FILES/28353588.pdf
140,Lab_value,2 225 250 125 discrete bands within within within 225 to to to 250 bp bp bp,0.9998999238014221,2,/content/drive/MyDrive/MACROBATT/INPUT_PDF_FILES/28353588.pdf
141,Lab_value,1 150 175 1 125 150 band bands band within within within 125 to to to 150 150 bp bp bp,0.9999116063117981,2,/content/drive/MyDrive/MACROBATT/INPUT_PDF_FILES/28353588.pdf
142,Disease_disorder,Epstein–Barr virus virus-encoded,0.9997694492340088,2,/content/drive/MyDrive/MACROBATT/INPUT_PDF_FILES/28353588.pdf
143,Diagnostic_procedure,Epstein–Barr in in using situ hybridization,0.9999229907989502,2,/content/drive/MyDrive/MACROBATT/INPUT_PDF_FILES/28353588.pdf
144,Detailed_description,EB virus-encoded small RNA,0.9998710751533508,2,/content/drive/MyDrive/MACROBATT/INPUT_PDF_FILES/28353588.pdf
145,Detailed_description,primary,0.9996929168701172,2,/content/drive/MyDrive/MACROBATT/INPUT_PDF_FILES/28353588.pdf
146,Biological_structure,esophageal,0.9999467134475708,2,/content/drive/MyDrive/MACROBATT/INPUT_PDF_FILES/28353588.pdf
147,Disease_disorder,MALT lymphoma,0.9996328353881836,2,/content/drive/MyDrive/MACROBATT/INPUT_PDF_FILES/28353588.pdf
148,Detailed_description,surgical,0.5942869186401367,2,/content/drive/MyDrive/MACROBATT/INPUT_PDF_FILES/28353588.pdf
149,Therapeutic_procedure,resection,0.9853072166442871,2,/content/drive/MyDrive/MACROBATT/INPUT_PDF_FILES/28353588.pdf
150,Medication,therapy chemotherapy radiotherapy,0.5544149875640869,2,/content/drive/MyDrive/MACROBATT/INPUT_PDF_FILES/28353588.pdf
151,Medication,chemotherapy,0.9998247027397156,2,/content/drive/MyDrive/MACROBATT/INPUT_PDF_FILES/28353588.pdf
152,Therapeutic_procedure,radiotherapy,0.9969204068183899,2,/content/drive/MyDrive/MACROBATT/INPUT_PDF_FILES/28353588.pdf
153,Duration,8 months,0.9987506866455078,2,/content/drive/MyDrive/MACROBATT/INPUT_PDF_FILES/28353588.pdf
154,Sign_symptom,recurrence,0.999805748462677,2,/content/drive/MyDrive/MACROBATT/INPUT_PDF_FILES/28353588.pdf
155,Sign_symptom,metastases,0.9999516010284424,2,/content/drive/MyDrive/MACROBATT/INPUT_PDF_FILES/28353588.pdf
