,Entity Group,Value,Score,Page,Pdf File
0,Age,41-year-old,0.9974532127380371,1,/content/drive/MyDrive/MACROBATT/INPUT_PDF_FILES/28353569.pdf
1,Sex,man,0.9997709393501282,1,/content/drive/MyDrive/MACROBATT/INPUT_PDF_FILES/28353569.pdf
2,History,alcoholism,0.9993452429771423,1,/content/drive/MyDrive/MACROBATT/INPUT_PDF_FILES/28353569.pdf
3,Duration,10 years years,0.9994657039642334,1,/content/drive/MyDrive/MACROBATT/INPUT_PDF_FILES/28353569.pdf
4,History,sober,0.9992006421089172,1,/content/drive/MyDrive/MACROBATT/INPUT_PDF_FILES/28353569.pdf
5,Duration,last 3 years years,0.9204984307289124,1,/content/drive/MyDrive/MACROBATT/INPUT_PDF_FILES/28353569.pdf
6,History,recurrent alcoholic pancreatitis,0.9985270500183105,1,/content/drive/MyDrive/MACROBATT/INPUT_PDF_FILES/28353569.pdf
7,History,no known known,0.9847733974456787,1,/content/drive/MyDrive/MACROBATT/INPUT_PDF_FILES/28353569.pdf
8,Clinical_event,presented,0.9996330738067627,1,/content/drive/MyDrive/MACROBATT/INPUT_PDF_FILES/28353569.pdf
9,Detailed_description,several episodes,0.9991755485534668,1,/content/drive/MyDrive/MACROBATT/INPUT_PDF_FILES/28353569.pdf
10,Sign_symptom,hematemesis,0.9823173880577087,1,/content/drive/MyDrive/MACROBATT/INPUT_PDF_FILES/28353569.pdf
11,Biological_structure,abdominal,0.9999405145645142,1,/content/drive/MyDrive/MACROBATT/INPUT_PDF_FILES/28353569.pdf
12,Sign_symptom,pain,0.9999628067016602,1,/content/drive/MyDrive/MACROBATT/INPUT_PDF_FILES/28353569.pdf
13,Diagnostic_procedure,Esophagogastroduodenoscopy,0.9077281951904297,1,/content/drive/MyDrive/MACROBATT/INPUT_PDF_FILES/28353569.pdf
14,Diagnostic_procedure,Esophagogastroduodenoscopy EGD,0.9827905893325806,1,/content/drive/MyDrive/MACROBATT/INPUT_PDF_FILES/28353569.pdf
15,Diagnostic_procedure,EGD GI,0.5929588079452515,1,/content/drive/MyDrive/MACROBATT/INPUT_PDF_FILES/28353569.pdf
16,Date,3 years earlier,0.999821662902832,1,/content/drive/MyDrive/MACROBATT/INPUT_PDF_FILES/28353569.pdf
17,Biological_structure,esophageal varices varices lesions,0.9999514818191528,1,/content/drive/MyDrive/MACROBATT/INPUT_PDF_FILES/28353569.pdf
18,Biological_structure,Esophagogastroduodenoscopy esophageal gastropathy,0.5833830237388611,1,/content/drive/MyDrive/MACROBATT/INPUT_PDF_FILES/28353569.pdf
19,Biological_structure,Esophagogastroduodenoscopy had esophageal,0.6015130877494812,1,/content/drive/MyDrive/MACROBATT/INPUT_PDF_FILES/28353569.pdf
20,Biological_structure,esophageal,0.9109938144683838,1,/content/drive/MyDrive/MACROBATT/INPUT_PDF_FILES/28353569.pdf
21,Biological_structure,abdominal revealed esophageal portal,0.9338430762290955,1,/content/drive/MyDrive/MACROBATT/INPUT_PDF_FILES/28353569.pdf
22,Biological_structure,Esophagogastroduodenoscopy gastric gastropathy,0.9999363422393799,1,/content/drive/MyDrive/MACROBATT/INPUT_PDF_FILES/28353569.pdf
23,Biological_structure,portal,0.9999606609344482,1,/content/drive/MyDrive/MACROBATT/INPUT_PDF_FILES/28353569.pdf
24,Detailed_description,hypertensive,0.7003111839294434,1,/content/drive/MyDrive/MACROBATT/INPUT_PDF_FILES/28353569.pdf
25,Diagnostic_procedure,Physical examination,0.9998464584350586,1,/content/drive/MyDrive/MACROBATT/INPUT_PDF_FILES/28353569.pdf
26,Diagnostic_procedure,blood pressure,0.9999606609344482,1,/content/drive/MyDrive/MACROBATT/INPUT_PDF_FILES/28353569.pdf
27,Lab_value,100/60,0.9997294545173645,1,/content/drive/MyDrive/MACROBATT/INPUT_PDF_FILES/28353569.pdf
28,Lab_value,100/60 60 mm,0.8150476217269897,1,/content/drive/MyDrive/MACROBATT/INPUT_PDF_FILES/28353569.pdf
29,Diagnostic_procedure,pulse,0.9999613761901855,1,/content/drive/MyDrive/MACROBATT/INPUT_PDF_FILES/28353569.pdf
30,Lab_value,100/60 60 beats/min,0.9932194948196411,1,/content/drive/MyDrive/MACROBATT/INPUT_PDF_FILES/28353569.pdf
31,Sign_symptom,jaundice,0.999189555644989,1,/content/drive/MyDrive/MACROBATT/INPUT_PDF_FILES/28353569.pdf
32,Sign_symptom,jaundice rebound,0.9939730763435364,1,/content/drive/MyDrive/MACROBATT/INPUT_PDF_FILES/28353569.pdf
33,Sign_symptom,stigmata of soft chronic liver,0.9426910281181335,1,/content/drive/MyDrive/MACROBATT/INPUT_PDF_FILES/28353569.pdf
34,Sign_symptom,soft,0.8905194997787476,1,/content/drive/MyDrive/MACROBATT/INPUT_PDF_FILES/28353569.pdf
35,Biological_structure,abdomen,0.9998237490653992,1,/content/drive/MyDrive/MACROBATT/INPUT_PDF_FILES/28353569.pdf
36,Severity,mild,0.9995310306549072,1,/content/drive/MyDrive/MACROBATT/INPUT_PDF_FILES/28353569.pdf
37,Biological_structure,epigastric,0.9997817873954773,1,/content/drive/MyDrive/MACROBATT/INPUT_PDF_FILES/28353569.pdf
38,Sign_symptom,tenderness tenderness,0.9979060888290405,1,/content/drive/MyDrive/MACROBATT/INPUT_PDF_FILES/28353569.pdf
39,Detailed_description,rebound,0.9999028444290161,1,/content/drive/MyDrive/MACROBATT/INPUT_PDF_FILES/28353569.pdf
40,Biological_structure,abdominal abdominal,0.999900221824646,1,/content/drive/MyDrive/MACROBATT/INPUT_PDF_FILES/28353569.pdf
41,Detailed_description,pulse pulsatile,0.97166508436203,1,/content/drive/MyDrive/MACROBATT/INPUT_PDF_FILES/28353569.pdf
42,Diagnostic_procedure,Rectal examination,0.9999310374259949,1,/content/drive/MyDrive/MACROBATT/INPUT_PDF_FILES/28353569.pdf
43,Diagnostic_procedure,Laboratory tests,0.9999631643295288,1,/content/drive/MyDrive/MACROBATT/INPUT_PDF_FILES/28353569.pdf
44,Diagnostic_procedure,hemoglobin,0.9694377779960632,1,/content/drive/MyDrive/MACROBATT/INPUT_PDF_FILES/28353569.pdf
45,Lab_value,12.5,0.9999064207077026,1,/content/drive/MyDrive/MACROBATT/INPUT_PDF_FILES/28353569.pdf
46,Diagnostic_procedure,platelets,0.9998915195465088,1,/content/drive/MyDrive/MACROBATT/INPUT_PDF_FILES/28353569.pdf
47,Lab_value,"301,000/mL",0.9993261098861694,1,/content/drive/MyDrive/MACROBATT/INPUT_PDF_FILES/28353569.pdf
48,Diagnostic_procedure,INR,0.9989498853683472,1,/content/drive/MyDrive/MACROBATT/INPUT_PDF_FILES/28353569.pdf
49,Diagnostic_procedure,blood urea nitrogen,0.9995137453079224,1,/content/drive/MyDrive/MACROBATT/INPUT_PDF_FILES/28353569.pdf
50,Diagnostic_procedure,creatinine,0.9999724626541138,1,/content/drive/MyDrive/MACROBATT/INPUT_PDF_FILES/28353569.pdf
51,Diagnostic_procedure,Serum aspartate aminotransferase aminotransferase,0.9999405741691589,1,/content/drive/MyDrive/MACROBATT/INPUT_PDF_FILES/28353569.pdf
52,Diagnostic_procedure,alanine aminotransferase aminotransferase,0.9997915625572205,1,/content/drive/MyDrive/MACROBATT/INPUT_PDF_FILES/28353569.pdf
53,Diagnostic_procedure,total bilirubin,0.9999033212661743,1,/content/drive/MyDrive/MACROBATT/INPUT_PDF_FILES/28353569.pdf
54,Lab_value,0.6,0.999943733215332,1,/content/drive/MyDrive/MACROBATT/INPUT_PDF_FILES/28353569.pdf
55,Diagnostic_procedure,alkaline phosphatase,0.9981587529182434,1,/content/drive/MyDrive/MACROBATT/INPUT_PDF_FILES/28353569.pdf
56,Diagnostic_procedure,albumin,0.999908447265625,1,/content/drive/MyDrive/MACROBATT/INPUT_PDF_FILES/28353569.pdf
57,Lab_value,64 4.4,0.9999399185180664,1,/content/drive/MyDrive/MACROBATT/INPUT_PDF_FILES/28353569.pdf
58,Diagnostic_procedure,lipase,0.999920129776001,1,/content/drive/MyDrive/MACROBATT/INPUT_PDF_FILES/28353569.pdf
59,Lab_value,declined acutely,0.9998794794082642,1,/content/drive/MyDrive/MACROBATT/INPUT_PDF_FILES/28353569.pdf
60,Lab_value,9.3 hemoglobin g/dL,0.9999157190322876,1,/content/drive/MyDrive/MACROBATT/INPUT_PDF_FILES/28353569.pdf
61,Biological_structure,Abdomino-pelvic,0.853073000907898,1,/content/drive/MyDrive/MACROBATT/INPUT_PDF_FILES/28353569.pdf
62,Biological_structure,Abdomino-pelvic intravenous normal normal,0.8881134390830994,1,/content/drive/MyDrive/MACROBATT/INPUT_PDF_FILES/28353569.pdf
63,Diagnostic_procedure,computerized tomography,0.9988073706626892,1,/content/drive/MyDrive/MACROBATT/INPUT_PDF_FILES/28353569.pdf
64,Diagnostic_procedure,( (,0.7314165234565735,1,/content/drive/MyDrive/MACROBATT/INPUT_PDF_FILES/28353569.pdf
65,Administration,intravenous,0.6347969770431519,1,/content/drive/MyDrive/MACROBATT/INPUT_PDF_FILES/28353569.pdf
66,Detailed_description,intravenous contrast,0.9694337248802185,1,/content/drive/MyDrive/MACROBATT/INPUT_PDF_FILES/28353569.pdf
67,Distance,5-cm,0.998835563659668,1,/content/drive/MyDrive/MACROBATT/INPUT_PDF_FILES/28353569.pdf
68,Detailed_description,irregular,0.9998472929000854,1,/content/drive/MyDrive/MACROBATT/INPUT_PDF_FILES/28353569.pdf
69,Biological_structure,pancreatic/peripancreatic,0.9998972415924072,1,/content/drive/MyDrive/MACROBATT/INPUT_PDF_FILES/28353569.pdf
70,Biological_structure,pancreatic/peripancreatic and and,0.9827568531036377,1,/content/drive/MyDrive/MACROBATT/INPUT_PDF_FILES/28353569.pdf
71,Sign_symptom,computerized compressing,0.999883770942688,1,/content/drive/MyDrive/MACROBATT/INPUT_PDF_FILES/28353569.pdf
72,Sign_symptom,compressing,0.9997734427452087,1,/content/drive/MyDrive/MACROBATT/INPUT_PDF_FILES/28353569.pdf
73,Biological_structure,lesser curvature,0.9999409317970276,1,/content/drive/MyDrive/MACROBATT/INPUT_PDF_FILES/28353569.pdf
74,Biological_structure,stomach,0.999951958656311,1,/content/drive/MyDrive/MACROBATT/INPUT_PDF_FILES/28353569.pdf
75,Lab_value,normal normal,0.9998893737792969,1,/content/drive/MyDrive/MACROBATT/INPUT_PDF_FILES/28353569.pdf
76,Biological_structure,SV SV,0.9999505281448364,1,/content/drive/MyDrive/MACROBATT/INPUT_PDF_FILES/28353569.pdf
77,Sign_symptom,compression,0.9999487400054932,1,/content/drive/MyDrive/MACROBATT/INPUT_PDF_FILES/28353569.pdf
78,Lab_value,pathophysiologically significant,0.9875518083572388,1,/content/drive/MyDrive/MACROBATT/INPUT_PDF_FILES/28353569.pdf
79,Diagnostic_procedure,EGD,0.9992746710777283,1,/content/drive/MyDrive/MACROBATT/INPUT_PDF_FILES/28353569.pdf
80,Biological_structure,proximal,0.988105297088623,1,/content/drive/MyDrive/MACROBATT/INPUT_PDF_FILES/28353569.pdf
81,Biological_structure,stomach stomach,0.9999054670333862,1,/content/drive/MyDrive/MACROBATT/INPUT_PDF_FILES/28353569.pdf
82,Detailed_description,pale-white,0.6165333986282349,1,/content/drive/MyDrive/MACROBATT/INPUT_PDF_FILES/28353569.pdf
83,Detailed_description,polygonal,0.820979118347168,1,/content/drive/MyDrive/MACROBATT/INPUT_PDF_FILES/28353569.pdf
84,Sign_symptom,network,0.9854534864425659,1,/content/drive/MyDrive/MACROBATT/INPUT_PDF_FILES/28353569.pdf
85,Texture,snakeskin,0.9590964913368225,1,/content/drive/MyDrive/MACROBATT/INPUT_PDF_FILES/28353569.pdf
86,Disease_disorder,gastropathy gastric,0.9992517828941345,1,/content/drive/MyDrive/MACROBATT/INPUT_PDF_FILES/28353569.pdf
87,Disease_disorder,gastropathy,0.838089108467102,1,/content/drive/MyDrive/MACROBATT/INPUT_PDF_FILES/28353569.pdf
88,Severity,extensive,0.748001754283905,1,/content/drive/MyDrive/MACROBATT/INPUT_PDF_FILES/28353569.pdf
89,Detailed_description,coffee-ground,0.9090071320533752,1,/content/drive/MyDrive/MACROBATT/INPUT_PDF_FILES/28353569.pdf
90,Sign_symptom,blood clots,0.9997143149375916,1,/content/drive/MyDrive/MACROBATT/INPUT_PDF_FILES/28353569.pdf
91,Biological_structure,cardial,0.8260706067085266,1,/content/drive/MyDrive/MACROBATT/INPUT_PDF_FILES/28353569.pdf
92,Biological_structure,fundal,0.999772310256958,1,/content/drive/MyDrive/MACROBATT/INPUT_PDF_FILES/28353569.pdf
93,Sign_symptom,varices varices,0.9999524354934692,1,/content/drive/MyDrive/MACROBATT/INPUT_PDF_FILES/28353569.pdf
94,Sign_symptom,stigmata,0.9982256889343262,1,/content/drive/MyDrive/MACROBATT/INPUT_PDF_FILES/28353569.pdf
95,Sign_symptom,hemorrhage,0.511737585067749,1,/content/drive/MyDrive/MACROBATT/INPUT_PDF_FILES/28353569.pdf
96,Coreference,mass,0.9995378255844116,1,/content/drive/MyDrive/MACROBATT/INPUT_PDF_FILES/28353569.pdf
97,Detailed_description,large,0.9982746839523315,1,/content/drive/MyDrive/MACROBATT/INPUT_PDF_FILES/28353569.pdf
98,Shape,round,0.9979062080383301,1,/content/drive/MyDrive/MACROBATT/INPUT_PDF_FILES/28353569.pdf
99,Sign_symptom,bulge,0.9924260377883911,1,/content/drive/MyDrive/MACROBATT/INPUT_PDF_FILES/28353569.pdf
100,Biological_structure,gastric,0.9999428987503052,1,/content/drive/MyDrive/MACROBATT/INPUT_PDF_FILES/28353569.pdf
101,Diagnostic_procedure,Magnetic resonance cholangio-pancreatography,0.9997202754020691,1,/content/drive/MyDrive/MACROBATT/INPUT_PDF_FILES/28353569.pdf
102,Diagnostic_procedure,MRCP,0.9995923638343811,1,/content/drive/MyDrive/MACROBATT/INPUT_PDF_FILES/28353569.pdf
103,Detailed_description,enhancing,0.9811681509017944,1,/content/drive/MyDrive/MACROBATT/INPUT_PDF_FILES/28353569.pdf
104,Biological_structure,vascular,0.9999221563339233,1,/content/drive/MyDrive/MACROBATT/INPUT_PDF_FILES/28353569.pdf
105,Biological_structure,arising from the the the the the the LGA,0.9998242259025574,1,/content/drive/MyDrive/MACROBATT/INPUT_PDF_FILES/28353569.pdf
106,Biological_structure,cholangio-pancreatography pancreatic,0.9999496936798096,1,/content/drive/MyDrive/MACROBATT/INPUT_PDF_FILES/28353569.pdf
107,Biological_structure,pancreatic,0.9674057960510254,1,/content/drive/MyDrive/MACROBATT/INPUT_PDF_FILES/28353569.pdf
108,Sign_symptom,compressing compressing,0.9999573230743408,1,/content/drive/MyDrive/MACROBATT/INPUT_PDF_FILES/28353569.pdf
109,Sign_symptom,collateral veins,0.9984005689620972,1,/content/drive/MyDrive/MACROBATT/INPUT_PDF_FILES/28353569.pdf
110,Biological_structure,superior mesenteric veins vein,0.9998995661735535,1,/content/drive/MyDrive/MACROBATT/INPUT_PDF_FILES/28353569.pdf
111,Biological_structure,Abdominal,0.999962329864502,1,/content/drive/MyDrive/MACROBATT/INPUT_PDF_FILES/28353569.pdf
112,Diagnostic_procedure,ultrasound,0.999954104423523,1,/content/drive/MyDrive/MACROBATT/INPUT_PDF_FILES/28353569.pdf
113,Detailed_description,Doppler studies,0.999913215637207,1,/content/drive/MyDrive/MACROBATT/INPUT_PDF_FILES/28353569.pdf
114,Detailed_description,large large,0.9976112842559814,1,/content/drive/MyDrive/MACROBATT/INPUT_PDF_FILES/28353569.pdf
115,Detailed_description,turbulent,0.999835729598999,1,/content/drive/MyDrive/MACROBATT/INPUT_PDF_FILES/28353569.pdf
116,Biological_structure,arterial,0.9998992681503296,1,/content/drive/MyDrive/MACROBATT/INPUT_PDF_FILES/28353569.pdf
117,Sign_symptom,flow,0.9998176693916321,1,/content/drive/MyDrive/MACROBATT/INPUT_PDF_FILES/28353569.pdf
118,Detailed_description,Visceral,0.9999649524688721,1,/content/drive/MyDrive/MACROBATT/INPUT_PDF_FILES/28353569.pdf
119,Diagnostic_procedure,arteriogram,0.9974682927131653,1,/content/drive/MyDrive/MACROBATT/INPUT_PDF_FILES/28353569.pdf
120,Volume,5.3 × 2.2-cm-wide,0.9698951840400696,1,/content/drive/MyDrive/MACROBATT/INPUT_PDF_FILES/28353569.pdf
121,Biological_structure,LGA branch,0.9998304843902588,1,/content/drive/MyDrive/MACROBATT/INPUT_PDF_FILES/28353569.pdf
122,Therapeutic_procedure,embolized,0.9999023675918579,1,/content/drive/MyDrive/MACROBATT/INPUT_PDF_FILES/28353569.pdf
123,Therapeutic_procedure,arteriogram showed embolized occluded microcoils,0.9998425245285034,1,/content/drive/MyDrive/MACROBATT/INPUT_PDF_FILES/28353569.pdf
124,Therapeutic_procedure,occluded,0.9997033476829529,1,/content/drive/MyDrive/MACROBATT/INPUT_PDF_FILES/28353569.pdf
125,Detailed_description,microcoils,0.9982905387878418,1,/content/drive/MyDrive/MACROBATT/INPUT_PDF_FILES/28353569.pdf
126,Date,Eight weeks,0.9997996091842651,1,/content/drive/MyDrive/MACROBATT/INPUT_PDF_FILES/28353569.pdf
127,Lab_value,stable,0.9998793601989746,1,/content/drive/MyDrive/MACROBATT/INPUT_PDF_FILES/28353569.pdf
128,Biological_structure,Abdomino-pelvic no,0.7324817180633545,1,/content/drive/MyDrive/MACROBATT/INPUT_PDF_FILES/28353569.pdf
129,Biological_structure,Abdomino-pelvic markedly microcoils blood flow,0.9186955094337463,1,/content/drive/MyDrive/MACROBATT/INPUT_PDF_FILES/28353569.pdf
130,Diagnostic_procedure,angiography,0.9998254179954529,1,/content/drive/MyDrive/MACROBATT/INPUT_PDF_FILES/28353569.pdf
131,Lab_value,decreased,0.9990412592887878,1,/content/drive/MyDrive/MACROBATT/INPUT_PDF_FILES/28353569.pdf
