,Entity Group,Value,Score,Page,Pdf File
0,Age,16-year-old,0.9975231289863586,1,/content/drive/MyDrive/MACROBATT/INPUT_PDF_FILES/28353561.pdf
1,Sex,female,0.9996131062507629,1,/content/drive/MyDrive/MACROBATT/INPUT_PDF_FILES/28353561.pdf
2,Biological_structure,abdominal,0.9999576807022095,1,/content/drive/MyDrive/MACROBATT/INPUT_PDF_FILES/28353561.pdf
3,Sign_symptom,pain,0.999967098236084,1,/content/drive/MyDrive/MACROBATT/INPUT_PDF_FILES/28353561.pdf
4,Duration,more than 10 days,0.9109220504760742,1,/content/drive/MyDrive/MACROBATT/INPUT_PDF_FILES/28353561.pdf
5,Detailed_description,ascaris-like,0.9520473480224609,1,/content/drive/MyDrive/MACROBATT/INPUT_PDF_FILES/28353561.pdf
6,Sign_symptom,worms,0.999893069267273,1,/content/drive/MyDrive/MACROBATT/INPUT_PDF_FILES/28353561.pdf
7,Sign_symptom,vomited,0.999840259552002,1,/content/drive/MyDrive/MACROBATT/INPUT_PDF_FILES/28353561.pdf
8,Detailed_description,previous onset,0.9998775720596313,1,/content/drive/MyDrive/MACROBATT/INPUT_PDF_FILES/28353561.pdf
9,Disease_disorder,ascariasis,0.9919883012771606,1,/content/drive/MyDrive/MACROBATT/INPUT_PDF_FILES/28353561.pdf
10,Lab_value,low-grade,0.6560907959938049,1,/content/drive/MyDrive/MACROBATT/INPUT_PDF_FILES/28353561.pdf
11,Sign_symptom,fever,0.9999240636825562,1,/content/drive/MyDrive/MACROBATT/INPUT_PDF_FILES/28353561.pdf
12,Lab_value,38.4°C,0.9982524514198303,1,/content/drive/MyDrive/MACROBATT/INPUT_PDF_FILES/28353561.pdf
13,Sign_symptom,jaundice,0.9999053478240967,1,/content/drive/MyDrive/MACROBATT/INPUT_PDF_FILES/28353561.pdf
14,Sign_symptom,diarrhea,0.9903454184532166,1,/content/drive/MyDrive/MACROBATT/INPUT_PDF_FILES/28353561.pdf
15,Diagnostic_procedure,Physical examination,0.999830961227417,1,/content/drive/MyDrive/MACROBATT/INPUT_PDF_FILES/28353561.pdf
16,Sign_symptom,tenderness,0.9999549388885498,1,/content/drive/MyDrive/MACROBATT/INPUT_PDF_FILES/28353561.pdf
17,Biological_structure,right,0.8891929388046265,1,/content/drive/MyDrive/MACROBATT/INPUT_PDF_FILES/28353561.pdf
18,Diagnostic_procedure,total leukocyte count,0.9999389052391052,1,/content/drive/MyDrive/MACROBATT/INPUT_PDF_FILES/28353561.pdf
19,Lab_value,11.2 G/L,0.999910295009613,1,/content/drive/MyDrive/MACROBATT/INPUT_PDF_FILES/28353561.pdf
20,Lab_value,5.2,0.9634735584259033,1,/content/drive/MyDrive/MACROBATT/INPUT_PDF_FILES/28353561.pdf
21,Lab_value,Her leukocyte eosinophils,0.9149814248085022,1,/content/drive/MyDrive/MACROBATT/INPUT_PDF_FILES/28353561.pdf
22,Biological_structure,Serum,0.9999548196792603,1,/content/drive/MyDrive/MACROBATT/INPUT_PDF_FILES/28353561.pdf
23,Biological_structure,urine,0.999950647354126,1,/content/drive/MyDrive/MACROBATT/INPUT_PDF_FILES/28353561.pdf
24,Diagnostic_procedure,amylase,0.9999310374259949,1,/content/drive/MyDrive/MACROBATT/INPUT_PDF_FILES/28353561.pdf
25,Lab_value,386,0.9998595714569092,1,/content/drive/MyDrive/MACROBATT/INPUT_PDF_FILES/28353561.pdf
26,Lab_value,928,0.9794623851776123,1,/content/drive/MyDrive/MACROBATT/INPUT_PDF_FILES/28353561.pdf
27,Diagnostic_procedure,total bilirubin,0.999899685382843,1,/content/drive/MyDrive/MACROBATT/INPUT_PDF_FILES/28353561.pdf
28,Lab_value,rose,0.9988678693771362,1,/content/drive/MyDrive/MACROBATT/INPUT_PDF_FILES/28353561.pdf
29,Lab_value,23.2 μm/L,0.9984648823738098,1,/content/drive/MyDrive/MACROBATT/INPUT_PDF_FILES/28353561.pdf
30,Diagnostic_procedure,the the hepatic,0.9999455213546753,1,/content/drive/MyDrive/MACROBATT/INPUT_PDF_FILES/28353561.pdf
31,Diagnostic_procedure,hepatic enzymes,0.9996218681335449,1,/content/drive/MyDrive/MACROBATT/INPUT_PDF_FILES/28353561.pdf
32,Lab_value,elevated,0.999933123588562,1,/content/drive/MyDrive/MACROBATT/INPUT_PDF_FILES/28353561.pdf
33,Diagnostic_procedure,alanine aminotransferase aminotransferase,0.9959865212440491,1,/content/drive/MyDrive/MACROBATT/INPUT_PDF_FILES/28353561.pdf
34,Lab_value,163,0.9998856782913208,1,/content/drive/MyDrive/MACROBATT/INPUT_PDF_FILES/28353561.pdf
35,Diagnostic_procedure,aminotransferase aspartate aminotransferase,0.9999514818191528,1,/content/drive/MyDrive/MACROBATT/INPUT_PDF_FILES/28353561.pdf
36,Diagnostic_procedure,aspartate aminotransferase aminotransferase,0.7926508188247681,1,/content/drive/MyDrive/MACROBATT/INPUT_PDF_FILES/28353561.pdf
37,Biological_structure,Abdominal,0.999961256980896,1,/content/drive/MyDrive/MACROBATT/INPUT_PDF_FILES/28353561.pdf
38,Diagnostic_procedure,ultrasound,0.9998737573623657,1,/content/drive/MyDrive/MACROBATT/INPUT_PDF_FILES/28353561.pdf
39,Sign_symptom,enlargement segment,0.9998997449874878,1,/content/drive/MyDrive/MACROBATT/INPUT_PDF_FILES/28353561.pdf
40,Sign_symptom,enlargement,0.9996869564056396,1,/content/drive/MyDrive/MACROBATT/INPUT_PDF_FILES/28353561.pdf
41,Biological_structure,gallbladder,0.9894434809684753,1,/content/drive/MyDrive/MACROBATT/INPUT_PDF_FILES/28353561.pdf
42,Biological_structure,upper segment of of common bile bile duct duct,0.9998481869697571,1,/content/drive/MyDrive/MACROBATT/INPUT_PDF_FILES/28353561.pdf
43,Distance,1.5 cm cm,0.9960473775863647,1,/content/drive/MyDrive/MACROBATT/INPUT_PDF_FILES/28353561.pdf
44,Biological_structure,intrahepatic bile bile duct duct,0.9998902678489685,1,/content/drive/MyDrive/MACROBATT/INPUT_PDF_FILES/28353561.pdf
45,Distance,1.3 cm cm,0.996810793876648,1,/content/drive/MyDrive/MACROBATT/INPUT_PDF_FILES/28353561.pdf
46,Biological_structure,intrahepatic bile duct,0.999894917011261,1,/content/drive/MyDrive/MACROBATT/INPUT_PDF_FILES/28353561.pdf
47,Sign_symptom,echogenic,0.9986839890480042,1,/content/drive/MyDrive/MACROBATT/INPUT_PDF_FILES/28353561.pdf
48,Sign_symptom,banded,0.9064472317695618,1,/content/drive/MyDrive/MACROBATT/INPUT_PDF_FILES/28353561.pdf
49,Biological_structure,biliary biliary,0.9999328851699829,1,/content/drive/MyDrive/MACROBATT/INPUT_PDF_FILES/28353561.pdf
50,Disease_disorder,Based was as ascariasis,0.9996914863586426,1,/content/drive/MyDrive/MACROBATT/INPUT_PDF_FILES/28353561.pdf
51,Detailed_description,laparoscopic,0.6384423971176147,1,/content/drive/MyDrive/MACROBATT/INPUT_PDF_FILES/28353561.pdf
52,Sign_symptom,enlarged,0.9999072551727295,1,/content/drive/MyDrive/MACROBATT/INPUT_PDF_FILES/28353561.pdf
53,Biological_structure,common bile duct,0.9998998045921326,1,/content/drive/MyDrive/MACROBATT/INPUT_PDF_FILES/28353561.pdf
54,Severity,massive storage,0.9919935464859009,1,/content/drive/MyDrive/MACROBATT/INPUT_PDF_FILES/28353561.pdf
55,Biological_structure,bile biliary,0.999963641166687,1,/content/drive/MyDrive/MACROBATT/INPUT_PDF_FILES/28353561.pdf
56,Biological_structure,biliary,0.9913429021835327,1,/content/drive/MyDrive/MACROBATT/INPUT_PDF_FILES/28353561.pdf
57,Distance,1 Fig.1 cm,0.9996511340141296,1,/content/drive/MyDrive/MACROBATT/INPUT_PDF_FILES/28353561.pdf
58,Therapeutic_procedure,incision,0.7550889253616333,1,/content/drive/MyDrive/MACROBATT/INPUT_PDF_FILES/28353561.pdf
59,Therapeutic_procedure,extraction,0.9985132813453674,1,/content/drive/MyDrive/MACROBATT/INPUT_PDF_FILES/28353561.pdf
60,Therapeutic_procedure,placed into a was made facilitate extraction pathogenic placed a bag laparoscopically specimen bag,0.9984005689620972,1,/content/drive/MyDrive/MACROBATT/INPUT_PDF_FILES/28353561.pdf
61,Detailed_description,laparoscopically,0.9798116087913513,1,/content/drive/MyDrive/MACROBATT/INPUT_PDF_FILES/28353561.pdf
62,Sign_symptom,worms worms,0.9999455213546753,1,/content/drive/MyDrive/MACROBATT/INPUT_PDF_FILES/28353561.pdf
63,Diagnostic_procedure,chodedochoscopy,0.9999278783798218,1,/content/drive/MyDrive/MACROBATT/INPUT_PDF_FILES/28353561.pdf
64,Detailed_description,hidden,0.9999322891235352,1,/content/drive/MyDrive/MACROBATT/INPUT_PDF_FILES/28353561.pdf
65,Therapeutic_procedure,T-tube placed,0.9997889995574951,1,/content/drive/MyDrive/MACROBATT/INPUT_PDF_FILES/28353561.pdf
66,Therapeutic_procedure,cholecystectomy,0.9999191761016846,1,/content/drive/MyDrive/MACROBATT/INPUT_PDF_FILES/28353561.pdf
67,Therapeutic_procedure,removal,0.9998095631599426,1,/content/drive/MyDrive/MACROBATT/INPUT_PDF_FILES/28353561.pdf
68,Therapeutic_procedure,drainage tube placement,0.9998134970664978,1,/content/drive/MyDrive/MACROBATT/INPUT_PDF_FILES/28353561.pdf
69,Lab_value,more than 100,0.999854564666748,1,/content/drive/MyDrive/MACROBATT/INPUT_PDF_FILES/28353561.pdf
70,Administration,oral,0.999570906162262,1,/content/drive/MyDrive/MACROBATT/INPUT_PDF_FILES/28353561.pdf
71,Medication,antihelminthic,0.9994809031486511,1,/content/drive/MyDrive/MACROBATT/INPUT_PDF_FILES/28353561.pdf
72,Medication,antihelminthic drugs,0.9903868436813354,1,/content/drive/MyDrive/MACROBATT/INPUT_PDF_FILES/28353561.pdf
73,Therapeutic_procedure,T-tube was washed rinsed with saline,0.9996936321258545,1,/content/drive/MyDrive/MACROBATT/INPUT_PDF_FILES/28353561.pdf
74,Lab_value,smooth,0.9993364214897156,1,/content/drive/MyDrive/MACROBATT/INPUT_PDF_FILES/28353561.pdf
75,Therapeutic_procedure,postoperative recovery,0.999620795249939,1,/content/drive/MyDrive/MACROBATT/INPUT_PDF_FILES/28353561.pdf
76,Clinical_event,discharged,0.9997655749320984,1,/content/drive/MyDrive/MACROBATT/INPUT_PDF_FILES/28353561.pdf
77,Nonbiological_location,from hospital,0.9848942756652832,1,/content/drive/MyDrive/MACROBATT/INPUT_PDF_FILES/28353561.pdf
