,Entity Group,Value,Score,Page,Pdf File
0,Age,69-year-old,0.9984624981880188,1,/content/drive/MyDrive/MACROBATT/INPUT_PDF_FILES/28353604.pdf
1,Sex,man,0.9998106360435486,1,/content/drive/MyDrive/MACROBATT/INPUT_PDF_FILES/28353604.pdf
2,Detailed_description,exertional,0.934073269367218,1,/content/drive/MyDrive/MACROBATT/INPUT_PDF_FILES/28353604.pdf
3,Sign_symptom,69-year-old dyspnea,0.9999440908432007,1,/content/drive/MyDrive/MACROBATT/INPUT_PDF_FILES/28353604.pdf
4,Sign_symptom,dyspnea,0.9999282360076904,1,/content/drive/MyDrive/MACROBATT/INPUT_PDF_FILES/28353604.pdf
5,History,"smoking for more than 40 years , 20 cigarettes per day",0.9991481304168701,1,/content/drive/MyDrive/MACROBATT/INPUT_PDF_FILES/28353604.pdf
6,Biological_structure,lung,0.9997448325157166,1,/content/drive/MyDrive/MACROBATT/INPUT_PDF_FILES/28353604.pdf
7,History,past medical history was unremarkable,0.9994925260543823,1,/content/drive/MyDrive/MACROBATT/INPUT_PDF_FILES/28353604.pdf
8,History,no occupational,0.6271361112594604,1,/content/drive/MyDrive/MACROBATT/INPUT_PDF_FILES/28353604.pdf
9,Sign_symptom,dyspnea admitted Shunde echocardiography and computed,0.989082932472229,1,/content/drive/MyDrive/MACROBATT/INPUT_PDF_FILES/28353604.pdf
10,Clinical_event,admitted,0.9998714923858643,1,/content/drive/MyDrive/MACROBATT/INPUT_PDF_FILES/28353604.pdf
11,Nonbiological_location,People 's Hospital of Shunde District,0.9996735453605652,1,/content/drive/MyDrive/MACROBATT/INPUT_PDF_FILES/28353604.pdf
12,Diagnostic_procedure,echocardiography,0.9999340176582336,1,/content/drive/MyDrive/MACROBATT/INPUT_PDF_FILES/28353604.pdf
13,Diagnostic_procedure,computed tomography,0.9998917579650879,1,/content/drive/MyDrive/MACROBATT/INPUT_PDF_FILES/28353604.pdf
14,Diagnostic_procedure,pulmonary angiography,0.9064476490020752,1,/content/drive/MyDrive/MACROBATT/INPUT_PDF_FILES/28353604.pdf
15,Diagnostic_procedure,CTPA,0.9841153621673584,1,/content/drive/MyDrive/MACROBATT/INPUT_PDF_FILES/28353604.pdf
16,Diagnostic_procedure,Echocardiography,0.9996046423912048,1,/content/drive/MyDrive/MACROBATT/INPUT_PDF_FILES/28353604.pdf
17,Severity,severe,0.999798595905304,1,/content/drive/MyDrive/MACROBATT/INPUT_PDF_FILES/28353604.pdf
18,Disease_disorder,PAH PAP,0.9998741149902344,1,/content/drive/MyDrive/MACROBATT/INPUT_PDF_FILES/28353604.pdf
19,Diagnostic_procedure,pulmonary arterial pressure,0.8276293277740479,1,/content/drive/MyDrive/MACROBATT/INPUT_PDF_FILES/28353604.pdf
20,Lab_value,104,0.9998679161071777,1,/content/drive/MyDrive/MACROBATT/INPUT_PDF_FILES/28353604.pdf
21,Biological_structure,right right heart,0.9999318718910217,1,/content/drive/MyDrive/MACROBATT/INPUT_PDF_FILES/28353604.pdf
22,Sign_symptom,enlarged,0.9999358654022217,1,/content/drive/MyDrive/MACROBATT/INPUT_PDF_FILES/28353604.pdf
23,Biological_structure,right right ventricle,0.9998518228530884,1,/content/drive/MyDrive/MACROBATT/INPUT_PDF_FILES/28353604.pdf
24,Disease_disorder,CTPA PAH,0.9995463490486145,1,/content/drive/MyDrive/MACROBATT/INPUT_PDF_FILES/28353604.pdf
25,Disease_disorder,that thrombus the the,0.9999016523361206,1,/content/drive/MyDrive/MACROBATT/INPUT_PDF_FILES/28353604.pdf
26,Disease_disorder,thrombus,0.7554662823677063,1,/content/drive/MyDrive/MACROBATT/INPUT_PDF_FILES/28353604.pdf
27,Biological_structure,lobe,0.9836313724517822,1,/content/drive/MyDrive/MACROBATT/INPUT_PDF_FILES/28353604.pdf
28,Disease_disorder,PAH,0.999810516834259,1,/content/drive/MyDrive/MACROBATT/INPUT_PDF_FILES/28353604.pdf
29,History,"did not have connective tissue disease , , , , , drug use , , , , , history of chemotherapy , , , , , history or HIV test (",0.9991875886917114,1,/content/drive/MyDrive/MACROBATT/INPUT_PDF_FILES/28353604.pdf
30,Disease_disorder,IPAH,0.999543309211731,1,/content/drive/MyDrive/MACROBATT/INPUT_PDF_FILES/28353604.pdf
31,History,HIV IPAH,0.9904444813728333,1,/content/drive/MyDrive/MACROBATT/INPUT_PDF_FILES/28353604.pdf
32,Medication,warfarin,0.9998894929885864,1,/content/drive/MyDrive/MACROBATT/INPUT_PDF_FILES/28353604.pdf
33,Dosage,2.5 2.5 mg mg per per day day,0.998340904712677,1,/content/drive/MyDrive/MACROBATT/INPUT_PDF_FILES/28353604.pdf
34,Diagnostic_procedure,INR,0.9951800107955933,1,/content/drive/MyDrive/MACROBATT/INPUT_PDF_FILES/28353604.pdf
35,Medication,slidenafil,0.9998865127563477,1,/content/drive/MyDrive/MACROBATT/INPUT_PDF_FILES/28353604.pdf
36,Medication,international slidenafil,0.9624361395835876,1,/content/drive/MyDrive/MACROBATT/INPUT_PDF_FILES/28353604.pdf
37,Sign_symptom,dyspnea relieved medications and retested echocardiography decreased and failed medications,0.9999569654464722,1,/content/drive/MyDrive/MACROBATT/INPUT_PDF_FILES/28353604.pdf
38,Medication,medications medications,0.9993494153022766,1,/content/drive/MyDrive/MACROBATT/INPUT_PDF_FILES/28353604.pdf
39,Duration,1 month months,0.9994302988052368,1,/content/drive/MyDrive/MACROBATT/INPUT_PDF_FILES/28353604.pdf
40,Diagnostic_procedure,PAP,0.9998397827148438,1,/content/drive/MyDrive/MACROBATT/INPUT_PDF_FILES/28353604.pdf
41,Lab_value,decreased,0.9984962940216064,1,/content/drive/MyDrive/MACROBATT/INPUT_PDF_FILES/28353604.pdf
42,Sign_symptom,other symptoms and and signs,0.9998282790184021,1,/content/drive/MyDrive/MACROBATT/INPUT_PDF_FILES/28353604.pdf
43,Lab_value,failed to symptoms to further improve,0.9999080896377563,1,/content/drive/MyDrive/MACROBATT/INPUT_PDF_FILES/28353604.pdf
44,Date,2011,0.9574652910232544,1,/content/drive/MyDrive/MACROBATT/INPUT_PDF_FILES/28353604.pdf
45,Clinical_event,went,0.9998295307159424,1,/content/drive/MyDrive/MACROBATT/INPUT_PDF_FILES/28353604.pdf
46,Nonbiological_location,Kyorin,0.9869660139083862,1,/content/drive/MyDrive/MACROBATT/INPUT_PDF_FILES/28353604.pdf
47,Nonbiological_location,hospital,0.9960035681724548,1,/content/drive/MyDrive/MACROBATT/INPUT_PDF_FILES/28353604.pdf
48,Nonbiological_location,Japan,0.9991627931594849,1,/content/drive/MyDrive/MACROBATT/INPUT_PDF_FILES/28353604.pdf
49,Biological_structure,Right heart,0.9999148845672607,1,/content/drive/MyDrive/MACROBATT/INPUT_PDF_FILES/28353604.pdf
50,Diagnostic_procedure,catheterization,0.9997597336769104,1,/content/drive/MyDrive/MACROBATT/INPUT_PDF_FILES/28353604.pdf
51,Lab_value,72/34/47 mmHg mmHg,0.917938232421875,1,/content/drive/MyDrive/MACROBATT/INPUT_PDF_FILES/28353604.pdf
52,Diagnostic_procedure,pulmonary pulmonary capillary wedge pressure,0.9916486740112305,1,/content/drive/MyDrive/MACROBATT/INPUT_PDF_FILES/28353604.pdf
53,Diagnostic_procedure,PCWP,0.9341916441917419,1,/content/drive/MyDrive/MACROBATT/INPUT_PDF_FILES/28353604.pdf
54,Lab_value,17/5/10 mmHg mmHg,0.8774634003639221,1,/content/drive/MyDrive/MACROBATT/INPUT_PDF_FILES/28353604.pdf
55,Diagnostic_procedure,cardiac cardiac output,0.9999433755874634,1,/content/drive/MyDrive/MACROBATT/INPUT_PDF_FILES/28353604.pdf
56,Lab_value,4.3 L/min L/min/m2,0.9998382329940796,1,/content/drive/MyDrive/MACROBATT/INPUT_PDF_FILES/28353604.pdf
57,Diagnostic_procedure,cardiac cardiac ejection index,0.9999377131462097,1,/content/drive/MyDrive/MACROBATT/INPUT_PDF_FILES/28353604.pdf
58,Lab_value,2.36 L/min L/min/m2,0.9980433583259583,1,/content/drive/MyDrive/MACROBATT/INPUT_PDF_FILES/28353604.pdf
59,Diagnostic_procedure,pulmonary pulmonary vascular resistance,0.9999542832374573,1,/content/drive/MyDrive/MACROBATT/INPUT_PDF_FILES/28353604.pdf
60,Lab_value,7.3 Wood,0.9998615384101868,1,/content/drive/MyDrive/MACROBATT/INPUT_PDF_FILES/28353604.pdf
61,Disease_disorder,that that the thrombus the the,0.9998993873596191,1,/content/drive/MyDrive/MACROBATT/INPUT_PDF_FILES/28353604.pdf
62,Medication,sildenafil,0.9998965263366699,1,/content/drive/MyDrive/MACROBATT/INPUT_PDF_FILES/28353604.pdf
63,Dosage,20 mg mg mg,0.7715617418289185,1,/content/drive/MyDrive/MACROBATT/INPUT_PDF_FILES/28353604.pdf
64,Medication,so sorafenib,0.9999027252197266,1,/content/drive/MyDrive/MACROBATT/INPUT_PDF_FILES/28353604.pdf
65,Medication,sorafenib,0.8959255814552307,1,/content/drive/MyDrive/MACROBATT/INPUT_PDF_FILES/28353604.pdf
66,Dosage,400,0.713146448135376,1,/content/drive/MyDrive/MACROBATT/INPUT_PDF_FILES/28353604.pdf
67,Dosage,was diagnosed as having treated sildenafil a day and sorafenib a day targeted therapy and oral warfarin anticoagulation therapy day daily was adjusted that was and,0.9313416481018066,1,/content/drive/MyDrive/MACROBATT/INPUT_PDF_FILES/28353604.pdf
68,Disease_disorder,IPAH PAH,0.9133564233779907,1,/content/drive/MyDrive/MACROBATT/INPUT_PDF_FILES/28353604.pdf
69,Administration,oral,0.9996383190155029,1,/content/drive/MyDrive/MACROBATT/INPUT_PDF_FILES/28353604.pdf
70,Therapeutic_procedure,anticoagulation therapy therapy,0.9956886172294617,1,/content/drive/MyDrive/MACROBATT/INPUT_PDF_FILES/28353604.pdf
71,Sign_symptom,dyspnea relieved and tested echocardiography around,0.9999581575393677,1,/content/drive/MyDrive/MACROBATT/INPUT_PDF_FILES/28353604.pdf
72,Date,September 2011,0.7143489122390747,1,/content/drive/MyDrive/MACROBATT/INPUT_PDF_FILES/28353604.pdf
73,Clinical_event,visited,0.9995200634002686,1,/content/drive/MyDrive/MACROBATT/INPUT_PDF_FILES/28353604.pdf
74,Nonbiological_location,Shanghai,0.9929972290992737,1,/content/drive/MyDrive/MACROBATT/INPUT_PDF_FILES/28353604.pdf
75,Nonbiological_location,China,0.9951183795928955,1,/content/drive/MyDrive/MACROBATT/INPUT_PDF_FILES/28353604.pdf
76,Sign_symptom,visited dyspnea,0.9998946189880371,1,/content/drive/MyDrive/MACROBATT/INPUT_PDF_FILES/28353604.pdf
77,Diagnostic_procedure,Arterial blood gas analysis,0.9999594688415527,1,/content/drive/MyDrive/MACROBATT/INPUT_PDF_FILES/28353604.pdf
78,Diagnostic_procedure,PaO2,0.9998725056648254,1,/content/drive/MyDrive/MACROBATT/INPUT_PDF_FILES/28353604.pdf
79,Lab_value,63 mmHg,0.9999282956123352,1,/content/drive/MyDrive/MACROBATT/INPUT_PDF_FILES/28353604.pdf
80,Diagnostic_procedure,oxygen saturation,0.9999586939811707,1,/content/drive/MyDrive/MACROBATT/INPUT_PDF_FILES/28353604.pdf
81,Diagnostic_procedure,lung lungs,0.9524746537208557,1,/content/drive/MyDrive/MACROBATT/INPUT_PDF_FILES/28353604.pdf
82,Diagnostic_procedure,test test,0.9985633492469788,1,/content/drive/MyDrive/MACROBATT/INPUT_PDF_FILES/28353604.pdf
83,Severity,mild,0.9997978806495667,1,/content/drive/MyDrive/MACROBATT/INPUT_PDF_FILES/28353604.pdf
84,Disease_disorder,obstructive interlobular centrilobular,0.9998633861541748,1,/content/drive/MyDrive/MACROBATT/INPUT_PDF_FILES/28353604.pdf
85,Disease_disorder,obstructive dysfunction,0.9993242621421814,1,/content/drive/MyDrive/MACROBATT/INPUT_PDF_FILES/28353604.pdf
86,Biological_structure,pulmonary,0.9172334671020508,1,/content/drive/MyDrive/MACROBATT/INPUT_PDF_FILES/28353604.pdf
87,Diagnostic_procedure,FEV1/FVC FEV1,0.9996581077575684,1,/content/drive/MyDrive/MACROBATT/INPUT_PDF_FILES/28353604.pdf
88,Diagnostic_procedure,FEV1/FVC FEV1 Fig.1A,0.9964836835861206,1,/content/drive/MyDrive/MACROBATT/INPUT_PDF_FILES/28353604.pdf
89,Diagnostic_procedure,FEV1/FVC,0.552354097366333,1,/content/drive/MyDrive/MACROBATT/INPUT_PDF_FILES/28353604.pdf
90,Lab_value,reduction,0.999858021736145,1,/content/drive/MyDrive/MACROBATT/INPUT_PDF_FILES/28353604.pdf
91,Diagnostic_procedure,Prediction diffusing diffuse mediastinal,0.997359573841095,1,/content/drive/MyDrive/MACROBATT/INPUT_PDF_FILES/28353604.pdf
92,Biological_structure,lungs,0.9996376037597656,1,/content/drive/MyDrive/MACROBATT/INPUT_PDF_FILES/28353604.pdf
93,Diagnostic_procedure,carbon monoxide,0.9982166290283203,1,/content/drive/MyDrive/MACROBATT/INPUT_PDF_FILES/28353604.pdf
94,Diagnostic_procedure,DLCO,0.954173743724823,1,/content/drive/MyDrive/MACROBATT/INPUT_PDF_FILES/28353604.pdf
95,Detailed_description,63 62.06 6-minute,0.9999302625656128,1,/content/drive/MyDrive/MACROBATT/INPUT_PDF_FILES/28353604.pdf
96,Detailed_description,6-minute,0.9968679547309875,1,/content/drive/MyDrive/MACROBATT/INPUT_PDF_FILES/28353604.pdf
97,Diagnostic_procedure,walk test test,0.9999333620071411,1,/content/drive/MyDrive/MACROBATT/INPUT_PDF_FILES/28353604.pdf
98,Lab_value,385 mmHg mild pulmonary monoxide 6-minute m. computed tomography smooth enlargement mediastinal lymph,0.9936028718948364,1,/content/drive/MyDrive/MACROBATT/INPUT_PDF_FILES/28353604.pdf
99,Biological_structure,Chest,0.9999167919158936,1,/content/drive/MyDrive/MACROBATT/INPUT_PDF_FILES/28353604.pdf
100,Diagnostic_procedure,high-resolution computed tomography,0.9987311959266663,1,/content/drive/MyDrive/MACROBATT/INPUT_PDF_FILES/28353604.pdf
101,Diagnostic_procedure,HRCT,0.8697903752326965,1,/content/drive/MyDrive/MACROBATT/INPUT_PDF_FILES/28353604.pdf
102,Texture,smooth,0.9985462427139282,1,/content/drive/MyDrive/MACROBATT/INPUT_PDF_FILES/28353604.pdf
103,Sign_symptom,thickening,0.9986969828605652,1,/content/drive/MyDrive/MACROBATT/INPUT_PDF_FILES/28353604.pdf
104,Biological_structure,interlobular septa,0.9861728549003601,1,/content/drive/MyDrive/MACROBATT/INPUT_PDF_FILES/28353604.pdf
105,Sign_symptom,oxygen ventilation thickening centrilobular enlargement,0.9999319314956665,1,/content/drive/MyDrive/MACROBATT/INPUT_PDF_FILES/28353604.pdf
106,Sign_symptom,interlobular centrilobular enlargement,0.9964936375617981,1,/content/drive/MyDrive/MACROBATT/INPUT_PDF_FILES/28353604.pdf
107,Sign_symptom,enlargement,0.9995517134666443,1,/content/drive/MyDrive/MACROBATT/INPUT_PDF_FILES/28353604.pdf
108,Biological_structure,mediastinal,0.9995344877243042,1,/content/drive/MyDrive/MACROBATT/INPUT_PDF_FILES/28353604.pdf
109,Biological_structure,right heart,0.9999243021011353,1,/content/drive/MyDrive/MACROBATT/INPUT_PDF_FILES/28353604.pdf
110,Lab_value,83/34/53 mmHg mmHg,0.9977535009384155,1,/content/drive/MyDrive/MACROBATT/INPUT_PDF_FILES/28353604.pdf
111,Lab_value,14/6/11,0.9342427253723145,1,/content/drive/MyDrive/MACROBATT/INPUT_PDF_FILES/28353604.pdf
112,Diagnostic_procedure,Acute vasodilator testing,0.9999438524246216,1,/content/drive/MyDrive/MACROBATT/INPUT_PDF_FILES/28353604.pdf
113,Diagnostic_procedure,Coronary angiography,0.9998753070831299,1,/content/drive/MyDrive/MACROBATT/INPUT_PDF_FILES/28353604.pdf
114,Diagnostic_procedure,pulmonary ventilation/perfusion ventilation,0.8748363256454468,1,/content/drive/MyDrive/MACROBATT/INPUT_PDF_FILES/28353604.pdf
115,Diagnostic_procedure,ventilation/perfusion perfusion,0.9939308166503906,1,/content/drive/MyDrive/MACROBATT/INPUT_PDF_FILES/28353604.pdf
116,Lab_value,matched,0.6735204458236694,1,/content/drive/MyDrive/MACROBATT/INPUT_PDF_FILES/28353604.pdf
117,Diagnostic_procedure,Bronchoalveolar lavage,0.9997237920761108,2,/content/drive/MyDrive/MACROBATT/INPUT_PDF_FILES/28353604.pdf
118,Lab_value,elevated,0.9991798996925354,2,/content/drive/MyDrive/MACROBATT/INPUT_PDF_FILES/28353604.pdf
119,Biological_structure,hemosiderin-laden macrophages,0.9981240034103394,2,/content/drive/MyDrive/MACROBATT/INPUT_PDF_FILES/28353604.pdf
120,Diagnostic_procedure,Golde score,0.9999005198478699,2,/content/drive/MyDrive/MACROBATT/INPUT_PDF_FILES/28353604.pdf
121,Lab_value,normal,0.9810422658920288,2,/content/drive/MyDrive/MACROBATT/INPUT_PDF_FILES/28353604.pdf
122,Disease_disorder,IPAH,0.9996589422225952,2,/content/drive/MyDrive/MACROBATT/INPUT_PDF_FILES/28353604.pdf
123,Disease_disorder,PVOD,0.9998003840446472,2,/content/drive/MyDrive/MACROBATT/INPUT_PDF_FILES/28353604.pdf
124,Disease_disorder,PAH,0.952338457107544,2,/content/drive/MyDrive/MACROBATT/INPUT_PDF_FILES/28353604.pdf
125,Therapeutic_procedure,anticoagulation anticoagulation,0.998646080493927,2,/content/drive/MyDrive/MACROBATT/INPUT_PDF_FILES/28353604.pdf
126,Medication,warfarin,0.9991297721862793,2,/content/drive/MyDrive/MACROBATT/INPUT_PDF_FILES/28353604.pdf
127,Therapeutic_procedure,anticoagulation anticoagulation treatment treatment,0.9994552731513977,2,/content/drive/MyDrive/MACROBATT/INPUT_PDF_FILES/28353604.pdf
128,Detailed_description,by himself,0.9988479018211365,2,/content/drive/MyDrive/MACROBATT/INPUT_PDF_FILES/28353604.pdf
129,Date,sometime continuously continue warfarin in 2014,0.9997992515563965,2,/content/drive/MyDrive/MACROBATT/INPUT_PDF_FILES/28353604.pdf
130,Diagnostic_procedure,INR,0.9978501796722412,2,/content/drive/MyDrive/MACROBATT/INPUT_PDF_FILES/28353604.pdf
131,Diagnostic_procedure,monitor D-Dimer,0.9999204874038696,2,/content/drive/MyDrive/MACROBATT/INPUT_PDF_FILES/28353604.pdf
132,Sign_symptom,dyspnea developed episodes edema during,0.999962329864502,2,/content/drive/MyDrive/MACROBATT/INPUT_PDF_FILES/28353604.pdf
133,Sign_symptom,dyspnea,0.9987789988517761,2,/content/drive/MyDrive/MACROBATT/INPUT_PDF_FILES/28353604.pdf
134,Date,January 2015,0.9540761709213257,2,/content/drive/MyDrive/MACROBATT/INPUT_PDF_FILES/28353604.pdf
135,Clinical_event,rushed,0.9998414516448975,2,/content/drive/MyDrive/MACROBATT/INPUT_PDF_FILES/28353604.pdf
136,Nonbiological_location,hospital,0.9998051524162292,2,/content/drive/MyDrive/MACROBATT/INPUT_PDF_FILES/28353604.pdf
137,Sign_symptom,rushed dyspnea suddenly exacerbated,0.9999517202377319,2,/content/drive/MyDrive/MACROBATT/INPUT_PDF_FILES/28353604.pdf
138,Diagnostic_procedure,CTPA,0.9993207454681396,2,/content/drive/MyDrive/MACROBATT/INPUT_PDF_FILES/28353604.pdf
139,Disease_disorder,thrombus the,0.999903678894043,2,/content/drive/MyDrive/MACROBATT/INPUT_PDF_FILES/28353604.pdf
140,Disease_disorder,thrombus,0.9998739957809448,2,/content/drive/MyDrive/MACROBATT/INPUT_PDF_FILES/28353604.pdf
141,Biological_structure,pulmonary,0.9999212026596069,2,/content/drive/MyDrive/MACROBATT/INPUT_PDF_FILES/28353604.pdf
142,Medication,Rivaroxaban,0.9998555183410645,2,/content/drive/MyDrive/MACROBATT/INPUT_PDF_FILES/28353604.pdf
143,Therapeutic_procedure,anticoagulation,0.867915689945221,2,/content/drive/MyDrive/MACROBATT/INPUT_PDF_FILES/28353604.pdf
144,Sign_symptom,administered medication did dyspnea,0.9999516010284424,2,/content/drive/MyDrive/MACROBATT/INPUT_PDF_FILES/28353604.pdf
145,Sign_symptom,ill,0.9808458685874939,2,/content/drive/MyDrive/MACROBATT/INPUT_PDF_FILES/28353604.pdf
146,Activity,bound to his wheelchair,0.998245120048523,2,/content/drive/MyDrive/MACROBATT/INPUT_PDF_FILES/28353604.pdf
147,Duration,half Instead was wheelchair half a year,0.7408337593078613,2,/content/drive/MyDrive/MACROBATT/INPUT_PDF_FILES/28353604.pdf
148,Severity,severe,0.9998021721839905,2,/content/drive/MyDrive/MACROBATT/INPUT_PDF_FILES/28353604.pdf
149,Severity,life-threatening,0.9914333820343018,2,/content/drive/MyDrive/MACROBATT/INPUT_PDF_FILES/28353604.pdf
150,Biological_structure,lung,0.9999412298202515,2,/content/drive/MyDrive/MACROBATT/INPUT_PDF_FILES/28353604.pdf
151,Date,Six months later bilateral,0.9908018112182617,2,/content/drive/MyDrive/MACROBATT/INPUT_PDF_FILES/28353604.pdf
152,Detailed_description,bilateral,0.9999666213989258,2,/content/drive/MyDrive/MACROBATT/INPUT_PDF_FILES/28353604.pdf
153,Detailed_description,sequential,0.999963641166687,2,/content/drive/MyDrive/MACROBATT/INPUT_PDF_FILES/28353604.pdf
154,Detailed_description,allogenic,0.932658314704895,2,/content/drive/MyDrive/MACROBATT/INPUT_PDF_FILES/28353604.pdf
155,Therapeutic_procedure,veno-arterial extra-corporeal membrane oxygenation,0.9942076206207275,2,/content/drive/MyDrive/MACROBATT/INPUT_PDF_FILES/28353604.pdf
156,Therapeutic_procedure,VA-ECMO,0.7515989542007446,2,/content/drive/MyDrive/MACROBATT/INPUT_PDF_FILES/28353604.pdf
157,Diagnostic_procedure,Histology,0.9993734359741211,2,/content/drive/MyDrive/MACROBATT/INPUT_PDF_FILES/28353604.pdf
158,Biological_structure,pulmonary pulmonary pulmonary,0.9999358654022217,2,/content/drive/MyDrive/MACROBATT/INPUT_PDF_FILES/28353604.pdf
159,Lab_value,Histology of showed pulmonary occlusion pulmonary embolism pulmonary,0.999681830406189,2,/content/drive/MyDrive/MACROBATT/INPUT_PDF_FILES/28353604.pdf
160,Lab_value,occlusion,0.9981524348258972,2,/content/drive/MyDrive/MACROBATT/INPUT_PDF_FILES/28353604.pdf
161,Lab_value,embolism,0.9990228414535522,2,/content/drive/MyDrive/MACROBATT/INPUT_PDF_FILES/28353604.pdf
162,Sign_symptom,well,0.9995303153991699,2,/content/drive/MyDrive/MACROBATT/INPUT_PDF_FILES/28353604.pdf
163,Sign_symptom,dyspnea and echocardiography showed and enlarged,0.9999344348907471,2,/content/drive/MyDrive/MACROBATT/INPUT_PDF_FILES/28353604.pdf
164,Duration,more than 1 year,0.9997795820236206,2,/content/drive/MyDrive/MACROBATT/INPUT_PDF_FILES/28353604.pdf
165,Diagnostic_procedure,echocardiography,0.9961389899253845,2,/content/drive/MyDrive/MACROBATT/INPUT_PDF_FILES/28353604.pdf
166,Lab_value,normalizations,0.9999326467514038,2,/content/drive/MyDrive/MACROBATT/INPUT_PDF_FILES/28353604.pdf
167,Diagnostic_procedure,PAP,0.990228533744812,2,/content/drive/MyDrive/MACROBATT/INPUT_PDF_FILES/28353604.pdf
168,Sign_symptom,enlarged,0.9998377561569214,2,/content/drive/MyDrive/MACROBATT/INPUT_PDF_FILES/28353604.pdf
169,Biological_structure,right ventricle,0.9969195127487183,2,/content/drive/MyDrive/MACROBATT/INPUT_PDF_FILES/28353604.pdf
