,Entity Group,Value,Score,Page,Pdf File
0,Age,41-year-old,0.9962244033813477,1,/content/drive/MyDrive/MACROBATT/INPUT_PDF_FILES/28353558.pdf
1,Personal_background,Caucasian,0.999053418636322,1,/content/drive/MyDrive/MACROBATT/INPUT_PDF_FILES/28353558.pdf
2,Sex,woman,0.9997712969779968,1,/content/drive/MyDrive/MACROBATT/INPUT_PDF_FILES/28353558.pdf
3,Detailed_description,primary,0.999970555305481,1,/content/drive/MyDrive/MACROBATT/INPUT_PDF_FILES/28353558.pdf
4,Detailed_description,double,0.9998987913131714,1,/content/drive/MyDrive/MACROBATT/INPUT_PDF_FILES/28353558.pdf
5,Biological_structure,lung,0.9999163150787354,1,/content/drive/MyDrive/MACROBATT/INPUT_PDF_FILES/28353558.pdf
6,History,cystic fibrosis,0.9766777753829956,1,/content/drive/MyDrive/MACROBATT/INPUT_PDF_FILES/28353558.pdf
7,History,medical history history was otherwise unremarkable,0.98347407579422,1,/content/drive/MyDrive/MACROBATT/INPUT_PDF_FILES/28353558.pdf
8,History,no known known history history of pulmonary tuberculosis tuberculosis,0.9890880584716797,1,/content/drive/MyDrive/MACROBATT/INPUT_PDF_FILES/28353558.pdf
9,Therapeutic_procedure,retransplantation,0.9989768266677856,1,/content/drive/MyDrive/MACROBATT/INPUT_PDF_FILES/28353558.pdf
10,Detailed_description,chronic,0.999790370464325,1,/content/drive/MyDrive/MACROBATT/INPUT_PDF_FILES/28353558.pdf
11,Date,month preceding,0.9994145035743713,1,/content/drive/MyDrive/MACROBATT/INPUT_PDF_FILES/28353558.pdf
12,Diagnostic_procedure,sputum specimens,0.9995044469833374,1,/content/drive/MyDrive/MACROBATT/INPUT_PDF_FILES/28353558.pdf
13,Lab_value,negative,0.9999524354934692,1,/content/drive/MyDrive/MACROBATT/INPUT_PDF_FILES/28353558.pdf
14,Detailed_description,acid-fast bacilli,0.9979248046875,1,/content/drive/MyDrive/MACROBATT/INPUT_PDF_FILES/28353558.pdf
15,Detailed_description,specific,0.9828025698661804,1,/content/drive/MyDrive/MACROBATT/INPUT_PDF_FILES/28353558.pdf
16,Diagnostic_procedure,M. tuberculosis,0.8442080616950989,1,/content/drive/MyDrive/MACROBATT/INPUT_PDF_FILES/28353558.pdf
17,Diagnostic_procedure,culture,0.999921441078186,1,/content/drive/MyDrive/MACROBATT/INPUT_PDF_FILES/28353558.pdf
18,Detailed_description,real-time,0.9999643564224243,1,/content/drive/MyDrive/MACROBATT/INPUT_PDF_FILES/28353558.pdf
19,Diagnostic_procedure,polymerase chain reaction,0.9998394250869751,1,/content/drive/MyDrive/MACROBATT/INPUT_PDF_FILES/28353558.pdf
20,Diagnostic_procedure,PCR,0.9105777740478516,1,/content/drive/MyDrive/MACROBATT/INPUT_PDF_FILES/28353558.pdf
21,Lab_value,deterioration,0.9998660087585449,1,/content/drive/MyDrive/MACROBATT/INPUT_PDF_FILES/28353558.pdf
22,Diagnostic_procedure,respiratory status,0.999940037727356,1,/content/drive/MyDrive/MACROBATT/INPUT_PDF_FILES/28353558.pdf
23,Biological_structure,chest-computerized,0.9998239874839783,1,/content/drive/MyDrive/MACROBATT/INPUT_PDF_FILES/28353558.pdf
24,Diagnostic_procedure,tomography,0.8275299072265625,1,/content/drive/MyDrive/MACROBATT/INPUT_PDF_FILES/28353558.pdf
25,Diagnostic_procedure,( (,0.9999161958694458,1,/content/drive/MyDrive/MACROBATT/INPUT_PDF_FILES/28353558.pdf
26,Detailed_description,sub-centimeter,0.998925507068634,1,/content/drive/MyDrive/MACROBATT/INPUT_PDF_FILES/28353558.pdf
27,Detailed_description,bilateral bilateral,0.9998754262924194,1,/content/drive/MyDrive/MACROBATT/INPUT_PDF_FILES/28353558.pdf
28,Sign_symptom,nodules,0.9999311566352844,1,/content/drive/MyDrive/MACROBATT/INPUT_PDF_FILES/28353558.pdf
29,Biological_structure,apical posterior lobes,0.9999054074287415,1,/content/drive/MyDrive/MACROBATT/INPUT_PDF_FILES/28353558.pdf
30,Disease_disorder,pleural,0.9997695088386536,1,/content/drive/MyDrive/MACROBATT/INPUT_PDF_FILES/28353558.pdf
31,Disease_disorder,pleural effusion,0.9997321367263794,1,/content/drive/MyDrive/MACROBATT/INPUT_PDF_FILES/28353558.pdf
32,Diagnostic_procedure,bronchoalveolar,0.9999274015426636,1,/content/drive/MyDrive/MACROBATT/INPUT_PDF_FILES/28353558.pdf
33,Diagnostic_procedure,bronchoalveolar lavage (,0.9640020132064819,1,/content/drive/MyDrive/MACROBATT/INPUT_PDF_FILES/28353558.pdf
34,Diagnostic_procedure,BAL,0.9998810291290283,1,/content/drive/MyDrive/MACROBATT/INPUT_PDF_FILES/28353558.pdf
35,Lab_value,positive,0.9999457597732544,1,/content/drive/MyDrive/MACROBATT/INPUT_PDF_FILES/28353558.pdf
36,Medication,rifampicin-susceptible,0.7091730833053589,1,/content/drive/MyDrive/MACROBATT/INPUT_PDF_FILES/28353558.pdf
37,Diagnostic_procedure,Tuberculin,0.9999619722366333,1,/content/drive/MyDrive/MACROBATT/INPUT_PDF_FILES/28353558.pdf
38,Diagnostic_procedure,Tuberculin skin test test,0.995072603225708,1,/content/drive/MyDrive/MACROBATT/INPUT_PDF_FILES/28353558.pdf
39,Diagnostic_procedure,TST,0.984507143497467,1,/content/drive/MyDrive/MACROBATT/INPUT_PDF_FILES/28353558.pdf
40,Diagnostic_procedure,interferon-γ release assay,0.9986007809638977,1,/content/drive/MyDrive/MACROBATT/INPUT_PDF_FILES/28353558.pdf
41,Diagnostic_procedure,IGRA,0.9999154806137085,1,/content/drive/MyDrive/MACROBATT/INPUT_PDF_FILES/28353558.pdf
42,Diagnostic_procedure,test test,0.878186821937561,1,/content/drive/MyDrive/MACROBATT/INPUT_PDF_FILES/28353558.pdf
43,Diagnostic_procedure,BALs,0.9994109869003296,1,/content/drive/MyDrive/MACROBATT/INPUT_PDF_FILES/28353558.pdf
44,Lab_value,no aeruginosa other pathogen,0.9997636675834656,1,/content/drive/MyDrive/MACROBATT/INPUT_PDF_FILES/28353558.pdf
45,Coreference,one,0.9960899353027344,1,/content/drive/MyDrive/MACROBATT/INPUT_PDF_FILES/28353558.pdf
46,Date,day 60,0.9998406171798706,1,/content/drive/MyDrive/MACROBATT/INPUT_PDF_FILES/28353558.pdf
47,Lab_value,Pseudomonas aeruginosa,0.9853227138519287,1,/content/drive/MyDrive/MACROBATT/INPUT_PDF_FILES/28353558.pdf
48,Detailed_description,adjunctive,0.999579131603241,1,/content/drive/MyDrive/MACROBATT/INPUT_PDF_FILES/28353558.pdf
49,Medication,antibiotic,0.9998527765274048,1,/content/drive/MyDrive/MACROBATT/INPUT_PDF_FILES/28353558.pdf
50,Medication,antibiotic therapy,0.8721241354942322,1,/content/drive/MyDrive/MACROBATT/INPUT_PDF_FILES/28353558.pdf
51,Medication,imipenem-cilastatin,0.9999032020568848,1,/content/drive/MyDrive/MACROBATT/INPUT_PDF_FILES/28353558.pdf
52,Dosage,3 pathogen aeruginosa g/d,0.8282231092453003,1,/content/drive/MyDrive/MACROBATT/INPUT_PDF_FILES/28353558.pdf
53,Diagnostic_procedure,Histological examination,0.9999083876609802,1,/content/drive/MyDrive/MACROBATT/INPUT_PDF_FILES/28353558.pdf
54,Diagnostic_procedure,biopsy,0.999852180480957,1,/content/drive/MyDrive/MACROBATT/INPUT_PDF_FILES/28353558.pdf
55,Date,6 weeks after,0.9998629689216614,1,/content/drive/MyDrive/MACROBATT/INPUT_PDF_FILES/28353558.pdf
56,Lab_value,caseating,0.9997658133506775,1,/content/drive/MyDrive/MACROBATT/INPUT_PDF_FILES/28353558.pdf
57,Lab_value,caseating granuloma,0.8277444839477539,1,/content/drive/MyDrive/MACROBATT/INPUT_PDF_FILES/28353558.pdf
58,Lab_value,granuloma,0.6209523677825928,1,/content/drive/MyDrive/MACROBATT/INPUT_PDF_FILES/28353558.pdf
59,Lab_value,Acid-fast bacilli,0.9996569156646729,1,/content/drive/MyDrive/MACROBATT/INPUT_PDF_FILES/28353558.pdf
60,Medication,Acid-fast rifampicin-susceptible,0.6329416036605835,1,/content/drive/MyDrive/MACROBATT/INPUT_PDF_FILES/28353558.pdf
61,Disease_disorder,tuberculosis,0.7133806347846985,1,/content/drive/MyDrive/MACROBATT/INPUT_PDF_FILES/28353558.pdf
62,Diagnostic_procedure,status,0.9999322891235352,1,/content/drive/MyDrive/MACROBATT/INPUT_PDF_FILES/28353558.pdf
63,Lab_value,worsened,0.9986315369606018,1,/content/drive/MyDrive/MACROBATT/INPUT_PDF_FILES/28353558.pdf
64,Severity,severe,0.9974318146705627,1,/content/drive/MyDrive/MACROBATT/INPUT_PDF_FILES/28353558.pdf
65,Sign_symptom,hypoxemia,0.9513669013977051,1,/content/drive/MyDrive/MACROBATT/INPUT_PDF_FILES/28353558.pdf
66,Disease_disorder,shock,0.991764485836029,1,/content/drive/MyDrive/MACROBATT/INPUT_PDF_FILES/28353558.pdf
67,Dosage,high dose,0.9977942109107971,1,/content/drive/MyDrive/MACROBATT/INPUT_PDF_FILES/28353558.pdf
68,Medication,cathecolamines,0.9996342658996582,1,/content/drive/MyDrive/MACROBATT/INPUT_PDF_FILES/28353558.pdf
69,Disease_disorder,multiorgan,0.8079441785812378,1,/content/drive/MyDrive/MACROBATT/INPUT_PDF_FILES/28353558.pdf
70,Outcome,died,0.9983221888542175,1,/content/drive/MyDrive/MACROBATT/INPUT_PDF_FILES/28353558.pdf
71,Medication,isoniazid,0.9963745474815369,1,/content/drive/MyDrive/MACROBATT/INPUT_PDF_FILES/28353558.pdf
72,Medication,isoniazid pyrazinamide,0.6777753829956055,1,/content/drive/MyDrive/MACROBATT/INPUT_PDF_FILES/28353558.pdf
73,Medication,rifampicin,0.9964565634727478,1,/content/drive/MyDrive/MACROBATT/INPUT_PDF_FILES/28353558.pdf
74,Medication,ethambutol,0.9997214674949646,1,/content/drive/MyDrive/MACROBATT/INPUT_PDF_FILES/28353558.pdf
75,Medication,postoperative ethambutol,0.5962173342704773,1,/content/drive/MyDrive/MACROBATT/INPUT_PDF_FILES/28353558.pdf
76,Medication,patient postoperative despite rifampicin pyrazinamide,0.9987524747848511,1,/content/drive/MyDrive/MACROBATT/INPUT_PDF_FILES/28353558.pdf
77,Medication,pyrazinamide,0.985483705997467,1,/content/drive/MyDrive/MACROBATT/INPUT_PDF_FILES/28353558.pdf
78,Coreference,organ donor,0.888014554977417,1,/content/drive/MyDrive/MACROBATT/INPUT_PDF_FILES/28353558.pdf
79,Age,47-year-old,0.9977095723152161,1,/content/drive/MyDrive/MACROBATT/INPUT_PDF_FILES/28353558.pdf
80,Sex,man,0.9989560842514038,1,/content/drive/MyDrive/MACROBATT/INPUT_PDF_FILES/28353558.pdf
81,Diagnostic_procedure,CT-scan,0.9986608624458313,1,/content/drive/MyDrive/MACROBATT/INPUT_PDF_FILES/28353558.pdf
82,Diagnostic_procedure,cultures,0.9988570213317871,1,/content/drive/MyDrive/MACROBATT/INPUT_PDF_FILES/28353558.pdf
83,Biological_structure,donor-lung,0.9999054670333862,1,/content/drive/MyDrive/MACROBATT/INPUT_PDF_FILES/28353558.pdf
84,Detailed_description,Both kidneys,0.998279869556427,1,/content/drive/MyDrive/MACROBATT/INPUT_PDF_FILES/28353558.pdf
85,Coreference,donor,0.9956440925598145,1,/content/drive/MyDrive/MACROBATT/INPUT_PDF_FILES/28353558.pdf
86,Detailed_description,transplanted,0.9951173067092896,1,/content/drive/MyDrive/MACROBATT/INPUT_PDF_FILES/28353558.pdf
87,Detailed_description,Six months after,0.9585826992988586,1,/content/drive/MyDrive/MACROBATT/INPUT_PDF_FILES/28353558.pdf
88,Subject,kidney recipients,0.9789001941680908,1,/content/drive/MyDrive/MACROBATT/INPUT_PDF_FILES/28353558.pdf
