,Entity Group,Value,Score,Page,Pdf File
0,Age,33-year-old,0.9883586764335632,1,/content/drive/MyDrive/MACROBATT/INPUT_PDF_FILES/28353556.pdf
1,Personal_background,Moroccan,0.9983054399490356,1,/content/drive/MyDrive/MACROBATT/INPUT_PDF_FILES/28353556.pdf
2,Sex,man,0.999756395816803,1,/content/drive/MyDrive/MACROBATT/INPUT_PDF_FILES/28353556.pdf
3,Duration,5-month,0.999738872051239,1,/content/drive/MyDrive/MACROBATT/INPUT_PDF_FILES/28353556.pdf
4,Detailed_description,recurring,0.9998663663864136,1,/content/drive/MyDrive/MACROBATT/INPUT_PDF_FILES/28353556.pdf
5,Disease_disorder,sinusitis,0.9936348795890808,1,/content/drive/MyDrive/MACROBATT/INPUT_PDF_FILES/28353556.pdf
6,Sign_symptom,myalgia,0.8715639710426331,1,/content/drive/MyDrive/MACROBATT/INPUT_PDF_FILES/28353556.pdf
7,Sign_symptom,hemoptysis,0.7159254550933838,1,/content/drive/MyDrive/MACROBATT/INPUT_PDF_FILES/28353556.pdf
8,Biological_structure,Thoracic,0.9986744523048401,1,/content/drive/MyDrive/MACROBATT/INPUT_PDF_FILES/28353556.pdf
9,Diagnostic_procedure,physical examination,0.9998592138290405,1,/content/drive/MyDrive/MACROBATT/INPUT_PDF_FILES/28353556.pdf
10,Lab_value,reduced,0.9991205334663391,1,/content/drive/MyDrive/MACROBATT/INPUT_PDF_FILES/28353556.pdf
11,Biological_structure,chest,0.999954342842102,1,/content/drive/MyDrive/MACROBATT/INPUT_PDF_FILES/28353556.pdf
12,Diagnostic_procedure,X-ray,0.9994937777519226,1,/content/drive/MyDrive/MACROBATT/INPUT_PDF_FILES/28353556.pdf
13,Detailed_description,bilateral,0.9999582767486572,1,/content/drive/MyDrive/MACROBATT/INPUT_PDF_FILES/28353556.pdf
14,Detailed_description,diffuse,0.9999616146087646,1,/content/drive/MyDrive/MACROBATT/INPUT_PDF_FILES/28353556.pdf
15,Biological_structure,alveolar,0.9998215436935425,1,/content/drive/MyDrive/MACROBATT/INPUT_PDF_FILES/28353556.pdf
16,Diagnostic_procedure,Laboratory analyses,0.9999631643295288,1,/content/drive/MyDrive/MACROBATT/INPUT_PDF_FILES/28353556.pdf
17,Lab_value,elevation,0.9999021291732788,1,/content/drive/MyDrive/MACROBATT/INPUT_PDF_FILES/28353556.pdf
18,Diagnostic_procedure,acute-phase proteins ( (,0.9967174530029297,1,/content/drive/MyDrive/MACROBATT/INPUT_PDF_FILES/28353556.pdf
19,Diagnostic_procedure,CRP,0.9998664855957031,1,/content/drive/MyDrive/MACROBATT/INPUT_PDF_FILES/28353556.pdf
20,Diagnostic_procedure,creatinine microscopic,0.9999761581420898,1,/content/drive/MyDrive/MACROBATT/INPUT_PDF_FILES/28353556.pdf
21,Diagnostic_procedure,creatinine,0.9998154044151306,1,/content/drive/MyDrive/MACROBATT/INPUT_PDF_FILES/28353556.pdf
22,Detailed_description,nonnephrotic,0.6777362823486328,1,/content/drive/MyDrive/MACROBATT/INPUT_PDF_FILES/28353556.pdf
23,Sign_symptom,acute-phase nonnephrotic,0.935968279838562,1,/content/drive/MyDrive/MACROBATT/INPUT_PDF_FILES/28353556.pdf
24,Detailed_description,proteins nonnephrotic proteinuria,0.9460803866386414,1,/content/drive/MyDrive/MACROBATT/INPUT_PDF_FILES/28353556.pdf
25,Sign_symptom,proteinuria,0.9997990727424622,1,/content/drive/MyDrive/MACROBATT/INPUT_PDF_FILES/28353556.pdf
26,Detailed_description,microscopic,0.9999624490737915,1,/content/drive/MyDrive/MACROBATT/INPUT_PDF_FILES/28353556.pdf
27,Detailed_description,mg/dL mg/dL glomerular,0.9996058344841003,1,/content/drive/MyDrive/MACROBATT/INPUT_PDF_FILES/28353556.pdf
28,Detailed_description,glomerular,0.9218550324440002,1,/content/drive/MyDrive/MACROBATT/INPUT_PDF_FILES/28353556.pdf
29,Sign_symptom,hematuria,0.8703667521476746,1,/content/drive/MyDrive/MACROBATT/INPUT_PDF_FILES/28353556.pdf
30,Medication,antibiotic therapy,0.9994538426399231,1,/content/drive/MyDrive/MACROBATT/INPUT_PDF_FILES/28353556.pdf
31,Detailed_description,community acquired,0.9997595548629761,1,/content/drive/MyDrive/MACROBATT/INPUT_PDF_FILES/28353556.pdf
32,Detailed_description,atypical,0.835075318813324,1,/content/drive/MyDrive/MACROBATT/INPUT_PDF_FILES/28353556.pdf
33,Disease_disorder,pneumoniae,0.9997003078460693,1,/content/drive/MyDrive/MACROBATT/INPUT_PDF_FILES/28353556.pdf
34,Medication,levofloxacin,0.9898377656936646,1,/content/drive/MyDrive/MACROBATT/INPUT_PDF_FILES/28353556.pdf
35,Dosage,500 mg daily,0.9996833801269531,1,/content/drive/MyDrive/MACROBATT/INPUT_PDF_FILES/28353556.pdf
36,Administration,iv unresponsive noninvasive,0.9993565678596497,1,/content/drive/MyDrive/MACROBATT/INPUT_PDF_FILES/28353556.pdf
37,Date,3rd day,0.9996432065963745,1,/content/drive/MyDrive/MACROBATT/INPUT_PDF_FILES/28353556.pdf
38,Disease_disorder,respiratory failure,0.9998820424079895,1,/content/drive/MyDrive/MACROBATT/INPUT_PDF_FILES/28353556.pdf
39,Detailed_description,noninvasive,0.5664882659912109,1,/content/drive/MyDrive/MACROBATT/INPUT_PDF_FILES/28353556.pdf
40,Therapeutic_procedure,ventilation,0.9240450263023376,1,/content/drive/MyDrive/MACROBATT/INPUT_PDF_FILES/28353556.pdf
41,Color,White,0.9969498515129089,1,/content/drive/MyDrive/MACROBATT/INPUT_PDF_FILES/28353556.pdf
42,Biological_structure,lung,0.9998469352722168,1,/content/drive/MyDrive/MACROBATT/INPUT_PDF_FILES/28353556.pdf
43,Sign_symptom,consolidations,0.9999452829360962,1,/content/drive/MyDrive/MACROBATT/INPUT_PDF_FILES/28353556.pdf
44,Sign_symptom,ground glass areas,0.9996502995491028,1,/content/drive/MyDrive/MACROBATT/INPUT_PDF_FILES/28353556.pdf
45,Diagnostic_procedure,computed tomography,0.9999487996101379,1,/content/drive/MyDrive/MACROBATT/INPUT_PDF_FILES/28353556.pdf
46,Biological_structure,airways,0.9999067783355713,1,/content/drive/MyDrive/MACROBATT/INPUT_PDF_FILES/28353556.pdf
47,Sign_symptom,bleeding,0.9999287128448486,1,/content/drive/MyDrive/MACROBATT/INPUT_PDF_FILES/28353556.pdf
48,Detailed_description,fiberoptic,0.9840378761291504,1,/content/drive/MyDrive/MACROBATT/INPUT_PDF_FILES/28353556.pdf
49,Diagnostic_procedure,bronchoscopy,0.8068950176239014,1,/content/drive/MyDrive/MACROBATT/INPUT_PDF_FILES/28353556.pdf
50,Diagnostic_procedure,consolidations computed bronchoscopy consistent,0.9571778178215027,1,/content/drive/MyDrive/MACROBATT/INPUT_PDF_FILES/28353556.pdf
51,Severity,mild,0.9996812343597412,1,/content/drive/MyDrive/MACROBATT/INPUT_PDF_FILES/28353556.pdf
52,Detailed_description,normocytic,0.9697165489196777,1,/content/drive/MyDrive/MACROBATT/INPUT_PDF_FILES/28353556.pdf
53,Sign_symptom,anemia,0.9891619086265564,1,/content/drive/MyDrive/MACROBATT/INPUT_PDF_FILES/28353556.pdf
54,Diagnostic_procedure,ANCA-PR3,0.9775799512863159,1,/content/drive/MyDrive/MACROBATT/INPUT_PDF_FILES/28353556.pdf
55,Lab_value,positivity,0.7782368659973145,1,/content/drive/MyDrive/MACROBATT/INPUT_PDF_FILES/28353556.pdf
56,Disease_disorder,GPA,0.9016495943069458,1,/content/drive/MyDrive/MACROBATT/INPUT_PDF_FILES/28353556.pdf
57,Therapeutic_procedure,ventilatory,0.8952420949935913,1,/content/drive/MyDrive/MACROBATT/INPUT_PDF_FILES/28353556.pdf
58,Diagnostic_procedure,gas exchange,0.9999520182609558,1,/content/drive/MyDrive/MACROBATT/INPUT_PDF_FILES/28353556.pdf
59,Lab_value,did not improve,0.9999054074287415,1,/content/drive/MyDrive/MACROBATT/INPUT_PDF_FILES/28353556.pdf
60,Diagnostic_procedure,PaO2,0.9995794296264648,1,/content/drive/MyDrive/MACROBATT/INPUT_PDF_FILES/28353556.pdf
61,Lab_value,71 mm mm mmol/L,0.9949814081192017,1,/content/drive/MyDrive/MACROBATT/INPUT_PDF_FILES/28353556.pdf
62,Diagnostic_procedure,PaCO2,0.9150347709655762,1,/content/drive/MyDrive/MACROBATT/INPUT_PDF_FILES/28353556.pdf
63,Diagnostic_procedure,HCO3–,0.999967098236084,1,/content/drive/MyDrive/MACROBATT/INPUT_PDF_FILES/28353556.pdf
64,Diagnostic_procedure,SaO2,0.9945530891418457,1,/content/drive/MyDrive/MACROBATT/INPUT_PDF_FILES/28353556.pdf
65,Therapeutic_procedure,extracorporeal membrane oxygenation,0.9948112368583679,1,/content/drive/MyDrive/MACROBATT/INPUT_PDF_FILES/28353556.pdf
66,Therapeutic_procedure,ECMO,0.9992889165878296,1,/content/drive/MyDrive/MACROBATT/INPUT_PDF_FILES/28353556.pdf
67,Dosage,high-dose,0.9995835423469543,1,/content/drive/MyDrive/MACROBATT/INPUT_PDF_FILES/28353556.pdf
68,Medication,methylprednisolone,0.9998767375946045,1,/content/drive/MyDrive/MACROBATT/INPUT_PDF_FILES/28353556.pdf
69,Dosage,1 1 1.2 1st high-dose g mg/kg g/pulse exchange according group discharge daily daily,0.9987246990203857,1,/content/drive/MyDrive/MACROBATT/INPUT_PDF_FILES/28353556.pdf
70,Duration,3 3 3,0.9709760546684265,1,/content/drive/MyDrive/MACROBATT/INPUT_PDF_FILES/28353556.pdf
71,Dosage,1 1 1.2 1st mg/kg daily daily,0.9994623064994812,1,/content/drive/MyDrive/MACROBATT/INPUT_PDF_FILES/28353556.pdf
72,Medication,cyclophosphamide,0.9994882941246033,1,/content/drive/MyDrive/MACROBATT/INPUT_PDF_FILES/28353556.pdf
73,Dosage,1.2 g/pulse,0.9996424317359924,1,/content/drive/MyDrive/MACROBATT/INPUT_PDF_FILES/28353556.pdf
74,Dosage,every every 1.2 2 2 weeks weeks,0.9879984855651855,1,/content/drive/MyDrive/MACROBATT/INPUT_PDF_FILES/28353556.pdf
75,Administration,infusions,0.9006142020225525,1,/content/drive/MyDrive/MACROBATT/INPUT_PDF_FILES/28353556.pdf
76,Dosage,every every 3 3 3 weeks weeks,0.9980049133300781,1,/content/drive/MyDrive/MACROBATT/INPUT_PDF_FILES/28353556.pdf
77,Dosage,1.2 2 2 pulses pulses,0.99181067943573,1,/content/drive/MyDrive/MACROBATT/INPUT_PDF_FILES/28353556.pdf
78,Therapeutic_procedure,plasma exchange,0.9993038177490234,1,/content/drive/MyDrive/MACROBATT/INPUT_PDF_FILES/28353556.pdf
79,Detailed_description,European vasculitis,0.9743362665176392,1,/content/drive/MyDrive/MACROBATT/INPUT_PDF_FILES/28353556.pdf
80,Detailed_description,study,0.7655806541442871,1,/content/drive/MyDrive/MACROBATT/INPUT_PDF_FILES/28353556.pdf
81,Lab_value,improvement,0.9854387044906616,1,/content/drive/MyDrive/MACROBATT/INPUT_PDF_FILES/28353556.pdf
82,Therapeutic_procedure,orotracheal tube,0.9985647201538086,1,/content/drive/MyDrive/MACROBATT/INPUT_PDF_FILES/28353556.pdf
83,Clinical_event,discharge,0.9996899366378784,1,/content/drive/MyDrive/MACROBATT/INPUT_PDF_FILES/28353556.pdf
84,Date,After 9 days,0.9998881220817566,1,/content/drive/MyDrive/MACROBATT/INPUT_PDF_FILES/28353556.pdf
85,Lab_value,normalized,0.9999383687973022,1,/content/drive/MyDrive/MACROBATT/INPUT_PDF_FILES/28353556.pdf
86,Lab_value,ANCA-PR3 3,0.9560517072677612,1,/content/drive/MyDrive/MACROBATT/INPUT_PDF_FILES/28353556.pdf
87,Date,Two months,0.737796425819397,1,/content/drive/MyDrive/MACROBATT/INPUT_PDF_FILES/28353556.pdf
88,Detailed_description,5th bolus,0.99725741147995,1,/content/drive/MyDrive/MACROBATT/INPUT_PDF_FILES/28353556.pdf
89,Medication,prednisone,0.9536571502685547,1,/content/drive/MyDrive/MACROBATT/INPUT_PDF_FILES/28353556.pdf
90,Dosage,0.3 mg/kg/day,0.8797945380210876,1,/content/drive/MyDrive/MACROBATT/INPUT_PDF_FILES/28353556.pdf
91,Sign_symptom,arthromyalgia,0.999705970287323,1,/content/drive/MyDrive/MACROBATT/INPUT_PDF_FILES/28353556.pdf
92,Biological_structure,testicular,0.9894509315490723,1,/content/drive/MyDrive/MACROBATT/INPUT_PDF_FILES/28353556.pdf
93,Sign_symptom,pain,0.9999473094940186,1,/content/drive/MyDrive/MACROBATT/INPUT_PDF_FILES/28353556.pdf
94,Sign_symptom,prednisone complained edema showed,0.9993281364440918,1,/content/drive/MyDrive/MACROBATT/INPUT_PDF_FILES/28353556.pdf
95,Sign_symptom,cough,0.9938719272613525,1,/content/drive/MyDrive/MACROBATT/INPUT_PDF_FILES/28353556.pdf
96,Sign_symptom,shortness of of of breath,0.999852180480957,1,/content/drive/MyDrive/MACROBATT/INPUT_PDF_FILES/28353556.pdf
97,Diagnostic_procedure,laboratory data,0.9998393058776855,1,/content/drive/MyDrive/MACROBATT/INPUT_PDF_FILES/28353556.pdf
98,Lab_value,worsening,0.9998956918716431,1,/content/drive/MyDrive/MACROBATT/INPUT_PDF_FILES/28353556.pdf
99,Sign_symptom,and and and anemia and,0.9833288192749023,1,/content/drive/MyDrive/MACROBATT/INPUT_PDF_FILES/28353556.pdf
100,Sign_symptom,months the 5th cyclophosphamide with the arthromyalgia with cough shortness breath showed hypoxemia,0.9999672174453735,1,/content/drive/MyDrive/MACROBATT/INPUT_PDF_FILES/28353556.pdf
101,Sign_symptom,hypoxemia,0.9999539852142334,1,/content/drive/MyDrive/MACROBATT/INPUT_PDF_FILES/28353556.pdf
102,Sign_symptom,anemia hypoxemia,0.6210864782333374,1,/content/drive/MyDrive/MACROBATT/INPUT_PDF_FILES/28353556.pdf
103,Disease_disorder,Epididymitis,0.998406708240509,1,/content/drive/MyDrive/MACROBATT/INPUT_PDF_FILES/28353556.pdf
104,Detailed_description,rapidly,0.7447280883789062,1,/content/drive/MyDrive/MACROBATT/INPUT_PDF_FILES/28353556.pdf
105,Disease_disorder,renal renal failure,0.999802827835083,1,/content/drive/MyDrive/MACROBATT/INPUT_PDF_FILES/28353556.pdf
106,Detailed_description,progressive glomerular Fig.2,0.9832606911659241,1,/content/drive/MyDrive/MACROBATT/INPUT_PDF_FILES/28353556.pdf
107,Biological_structure,renal renal,0.9999349117279053,1,/content/drive/MyDrive/MACROBATT/INPUT_PDF_FILES/28353556.pdf
108,Diagnostic_procedure,biopsy,0.9994614124298096,1,/content/drive/MyDrive/MACROBATT/INPUT_PDF_FILES/28353556.pdf
109,Biological_structure,intracapillary,0.9999445676803589,1,/content/drive/MyDrive/MACROBATT/INPUT_PDF_FILES/28353556.pdf
110,Biological_structure,intracapillary extracapillary capillary,0.7404267191886902,1,/content/drive/MyDrive/MACROBATT/INPUT_PDF_FILES/28353556.pdf
111,Biological_structure,extracapillary,0.9999202489852905,1,/content/drive/MyDrive/MACROBATT/INPUT_PDF_FILES/28353556.pdf
112,Sign_symptom,filtration fibrocellular,0.9996391534805298,1,/content/drive/MyDrive/MACROBATT/INPUT_PDF_FILES/28353556.pdf
113,Sign_symptom,fibrocellular crescents,0.9858636856079102,1,/content/drive/MyDrive/MACROBATT/INPUT_PDF_FILES/28353556.pdf
114,Detailed_description,focal,0.9999476671218872,1,/content/drive/MyDrive/MACROBATT/INPUT_PDF_FILES/28353556.pdf
115,Sign_symptom,necrosis,0.9974773526191711,1,/content/drive/MyDrive/MACROBATT/INPUT_PDF_FILES/28353556.pdf
116,Biological_structure,Lung,0.9999569654464722,1,/content/drive/MyDrive/MACROBATT/INPUT_PDF_FILES/28353556.pdf
117,Diagnostic_procedure,computed tomography-scan,0.9985386729240417,1,/content/drive/MyDrive/MACROBATT/INPUT_PDF_FILES/28353556.pdf
118,Sign_symptom,hemorrhage,0.9999057054519653,1,/content/drive/MyDrive/MACROBATT/INPUT_PDF_FILES/28353556.pdf
119,Dosage,1 high-dose g mg/m2 urologic daily,0.9731364250183105,1,/content/drive/MyDrive/MACROBATT/INPUT_PDF_FILES/28353556.pdf
120,Medication,rituximab,0.9839027523994446,1,/content/drive/MyDrive/MACROBATT/INPUT_PDF_FILES/28353556.pdf
121,Dosage,375 mg/m2 weekly,0.9918102025985718,1,/content/drive/MyDrive/MACROBATT/INPUT_PDF_FILES/28353556.pdf
122,Biological_structure,urologic,0.9997748732566833,1,/content/drive/MyDrive/MACROBATT/INPUT_PDF_FILES/28353556.pdf
123,Detailed_description,methylprednisolone urologic,0.9862353205680847,1,/content/drive/MyDrive/MACROBATT/INPUT_PDF_FILES/28353556.pdf
124,Biological_structure,pulmonary,0.9999076128005981,1,/content/drive/MyDrive/MACROBATT/INPUT_PDF_FILES/28353556.pdf
125,Sign_symptom,involvement,0.9999139308929443,1,/content/drive/MyDrive/MACROBATT/INPUT_PDF_FILES/28353556.pdf
126,Date,1-year 150 15,0.999250590801239,1,/content/drive/MyDrive/MACROBATT/INPUT_PDF_FILES/28353556.pdf
127,Sign_symptom,alive,0.9977648258209229,1,/content/drive/MyDrive/MACROBATT/INPUT_PDF_FILES/28353556.pdf
128,Medication,azathioprine,0.9999016523361206,1,/content/drive/MyDrive/MACROBATT/INPUT_PDF_FILES/28353556.pdf
129,Diagnostic_procedure,Renal function,0.9999557137489319,1,/content/drive/MyDrive/MACROBATT/INPUT_PDF_FILES/28353556.pdf
130,Lab_value,markedly improved,0.9998795390129089,1,/content/drive/MyDrive/MACROBATT/INPUT_PDF_FILES/28353556.pdf
131,Diagnostic_procedure,gas-exchange,0.9994755387306213,1,/content/drive/MyDrive/MACROBATT/INPUT_PDF_FILES/28353556.pdf
132,Lab_value,86 mm mm mmol/L,0.9999008774757385,1,/content/drive/MyDrive/MACROBATT/INPUT_PDF_FILES/28353556.pdf
133,Lab_value,36 mm mm mmol/L,0.9994771480560303,1,/content/drive/MyDrive/MACROBATT/INPUT_PDF_FILES/28353556.pdf
