,Entity Group,Value,Score,Page,Pdf File
0,Date,2015,0.9213960766792297,1,/content/drive/MyDrive/MACROBATT/INPUT_PDF_FILES/28383413.pdf
1,Age,62-year-old,0.99737149477005,1,/content/drive/MyDrive/MACROBATT/INPUT_PDF_FILES/28383413.pdf
2,Sex,woman,0.9997441172599792,1,/content/drive/MyDrive/MACROBATT/INPUT_PDF_FILES/28383413.pdf
3,Clinical_event,admitted,0.9998553991317749,1,/content/drive/MyDrive/MACROBATT/INPUT_PDF_FILES/28383413.pdf
4,Detailed_description,progressive,0.99986732006073,1,/content/drive/MyDrive/MACROBATT/INPUT_PDF_FILES/28383413.pdf
5,Date,4 years ago,0.9997062087059021,1,/content/drive/MyDrive/MACROBATT/INPUT_PDF_FILES/28383413.pdf
6,Disease_disorder,cataract,0.9996587038040161,1,/content/drive/MyDrive/MACROBATT/INPUT_PDF_FILES/28383413.pdf
7,Lab_value,relief,0.9248476028442383,1,/content/drive/MyDrive/MACROBATT/INPUT_PDF_FILES/28383413.pdf
8,Sign_symptom,symptoms,0.9993888139724731,1,/content/drive/MyDrive/MACROBATT/INPUT_PDF_FILES/28383413.pdf
9,Date,half contrary aggravated half a year ago headache pain tearing and increased and tomography scan brain local hospital a sellar year,0.9994640350341797,1,/content/drive/MyDrive/MACROBATT/INPUT_PDF_FILES/28383413.pdf
10,Biological_structure,left eye,0.999922513961792,1,/content/drive/MyDrive/MACROBATT/INPUT_PDF_FILES/28383413.pdf
11,Sign_symptom,tearing,0.9998935461044312,1,/content/drive/MyDrive/MACROBATT/INPUT_PDF_FILES/28383413.pdf
12,Lab_value,increased,0.9871296286582947,1,/content/drive/MyDrive/MACROBATT/INPUT_PDF_FILES/28383413.pdf
13,Diagnostic_procedure,computed tomography,0.9996921420097351,1,/content/drive/MyDrive/MACROBATT/INPUT_PDF_FILES/28383413.pdf
14,Biological_structure,brain,0.9999548196792603,1,/content/drive/MyDrive/MACROBATT/INPUT_PDF_FILES/28383413.pdf
15,Nonbiological_location,hospital,0.9962894916534424,1,/content/drive/MyDrive/MACROBATT/INPUT_PDF_FILES/28383413.pdf
16,Biological_structure,sellar,0.9999589920043945,1,/content/drive/MyDrive/MACROBATT/INPUT_PDF_FILES/28383413.pdf
17,Biological_structure,contrary year tearing sellar region,0.8157172799110413,1,/content/drive/MyDrive/MACROBATT/INPUT_PDF_FILES/28383413.pdf
18,Sign_symptom,lesion,0.6835556030273438,1,/content/drive/MyDrive/MACROBATT/INPUT_PDF_FILES/28383413.pdf
19,Date,2 T2N0M0 years,0.9998271465301514,1,/content/drive/MyDrive/MACROBATT/INPUT_PDF_FILES/28383413.pdf
20,Therapeutic_procedure,resection resection,0.9993844032287598,1,/content/drive/MyDrive/MACROBATT/INPUT_PDF_FILES/28383413.pdf
21,Disease_disorder,melanoma melanoma,0.9915712475776672,1,/content/drive/MyDrive/MACROBATT/INPUT_PDF_FILES/28383413.pdf
22,Biological_structure,left heel,0.9999032616615295,1,/content/drive/MyDrive/MACROBATT/INPUT_PDF_FILES/28383413.pdf
23,Detailed_description,recurred,0.999671220779419,1,/content/drive/MyDrive/MACROBATT/INPUT_PDF_FILES/28383413.pdf
24,Biological_structure,nearby the the the the primary site,0.9965111017227173,1,/content/drive/MyDrive/MACROBATT/INPUT_PDF_FILES/28383413.pdf
25,Date,15 months later,0.9998872876167297,1,/content/drive/MyDrive/MACROBATT/INPUT_PDF_FILES/28383413.pdf
26,Therapeutic_procedure,lymphadenectomy,0.9866717457771301,1,/content/drive/MyDrive/MACROBATT/INPUT_PDF_FILES/28383413.pdf
27,Disease_disorder,melanoma,0.9302226305007935,1,/content/drive/MyDrive/MACROBATT/INPUT_PDF_FILES/28383413.pdf
28,Detailed_description,bilateral,0.9999665021896362,1,/content/drive/MyDrive/MACROBATT/INPUT_PDF_FILES/28383413.pdf
29,Detailed_description,temporal,0.9999597072601318,1,/content/drive/MyDrive/MACROBATT/INPUT_PDF_FILES/28383413.pdf
30,Sign_symptom,hemianopsia,0.984310507774353,1,/content/drive/MyDrive/MACROBATT/INPUT_PDF_FILES/28383413.pdf
31,Diagnostic_procedure,right right finger finger counting counting,0.9999421238899231,1,/content/drive/MyDrive/MACROBATT/INPUT_PDF_FILES/28383413.pdf
32,Diagnostic_procedure,left finger finger counting counting,0.999950110912323,1,/content/drive/MyDrive/MACROBATT/INPUT_PDF_FILES/28383413.pdf
33,Lab_value,hemianopsia no nodes more than 0.5 examination temporal hemianopsia m more m. lymph,0.9965628981590271,1,/content/drive/MyDrive/MACROBATT/INPUT_PDF_FILES/28383413.pdf
34,Sign_symptom,Enlarged,0.9999604225158691,1,/content/drive/MyDrive/MACROBATT/INPUT_PDF_FILES/28383413.pdf
35,Biological_structure,physical bilateral temporal left Enlarged lymph palpable,0.9973955154418945,1,/content/drive/MyDrive/MACROBATT/INPUT_PDF_FILES/28383413.pdf
36,Sign_symptom,lymph,0.7671031951904297,1,/content/drive/MyDrive/MACROBATT/INPUT_PDF_FILES/28383413.pdf
37,Biological_structure,physical lymph nodes,0.8423378467559814,1,/content/drive/MyDrive/MACROBATT/INPUT_PDF_FILES/28383413.pdf
38,Detailed_description,right right,0.9767717719078064,1,/content/drive/MyDrive/MACROBATT/INPUT_PDF_FILES/28383413.pdf
39,Diagnostic_procedure,ophthalmologic,0.777401328086853,1,/content/drive/MyDrive/MACROBATT/INPUT_PDF_FILES/28383413.pdf
40,Diagnostic_procedure,right vision vision,0.999927282333374,1,/content/drive/MyDrive/MACROBATT/INPUT_PDF_FILES/28383413.pdf
41,Lab_value,0.4 0.08,0.9999370574951172,1,/content/drive/MyDrive/MACROBATT/INPUT_PDF_FILES/28383413.pdf
42,Lab_value,0.4,0.9941430687904358,1,/content/drive/MyDrive/MACROBATT/INPUT_PDF_FILES/28383413.pdf
43,Diagnostic_procedure,left vision vision,0.9999158382415771,1,/content/drive/MyDrive/MACROBATT/INPUT_PDF_FILES/28383413.pdf
44,Diagnostic_procedure,intraocular,0.9983179569244385,1,/content/drive/MyDrive/MACROBATT/INPUT_PDF_FILES/28383413.pdf
45,Diagnostic_procedure,intraocular pressure,0.771562933921814,1,/content/drive/MyDrive/MACROBATT/INPUT_PDF_FILES/28383413.pdf
46,Lab_value,15 mm Hg,0.9999086856842041,1,/content/drive/MyDrive/MACROBATT/INPUT_PDF_FILES/28383413.pdf
47,Diagnostic_procedure,optometry,0.9999668598175049,1,/content/drive/MyDrive/MACROBATT/INPUT_PDF_FILES/28383413.pdf
48,Biological_structure,right eye eye,0.9999262094497681,1,/content/drive/MyDrive/MACROBATT/INPUT_PDF_FILES/28383413.pdf
49,Lab_value,+6.00DS/+0.25DC∗65°,0.9916859269142151,1,/content/drive/MyDrive/MACROBATT/INPUT_PDF_FILES/28383413.pdf
50,Biological_structure,left eye eye,0.9999276399612427,1,/content/drive/MyDrive/MACROBATT/INPUT_PDF_FILES/28383413.pdf
51,Lab_value,+6.25DS/+0.50DC∗20°,0.9998576045036316,1,/content/drive/MyDrive/MACROBATT/INPUT_PDF_FILES/28383413.pdf
52,Disease_disorder,maculopathy,0.9996444582939148,1,/content/drive/MyDrive/MACROBATT/INPUT_PDF_FILES/28383413.pdf
53,Biological_structure,both eyes,0.9998632073402405,1,/content/drive/MyDrive/MACROBATT/INPUT_PDF_FILES/28383413.pdf
54,Disease_disorder,optic atrophy,0.999859094619751,1,/content/drive/MyDrive/MACROBATT/INPUT_PDF_FILES/28383413.pdf
55,Biological_structure,left,0.9753956198692322,1,/content/drive/MyDrive/MACROBATT/INPUT_PDF_FILES/28383413.pdf
56,Diagnostic_procedure,Light reflex,0.9999423027038574,1,/content/drive/MyDrive/MACROBATT/INPUT_PDF_FILES/28383413.pdf
57,Diagnostic_procedure,eye eyes movement,0.9999421238899231,1,/content/drive/MyDrive/MACROBATT/INPUT_PDF_FILES/28383413.pdf
58,Biological_structure,chest,0.9999219179153442,1,/content/drive/MyDrive/MACROBATT/INPUT_PDF_FILES/28383413.pdf
59,Diagnostic_procedure,ultrasound,0.9999748468399048,1,/content/drive/MyDrive/MACROBATT/INPUT_PDF_FILES/28383413.pdf
60,Biological_structure,abdomen,0.9999624490737915,1,/content/drive/MyDrive/MACROBATT/INPUT_PDF_FILES/28383413.pdf
61,Biological_structure,hepatic portal,0.9942026138305664,1,/content/drive/MyDrive/MACROBATT/INPUT_PDF_FILES/28383413.pdf
62,Biological_structure,retroperitoneal,0.9328133463859558,1,/content/drive/MyDrive/MACROBATT/INPUT_PDF_FILES/28383413.pdf
63,Sign_symptom,ultrasound portal retroperitoneal lymphadenectasis enlarged left lobe liver substantial placeholder lesions,0.9999492168426514,1,/content/drive/MyDrive/MACROBATT/INPUT_PDF_FILES/28383413.pdf
64,Sign_symptom,lymphadenectasis,0.9958394765853882,1,/content/drive/MyDrive/MACROBATT/INPUT_PDF_FILES/28383413.pdf
65,Sign_symptom,enlarged,0.9998282194137573,1,/content/drive/MyDrive/MACROBATT/INPUT_PDF_FILES/28383413.pdf
66,Biological_structure,lobe,0.7613151669502258,1,/content/drive/MyDrive/MACROBATT/INPUT_PDF_FILES/28383413.pdf
67,Biological_structure,the the liver,0.9946694374084473,1,/content/drive/MyDrive/MACROBATT/INPUT_PDF_FILES/28383413.pdf
68,Severity,substantial,0.9973529577255249,1,/content/drive/MyDrive/MACROBATT/INPUT_PDF_FILES/28383413.pdf
69,Detailed_description,placeholder,0.9997479915618896,1,/content/drive/MyDrive/MACROBATT/INPUT_PDF_FILES/28383413.pdf
70,Diagnostic_procedure,Ultrasound,0.9999222755432129,1,/content/drive/MyDrive/MACROBATT/INPUT_PDF_FILES/28383413.pdf
71,Biological_structure,inguinal lymph nodes,0.9993900656700134,1,/content/drive/MyDrive/MACROBATT/INPUT_PDF_FILES/28383413.pdf
72,Lab_value,multiple,0.5993411540985107,1,/content/drive/MyDrive/MACROBATT/INPUT_PDF_FILES/28383413.pdf
73,Detailed_description,low,0.9900786876678467,1,/content/drive/MyDrive/MACROBATT/INPUT_PDF_FILES/28383413.pdf
74,Sign_symptom,echo echo light,0.5220038294792175,1,/content/drive/MyDrive/MACROBATT/INPUT_PDF_FILES/28383413.pdf
75,Distance,31 mm asymmetrical,0.998143196105957,1,/content/drive/MyDrive/MACROBATT/INPUT_PDF_FILES/28383413.pdf
76,Detailed_description,hilus,0.7101445198059082,1,/content/drive/MyDrive/MACROBATT/INPUT_PDF_FILES/28383413.pdf
77,Detailed_description,echo echo,0.9526330232620239,1,/content/drive/MyDrive/MACROBATT/INPUT_PDF_FILES/28383413.pdf
78,Detailed_description,asymmetrical,0.9349384307861328,1,/content/drive/MyDrive/MACROBATT/INPUT_PDF_FILES/28383413.pdf
79,Biological_structure,sellar boundary region,0.998611569404602,1,/content/drive/MyDrive/MACROBATT/INPUT_PDF_FILES/28383413.pdf
80,Texture,crumby,0.9248115420341492,1,/content/drive/MyDrive/MACROBATT/INPUT_PDF_FILES/28383413.pdf
81,Biological_structure,sphenoid,0.999342143535614,1,/content/drive/MyDrive/MACROBATT/INPUT_PDF_FILES/28383413.pdf
82,Detailed_description,obscure boundary,0.9981375932693481,1,/content/drive/MyDrive/MACROBATT/INPUT_PDF_FILES/28383413.pdf
83,Detailed_description,average,0.9999048709869385,1,/content/drive/MyDrive/MACROBATT/INPUT_PDF_FILES/28383413.pdf
84,Coreference,mass,0.999775230884552,1,/content/drive/MyDrive/MACROBATT/INPUT_PDF_FILES/28383413.pdf
85,Biological_structure,Sellar region,0.9999081492424011,1,/content/drive/MyDrive/MACROBATT/INPUT_PDF_FILES/28383413.pdf
86,Diagnostic_procedure,magnetic resonance imaging,0.9995824694633484,1,/content/drive/MyDrive/MACROBATT/INPUT_PDF_FILES/28383413.pdf
87,Diagnostic_procedure,( (,0.7179287672042847,1,/content/drive/MyDrive/MACROBATT/INPUT_PDF_FILES/28383413.pdf
88,Diagnostic_procedure,MRI,0.9999489784240723,1,/content/drive/MyDrive/MACROBATT/INPUT_PDF_FILES/28383413.pdf
89,Shape,round,0.9983006119728088,1,/content/drive/MyDrive/MACROBATT/INPUT_PDF_FILES/28383413.pdf
90,Distance,30 mm,0.9994663000106812,1,/content/drive/MyDrive/MACROBATT/INPUT_PDF_FILES/28383413.pdf
91,Biological_structure,sellae,0.9992606043815613,1,/content/drive/MyDrive/MACROBATT/INPUT_PDF_FILES/28383413.pdf
92,Sign_symptom,isointense,0.9999474287033081,1,/content/drive/MyDrive/MACROBATT/INPUT_PDF_FILES/28383413.pdf
93,Diagnostic_procedure,T1-weighted images images,0.9999244809150696,1,/content/drive/MyDrive/MACROBATT/INPUT_PDF_FILES/28383413.pdf
94,Diagnostic_procedure,T2-weighted images images,0.9998590350151062,1,/content/drive/MyDrive/MACROBATT/INPUT_PDF_FILES/28383413.pdf
95,Detailed_description,homogeneous,0.999962329864502,1,/content/drive/MyDrive/MACROBATT/INPUT_PDF_FILES/28383413.pdf
96,Sign_symptom,enhancement,0.9997197985649109,1,/content/drive/MyDrive/MACROBATT/INPUT_PDF_FILES/28383413.pdf
97,Medication,Gadolinium-DTPA,0.9973059892654419,1,/content/drive/MyDrive/MACROBATT/INPUT_PDF_FILES/28383413.pdf
98,Detailed_description,dural,0.8685508966445923,1,/content/drive/MyDrive/MACROBATT/INPUT_PDF_FILES/28383413.pdf
99,Detailed_description,dural tail sign,0.7954568862915039,1,/content/drive/MyDrive/MACROBATT/INPUT_PDF_FILES/28383413.pdf
100,Coreference,tumor,0.9997443556785583,1,/content/drive/MyDrive/MACROBATT/INPUT_PDF_FILES/28383413.pdf
101,Sign_symptom,hyperintense signals signals,0.999733567237854,1,/content/drive/MyDrive/MACROBATT/INPUT_PDF_FILES/28383413.pdf
102,Diagnostic_procedure,T1-WI,0.9998749494552612,1,/content/drive/MyDrive/MACROBATT/INPUT_PDF_FILES/28383413.pdf
103,Sign_symptom,the showed hyperintense hypointense without enhancement,0.9999516010284424,1,/content/drive/MyDrive/MACROBATT/INPUT_PDF_FILES/28383413.pdf
104,Sign_symptom,hyperintense hypointense,0.9998863935470581,1,/content/drive/MyDrive/MACROBATT/INPUT_PDF_FILES/28383413.pdf
105,Sign_symptom,hypointense signals signals,0.9998272061347961,1,/content/drive/MyDrive/MACROBATT/INPUT_PDF_FILES/28383413.pdf
106,Diagnostic_procedure,T1-WI T2-WI,0.6694923639297485,1,/content/drive/MyDrive/MACROBATT/INPUT_PDF_FILES/28383413.pdf
107,Lab_value,seen,0.9642943739891052,1,/content/drive/MyDrive/MACROBATT/INPUT_PDF_FILES/28383413.pdf
108,Biological_structure,meninges,0.9997910857200623,1,/content/drive/MyDrive/MACROBATT/INPUT_PDF_FILES/28383413.pdf
109,Biological_structure,left left internal,0.9314322471618652,1,/content/drive/MyDrive/MACROBATT/INPUT_PDF_FILES/28383413.pdf
110,Biological_structure,left left,0.9978523254394531,1,/content/drive/MyDrive/MACROBATT/INPUT_PDF_FILES/28383413.pdf
111,Biological_structure,Pituitary,0.998003363609314,1,/content/drive/MyDrive/MACROBATT/INPUT_PDF_FILES/28383413.pdf
112,Biological_structure,Pituitary stalk,0.9922069311141968,1,/content/drive/MyDrive/MACROBATT/INPUT_PDF_FILES/28383413.pdf
113,Sign_symptom,shorter,0.9997883439064026,1,/content/drive/MyDrive/MACROBATT/INPUT_PDF_FILES/28383413.pdf
114,Detailed_description,right,0.9999418258666992,1,/content/drive/MyDrive/MACROBATT/INPUT_PDF_FILES/28383413.pdf
115,Diagnostic_procedure,Laboratory findings,0.9999428391456604,1,/content/drive/MyDrive/MACROBATT/INPUT_PDF_FILES/28383413.pdf
116,Diagnostic_procedure,prolactin,0.9919559955596924,1,/content/drive/MyDrive/MACROBATT/INPUT_PDF_FILES/28383413.pdf
117,Lab_value,119.08,0.9999457597732544,1,/content/drive/MyDrive/MACROBATT/INPUT_PDF_FILES/28383413.pdf
118,Lab_value,normal normal normal normal,0.9999098777770996,1,/content/drive/MyDrive/MACROBATT/INPUT_PDF_FILES/28383413.pdf
119,Diagnostic_procedure,cortisol,0.9999639987945557,1,/content/drive/MyDrive/MACROBATT/INPUT_PDF_FILES/28383413.pdf
120,Lab_value,677.10,0.8063493371009827,1,/content/drive/MyDrive/MACROBATT/INPUT_PDF_FILES/28383413.pdf
121,Lab_value,decreased,0.9998605251312256,1,/content/drive/MyDrive/MACROBATT/INPUT_PDF_FILES/28383413.pdf
122,Diagnostic_procedure,free free thyroxine,0.9998895525932312,1,/content/drive/MyDrive/MACROBATT/INPUT_PDF_FILES/28383413.pdf
123,Lab_value,FT4 FT3,0.6910859942436218,1,/content/drive/MyDrive/MACROBATT/INPUT_PDF_FILES/28383413.pdf
124,Diagnostic_procedure,free free triiodothyronine,0.9998144507408142,1,/content/drive/MyDrive/MACROBATT/INPUT_PDF_FILES/28383413.pdf
125,Detailed_description,giant,0.9566053152084351,1,/content/drive/MyDrive/MACROBATT/INPUT_PDF_FILES/28383413.pdf
126,Disease_disorder,prolactinoma,0.9942851662635803,1,/content/drive/MyDrive/MACROBATT/INPUT_PDF_FILES/28383413.pdf
127,Detailed_description,transnasal,0.9769452214241028,1,/content/drive/MyDrive/MACROBATT/INPUT_PDF_FILES/28383413.pdf
128,Detailed_description,transsphenoidal,0.970426082611084,1,/content/drive/MyDrive/MACROBATT/INPUT_PDF_FILES/28383413.pdf
129,Therapeutic_procedure,surgery,0.9969310164451599,1,/content/drive/MyDrive/MACROBATT/INPUT_PDF_FILES/28383413.pdf
130,Biological_structure,bone invaded interval sinus in sellar parasellar floor,0.9999202489852905,1,/content/drive/MyDrive/MACROBATT/INPUT_PDF_FILES/28383413.pdf
131,Biological_structure,left left side parasellar,0.9999347925186157,1,/content/drive/MyDrive/MACROBATT/INPUT_PDF_FILES/28383413.pdf
132,Lab_value,normal,0.9994851350784302,1,/content/drive/MyDrive/MACROBATT/INPUT_PDF_FILES/28383413.pdf
133,Biological_structure,pituitary,0.6981465220451355,1,/content/drive/MyDrive/MACROBATT/INPUT_PDF_FILES/28383413.pdf
134,Coreference,tumor,0.9998239874839783,2,/content/drive/MyDrive/MACROBATT/INPUT_PDF_FILES/28383413.pdf
135,Color,reddish black,0.9967484474182129,2,/content/drive/MyDrive/MACROBATT/INPUT_PDF_FILES/28383413.pdf
136,Detailed_description,extremely rich blood supply,0.9999355673789978,2,/content/drive/MyDrive/MACROBATT/INPUT_PDF_FILES/28383413.pdf
137,Texture,soft,0.998471200466156,2,/content/drive/MyDrive/MACROBATT/INPUT_PDF_FILES/28383413.pdf
138,Texture,much tougher over,0.9592956304550171,2,/content/drive/MyDrive/MACROBATT/INPUT_PDF_FILES/28383413.pdf
139,Detailed_description,Intraoperative,0.8997561931610107,2,/content/drive/MyDrive/MACROBATT/INPUT_PDF_FILES/28383413.pdf
140,Diagnostic_procedure,frozen-section examination,0.9995430111885071,2,/content/drive/MyDrive/MACROBATT/INPUT_PDF_FILES/28383413.pdf
141,Sign_symptom,melanin melanoma,0.9992002844810486,2,/content/drive/MyDrive/MACROBATT/INPUT_PDF_FILES/28383413.pdf
142,Disease_disorder,melanoma,0.962986171245575,2,/content/drive/MyDrive/MACROBATT/INPUT_PDF_FILES/28383413.pdf
143,Detailed_description,eosinophilic,0.8520169854164124,2,/content/drive/MyDrive/MACROBATT/INPUT_PDF_FILES/28383413.pdf
144,Detailed_description,staining,0.9523195028305054,2,/content/drive/MyDrive/MACROBATT/INPUT_PDF_FILES/28383413.pdf
145,Diagnostic_procedure,cell nuclei,0.999567985534668,2,/content/drive/MyDrive/MACROBATT/INPUT_PDF_FILES/28383413.pdf
146,Lab_value,reniform,0.9974778890609741,2,/content/drive/MyDrive/MACROBATT/INPUT_PDF_FILES/28383413.pdf
147,Lab_value,hippocrepiform,0.9996931552886963,2,/content/drive/MyDrive/MACROBATT/INPUT_PDF_FILES/28383413.pdf
148,Diagnostic_procedure,nuclear fission,0.9999149441719055,2,/content/drive/MyDrive/MACROBATT/INPUT_PDF_FILES/28383413.pdf
149,Sign_symptom,necrosis,0.9999096393585205,2,/content/drive/MyDrive/MACROBATT/INPUT_PDF_FILES/28383413.pdf
150,Coreference,tumor tumor,0.9997534155845642,2,/content/drive/MyDrive/MACROBATT/INPUT_PDF_FILES/28383413.pdf
151,Lab_value,immunopositive Vimentin immunopositive,0.9996713399887085,2,/content/drive/MyDrive/MACROBATT/INPUT_PDF_FILES/28383413.pdf
152,Lab_value,immunopositive immunopositive,0.9239682555198669,2,/content/drive/MyDrive/MACROBATT/INPUT_PDF_FILES/28383413.pdf
153,Detailed_description,focally,0.9999154806137085,2,/content/drive/MyDrive/MACROBATT/INPUT_PDF_FILES/28383413.pdf
154,Disease_disorder,melanoma-specific,0.9692699313163757,2,/content/drive/MyDrive/MACROBATT/INPUT_PDF_FILES/28383413.pdf
155,Diagnostic_procedure,S-100 Syn,0.9700618386268616,2,/content/drive/MyDrive/MACROBATT/INPUT_PDF_FILES/28383413.pdf
156,Diagnostic_procedure,HMB45,0.9994091987609863,2,/content/drive/MyDrive/MACROBATT/INPUT_PDF_FILES/28383413.pdf
157,Diagnostic_procedure,Vimentin,0.9999111890792847,2,/content/drive/MyDrive/MACROBATT/INPUT_PDF_FILES/28383413.pdf
158,Diagnostic_procedure,CgA,0.9999500513076782,2,/content/drive/MyDrive/MACROBATT/INPUT_PDF_FILES/28383413.pdf
159,Diagnostic_procedure,Syn,0.9999409914016724,2,/content/drive/MyDrive/MACROBATT/INPUT_PDF_FILES/28383413.pdf
160,Diagnostic_procedure,Ki67 index,0.9999396800994873,2,/content/drive/MyDrive/MACROBATT/INPUT_PDF_FILES/28383413.pdf
161,Lab_value,higher,0.9999265670776367,2,/content/drive/MyDrive/MACROBATT/INPUT_PDF_FILES/28383413.pdf
162,Disease_disorder,MMPA,0.9994733929634094,2,/content/drive/MyDrive/MACROBATT/INPUT_PDF_FILES/28383413.pdf
163,Lab_value,relief,0.9991065859794617,2,/content/drive/MyDrive/MACROBATT/INPUT_PDF_FILES/28383413.pdf
164,Lab_value,seen,0.9979996085166931,2,/content/drive/MyDrive/MACROBATT/INPUT_PDF_FILES/28383413.pdf
165,Diagnostic_procedure,visual field,0.9999383091926575,2,/content/drive/MyDrive/MACROBATT/INPUT_PDF_FILES/28383413.pdf
166,Diagnostic_procedure,prolactin,0.7329553961753845,2,/content/drive/MyDrive/MACROBATT/INPUT_PDF_FILES/28383413.pdf
167,Diagnostic_procedure,cortisol,0.9982911944389343,2,/content/drive/MyDrive/MACROBATT/INPUT_PDF_FILES/28383413.pdf
168,Diagnostic_procedure,FT4,0.9997180700302124,2,/content/drive/MyDrive/MACROBATT/INPUT_PDF_FILES/28383413.pdf
169,Lab_value,normal,0.9999065399169922,2,/content/drive/MyDrive/MACROBATT/INPUT_PDF_FILES/28383413.pdf
170,Medication,hormone replacement,0.9995971918106079,2,/content/drive/MyDrive/MACROBATT/INPUT_PDF_FILES/28383413.pdf
171,Biological_structure,liver,0.9650319814682007,2,/content/drive/MyDrive/MACROBATT/INPUT_PDF_FILES/28383413.pdf
172,Sign_symptom,lesions,0.9999644756317139,2,/content/drive/MyDrive/MACROBATT/INPUT_PDF_FILES/28383413.pdf
173,Sign_symptom,focal liver lesions lymphadenectasis surgical,0.9999562501907349,2,/content/drive/MyDrive/MACROBATT/INPUT_PDF_FILES/28383413.pdf
174,Sign_symptom,lymphadenectasis,0.9999154806137085,2,/content/drive/MyDrive/MACROBATT/INPUT_PDF_FILES/28383413.pdf
175,Therapeutic_procedure,surgical intervention,0.9997878074645996,2,/content/drive/MyDrive/MACROBATT/INPUT_PDF_FILES/28383413.pdf
176,Clinical_event,discharged,0.9998441934585571,2,/content/drive/MyDrive/MACROBATT/INPUT_PDF_FILES/28383413.pdf
177,Nonbiological_location,hospital,0.999803364276886,2,/content/drive/MyDrive/MACROBATT/INPUT_PDF_FILES/28383413.pdf
178,Disease_disorder,disease,0.983768880367279,2,/content/drive/MyDrive/MACROBATT/INPUT_PDF_FILES/28383413.pdf
179,Date,2 months after,0.9998288750648499,2,/content/drive/MyDrive/MACROBATT/INPUT_PDF_FILES/28383413.pdf
180,Sign_symptom,metastatic sites,0.9996805787086487,2,/content/drive/MyDrive/MACROBATT/INPUT_PDF_FILES/28383413.pdf
181,Biological_structure,skin,0.999320387840271,2,/content/drive/MyDrive/MACROBATT/INPUT_PDF_FILES/28383413.pdf
182,Biological_structure,left left left groin groin,0.9570764303207397,2,/content/drive/MyDrive/MACROBATT/INPUT_PDF_FILES/28383413.pdf
183,Clinical_event,follow-up,0.9997212290763855,2,/content/drive/MyDrive/MACROBATT/INPUT_PDF_FILES/28383413.pdf
184,Date,late January 2016,0.9530850052833557,2,/content/drive/MyDrive/MACROBATT/INPUT_PDF_FILES/28383413.pdf
185,Activity,walk,0.9967718720436096,2,/content/drive/MyDrive/MACROBATT/INPUT_PDF_FILES/28383413.pdf
186,Activity,live by herself,0.996757447719574,2,/content/drive/MyDrive/MACROBATT/INPUT_PDF_FILES/28383413.pdf
187,Date,"latest late January , , , , , , , , 2017",0.9985865354537964,2,/content/drive/MyDrive/MACROBATT/INPUT_PDF_FILES/28383413.pdf
188,Sign_symptom,sensory deficits,0.999593198299408,2,/content/drive/MyDrive/MACROBATT/INPUT_PDF_FILES/28383413.pdf
189,Sign_symptom,could not move,0.9592764377593994,2,/content/drive/MyDrive/MACROBATT/INPUT_PDF_FILES/28383413.pdf
190,Sign_symptom,hyperalgesia,0.872159481048584,2,/content/drive/MyDrive/MACROBATT/INPUT_PDF_FILES/28383413.pdf
191,Sign_symptom,impaired,0.9181188941001892,2,/content/drive/MyDrive/MACROBATT/INPUT_PDF_FILES/28383413.pdf
192,Clinical_event,nursing,0.9611949920654297,2,/content/drive/MyDrive/MACROBATT/INPUT_PDF_FILES/28383413.pdf
