,Entity Group,Value,Score,Page,Pdf File
0,Age,61-year-old,0.996707558631897,1,/content/drive/MyDrive/MACROBATT/INPUT_PDF_FILES/28403092.pdf
1,Personal_background,Chinese,0.9986238479614258,1,/content/drive/MyDrive/MACROBATT/INPUT_PDF_FILES/28403092.pdf
2,Sex,woman,0.9996734857559204,1,/content/drive/MyDrive/MACROBATT/INPUT_PDF_FILES/28403092.pdf
3,Sign_symptom,dizziness radiologically,0.9999599456787109,1,/content/drive/MyDrive/MACROBATT/INPUT_PDF_FILES/28403092.pdf
4,Sign_symptom,dizziness,0.969965934753418,1,/content/drive/MyDrive/MACROBATT/INPUT_PDF_FILES/28403092.pdf
5,Duration,3 weeks,0.9997557997703552,1,/content/drive/MyDrive/MACROBATT/INPUT_PDF_FILES/28403092.pdf
6,Clinical_event,admitted,0.9998775720596313,1,/content/drive/MyDrive/MACROBATT/INPUT_PDF_FILES/28403092.pdf
7,Nonbiological_location,hospital,0.9985356330871582,1,/content/drive/MyDrive/MACROBATT/INPUT_PDF_FILES/28403092.pdf
8,Biological_structure,bifrontal,0.9320249557495117,1,/content/drive/MyDrive/MACROBATT/INPUT_PDF_FILES/28403092.pdf
9,Sign_symptom,mass,0.9999598264694214,1,/content/drive/MyDrive/MACROBATT/INPUT_PDF_FILES/28403092.pdf
10,Sign_symptom,or sensory or symptoms that,0.884996235370636,1,/content/drive/MyDrive/MACROBATT/INPUT_PDF_FILES/28403092.pdf
11,History,20-year history of hypertension,0.999047577381134,1,/content/drive/MyDrive/MACROBATT/INPUT_PDF_FILES/28403092.pdf
12,Medication,angiotensin-converting,0.9928311109542847,1,/content/drive/MyDrive/MACROBATT/INPUT_PDF_FILES/28403092.pdf
13,Medication,angiotensin-converting inhibitors,0.8186905384063721,1,/content/drive/MyDrive/MACROBATT/INPUT_PDF_FILES/28403092.pdf
14,Medication,angiotensin-converting enzyme,0.5812891125679016,1,/content/drive/MyDrive/MACROBATT/INPUT_PDF_FILES/28403092.pdf
15,Family_history,No special circumstances were identified regarding her personal or history normal family,0.9993257522583008,1,/content/drive/MyDrive/MACROBATT/INPUT_PDF_FILES/28403092.pdf
16,Lab_value,normal,0.9996767044067383,1,/content/drive/MyDrive/MACROBATT/INPUT_PDF_FILES/28403092.pdf
17,Detailed_description,Plain,0.9999526739120483,1,/content/drive/MyDrive/MACROBATT/INPUT_PDF_FILES/28403092.pdf
18,Detailed_description,contrast-enhanced,0.9998466372489929,1,/content/drive/MyDrive/MACROBATT/INPUT_PDF_FILES/28403092.pdf
19,Diagnostic_procedure,magnetic resonance imaging,0.9997844696044922,1,/content/drive/MyDrive/MACROBATT/INPUT_PDF_FILES/28403092.pdf
20,Diagnostic_procedure,MRI,0.9999533891677856,1,/content/drive/MyDrive/MACROBATT/INPUT_PDF_FILES/28403092.pdf
21,Biological_structure,head,0.9999167919158936,1,/content/drive/MyDrive/MACROBATT/INPUT_PDF_FILES/28403092.pdf
22,Detailed_description,space-occupying,0.9977933764457703,1,/content/drive/MyDrive/MACROBATT/INPUT_PDF_FILES/28403092.pdf
23,Sign_symptom,lesion,0.9999442100524902,1,/content/drive/MyDrive/MACROBATT/INPUT_PDF_FILES/28403092.pdf
24,Biological_structure,mainly contrast-enhanced resonance lesion bifrontal on the the the the the right,0.9990205764770508,1,/content/drive/MyDrive/MACROBATT/INPUT_PDF_FILES/28403092.pdf
25,Biological_structure,clinging to the the the the the sagittal sinus,0.9999005794525146,1,/content/drive/MyDrive/MACROBATT/INPUT_PDF_FILES/28403092.pdf
26,Biological_structure,cerebral,0.9999359846115112,1,/content/drive/MyDrive/MACROBATT/INPUT_PDF_FILES/28403092.pdf
27,Volume,5.7 × × 5.0 5.0 × × 5.0 5.0 cm,0.9973817467689514,1,/content/drive/MyDrive/MACROBATT/INPUT_PDF_FILES/28403092.pdf
28,Biological_structure,across the the the sagittal midline,0.999818742275238,1,/content/drive/MyDrive/MACROBATT/INPUT_PDF_FILES/28403092.pdf
29,Sign_symptom,isointensity,0.9992914199829102,1,/content/drive/MyDrive/MACROBATT/INPUT_PDF_FILES/28403092.pdf
30,Diagnostic_procedure,T1-weighted image image,0.9999241828918457,1,/content/drive/MyDrive/MACROBATT/INPUT_PDF_FILES/28403092.pdf
31,Sign_symptom,hyperintensity,0.9947034120559692,1,/content/drive/MyDrive/MACROBATT/INPUT_PDF_FILES/28403092.pdf
32,Diagnostic_procedure,T2-weighted image image,0.9999169111251831,1,/content/drive/MyDrive/MACROBATT/INPUT_PDF_FILES/28403092.pdf
33,Detailed_description,characteristic “ dural-tail ” sign,0.9998833537101746,1,/content/drive/MyDrive/MACROBATT/INPUT_PDF_FILES/28403092.pdf
34,Detailed_description,parasagittal-parafalcine,0.9999759197235107,1,/content/drive/MyDrive/MACROBATT/INPUT_PDF_FILES/28403092.pdf
35,Disease_disorder,meningioma meningioma,0.9998140931129456,1,/content/drive/MyDrive/MACROBATT/INPUT_PDF_FILES/28403092.pdf
36,Detailed_description,craniotomic,0.9999696016311646,1,/content/drive/MyDrive/MACROBATT/INPUT_PDF_FILES/28403092.pdf
37,Therapeutic_procedure,resection,0.99993896484375,1,/content/drive/MyDrive/MACROBATT/INPUT_PDF_FILES/28403092.pdf
38,Diagnostic_procedure,blood cell,0.999873161315918,1,/content/drive/MyDrive/MACROBATT/INPUT_PDF_FILES/28403092.pdf
39,Diagnostic_procedure,coagulation,0.9962827563285828,1,/content/drive/MyDrive/MACROBATT/INPUT_PDF_FILES/28403092.pdf
40,Diagnostic_procedure,examination coagulation,0.8323325514793396,1,/content/drive/MyDrive/MACROBATT/INPUT_PDF_FILES/28403092.pdf
41,Biological_structure,liver,0.9981903433799744,1,/content/drive/MyDrive/MACROBATT/INPUT_PDF_FILES/28403092.pdf
42,Diagnostic_procedure,renal function function,0.8391516208648682,1,/content/drive/MyDrive/MACROBATT/INPUT_PDF_FILES/28403092.pdf
43,Diagnostic_procedure,urinalysis,0.9794048070907593,1,/content/drive/MyDrive/MACROBATT/INPUT_PDF_FILES/28403092.pdf
44,Biological_structure,chest,0.9999114274978638,1,/content/drive/MyDrive/MACROBATT/INPUT_PDF_FILES/28403092.pdf
45,Diagnostic_procedure,examination x-rays,0.9999673366546631,1,/content/drive/MyDrive/MACROBATT/INPUT_PDF_FILES/28403092.pdf
46,Diagnostic_procedure,x-rays,0.9996006488800049,1,/content/drive/MyDrive/MACROBATT/INPUT_PDF_FILES/28403092.pdf
47,Diagnostic_procedure,electrocardiogram,0.9967555403709412,1,/content/drive/MyDrive/MACROBATT/INPUT_PDF_FILES/28403092.pdf
48,Diagnostic_procedure,albumin,0.999830961227417,1,/content/drive/MyDrive/MACROBATT/INPUT_PDF_FILES/28403092.pdf
49,Lab_value,36 g/L,0.8873124122619629,1,/content/drive/MyDrive/MACROBATT/INPUT_PDF_FILES/28403092.pdf
50,Diagnostic_procedure,total bilirubin bilirubin,0.9988357424736023,1,/content/drive/MyDrive/MACROBATT/INPUT_PDF_FILES/28403092.pdf
51,Diagnostic_procedure,TBil,0.99992835521698,1,/content/drive/MyDrive/MACROBATT/INPUT_PDF_FILES/28403092.pdf
52,Lab_value,12.2 μmol/L μmol/L,0.9988175630569458,1,/content/drive/MyDrive/MACROBATT/INPUT_PDF_FILES/28403092.pdf
53,Diagnostic_procedure,direct bilirubin bilirubin,0.9985253214836121,1,/content/drive/MyDrive/MACROBATT/INPUT_PDF_FILES/28403092.pdf
54,Diagnostic_procedure,DBil,0.9999048709869385,1,/content/drive/MyDrive/MACROBATT/INPUT_PDF_FILES/28403092.pdf
55,Lab_value,4.1 μmol/L μmol/L,0.9904777407646179,1,/content/drive/MyDrive/MACROBATT/INPUT_PDF_FILES/28403092.pdf
56,Diagnostic_procedure,Alanine transaminase,0.9998804330825806,1,/content/drive/MyDrive/MACROBATT/INPUT_PDF_FILES/28403092.pdf
57,Diagnostic_procedure,ALT,0.9853417873382568,1,/content/drive/MyDrive/MACROBATT/INPUT_PDF_FILES/28403092.pdf
58,Diagnostic_procedure,international normalized,0.929867684841156,1,/content/drive/MyDrive/MACROBATT/INPUT_PDF_FILES/28403092.pdf
59,Diagnostic_procedure,INR,0.7805337309837341,1,/content/drive/MyDrive/MACROBATT/INPUT_PDF_FILES/28403092.pdf
60,Diagnostic_procedure,echocardiograph,0.9999721050262451,1,/content/drive/MyDrive/MACROBATT/INPUT_PDF_FILES/28403092.pdf
61,Diagnostic_procedure,blood gas analysis,0.9999003410339355,1,/content/drive/MyDrive/MACROBATT/INPUT_PDF_FILES/28403092.pdf
62,Diagnostic_procedure,creatine,0.9999414682388306,1,/content/drive/MyDrive/MACROBATT/INPUT_PDF_FILES/28403092.pdf
63,Diagnostic_procedure,creatine kinase,0.9701890349388123,1,/content/drive/MyDrive/MACROBATT/INPUT_PDF_FILES/28403092.pdf
64,Dosage,Five hundred milligrams,0.999737024307251,1,/content/drive/MyDrive/MACROBATT/INPUT_PDF_FILES/28403092.pdf
65,Medication,VPA,0.999356746673584,1,/content/drive/MyDrive/MACROBATT/INPUT_PDF_FILES/28403092.pdf
66,Dosage,twice per operation day days,0.9996450543403625,1,/content/drive/MyDrive/MACROBATT/INPUT_PDF_FILES/28403092.pdf
67,Date,3 days before,0.9997208714485168,1,/content/drive/MyDrive/MACROBATT/INPUT_PDF_FILES/28403092.pdf
68,Detailed_description,craniotomy,0.9998996257781982,1,/content/drive/MyDrive/MACROBATT/INPUT_PDF_FILES/28403092.pdf
69,Sign_symptom,tumor,0.9998258948326111,1,/content/drive/MyDrive/MACROBATT/INPUT_PDF_FILES/28403092.pdf
70,Color,pink,0.9979992508888245,1,/content/drive/MyDrive/MACROBATT/INPUT_PDF_FILES/28403092.pdf
71,Detailed_description,solid,0.9987897276878357,1,/content/drive/MyDrive/MACROBATT/INPUT_PDF_FILES/28403092.pdf
72,Time,Thirty minutes before the end,0.9990286827087402,1,/content/drive/MyDrive/MACROBATT/INPUT_PDF_FILES/28403092.pdf
73,Dosage,800 mg,0.9995254278182983,1,/content/drive/MyDrive/MACROBATT/INPUT_PDF_FILES/28403092.pdf
74,Administration,intravenous,0.9994145631790161,1,/content/drive/MyDrive/MACROBATT/INPUT_PDF_FILES/28403092.pdf
75,Sign_symptom,consciousness,0.9997220635414124,1,/content/drive/MyDrive/MACROBATT/INPUT_PDF_FILES/28403092.pdf
76,Time,within 30 minutes,0.999235212802887,1,/content/drive/MyDrive/MACROBATT/INPUT_PDF_FILES/28403092.pdf
77,Detailed_description,Glasgow GCS,0.8241807222366333,1,/content/drive/MyDrive/MACROBATT/INPUT_PDF_FILES/28403092.pdf
78,Date,Two hours later,0.9996832013130188,1,/content/drive/MyDrive/MACROBATT/INPUT_PDF_FILES/28403092.pdf
79,Clinical_event,transported,0.999848484992981,1,/content/drive/MyDrive/MACROBATT/INPUT_PDF_FILES/28403092.pdf
80,Disease_disorder,UGH,0.9865960478782654,1,/content/drive/MyDrive/MACROBATT/INPUT_PDF_FILES/28403092.pdf
81,Sign_symptom,vomitus,0.9990913271903992,1,/content/drive/MyDrive/MACROBATT/INPUT_PDF_FILES/28403092.pdf
82,Color,coffee-colored,0.9977760910987854,1,/content/drive/MyDrive/MACROBATT/INPUT_PDF_FILES/28403092.pdf
83,Biological_structure,endotracheal,0.9666525721549988,1,/content/drive/MyDrive/MACROBATT/INPUT_PDF_FILES/28403092.pdf
84,Detailed_description,acute,0.9999557733535767,1,/content/drive/MyDrive/MACROBATT/INPUT_PDF_FILES/28403092.pdf
85,Detailed_description,experiencing erosive-hemorrhagic,0.9999792575836182,1,/content/drive/MyDrive/MACROBATT/INPUT_PDF_FILES/28403092.pdf
86,Detailed_description,erosive-hemorrhagic,0.9960814118385315,1,/content/drive/MyDrive/MACROBATT/INPUT_PDF_FILES/28403092.pdf
87,Medication,omeprazole,0.9332125186920166,1,/content/drive/MyDrive/MACROBATT/INPUT_PDF_FILES/28403092.pdf
88,Sign_symptom,hematemesis,0.9999656677246094,1,/content/drive/MyDrive/MACROBATT/INPUT_PDF_FILES/28403092.pdf
89,Administration,intravenously,0.9546390175819397,1,/content/drive/MyDrive/MACROBATT/INPUT_PDF_FILES/28403092.pdf
90,Date,1200 2 postoperative,0.9775521159172058,1,/content/drive/MyDrive/MACROBATT/INPUT_PDF_FILES/28403092.pdf
91,Dosage,500 mg,0.998902440071106,1,/content/drive/MyDrive/MACROBATT/INPUT_PDF_FILES/28403092.pdf
92,Administration,oral,0.9994568228721619,1,/content/drive/MyDrive/MACROBATT/INPUT_PDF_FILES/28403092.pdf
93,Dosage,twice Because stomach and functional dosage was changed via oral administration a day,0.9538319706916809,1,/content/drive/MyDrive/MACROBATT/INPUT_PDF_FILES/28403092.pdf
94,Biological_structure,brain,0.9999351501464844,1,/content/drive/MyDrive/MACROBATT/INPUT_PDF_FILES/28403092.pdf
95,Diagnostic_procedure,postoperative operative field,0.9999207854270935,1,/content/drive/MyDrive/MACROBATT/INPUT_PDF_FILES/28403092.pdf
96,Lab_value,clean,0.9997311234474182,1,/content/drive/MyDrive/MACROBATT/INPUT_PDF_FILES/28403092.pdf
97,Detailed_description,paraffin,0.9992971420288086,2,/content/drive/MyDrive/MACROBATT/INPUT_PDF_FILES/28403092.pdf
98,Diagnostic_procedure,histological examination,0.9296592473983765,2,/content/drive/MyDrive/MACROBATT/INPUT_PDF_FILES/28403092.pdf
99,Time,3 am,0.9984164237976074,2,/content/drive/MyDrive/MACROBATT/INPUT_PDF_FILES/28403092.pdf
100,Time,day,0.9983052015304565,2,/content/drive/MyDrive/MACROBATT/INPUT_PDF_FILES/28403092.pdf
101,Sign_symptom,pupils were dilated,0.999806821346283,2,/content/drive/MyDrive/MACROBATT/INPUT_PDF_FILES/28403092.pdf
102,Distance,3.0 mm,0.9992642998695374,2,/content/drive/MyDrive/MACROBATT/INPUT_PDF_FILES/28403092.pdf
103,Diagnostic_procedure,light reflex,0.9998974800109863,2,/content/drive/MyDrive/MACROBATT/INPUT_PDF_FILES/28403092.pdf
104,Diagnostic_procedure,neurological examination,0.9999315738677979,2,/content/drive/MyDrive/MACROBATT/INPUT_PDF_FILES/28403092.pdf
105,Diagnostic_procedure,vital signs,0.9999586939811707,2,/content/drive/MyDrive/MACROBATT/INPUT_PDF_FILES/28403092.pdf
106,Lab_value,stable,0.9998643398284912,2,/content/drive/MyDrive/MACROBATT/INPUT_PDF_FILES/28403092.pdf
107,Diagnostic_procedure,mental state,0.9999513626098633,2,/content/drive/MyDrive/MACROBATT/INPUT_PDF_FILES/28403092.pdf
108,Lab_value,changed,0.5273048877716064,2,/content/drive/MyDrive/MACROBATT/INPUT_PDF_FILES/28403092.pdf
109,Lab_value,deep,0.9960281848907471,2,/content/drive/MyDrive/MACROBATT/INPUT_PDF_FILES/28403092.pdf
110,Disease_disorder,coma,0.999527096748352,2,/content/drive/MyDrive/MACROBATT/INPUT_PDF_FILES/28403092.pdf
111,Biological_structure,intracranial,0.9996817111968994,2,/content/drive/MyDrive/MACROBATT/INPUT_PDF_FILES/28403092.pdf
112,Diagnostic_procedure,computerized tomography,0.9981147050857544,2,/content/drive/MyDrive/MACROBATT/INPUT_PDF_FILES/28403092.pdf
113,Diagnostic_procedure,( (,0.9998626708984375,2,/content/drive/MyDrive/MACROBATT/INPUT_PDF_FILES/28403092.pdf
114,Biological_structure,brain brain,0.9999532699584961,2,/content/drive/MyDrive/MACROBATT/INPUT_PDF_FILES/28403092.pdf
115,Severity,severe,0.9594377279281616,2,/content/drive/MyDrive/MACROBATT/INPUT_PDF_FILES/28403092.pdf
116,Disease_disorder,cerebral infarction,0.9340657591819763,2,/content/drive/MyDrive/MACROBATT/INPUT_PDF_FILES/28403092.pdf
117,Medication,glucocorticoid,0.9853459596633911,2,/content/drive/MyDrive/MACROBATT/INPUT_PDF_FILES/28403092.pdf
118,Medication,excluded glucocorticoid,0.9991998076438904,2,/content/drive/MyDrive/MACROBATT/INPUT_PDF_FILES/28403092.pdf
119,Medication,mannitol,0.9985092282295227,2,/content/drive/MyDrive/MACROBATT/INPUT_PDF_FILES/28403092.pdf
120,Medication,vasodilator,0.9996316432952881,2,/content/drive/MyDrive/MACROBATT/INPUT_PDF_FILES/28403092.pdf
121,Diagnostic_procedure,laboratory results,0.99992835521698,2,/content/drive/MyDrive/MACROBATT/INPUT_PDF_FILES/28403092.pdf
122,Biological_structure,blood,0.9998433589935303,2,/content/drive/MyDrive/MACROBATT/INPUT_PDF_FILES/28403092.pdf
123,Biological_structure,renal,0.9999425411224365,2,/content/drive/MyDrive/MACROBATT/INPUT_PDF_FILES/28403092.pdf
124,Diagnostic_procedure,functions,0.9998378753662109,2,/content/drive/MyDrive/MACROBATT/INPUT_PDF_FILES/28403092.pdf
125,Lab_value,normal,0.9999058246612549,2,/content/drive/MyDrive/MACROBATT/INPUT_PDF_FILES/28403092.pdf
126,Diagnostic_procedure,albumin,0.9998713731765747,2,/content/drive/MyDrive/MACROBATT/INPUT_PDF_FILES/28403092.pdf
127,Diagnostic_procedure,TBil,0.9999077916145325,2,/content/drive/MyDrive/MACROBATT/INPUT_PDF_FILES/28403092.pdf
128,Lab_value,13.3 μmol/L μmol/L,0.9981350898742676,2,/content/drive/MyDrive/MACROBATT/INPUT_PDF_FILES/28403092.pdf
129,Diagnostic_procedure,DBil,0.9999305009841919,2,/content/drive/MyDrive/MACROBATT/INPUT_PDF_FILES/28403092.pdf
130,Lab_value,4.5 μmol/L μmol/L,0.9746211767196655,2,/content/drive/MyDrive/MACROBATT/INPUT_PDF_FILES/28403092.pdf
131,Diagnostic_procedure,ALT,0.9999370574951172,2,/content/drive/MyDrive/MACROBATT/INPUT_PDF_FILES/28403092.pdf
132,Diagnostic_procedure,INR,0.9757024049758911,2,/content/drive/MyDrive/MACROBATT/INPUT_PDF_FILES/28403092.pdf
133,Biological_structure,blood blood blood,0.99994957447052,2,/content/drive/MyDrive/MACROBATT/INPUT_PDF_FILES/28403092.pdf
134,Diagnostic_procedure,ammonia levels,0.9923413991928101,2,/content/drive/MyDrive/MACROBATT/INPUT_PDF_FILES/28403092.pdf
135,Biological_structure,blood blood,0.999956488609314,2,/content/drive/MyDrive/MACROBATT/INPUT_PDF_FILES/28403092.pdf
136,Lab_value,elevated,0.9998505115509033,2,/content/drive/MyDrive/MACROBATT/INPUT_PDF_FILES/28403092.pdf
137,Lab_value,181.6,0.9998365640640259,2,/content/drive/MyDrive/MACROBATT/INPUT_PDF_FILES/28403092.pdf
138,Disease_disorder,UGH-induced,0.7010000944137573,2,/content/drive/MyDrive/MACROBATT/INPUT_PDF_FILES/28403092.pdf
139,Administration,oral,0.9995521903038025,2,/content/drive/MyDrive/MACROBATT/INPUT_PDF_FILES/28403092.pdf
140,Medication,VPA,0.9996011257171631,2,/content/drive/MyDrive/MACROBATT/INPUT_PDF_FILES/28403092.pdf
141,Administration,intravenous,0.9995379447937012,2,/content/drive/MyDrive/MACROBATT/INPUT_PDF_FILES/28403092.pdf
142,Administration,intravenous prevent,0.9989606142044067,2,/content/drive/MyDrive/MACROBATT/INPUT_PDF_FILES/28403092.pdf
143,Medication,Lactulose,0.9785880446434021,2,/content/drive/MyDrive/MACROBATT/INPUT_PDF_FILES/28403092.pdf
144,Medication,vitamin B,0.9993093609809875,2,/content/drive/MyDrive/MACROBATT/INPUT_PDF_FILES/28403092.pdf
145,Medication,L-arginine,0.9988889694213867,2,/content/drive/MyDrive/MACROBATT/INPUT_PDF_FILES/28403092.pdf
146,Therapeutic_procedure,clysis,0.9998440742492676,2,/content/drive/MyDrive/MACROBATT/INPUT_PDF_FILES/28403092.pdf
147,Detailed_description,vinegar,0.9983243346214294,2,/content/drive/MyDrive/MACROBATT/INPUT_PDF_FILES/28403092.pdf
148,Therapeutic_procedure,fasted,0.9782406091690063,2,/content/drive/MyDrive/MACROBATT/INPUT_PDF_FILES/28403092.pdf
149,Lab_value,fluctuated,0.9999146461486816,2,/content/drive/MyDrive/MACROBATT/INPUT_PDF_FILES/28403092.pdf
150,Sign_symptom,unconscious,0.9951974749565125,2,/content/drive/MyDrive/MACROBATT/INPUT_PDF_FILES/28403092.pdf
151,Lab_value,unremarkable,0.9999054670333862,2,/content/drive/MyDrive/MACROBATT/INPUT_PDF_FILES/28403092.pdf
152,Lab_value,progress,0.999536395072937,2,/content/drive/MyDrive/MACROBATT/INPUT_PDF_FILES/28403092.pdf
153,Clinical_event,held Because unremarkable patient mental state and ammonia a multidisciplinary diagnosis and treatment initially hemodialysis peritoneal dialysis multidisciplinary conference,0.9941521883010864,2,/content/drive/MyDrive/MACROBATT/INPUT_PDF_FILES/28403092.pdf
154,Disease_disorder,VHE,0.999700665473938,2,/content/drive/MyDrive/MACROBATT/INPUT_PDF_FILES/28403092.pdf
155,Medication,VPA VPA,0.9984166622161865,2,/content/drive/MyDrive/MACROBATT/INPUT_PDF_FILES/28403092.pdf
156,Lab_value,improve,0.9998787641525269,2,/content/drive/MyDrive/MACROBATT/INPUT_PDF_FILES/28403092.pdf
157,Time,first 24 hours hours,0.9989374279975891,2,/content/drive/MyDrive/MACROBATT/INPUT_PDF_FILES/28403092.pdf
158,Detailed_description,complete,0.9994039535522461,2,/content/drive/MyDrive/MACROBATT/INPUT_PDF_FILES/28403092.pdf
159,Sign_symptom,consciousness,0.9998192191123962,2,/content/drive/MyDrive/MACROBATT/INPUT_PDF_FILES/28403092.pdf
160,Time,within 48 hours hours,0.9896181225776672,2,/content/drive/MyDrive/MACROBATT/INPUT_PDF_FILES/28403092.pdf
161,Lab_value,decreased,0.9998618364334106,2,/content/drive/MyDrive/MACROBATT/INPUT_PDF_FILES/28403092.pdf
162,Date,within 4 days,0.9998167157173157,2,/content/drive/MyDrive/MACROBATT/INPUT_PDF_FILES/28403092.pdf
163,Clinical_event,discharged,0.9995593428611755,2,/content/drive/MyDrive/MACROBATT/INPUT_PDF_FILES/28403092.pdf
164,Clinical_event,follow-up,0.9995962977409363,2,/content/drive/MyDrive/MACROBATT/INPUT_PDF_FILES/28403092.pdf
165,Date,month 5,0.9997894167900085,2,/content/drive/MyDrive/MACROBATT/INPUT_PDF_FILES/28403092.pdf
166,Detailed_description,full,0.9960777163505554,2,/content/drive/MyDrive/MACROBATT/INPUT_PDF_FILES/28403092.pdf
167,Sign_symptom,non-recurrence,0.8930310606956482,2,/content/drive/MyDrive/MACROBATT/INPUT_PDF_FILES/28403092.pdf
168,Sign_symptom,tumor,0.9999023675918579,2,/content/drive/MyDrive/MACROBATT/INPUT_PDF_FILES/28403092.pdf
169,Diagnostic_procedure,GCS,0.9998133182525635,2,/content/drive/MyDrive/MACROBATT/INPUT_PDF_FILES/28403092.pdf
170,Lab_value,satisfying,0.9997602105140686,2,/content/drive/MyDrive/MACROBATT/INPUT_PDF_FILES/28403092.pdf
