,Entity Group,Value,Score,Page,Pdf File
0,Age,60-year-old,0.9982731938362122,1,/content/drive/MyDrive/MACROBATT/INPUT_PDF_FILES/28403099.pdf
1,Sex,man,0.9997953772544861,1,/content/drive/MyDrive/MACROBATT/INPUT_PDF_FILES/28403099.pdf
2,Clinical_event,presented,0.9988377690315247,1,/content/drive/MyDrive/MACROBATT/INPUT_PDF_FILES/28403099.pdf
3,Biological_structure,retroperitoneal,0.9998893737792969,1,/content/drive/MyDrive/MACROBATT/INPUT_PDF_FILES/28403099.pdf
4,Sign_symptom,metastatic metastasis,0.9998674392700195,1,/content/drive/MyDrive/MACROBATT/INPUT_PDF_FILES/28403099.pdf
5,Sign_symptom,metastatic,0.9991918206214905,1,/content/drive/MyDrive/MACROBATT/INPUT_PDF_FILES/28403099.pdf
6,Biological_structure,60-year-old retroperitoneal lymph liver pulmonary transarterial chemoembolization pathology liver poorly lung liver,0.9999589920043945,1,/content/drive/MyDrive/MACROBATT/INPUT_PDF_FILES/28403099.pdf
7,Biological_structure,lymph node,0.953478991985321,1,/content/drive/MyDrive/MACROBATT/INPUT_PDF_FILES/28403099.pdf
8,Detailed_description,magnetic resonance (,0.9129049181938171,1,/content/drive/MyDrive/MACROBATT/INPUT_PDF_FILES/28403099.pdf
9,Diagnostic_procedure,imaging,0.91472327709198,1,/content/drive/MyDrive/MACROBATT/INPUT_PDF_FILES/28403099.pdf
10,Biological_structure,right,0.9133756160736084,1,/content/drive/MyDrive/MACROBATT/INPUT_PDF_FILES/28403099.pdf
11,Biological_structure,liver liver liver,0.9998856782913208,1,/content/drive/MyDrive/MACROBATT/INPUT_PDF_FILES/28403099.pdf
12,Therapeutic_procedure,presented resonance resection resection,0.9991917014122009,1,/content/drive/MyDrive/MACROBATT/INPUT_PDF_FILES/28403099.pdf
13,Therapeutic_procedure,resection resection,0.9475393891334534,1,/content/drive/MyDrive/MACROBATT/INPUT_PDF_FILES/28403099.pdf
14,Biological_structure,pulmonary,0.9999650716781616,1,/content/drive/MyDrive/MACROBATT/INPUT_PDF_FILES/28403099.pdf
15,Therapeutic_procedure,transarterial,0.9757381677627563,1,/content/drive/MyDrive/MACROBATT/INPUT_PDF_FILES/28403099.pdf
16,Therapeutic_procedure,transarterial chemoembolization,0.991831362247467,1,/content/drive/MyDrive/MACROBATT/INPUT_PDF_FILES/28403099.pdf
17,Diagnostic_procedure,pathology,0.999782383441925,1,/content/drive/MyDrive/MACROBATT/INPUT_PDF_FILES/28403099.pdf
18,Lab_value,mixed,0.671491801738739,1,/content/drive/MyDrive/MACROBATT/INPUT_PDF_FILES/28403099.pdf
19,Detailed_description,poorly differentiated,0.9981217384338379,1,/content/drive/MyDrive/MACROBATT/INPUT_PDF_FILES/28403099.pdf
20,Biological_structure,lung,0.999849796295166,1,/content/drive/MyDrive/MACROBATT/INPUT_PDF_FILES/28403099.pdf
21,Disease_disorder,cancer cancer,0.9334572553634644,1,/content/drive/MyDrive/MACROBATT/INPUT_PDF_FILES/28403099.pdf
22,Sign_symptom,tumor,0.9999232292175293,1,/content/drive/MyDrive/MACROBATT/INPUT_PDF_FILES/28403099.pdf
23,Biological_structure,duodenum,0.9980272650718689,1,/content/drive/MyDrive/MACROBATT/INPUT_PDF_FILES/28403099.pdf
24,Biological_structure,pancreas,0.9833877086639404,1,/content/drive/MyDrive/MACROBATT/INPUT_PDF_FILES/28403099.pdf
25,Biological_structure,the the hepatic,0.9921488761901855,1,/content/drive/MyDrive/MACROBATT/INPUT_PDF_FILES/28403099.pdf
26,Biological_structure,hepatic,0.9996939897537231,1,/content/drive/MyDrive/MACROBATT/INPUT_PDF_FILES/28403099.pdf
27,Detailed_description,unresectable,0.5301257967948914,1,/content/drive/MyDrive/MACROBATT/INPUT_PDF_FILES/28403099.pdf
28,Sign_symptom,unresectable masses,0.9868530035018921,1,/content/drive/MyDrive/MACROBATT/INPUT_PDF_FILES/28403099.pdf
29,Sign_symptom,hypertension,0.9998182058334351,1,/content/drive/MyDrive/MACROBATT/INPUT_PDF_FILES/28403099.pdf
30,Duration,10 100 10 years years years,0.9995610117912292,1,/content/drive/MyDrive/MACROBATT/INPUT_PDF_FILES/28403099.pdf
31,Detailed_description,chronic,0.9999091625213623,1,/content/drive/MyDrive/MACROBATT/INPUT_PDF_FILES/28403099.pdf
32,Disease_disorder,HBV-related cirrhosis,0.9731912016868591,1,/content/drive/MyDrive/MACROBATT/INPUT_PDF_FILES/28403099.pdf
33,Duration,30 years years years,0.9997756481170654,1,/content/drive/MyDrive/MACROBATT/INPUT_PDF_FILES/28403099.pdf
34,Medication,lamivudine,0.9979118704795837,1,/content/drive/MyDrive/MACROBATT/INPUT_PDF_FILES/28403099.pdf
35,Dosage,100 mg mg qd qd,0.9969497323036194,1,/content/drive/MyDrive/MACROBATT/INPUT_PDF_FILES/28403099.pdf
36,Medication,adefovir dipivoxil,0.9987614154815674,1,/content/drive/MyDrive/MACROBATT/INPUT_PDF_FILES/28403099.pdf
37,Dosage,10 100 10 mg mg qd qd,0.9988874197006226,1,/content/drive/MyDrive/MACROBATT/INPUT_PDF_FILES/28403099.pdf
38,Lab_value,constant,0.9998552799224854,1,/content/drive/MyDrive/MACROBATT/INPUT_PDF_FILES/28403099.pdf
39,Diagnostic_procedure,body temperature,0.9999561905860901,1,/content/drive/MyDrive/MACROBATT/INPUT_PDF_FILES/28403099.pdf
40,Diagnostic_procedure,blood pressure,0.999959409236908,1,/content/drive/MyDrive/MACROBATT/INPUT_PDF_FILES/28403099.pdf
41,Lab_value,148/96 mm,0.9959967732429504,1,/content/drive/MyDrive/MACROBATT/INPUT_PDF_FILES/28403099.pdf
42,Diagnostic_procedure,pulse,0.9999274015426636,1,/content/drive/MyDrive/MACROBATT/INPUT_PDF_FILES/28403099.pdf
43,Lab_value,77 beats every,0.9682690501213074,1,/content/drive/MyDrive/MACROBATT/INPUT_PDF_FILES/28403099.pdf
44,Biological_structure,abdominal abdominal,0.9997915625572205,1,/content/drive/MyDrive/MACROBATT/INPUT_PDF_FILES/28403099.pdf
45,Diagnostic_procedure,carcinoembryonic carbohydrate,0.9999672174453735,1,/content/drive/MyDrive/MACROBATT/INPUT_PDF_FILES/28403099.pdf
46,Diagnostic_procedure,carcinoembryonic antigen antigen,0.9999300241470337,1,/content/drive/MyDrive/MACROBATT/INPUT_PDF_FILES/28403099.pdf
47,Lab_value,3.7,0.9458997845649719,1,/content/drive/MyDrive/MACROBATT/INPUT_PDF_FILES/28403099.pdf
48,Diagnostic_procedure,alpha fetoprotein,0.9999343752861023,1,/content/drive/MyDrive/MACROBATT/INPUT_PDF_FILES/28403099.pdf
49,Lab_value,17.3,0.9916397929191589,1,/content/drive/MyDrive/MACROBATT/INPUT_PDF_FILES/28403099.pdf
50,Diagnostic_procedure,carbohydrate antigen antigen 19–9,0.9999009370803833,1,/content/drive/MyDrive/MACROBATT/INPUT_PDF_FILES/28403099.pdf
51,Lab_value,17.3 19–9 6.1,0.9952341914176941,1,/content/drive/MyDrive/MACROBATT/INPUT_PDF_FILES/28403099.pdf
52,Detailed_description,local,0.9999536275863647,1,/content/drive/MyDrive/MACROBATT/INPUT_PDF_FILES/28403099.pdf
53,Therapeutic_procedure,ablation,0.9996750354766846,1,/content/drive/MyDrive/MACROBATT/INPUT_PDF_FILES/28403099.pdf
54,Sign_symptom,tumor tumor tumor tumor,0.9999477863311768,1,/content/drive/MyDrive/MACROBATT/INPUT_PDF_FILES/28403099.pdf
55,Sign_symptom,lesion lesions lesions lesions lesions,0.9999619722366333,1,/content/drive/MyDrive/MACROBATT/INPUT_PDF_FILES/28403099.pdf
56,Sign_symptom,ablation variations lesion lesions lesions lesions lesions,0.9999480247497559,1,/content/drive/MyDrive/MACROBATT/INPUT_PDF_FILES/28403099.pdf
57,Diagnostic_procedure,computed tomography,0.5740050673484802,1,/content/drive/MyDrive/MACROBATT/INPUT_PDF_FILES/28403099.pdf
58,Diagnostic_procedure,( (,0.9924018383026123,1,/content/drive/MyDrive/MACROBATT/INPUT_PDF_FILES/28403099.pdf
59,Sign_symptom,lesions lesions lesions lesions,0.9999614953994751,1,/content/drive/MyDrive/MACROBATT/INPUT_PDF_FILES/28403099.pdf
60,Diagnostic_procedure,CT CT CT,0.9998693466186523,1,/content/drive/MyDrive/MACROBATT/INPUT_PDF_FILES/28403099.pdf
61,Sign_symptom,mass,0.7502335906028748,1,/content/drive/MyDrive/MACROBATT/INPUT_PDF_FILES/28403099.pdf
62,Volume,2.8 × 3.5 cm,0.921177864074707,1,/content/drive/MyDrive/MACROBATT/INPUT_PDF_FILES/28403099.pdf
63,Biological_structure,blood vessels,0.9985779523849487,1,/content/drive/MyDrive/MACROBATT/INPUT_PDF_FILES/28403099.pdf
64,Detailed_description,substance,0.9431809782981873,1,/content/drive/MyDrive/MACROBATT/INPUT_PDF_FILES/28403099.pdf
65,Severity,mildly high,0.9896540641784668,1,/content/drive/MyDrive/MACROBATT/INPUT_PDF_FILES/28403099.pdf
66,Sign_symptom,signal signal intensity intensity,0.9998913407325745,1,/content/drive/MyDrive/MACROBATT/INPUT_PDF_FILES/28403099.pdf
67,Severity,intermediate low,0.9634189605712891,1,/content/drive/MyDrive/MACROBATT/INPUT_PDF_FILES/28403099.pdf
68,Biological_structure,solid component,0.9999068379402161,1,/content/drive/MyDrive/MACROBATT/INPUT_PDF_FILES/28403099.pdf
69,Biological_structure,walls,0.9995073080062866,1,/content/drive/MyDrive/MACROBATT/INPUT_PDF_FILES/28403099.pdf
70,Severity,mild,0.9998070597648621,1,/content/drive/MyDrive/MACROBATT/INPUT_PDF_FILES/28403099.pdf
71,Sign_symptom,hyperechoic,0.9999300241470337,1,/content/drive/MyDrive/MACROBATT/INPUT_PDF_FILES/28403099.pdf
72,Sign_symptom,hyperechoic area,0.9993696212768555,1,/content/drive/MyDrive/MACROBATT/INPUT_PDF_FILES/28403099.pdf
73,Detailed_description,axial,0.9999433755874634,1,/content/drive/MyDrive/MACROBATT/INPUT_PDF_FILES/28403099.pdf
74,Detailed_description,percutaneous,0.9572769999504089,1,/content/drive/MyDrive/MACROBATT/INPUT_PDF_FILES/28403099.pdf
75,Biological_structure,transhepatic,0.9907376766204834,1,/content/drive/MyDrive/MACROBATT/INPUT_PDF_FILES/28403099.pdf
76,Diagnostic_procedure,biopsies,0.991003692150116,1,/content/drive/MyDrive/MACROBATT/INPUT_PDF_FILES/28403099.pdf
77,Therapeutic_procedure,ablations,0.883103609085083,1,/content/drive/MyDrive/MACROBATT/INPUT_PDF_FILES/28403099.pdf
78,Duration,about 40 minutes,0.9992938041687012,1,/content/drive/MyDrive/MACROBATT/INPUT_PDF_FILES/28403099.pdf
79,Diagnostic_procedure,ultrasonography,0.9989356994628906,1,/content/drive/MyDrive/MACROBATT/INPUT_PDF_FILES/28403099.pdf
80,Detailed_description,real-timely,0.9999531507492065,1,/content/drive/MyDrive/MACROBATT/INPUT_PDF_FILES/28403099.pdf
81,Detailed_description,2 21-gauge Nd,0.9932401776313782,1,/content/drive/MyDrive/MACROBATT/INPUT_PDF_FILES/28403099.pdf
82,Detailed_description,YAG,0.9961686134338379,1,/content/drive/MyDrive/MACROBATT/INPUT_PDF_FILES/28403099.pdf
83,Detailed_description,laser Echolaser fibers,0.95793616771698,1,/content/drive/MyDrive/MACROBATT/INPUT_PDF_FILES/28403099.pdf
84,Detailed_description,Echolaser,0.9960896968841553,1,/content/drive/MyDrive/MACROBATT/INPUT_PDF_FILES/28403099.pdf
85,Detailed_description,0.3 mm diameter,0.9993157386779785,1,/content/drive/MyDrive/MACROBATT/INPUT_PDF_FILES/28403099.pdf
86,Detailed_description,21-gauge,0.9999520182609558,1,/content/drive/MyDrive/MACROBATT/INPUT_PDF_FILES/28403099.pdf
87,Diagnostic_procedure,Chiba,0.9005882143974304,1,/content/drive/MyDrive/MACROBATT/INPUT_PDF_FILES/28403099.pdf
88,Detailed_description,needle,0.9906344413757324,1,/content/drive/MyDrive/MACROBATT/INPUT_PDF_FILES/28403099.pdf
89,Sign_symptom,lesions,0.9999288320541382,1,/content/drive/MyDrive/MACROBATT/INPUT_PDF_FILES/28403099.pdf
90,Distance,to to 15 mm,0.7857151031494141,1,/content/drive/MyDrive/MACROBATT/INPUT_PDF_FILES/28403099.pdf
91,Sign_symptom,lesion,0.9999339580535889,1,/content/drive/MyDrive/MACROBATT/INPUT_PDF_FILES/28403099.pdf
92,Sign_symptom,hyperechoic zone,0.9263222217559814,1,/content/drive/MyDrive/MACROBATT/INPUT_PDF_FILES/28403099.pdf
93,Date,next day,0.9998507499694824,1,/content/drive/MyDrive/MACROBATT/INPUT_PDF_FILES/28403099.pdf
94,Detailed_description,contrast-enhanced,0.9983734488487244,1,/content/drive/MyDrive/MACROBATT/INPUT_PDF_FILES/28403099.pdf
95,Diagnostic_procedure,ultrasound,0.9999136924743652,1,/content/drive/MyDrive/MACROBATT/INPUT_PDF_FILES/28403099.pdf
96,Diagnostic_procedure,CEUS,0.9996523857116699,1,/content/drive/MyDrive/MACROBATT/INPUT_PDF_FILES/28403099.pdf
97,Detailed_description,abnormal,0.9999058246612549,1,/content/drive/MyDrive/MACROBATT/INPUT_PDF_FILES/28403099.pdf
98,Sign_symptom,residual,0.5812410712242126,1,/content/drive/MyDrive/MACROBATT/INPUT_PDF_FILES/28403099.pdf
99,Biological_structure,proximal,0.9993826150894165,1,/content/drive/MyDrive/MACROBATT/INPUT_PDF_FILES/28403099.pdf
100,Biological_structure,abnormal proximal part of of the the pancreatic head,0.9996994137763977,1,/content/drive/MyDrive/MACROBATT/INPUT_PDF_FILES/28403099.pdf
101,Date,5-day,0.986950159072876,1,/content/drive/MyDrive/MACROBATT/INPUT_PDF_FILES/28403099.pdf
102,Clinical_event,follow-up,0.99978107213974,1,/content/drive/MyDrive/MACROBATT/INPUT_PDF_FILES/28403099.pdf
103,Biological_structure,lower mass,0.81756192445755,1,/content/drive/MyDrive/MACROBATT/INPUT_PDF_FILES/28403099.pdf
104,Severity,follow-up lower low,0.9974467754364014,1,/content/drive/MyDrive/MACROBATT/INPUT_PDF_FILES/28403099.pdf
105,Detailed_description,upper,0.999397873878479,1,/content/drive/MyDrive/MACROBATT/INPUT_PDF_FILES/28403099.pdf
106,Severity,intermediate high,0.9882564544677734,1,/content/drive/MyDrive/MACROBATT/INPUT_PDF_FILES/28403099.pdf
107,Detailed_description,substance phase,0.9999496936798096,1,/content/drive/MyDrive/MACROBATT/INPUT_PDF_FILES/28403099.pdf
108,Date,1-week,0.9997174143791199,1,/content/drive/MyDrive/MACROBATT/INPUT_PDF_FILES/28403099.pdf
109,Sign_symptom,enlarged,0.9990845918655396,1,/content/drive/MyDrive/MACROBATT/INPUT_PDF_FILES/28403099.pdf
110,Biological_structure,pancreatic head,0.9100026488304138,1,/content/drive/MyDrive/MACROBATT/INPUT_PDF_FILES/28403099.pdf
111,Detailed_description,2nd,0.9999456405639648,1,/content/drive/MyDrive/MACROBATT/INPUT_PDF_FILES/28403099.pdf
112,Detailed_description,2nd 2 Fig.2E,0.9998243451118469,1,/content/drive/MyDrive/MACROBATT/INPUT_PDF_FILES/28403099.pdf
113,Detailed_description,laser fibers,0.9844675064086914,1,/content/drive/MyDrive/MACROBATT/INPUT_PDF_FILES/28403099.pdf
114,Diagnostic_procedure,CEUS images,0.9116855263710022,1,/content/drive/MyDrive/MACROBATT/INPUT_PDF_FILES/28403099.pdf
115,Sign_symptom,were remanent,0.9999330043792725,1,/content/drive/MyDrive/MACROBATT/INPUT_PDF_FILES/28403099.pdf
116,Sign_symptom,remanent,0.8953346014022827,1,/content/drive/MyDrive/MACROBATT/INPUT_PDF_FILES/28403099.pdf
117,Detailed_description,3rd,0.9999617338180542,2,/content/drive/MyDrive/MACROBATT/INPUT_PDF_FILES/28403099.pdf
118,Detailed_description,laser,0.9998065829277039,2,/content/drive/MyDrive/MACROBATT/INPUT_PDF_FILES/28403099.pdf
119,Therapeutic_procedure,ablation,0.998978316783905,2,/content/drive/MyDrive/MACROBATT/INPUT_PDF_FILES/28403099.pdf
120,Date,3rd 3 Fig.3A days later,0.9998733401298523,2,/content/drive/MyDrive/MACROBATT/INPUT_PDF_FILES/28403099.pdf
121,Diagnostic_procedure,CEUS,0.6474218964576721,2,/content/drive/MyDrive/MACROBATT/INPUT_PDF_FILES/28403099.pdf
122,Severity,minor,0.9994497895240784,2,/content/drive/MyDrive/MACROBATT/INPUT_PDF_FILES/28403099.pdf
123,Sign_symptom,lesion needles,0.9999386072158813,2,/content/drive/MyDrive/MACROBATT/INPUT_PDF_FILES/28403099.pdf
124,Sign_symptom,ablation lesion separation,0.9996932744979858,2,/content/drive/MyDrive/MACROBATT/INPUT_PDF_FILES/28403099.pdf
125,Detailed_description,Fig.2J 2J 2,0.9977243542671204,2,/content/drive/MyDrive/MACROBATT/INPUT_PDF_FILES/28403099.pdf
126,Detailed_description,4th,0.9998551607131958,2,/content/drive/MyDrive/MACROBATT/INPUT_PDF_FILES/28403099.pdf
127,Date,Fig.3B–D 3 Fig.3E–G .3E–G days,0.9995369911193848,2,/content/drive/MyDrive/MACROBATT/INPUT_PDF_FILES/28403099.pdf
128,Biological_structure,retroperitoneal,0.998659610748291,2,/content/drive/MyDrive/MACROBATT/INPUT_PDF_FILES/28403099.pdf
129,Sign_symptom,mass,0.9999643564224243,2,/content/drive/MyDrive/MACROBATT/INPUT_PDF_FILES/28403099.pdf
130,Sign_symptom,necrosis,0.999941349029541,2,/content/drive/MyDrive/MACROBATT/INPUT_PDF_FILES/28403099.pdf
131,Detailed_description,substance phase,0.9999588131904602,2,/content/drive/MyDrive/MACROBATT/INPUT_PDF_FILES/28403099.pdf
132,Detailed_description,low-intensity signal,0.9987615346908569,2,/content/drive/MyDrive/MACROBATT/INPUT_PDF_FILES/28403099.pdf
133,Sign_symptom,tumor,0.9999616146087646,2,/content/drive/MyDrive/MACROBATT/INPUT_PDF_FILES/28403099.pdf
134,Sign_symptom,problems,0.999886155128479,2,/content/drive/MyDrive/MACROBATT/INPUT_PDF_FILES/28403099.pdf
135,Date,Until 5 months,0.9998658299446106,2,/content/drive/MyDrive/MACROBATT/INPUT_PDF_FILES/28403099.pdf
136,Therapeutic_procedure,ablations,0.5547264814376831,2,/content/drive/MyDrive/MACROBATT/INPUT_PDF_FILES/28403099.pdf
137,Sign_symptom,recurrence,0.9996775388717651,2,/content/drive/MyDrive/MACROBATT/INPUT_PDF_FILES/28403099.pdf
138,Biological_structure,left lower edge,0.9026405215263367,2,/content/drive/MyDrive/MACROBATT/INPUT_PDF_FILES/28403099.pdf
139,Sign_symptom,lesions,0.9999600648880005,2,/content/drive/MyDrive/MACROBATT/INPUT_PDF_FILES/28403099.pdf
140,Diagnostic_procedure,carcinoembryonic,0.9794730544090271,2,/content/drive/MyDrive/MACROBATT/INPUT_PDF_FILES/28403099.pdf
141,Diagnostic_procedure,alpha fetoprotein,0.9837415218353271,2,/content/drive/MyDrive/MACROBATT/INPUT_PDF_FILES/28403099.pdf
142,Diagnostic_procedure,carcinoembryonic carbohydrate,0.9999423027038574,2,/content/drive/MyDrive/MACROBATT/INPUT_PDF_FILES/28403099.pdf
143,Diagnostic_procedure,carbohydrate,0.9997837543487549,2,/content/drive/MyDrive/MACROBATT/INPUT_PDF_FILES/28403099.pdf
144,Diagnostic_procedure,carbohydrate antigen antigen 19–9,0.998874843120575,2,/content/drive/MyDrive/MACROBATT/INPUT_PDF_FILES/28403099.pdf
145,Lab_value,3.6 ng/mL ng/mL,0.997637152671814,2,/content/drive/MyDrive/MACROBATT/INPUT_PDF_FILES/28403099.pdf
146,Lab_value,26.7,0.7966862916946411,2,/content/drive/MyDrive/MACROBATT/INPUT_PDF_FILES/28403099.pdf
147,Lab_value,8.1,0.9997839331626892,2,/content/drive/MyDrive/MACROBATT/INPUT_PDF_FILES/28403099.pdf
148,Lab_value,19–9 8.1,0.9983963370323181,2,/content/drive/MyDrive/MACROBATT/INPUT_PDF_FILES/28403099.pdf
149,Sign_symptom,side effects,0.9999148845672607,2,/content/drive/MyDrive/MACROBATT/INPUT_PDF_FILES/28403099.pdf
