,Entity Group,Value,Score,Page,Pdf File
0,Age,61-year-old,0.9979435801506042,1,/content/drive/MyDrive/MACROBATT/INPUT_PDF_FILES/28422883.pdf
1,Sex,male,0.9995880722999573,1,/content/drive/MyDrive/MACROBATT/INPUT_PDF_FILES/28422883.pdf
2,History,chronic obstructive pulmonary disease,0.9982410669326782,1,/content/drive/MyDrive/MACROBATT/INPUT_PDF_FILES/28422883.pdf
3,History,regular bronchodilator,0.9990463256835938,1,/content/drive/MyDrive/MACROBATT/INPUT_PDF_FILES/28422883.pdf
4,Severity,severe,0.9996829032897949,1,/content/drive/MyDrive/MACROBATT/INPUT_PDF_FILES/28422883.pdf
5,Detailed_description,productive,0.999968409538269,1,/content/drive/MyDrive/MACROBATT/INPUT_PDF_FILES/28422883.pdf
6,Sign_symptom,cough,0.9999279975891113,1,/content/drive/MyDrive/MACROBATT/INPUT_PDF_FILES/28422883.pdf
7,Detailed_description,mucus sputum,0.9998237490653992,1,/content/drive/MyDrive/MACROBATT/INPUT_PDF_FILES/28422883.pdf
8,Duration,for several months months,0.9990360140800476,1,/content/drive/MyDrive/MACROBATT/INPUT_PDF_FILES/28422883.pdf
9,Detailed_description,unintentional,0.9416370391845703,1,/content/drive/MyDrive/MACROBATT/INPUT_PDF_FILES/28422883.pdf
10,Sign_symptom,weight loss,0.9994242191314697,1,/content/drive/MyDrive/MACROBATT/INPUT_PDF_FILES/28422883.pdf
11,Lab_value,6 6 kg,0.9995759725570679,1,/content/drive/MyDrive/MACROBATT/INPUT_PDF_FILES/28422883.pdf
12,Diagnostic_procedure,sputum analysis,0.9999362230300903,1,/content/drive/MyDrive/MACROBATT/INPUT_PDF_FILES/28422883.pdf
13,Biological_structure,chest,0.9999536275863647,1,/content/drive/MyDrive/MACROBATT/INPUT_PDF_FILES/28422883.pdf
14,Diagnostic_procedure,imaging examinations,0.9999295473098755,1,/content/drive/MyDrive/MACROBATT/INPUT_PDF_FILES/28422883.pdf
15,Disease_disorder,squamous cell carcinoma,0.9997926354408264,1,/content/drive/MyDrive/MACROBATT/INPUT_PDF_FILES/28422883.pdf
16,Biological_structure,right upper lobe lung,0.9999368786811829,1,/content/drive/MyDrive/MACROBATT/INPUT_PDF_FILES/28422883.pdf
17,Detailed_description,neoadjuvant,0.9999748468399048,1,/content/drive/MyDrive/MACROBATT/INPUT_PDF_FILES/28422883.pdf
18,Therapeutic_procedure,chemoradiotherapy,0.9999102354049683,1,/content/drive/MyDrive/MACROBATT/INPUT_PDF_FILES/28422883.pdf
19,Medication,etoposide,0.9998756647109985,1,/content/drive/MyDrive/MACROBATT/INPUT_PDF_FILES/28422883.pdf
20,Medication,cisplatin,0.9969928860664368,1,/content/drive/MyDrive/MACROBATT/INPUT_PDF_FILES/28422883.pdf
21,Dosage,4500,0.9985318183898926,1,/content/drive/MyDrive/MACROBATT/INPUT_PDF_FILES/28422883.pdf
22,Dosage,received chemoradiotherapy cisplatin cGY fractions,0.8161143660545349,1,/content/drive/MyDrive/MACROBATT/INPUT_PDF_FILES/28422883.pdf
23,Therapeutic_procedure,surgical intervention,0.9998623132705688,1,/content/drive/MyDrive/MACROBATT/INPUT_PDF_FILES/28422883.pdf
24,Sign_symptom,tumor,0.9999125003814697,1,/content/drive/MyDrive/MACROBATT/INPUT_PDF_FILES/28422883.pdf
25,Biological_structure,right right hilum,0.9999406933784485,1,/content/drive/MyDrive/MACROBATT/INPUT_PDF_FILES/28422883.pdf
26,Biological_structure,main bronchus,0.9997947216033936,1,/content/drive/MyDrive/MACROBATT/INPUT_PDF_FILES/28422883.pdf
27,Detailed_description,video-assisted,0.9997898936271667,1,/content/drive/MyDrive/MACROBATT/INPUT_PDF_FILES/28422883.pdf
28,Detailed_description,thoracoscopic,0.960418164730072,1,/content/drive/MyDrive/MACROBATT/INPUT_PDF_FILES/28422883.pdf
29,Therapeutic_procedure,surgery,0.9992092847824097,1,/content/drive/MyDrive/MACROBATT/INPUT_PDF_FILES/28422883.pdf
30,Detailed_description,right right side,0.999958336353302,1,/content/drive/MyDrive/MACROBATT/INPUT_PDF_FILES/28422883.pdf
31,Biological_structure,intrapericardial,0.9998082518577576,1,/content/drive/MyDrive/MACROBATT/INPUT_PDF_FILES/28422883.pdf
32,Biological_structure,intrapericardial performed,0.7134841680526733,1,/content/drive/MyDrive/MACROBATT/INPUT_PDF_FILES/28422883.pdf
33,Therapeutic_procedure,pneumonectomy,0.9233295321464539,1,/content/drive/MyDrive/MACROBATT/INPUT_PDF_FILES/28422883.pdf
34,Diagnostic_procedure,pathological exams,0.9999113082885742,1,/content/drive/MyDrive/MACROBATT/INPUT_PDF_FILES/28422883.pdf
35,Lab_value,T3N0M0,0.9536166191101074,1,/content/drive/MyDrive/MACROBATT/INPUT_PDF_FILES/28422883.pdf
36,Lab_value,stage,0.937397301197052,1,/content/drive/MyDrive/MACROBATT/INPUT_PDF_FILES/28422883.pdf
37,Therapeutic_procedure,postoperative course,0.9997094869613647,1,/content/drive/MyDrive/MACROBATT/INPUT_PDF_FILES/28422883.pdf
38,Lab_value,smooth,0.9990687966346741,1,/content/drive/MyDrive/MACROBATT/INPUT_PDF_FILES/28422883.pdf
39,Sign_symptom,pain,0.9999701976776123,1,/content/drive/MyDrive/MACROBATT/INPUT_PDF_FILES/28422883.pdf
40,Date,one month,0.9997409582138062,1,/content/drive/MyDrive/MACROBATT/INPUT_PDF_FILES/28422883.pdf
41,Diagnostic_procedure,Laboratory exams,0.9999565482139587,1,/content/drive/MyDrive/MACROBATT/INPUT_PDF_FILES/28422883.pdf
42,Sign_symptom,revealed leukocytosis elevated,0.999962329864502,1,/content/drive/MyDrive/MACROBATT/INPUT_PDF_FILES/28422883.pdf
43,Sign_symptom,leukocytosis,0.9826633334159851,1,/content/drive/MyDrive/MACROBATT/INPUT_PDF_FILES/28422883.pdf
44,Biological_structure,white,0.662226676940918,1,/content/drive/MyDrive/MACROBATT/INPUT_PDF_FILES/28422883.pdf
45,Lab_value,"21,860",0.9977878332138062,1,/content/drive/MyDrive/MACROBATT/INPUT_PDF_FILES/28422883.pdf
46,Lab_value,elevated,0.8769246935844421,1,/content/drive/MyDrive/MACROBATT/INPUT_PDF_FILES/28422883.pdf
47,Diagnostic_procedure,C-reactive protein,0.9998747110366821,1,/content/drive/MyDrive/MACROBATT/INPUT_PDF_FILES/28422883.pdf
48,Lab_value,23.94,0.9999563694000244,1,/content/drive/MyDrive/MACROBATT/INPUT_PDF_FILES/28422883.pdf
49,Lab_value,23.94 mg/dL,0.9814460873603821,1,/content/drive/MyDrive/MACROBATT/INPUT_PDF_FILES/28422883.pdf
50,Biological_structure,Chest,0.9999555349349976,1,/content/drive/MyDrive/MACROBATT/INPUT_PDF_FILES/28422883.pdf
51,Diagnostic_procedure,X-ray,0.8608075976371765,1,/content/drive/MyDrive/MACROBATT/INPUT_PDF_FILES/28422883.pdf
52,Detailed_description,cavitary,0.7902286052703857,1,/content/drive/MyDrive/MACROBATT/INPUT_PDF_FILES/28422883.pdf
53,Sign_symptom,lesion,0.9999507665634155,1,/content/drive/MyDrive/MACROBATT/INPUT_PDF_FILES/28422883.pdf
54,Sign_symptom,lesion effusion collection portion,0.9837611317634583,1,/content/drive/MyDrive/MACROBATT/INPUT_PDF_FILES/28422883.pdf
55,Diagnostic_procedure,computed tomography,0.9999544620513916,1,/content/drive/MyDrive/MACROBATT/INPUT_PDF_FILES/28422883.pdf
56,Sign_symptom,pleural effusion,0.9269706606864929,1,/content/drive/MyDrive/MACROBATT/INPUT_PDF_FILES/28422883.pdf
57,Sign_symptom,fluid collection,0.9999302625656128,1,/content/drive/MyDrive/MACROBATT/INPUT_PDF_FILES/28422883.pdf
58,Detailed_description,mottled gas appearance,0.9997870326042175,1,/content/drive/MyDrive/MACROBATT/INPUT_PDF_FILES/28422883.pdf
59,Biological_structure,dependent portion of right hemithorax,0.9998936057090759,1,/content/drive/MyDrive/MACROBATT/INPUT_PDF_FILES/28422883.pdf
60,Therapeutic_procedure,postpneumonectomy,0.9713866710662842,1,/content/drive/MyDrive/MACROBATT/INPUT_PDF_FILES/28422883.pdf
61,Therapeutic_procedure,patient postpneumonectomy empyema bronchopleural suspected,0.9861721396446228,1,/content/drive/MyDrive/MACROBATT/INPUT_PDF_FILES/28422883.pdf
62,Sign_symptom,empyema,0.9872311949729919,1,/content/drive/MyDrive/MACROBATT/INPUT_PDF_FILES/28422883.pdf
63,Disease_disorder,bronchopleural fistula,0.9976375699043274,1,/content/drive/MyDrive/MACROBATT/INPUT_PDF_FILES/28422883.pdf
64,Therapeutic_procedure,tube drainage,0.9993376731872559,1,/content/drive/MyDrive/MACROBATT/INPUT_PDF_FILES/28422883.pdf
65,Detailed_description,bronchoscopic,0.9806755185127258,1,/content/drive/MyDrive/MACROBATT/INPUT_PDF_FILES/28422883.pdf
66,Therapeutic_procedure,bronchoscopic tissue glue sealing,0.8814034461975098,1,/content/drive/MyDrive/MACROBATT/INPUT_PDF_FILES/28422883.pdf
67,Detailed_description,persistent,0.9999027252197266,1,/content/drive/MyDrive/MACROBATT/INPUT_PDF_FILES/28422883.pdf
68,Sign_symptom,air repair leakage,0.9998741149902344,1,/content/drive/MyDrive/MACROBATT/INPUT_PDF_FILES/28422883.pdf
69,Therapeutic_procedure,repair,0.9998083710670471,1,/content/drive/MyDrive/MACROBATT/INPUT_PDF_FILES/28422883.pdf
70,Biological_structure,bronchial,0.9999536275863647,1,/content/drive/MyDrive/MACROBATT/INPUT_PDF_FILES/28422883.pdf
71,Biological_structure,bronchial stump,0.9995573163032532,1,/content/drive/MyDrive/MACROBATT/INPUT_PDF_FILES/28422883.pdf
72,Therapeutic_procedure,flap,0.9297097325325012,1,/content/drive/MyDrive/MACROBATT/INPUT_PDF_FILES/28422883.pdf
73,Therapeutic_procedure,harvested,0.999854326248169,1,/content/drive/MyDrive/MACROBATT/INPUT_PDF_FILES/28422883.pdf
74,Biological_structure,pedicle,0.8653566837310791,1,/content/drive/MyDrive/MACROBATT/INPUT_PDF_FILES/28422883.pdf
75,Therapeutic_procedure,placed,0.9774969220161438,1,/content/drive/MyDrive/MACROBATT/INPUT_PDF_FILES/28422883.pdf
76,Detailed_description,Right side,0.9999374747276306,1,/content/drive/MyDrive/MACROBATT/INPUT_PDF_FILES/28422883.pdf
77,Detailed_description,exploratory,0.9999719858169556,1,/content/drive/MyDrive/MACROBATT/INPUT_PDF_FILES/28422883.pdf
78,Detailed_description,exploratory thoracotomy,0.9708079695701599,1,/content/drive/MyDrive/MACROBATT/INPUT_PDF_FILES/28422883.pdf
79,Diagnostic_procedure,thoracotomy,0.9969890117645264,1,/content/drive/MyDrive/MACROBATT/INPUT_PDF_FILES/28422883.pdf
80,Biological_structure,superior epigastric vascular artery,0.9997892379760742,1,/content/drive/MyDrive/MACROBATT/INPUT_PDF_FILES/28422883.pdf
81,Biological_structure,right rectus abdominis muscle,0.9998900294303894,1,/content/drive/MyDrive/MACROBATT/INPUT_PDF_FILES/28422883.pdf
82,Therapeutic_procedure,TRAM flap,0.9995168447494507,1,/content/drive/MyDrive/MACROBATT/INPUT_PDF_FILES/28422883.pdf
83,Detailed_description,marked location on the the the skin,0.9998725652694702,1,/content/drive/MyDrive/MACROBATT/INPUT_PDF_FILES/28422883.pdf
84,Biological_structure,right rectus abdominis,0.9999217987060547,1,/content/drive/MyDrive/MACROBATT/INPUT_PDF_FILES/28422883.pdf
85,Therapeutic_procedure,deepithelialized,0.9932155609130859,1,/content/drive/MyDrive/MACROBATT/INPUT_PDF_FILES/28422883.pdf
86,Biological_structure,right thoracic space,0.999921977519989,1,/content/drive/MyDrive/MACROBATT/INPUT_PDF_FILES/28422883.pdf
87,Sign_symptom,tension,0.9999544620513916,1,/content/drive/MyDrive/MACROBATT/INPUT_PDF_FILES/28422883.pdf
88,Sign_symptom,kinking,0.9999539852142334,1,/content/drive/MyDrive/MACROBATT/INPUT_PDF_FILES/28422883.pdf
89,Biological_structure,bronchial bronchial bronchoscope,0.9999579191207886,1,/content/drive/MyDrive/MACROBATT/INPUT_PDF_FILES/28422883.pdf
90,Biological_structure,bronchial bronchial stump stump,0.990561306476593,1,/content/drive/MyDrive/MACROBATT/INPUT_PDF_FILES/28422883.pdf
91,Therapeutic_procedure,tissue glue,0.9997928142547607,1,/content/drive/MyDrive/MACROBATT/INPUT_PDF_FILES/28422883.pdf
92,Biological_structure,donor site of flap,0.999920129776001,1,/content/drive/MyDrive/MACROBATT/INPUT_PDF_FILES/28422883.pdf
93,Sign_symptom,air leak,0.9998531341552734,1,/content/drive/MyDrive/MACROBATT/INPUT_PDF_FILES/28422883.pdf
94,Lab_value,diminished,0.9998311996459961,1,/content/drive/MyDrive/MACROBATT/INPUT_PDF_FILES/28422883.pdf
95,Clinical_event,discharge,0.9960054755210876,1,/content/drive/MyDrive/MACROBATT/INPUT_PDF_FILES/28422883.pdf
96,Sign_symptom,stable condition,0.999919056892395,1,/content/drive/MyDrive/MACROBATT/INPUT_PDF_FILES/28422883.pdf
97,Date,after following for 12 months,0.9998308420181274,1,/content/drive/MyDrive/MACROBATT/INPUT_PDF_FILES/28422883.pdf
