,Entity Group,Value,Score,Page,Pdf File
0,Age,34-year-old,0.9973155856132507,1,/content/drive/MyDrive/MACROBATT/INPUT_PDF_FILES/28559815.pdf
1,Sex,woman,0.9997246861457825,1,/content/drive/MyDrive/MACROBATT/INPUT_PDF_FILES/28559815.pdf
2,Date,1 week postpartum,0.9546753764152527,1,/content/drive/MyDrive/MACROBATT/INPUT_PDF_FILES/28559815.pdf
3,Clinical_event,presented,0.9997355341911316,1,/content/drive/MyDrive/MACROBATT/INPUT_PDF_FILES/28559815.pdf
4,Nonbiological_location,dermatology clinic,0.9934690594673157,1,/content/drive/MyDrive/MACROBATT/INPUT_PDF_FILES/28559815.pdf
5,Detailed_description,intensely,0.9949008226394653,1,/content/drive/MyDrive/MACROBATT/INPUT_PDF_FILES/28559815.pdf
6,Detailed_description,pruritic,0.9337828755378723,1,/content/drive/MyDrive/MACROBATT/INPUT_PDF_FILES/28559815.pdf
7,Detailed_description,generalized,0.9999645948410034,1,/content/drive/MyDrive/MACROBATT/INPUT_PDF_FILES/28559815.pdf
8,Date,Two days after,0.9998559355735779,1,/content/drive/MyDrive/MACROBATT/INPUT_PDF_FILES/28559815.pdf
9,Clinical_event,delivery,0.998995840549469,1,/content/drive/MyDrive/MACROBATT/INPUT_PDF_FILES/28559815.pdf
10,Detailed_description,itchy,0.9997461438179016,1,/content/drive/MyDrive/MACROBATT/INPUT_PDF_FILES/28559815.pdf
11,Sign_symptom,rash,0.9999279975891113,1,/content/drive/MyDrive/MACROBATT/INPUT_PDF_FILES/28559815.pdf
12,Sign_symptom,eruption,0.9999579191207886,1,/content/drive/MyDrive/MACROBATT/INPUT_PDF_FILES/28559815.pdf
13,Detailed_description,progressively spread,0.9997189044952393,1,/content/drive/MyDrive/MACROBATT/INPUT_PDF_FILES/28559815.pdf
14,Biological_structure,buttocks,0.9998384714126587,1,/content/drive/MyDrive/MACROBATT/INPUT_PDF_FILES/28559815.pdf
15,Biological_structure,legs,0.9999396800994873,1,/content/drive/MyDrive/MACROBATT/INPUT_PDF_FILES/28559815.pdf
16,Sign_symptom,hospital itching,0.999963641166687,1,/content/drive/MyDrive/MACROBATT/INPUT_PDF_FILES/28559815.pdf
17,Sign_symptom,itching,0.9999428987503052,1,/content/drive/MyDrive/MACROBATT/INPUT_PDF_FILES/28559815.pdf
18,Therapeutic_procedure,prenatal course,0.9674544334411621,1,/content/drive/MyDrive/MACROBATT/INPUT_PDF_FILES/28559815.pdf
19,Lab_value,gained 13 kg kg,0.9995869994163513,1,/content/drive/MyDrive/MACROBATT/INPUT_PDF_FILES/28559815.pdf
20,Detailed_description,healthy,0.962936282157898,1,/content/drive/MyDrive/MACROBATT/INPUT_PDF_FILES/28559815.pdf
21,Sex,male,0.9926959276199341,1,/content/drive/MyDrive/MACROBATT/INPUT_PDF_FILES/28559815.pdf
22,Therapeutic_procedure,neonate,0.9679676294326782,1,/content/drive/MyDrive/MACROBATT/INPUT_PDF_FILES/28559815.pdf
23,Clinical_event,delivered,0.9998210072517395,1,/content/drive/MyDrive/MACROBATT/INPUT_PDF_FILES/28559815.pdf
24,Therapeutic_procedure,caesarean section,0.9995753169059753,1,/content/drive/MyDrive/MACROBATT/INPUT_PDF_FILES/28559815.pdf
25,Date,38 weeks ' gestation,0.9997037053108215,1,/content/drive/MyDrive/MACROBATT/INPUT_PDF_FILES/28559815.pdf
26,History,medical history was unremarkable,0.9938957095146179,1,/content/drive/MyDrive/MACROBATT/INPUT_PDF_FILES/28559815.pdf
27,Sign_symptom,afebrile,0.8361790180206299,1,/content/drive/MyDrive/MACROBATT/INPUT_PDF_FILES/28559815.pdf
28,Diagnostic_procedure,blood pressure,0.999890923500061,1,/content/drive/MyDrive/MACROBATT/INPUT_PDF_FILES/28559815.pdf
29,Diagnostic_procedure,Examination of the erythematous the skin,0.9998414516448975,1,/content/drive/MyDrive/MACROBATT/INPUT_PDF_FILES/28559815.pdf
30,Detailed_description,erythematous periumbilical,0.9999548196792603,1,/content/drive/MyDrive/MACROBATT/INPUT_PDF_FILES/28559815.pdf
31,Detailed_description,erythematous,0.998677670955658,1,/content/drive/MyDrive/MACROBATT/INPUT_PDF_FILES/28559815.pdf
32,Sign_symptom,papules,0.9584650993347168,1,/content/drive/MyDrive/MACROBATT/INPUT_PDF_FILES/28559815.pdf
33,Detailed_description,urticarial,0.9998979568481445,1,/content/drive/MyDrive/MACROBATT/INPUT_PDF_FILES/28559815.pdf
34,Sign_symptom,plaques,0.9999233484268188,1,/content/drive/MyDrive/MACROBATT/INPUT_PDF_FILES/28559815.pdf
35,Biological_structure,abdominal striae,0.8763639330863953,1,/content/drive/MyDrive/MACROBATT/INPUT_PDF_FILES/28559815.pdf
36,Detailed_description,periumbilical,0.9698343276977539,1,/content/drive/MyDrive/MACROBATT/INPUT_PDF_FILES/28559815.pdf
37,Sign_symptom,lesions,0.9999464750289917,1,/content/drive/MyDrive/MACROBATT/INPUT_PDF_FILES/28559815.pdf
38,Biological_structure,soles,0.9970545768737793,1,/content/drive/MyDrive/MACROBATT/INPUT_PDF_FILES/28559815.pdf
39,Sign_symptom,vesicles,0.9999451637268066,1,/content/drive/MyDrive/MACROBATT/INPUT_PDF_FILES/28559815.pdf
40,Sign_symptom,pustules,0.9998483061790466,1,/content/drive/MyDrive/MACROBATT/INPUT_PDF_FILES/28559815.pdf
41,Disease_disorder,PUPPP,0.9994547963142395,1,/content/drive/MyDrive/MACROBATT/INPUT_PDF_FILES/28559815.pdf
42,Medication,medications medications,0.9992958307266235,1,/content/drive/MyDrive/MACROBATT/INPUT_PDF_FILES/28559815.pdf
43,Therapeutic_procedure,AWB,0.9981940984725952,1,/content/drive/MyDrive/MACROBATT/INPUT_PDF_FILES/28559815.pdf
44,Therapeutic_procedure,injection,0.9774382710456848,1,/content/drive/MyDrive/MACROBATT/INPUT_PDF_FILES/28559815.pdf
45,Volume,10 mL mL,0.9977725148200989,1,/content/drive/MyDrive/MACROBATT/INPUT_PDF_FILES/28559815.pdf
46,Therapeutic_procedure,drawn,0.9987210631370544,1,/content/drive/MyDrive/MACROBATT/INPUT_PDF_FILES/28559815.pdf
47,Administration,intramuscular,0.6624826192855835,1,/content/drive/MyDrive/MACROBATT/INPUT_PDF_FILES/28559815.pdf
48,Volume,5 mL mL,0.9976272583007812,1,/content/drive/MyDrive/MACROBATT/INPUT_PDF_FILES/28559815.pdf
49,Date,Seven days later,0.9992148876190186,1,/content/drive/MyDrive/MACROBATT/INPUT_PDF_FILES/28559815.pdf
50,Lab_value,subjective,0.7373906373977661,1,/content/drive/MyDrive/MACROBATT/INPUT_PDF_FILES/28559815.pdf
51,Lab_value,objective improvements,0.8469892740249634,1,/content/drive/MyDrive/MACROBATT/INPUT_PDF_FILES/28559815.pdf
52,Sign_symptom,symptoms,0.9999383687973022,1,/content/drive/MyDrive/MACROBATT/INPUT_PDF_FILES/28559815.pdf
53,Lab_value,1 Fig.1b more,0.9992096424102783,1,/content/drive/MyDrive/MACROBATT/INPUT_PDF_FILES/28559815.pdf
54,Therapeutic_procedure,AWB injection,0.9996505379676819,1,/content/drive/MyDrive/MACROBATT/INPUT_PDF_FILES/28559815.pdf
55,Detailed_description,postinflammatory,0.999948263168335,1,/content/drive/MyDrive/MACROBATT/INPUT_PDF_FILES/28559815.pdf
56,Detailed_description,leaving postinflammatory,0.9903367757797241,1,/content/drive/MyDrive/MACROBATT/INPUT_PDF_FILES/28559815.pdf
57,Sign_symptom,hyperpigmentation,0.9213182926177979,1,/content/drive/MyDrive/MACROBATT/INPUT_PDF_FILES/28559815.pdf
58,Sign_symptom,abscess,0.5541588068008423,1,/content/drive/MyDrive/MACROBATT/INPUT_PDF_FILES/28559815.pdf
59,Sign_symptom,hematoma,0.9999183416366577,1,/content/drive/MyDrive/MACROBATT/INPUT_PDF_FILES/28559815.pdf
