,Entity Group,Value,Score,Page,Pdf File
0,Age,45-year old,0.9979946613311768,1,/content/drive/MyDrive/MACROBATT/INPUT_PDF_FILES/28595573.pdf
1,Sex,woman,0.7372034192085266,1,/content/drive/MyDrive/MACROBATT/INPUT_PDF_FILES/28595573.pdf
2,Clinical_event,presented,0.9996795654296875,1,/content/drive/MyDrive/MACROBATT/INPUT_PDF_FILES/28595573.pdf
3,Nonbiological_location,university hospital,0.9973794221878052,1,/content/drive/MyDrive/MACROBATT/INPUT_PDF_FILES/28595573.pdf
4,Date,age of of 35,0.9872600436210632,1,/content/drive/MyDrive/MACROBATT/INPUT_PDF_FILES/28595573.pdf
5,History,congenital deafness,0.9990914463996887,1,/content/drive/MyDrive/MACROBATT/INPUT_PDF_FILES/28595573.pdf
6,Sign_symptom,syncope,0.9997900128364563,1,/content/drive/MyDrive/MACROBATT/INPUT_PDF_FILES/28595573.pdf
7,Disease_disorder,anti-epilepsy,0.9904835820198059,1,/content/drive/MyDrive/MACROBATT/INPUT_PDF_FILES/28595573.pdf
8,Detailed_description,several,0.9994213581085205,1,/content/drive/MyDrive/MACROBATT/INPUT_PDF_FILES/28595573.pdf
9,Date,age of of of 13,0.9817566275596619,1,/content/drive/MyDrive/MACROBATT/INPUT_PDF_FILES/28595573.pdf
10,Disease_disorder,JLNS,0.9052549004554749,1,/content/drive/MyDrive/MACROBATT/INPUT_PDF_FILES/28595573.pdf
11,Lab_value,prolonged,0.9995037317276001,1,/content/drive/MyDrive/MACROBATT/INPUT_PDF_FILES/28595573.pdf
12,Sign_symptom,arrhythmic aware tachycardia,0.9999420642852783,1,/content/drive/MyDrive/MACROBATT/INPUT_PDF_FILES/28595573.pdf
13,Sign_symptom,arrhythmic episode,0.999916672706604,1,/content/drive/MyDrive/MACROBATT/INPUT_PDF_FILES/28595573.pdf
14,Sign_symptom,tachycardia,0.9999444484710693,1,/content/drive/MyDrive/MACROBATT/INPUT_PDF_FILES/28595573.pdf
15,Disease_disorder,epilepsy,0.9995682239532471,1,/content/drive/MyDrive/MACROBATT/INPUT_PDF_FILES/28595573.pdf
16,Sign_symptom,subarachnoid hemorrhage,0.9998219013214111,1,/content/drive/MyDrive/MACROBATT/INPUT_PDF_FILES/28595573.pdf
17,Medication,beta-,0.999531626701355,1,/content/drive/MyDrive/MACROBATT/INPUT_PDF_FILES/28595573.pdf
18,Medication,mexiletine,0.9998664855957031,1,/content/drive/MyDrive/MACROBATT/INPUT_PDF_FILES/28595573.pdf
19,Medication,phenytoin,0.897934079170227,1,/content/drive/MyDrive/MACROBATT/INPUT_PDF_FILES/28595573.pdf
20,Medication,When presented phenytoin,0.959509551525116,1,/content/drive/MyDrive/MACROBATT/INPUT_PDF_FILES/28595573.pdf
21,Family_history,QTc,0.9913693070411682,1,/content/drive/MyDrive/MACROBATT/INPUT_PDF_FILES/28595573.pdf
22,Lab_value,584,0.9997901320457458,1,/content/drive/MyDrive/MACROBATT/INPUT_PDF_FILES/28595573.pdf
23,Clinical_event,presentation,0.999819815158844,1,/content/drive/MyDrive/MACROBATT/INPUT_PDF_FILES/28595573.pdf
24,Medication,atenolol,0.9521681070327759,1,/content/drive/MyDrive/MACROBATT/INPUT_PDF_FILES/28595573.pdf
25,Clinical_event,delivered,0.9997078776359558,1,/content/drive/MyDrive/MACROBATT/INPUT_PDF_FILES/28595573.pdf
26,Subject,baby,0.9984751343727112,1,/content/drive/MyDrive/MACROBATT/INPUT_PDF_FILES/28595573.pdf
27,Therapeutic_procedure,Caesarean operation,0.9998248219490051,1,/content/drive/MyDrive/MACROBATT/INPUT_PDF_FILES/28595573.pdf
28,Nonbiological_location,hospital,0.999527096748352,1,/content/drive/MyDrive/MACROBATT/INPUT_PDF_FILES/28595573.pdf
29,Date,age of 35,0.8988065719604492,1,/content/drive/MyDrive/MACROBATT/INPUT_PDF_FILES/28595573.pdf
30,Medication,beta-blockers beta-blockers,0.9994630217552185,1,/content/drive/MyDrive/MACROBATT/INPUT_PDF_FILES/28595573.pdf
31,Family_history,QTc QTc,0.6993726491928101,1,/content/drive/MyDrive/MACROBATT/INPUT_PDF_FILES/28595573.pdf
32,Lab_value,600 msec msec,0.9909099340438843,1,/content/drive/MyDrive/MACROBATT/INPUT_PDF_FILES/28595573.pdf
33,Lab_value,780 msec msec,0.9763998985290527,1,/content/drive/MyDrive/MACROBATT/INPUT_PDF_FILES/28595573.pdf
34,Family_history,QTc LQTS1 QTc,0.9920315742492676,1,/content/drive/MyDrive/MACROBATT/INPUT_PDF_FILES/28595573.pdf
35,Detailed_description,occasional,0.9998878240585327,1,/content/drive/MyDrive/MACROBATT/INPUT_PDF_FILES/28595573.pdf
36,Therapeutic_procedure,implantable cardioverter defibrillator (,0.9978849291801453,1,/content/drive/MyDrive/MACROBATT/INPUT_PDF_FILES/28595573.pdf
37,Therapeutic_procedure,ICD,0.997180700302124,1,/content/drive/MyDrive/MACROBATT/INPUT_PDF_FILES/28595573.pdf
38,Therapeutic_procedure,operation,0.994756817817688,1,/content/drive/MyDrive/MACROBATT/INPUT_PDF_FILES/28595573.pdf
39,Date,38 years,0.9995458126068115,1,/content/drive/MyDrive/MACROBATT/INPUT_PDF_FILES/28595573.pdf
40,Sign_symptom,stable,0.9855297803878784,1,/content/drive/MyDrive/MACROBATT/INPUT_PDF_FILES/28595573.pdf
41,Subject,both both infants,0.9941017627716064,1,/content/drive/MyDrive/MACROBATT/INPUT_PDF_FILES/28595573.pdf
42,Family_history,beta blockers,0.9915995597839355,1,/content/drive/MyDrive/MACROBATT/INPUT_PDF_FILES/28595573.pdf
43,Subject,children,0.994253933429718,1,/content/drive/MyDrive/MACROBATT/INPUT_PDF_FILES/28595573.pdf
44,Family_history,stable condition greater initiated at ages 10 proband and and and and 8,0.998868465423584,1,/content/drive/MyDrive/MACROBATT/INPUT_PDF_FILES/28595573.pdf
45,Subject,son,0.9967445135116577,1,/content/drive/MyDrive/MACROBATT/INPUT_PDF_FILES/28595573.pdf
46,Family_history,500 ms ms,0.9751819968223572,1,/content/drive/MyDrive/MACROBATT/INPUT_PDF_FILES/28595573.pdf
47,Subject,sister,0.9904128909111023,1,/content/drive/MyDrive/MACROBATT/INPUT_PDF_FILES/28595573.pdf
48,Family_history,530 ms ms,0.9685211777687073,1,/content/drive/MyDrive/MACROBATT/INPUT_PDF_FILES/28595573.pdf
49,Subject,father,0.9568457007408142,1,/content/drive/MyDrive/MACROBATT/INPUT_PDF_FILES/28595573.pdf
50,Subject,mother,0.6466137170791626,1,/content/drive/MyDrive/MACROBATT/INPUT_PDF_FILES/28595573.pdf
51,Subject,children children,0.9308701753616333,1,/content/drive/MyDrive/MACROBATT/INPUT_PDF_FILES/28595573.pdf
52,Diagnostic_procedure,Clinical evaluation,0.9996408224105835,1,/content/drive/MyDrive/MACROBATT/INPUT_PDF_FILES/28595573.pdf
53,Clinical_event,consultation,0.9996291399002075,1,/content/drive/MyDrive/MACROBATT/INPUT_PDF_FILES/28595573.pdf
54,Nonbiological_location,Chiba,0.9958459734916687,1,/content/drive/MyDrive/MACROBATT/INPUT_PDF_FILES/28595573.pdf
55,Diagnostic_procedure,Blood samples,0.9999482035636902,1,/content/drive/MyDrive/MACROBATT/INPUT_PDF_FILES/28595573.pdf
56,Diagnostic_procedure,Genomic DNA,0.9999259114265442,1,/content/drive/MyDrive/MACROBATT/INPUT_PDF_FILES/28595573.pdf
57,Biological_structure,peripheral blood lymphocytes,0.999886691570282,1,/content/drive/MyDrive/MACROBATT/INPUT_PDF_FILES/28595573.pdf
58,Detailed_description,KCNQ1,0.9460997581481934,1,/content/drive/MyDrive/MACROBATT/INPUT_PDF_FILES/28595573.pdf
59,Detailed_description,LQT causative genes genes,0.9999269843101501,1,/content/drive/MyDrive/MACROBATT/INPUT_PDF_FILES/28595573.pdf
60,Diagnostic_procedure,polymerase chain reaction,0.9997923374176025,1,/content/drive/MyDrive/MACROBATT/INPUT_PDF_FILES/28595573.pdf
61,Diagnostic_procedure,PCR,0.9982043504714966,1,/content/drive/MyDrive/MACROBATT/INPUT_PDF_FILES/28595573.pdf
62,Detailed_description,30–100 ng of genomic DNA DNA DNA,0.9998606443405151,1,/content/drive/MyDrive/MACROBATT/INPUT_PDF_FILES/28595573.pdf
63,Detailed_description,DNA DNA DNA polymerase,0.9997640252113342,1,/content/drive/MyDrive/MACROBATT/INPUT_PDF_FILES/28595573.pdf
64,Detailed_description,primer,0.9986611604690552,1,/content/drive/MyDrive/MACROBATT/INPUT_PDF_FILES/28595573.pdf
65,Detailed_description,amplicons,0.9999105930328369,1,/content/drive/MyDrive/MACROBATT/INPUT_PDF_FILES/28595573.pdf
66,Detailed_description,conventional,0.9999681711196899,1,/content/drive/MyDrive/MACROBATT/INPUT_PDF_FILES/28595573.pdf
67,Diagnostic_procedure,sequencing,0.9999004602432251,1,/content/drive/MyDrive/MACROBATT/INPUT_PDF_FILES/28595573.pdf
68,Detailed_description,Sanger sequencers,0.999932050704956,1,/content/drive/MyDrive/MACROBATT/INPUT_PDF_FILES/28595573.pdf
69,Detailed_description,Applied,0.9816905856132507,1,/content/drive/MyDrive/MACROBATT/INPUT_PDF_FILES/28595573.pdf
70,Detailed_description,3730/3130,0.5887292623519897,1,/content/drive/MyDrive/MACROBATT/INPUT_PDF_FILES/28595573.pdf
71,Detailed_description,processed with Gene Codes Sequencher Software,0.9999319911003113,2,/content/drive/MyDrive/MACROBATT/INPUT_PDF_FILES/28595573.pdf
72,Detailed_description,Takara Bio,0.9798309803009033,2,/content/drive/MyDrive/MACROBATT/INPUT_PDF_FILES/28595573.pdf
73,Detailed_description,mapped to the human genome sequence sequence,0.9999411702156067,2,/content/drive/MyDrive/MACROBATT/INPUT_PDF_FILES/28595573.pdf
74,Diagnostic_procedure,Genetic analysis,0.9998599290847778,2,/content/drive/MyDrive/MACROBATT/INPUT_PDF_FILES/28595573.pdf
75,Detailed_description,KCNQ1,0.9910056591033936,2,/content/drive/MyDrive/MACROBATT/INPUT_PDF_FILES/28595573.pdf
76,Detailed_description,LQT causative genes,0.9998840689659119,2,/content/drive/MyDrive/MACROBATT/INPUT_PDF_FILES/28595573.pdf
77,Sign_symptom,homozygous homozygous,0.999776303768158,2,/content/drive/MyDrive/MACROBATT/INPUT_PDF_FILES/28595573.pdf
78,Sign_symptom,homozygous homozygous nonsense variant variant,0.9949496984481812,2,/content/drive/MyDrive/MACROBATT/INPUT_PDF_FILES/28595573.pdf
79,Detailed_description,NM_000218.2 NM_000218.2,0.9696720838546753,2,/content/drive/MyDrive/MACROBATT/INPUT_PDF_FILES/28595573.pdf
80,Detailed_description,c.115G > > T Table,0.9958576560020447,2,/content/drive/MyDrive/MACROBATT/INPUT_PDF_FILES/28595573.pdf
81,Sign_symptom,homozygous homozygous common variant variant,0.9308639168739319,2,/content/drive/MyDrive/MACROBATT/INPUT_PDF_FILES/28595573.pdf
82,Diagnostic_procedure,Genetic screening,0.9999284148216248,2,/content/drive/MyDrive/MACROBATT/INPUT_PDF_FILES/28595573.pdf
83,Subject,mother,0.9982377290725708,2,/content/drive/MyDrive/MACROBATT/INPUT_PDF_FILES/28595573.pdf
84,Subject,children,0.9990149736404419,2,/content/drive/MyDrive/MACROBATT/INPUT_PDF_FILES/28595573.pdf
85,Family_history,heterozygous for mother they the nonsense variant,0.998999297618866,2,/content/drive/MyDrive/MACROBATT/INPUT_PDF_FILES/28595573.pdf
86,Subject,husband,0.9980753660202026,2,/content/drive/MyDrive/MACROBATT/INPUT_PDF_FILES/28595573.pdf
87,Family_history,heterozygous for the common variant,0.9960580468177795,2,/content/drive/MyDrive/MACROBATT/INPUT_PDF_FILES/28595573.pdf
88,History,The proband proband is is proband a a marriage and have variant proband cause child from proband a a marriage and have variant proband cause first-cousin marriage,0.9996302723884583,2,/content/drive/MyDrive/MACROBATT/INPUT_PDF_FILES/28595573.pdf
89,Sign_symptom,homozygous nonsense variant,0.9995503425598145,2,/content/drive/MyDrive/MACROBATT/INPUT_PDF_FILES/28595573.pdf
90,Disease_disorder,JLNS1,0.8357527852058411,2,/content/drive/MyDrive/MACROBATT/INPUT_PDF_FILES/28595573.pdf
91,Detailed_description,LQT,0.8483984470367432,2,/content/drive/MyDrive/MACROBATT/INPUT_PDF_FILES/28595573.pdf
