,Entity Group,Value,Score,Page,Pdf File
0,Age,4 and and a half years male hospital abdominal half years old,0.998195469379425,1,/content/drive/MyDrive/MACROBATT/INPUT_PDF_FILES/28767567.pdf
1,Sex,male,0.9990397095680237,1,/content/drive/MyDrive/MACROBATT/INPUT_PDF_FILES/28767567.pdf
2,Clinical_event,presented,0.9998865127563477,1,/content/drive/MyDrive/MACROBATT/INPUT_PDF_FILES/28767567.pdf
3,Nonbiological_location,hospital,0.998633086681366,1,/content/drive/MyDrive/MACROBATT/INPUT_PDF_FILES/28767567.pdf
4,Biological_structure,abdominal,0.9999457597732544,1,/content/drive/MyDrive/MACROBATT/INPUT_PDF_FILES/28767567.pdf
5,Detailed_description,occasionally,0.9972946047782898,1,/content/drive/MyDrive/MACROBATT/INPUT_PDF_FILES/28767567.pdf
6,Sign_symptom,stomach ache,0.9999088644981384,1,/content/drive/MyDrive/MACROBATT/INPUT_PDF_FILES/28767567.pdf
7,Detailed_description,relieved,0.9891692399978638,1,/content/drive/MyDrive/MACROBATT/INPUT_PDF_FILES/28767567.pdf
8,Sign_symptom,tenderness,0.9999498128890991,1,/content/drive/MyDrive/MACROBATT/INPUT_PDF_FILES/28767567.pdf
9,History,born was as was as a premature baby pregnancy premature baby,0.9990237951278687,1,/content/drive/MyDrive/MACROBATT/INPUT_PDF_FILES/28767567.pdf
10,History,the mother 32nd week,0.9827542304992676,1,/content/drive/MyDrive/MACROBATT/INPUT_PDF_FILES/28767567.pdf
11,History,his mother,0.9755210876464844,1,/content/drive/MyDrive/MACROBATT/INPUT_PDF_FILES/28767567.pdf
12,History,inguinal inguinal hernia hernia,0.9919775128364563,1,/content/drive/MyDrive/MACROBATT/INPUT_PDF_FILES/28767567.pdf
13,Therapeutic_procedure,operation,0.9956772923469543,1,/content/drive/MyDrive/MACROBATT/INPUT_PDF_FILES/28767567.pdf
14,Biological_structure,inguinal inguinal,0.8398579359054565,1,/content/drive/MyDrive/MACROBATT/INPUT_PDF_FILES/28767567.pdf
15,Family_history,No family or history genetic history,0.999333381652832,1,/content/drive/MyDrive/MACROBATT/INPUT_PDF_FILES/28767567.pdf
16,Diagnostic_procedure,Physical examination,0.9999158382415771,1,/content/drive/MyDrive/MACROBATT/INPUT_PDF_FILES/28767567.pdf
17,Biological_structure,abdomen,0.9999467134475708,1,/content/drive/MyDrive/MACROBATT/INPUT_PDF_FILES/28767567.pdf
18,Sign_symptom,mass,0.9999544620513916,1,/content/drive/MyDrive/MACROBATT/INPUT_PDF_FILES/28767567.pdf
19,Biological_structure,below umbilicus,0.9998776912689209,1,/content/drive/MyDrive/MACROBATT/INPUT_PDF_FILES/28767567.pdf
20,Diagnostic_procedure,laboratory tests,0.9998059272766113,1,/content/drive/MyDrive/MACROBATT/INPUT_PDF_FILES/28767567.pdf
21,Diagnostic_procedure,alpha- fetoprotein,0.9995669722557068,1,/content/drive/MyDrive/MACROBATT/INPUT_PDF_FILES/28767567.pdf
22,Diagnostic_procedure,AFP,0.9986881017684937,1,/content/drive/MyDrive/MACROBATT/INPUT_PDF_FILES/28767567.pdf
23,Diagnostic_procedure,Child–Pugh score,0.9997005462646484,1,/content/drive/MyDrive/MACROBATT/INPUT_PDF_FILES/28767567.pdf
24,Lab_value,less,0.9998359680175781,1,/content/drive/MyDrive/MACROBATT/INPUT_PDF_FILES/28767567.pdf
25,Biological_structure,Abdominal,0.999934196472168,1,/content/drive/MyDrive/MACROBATT/INPUT_PDF_FILES/28767567.pdf
26,Diagnostic_procedure,ultrasonography,0.9994838833808899,1,/content/drive/MyDrive/MACROBATT/INPUT_PDF_FILES/28767567.pdf
27,Detailed_description,uneven,0.9998286962509155,1,/content/drive/MyDrive/MACROBATT/INPUT_PDF_FILES/28767567.pdf
28,Sign_symptom,lesion,0.9999563694000244,1,/content/drive/MyDrive/MACROBATT/INPUT_PDF_FILES/28767567.pdf
29,Biological_structure,liver,0.9999381303787231,1,/content/drive/MyDrive/MACROBATT/INPUT_PDF_FILES/28767567.pdf
30,Detailed_description,Enhancement,0.9999723434448242,1,/content/drive/MyDrive/MACROBATT/INPUT_PDF_FILES/28767567.pdf
31,Diagnostic_procedure,computed tomography,0.9998712539672852,1,/content/drive/MyDrive/MACROBATT/INPUT_PDF_FILES/28767567.pdf
32,Detailed_description,large,0.9979720711708069,1,/content/drive/MyDrive/MACROBATT/INPUT_PDF_FILES/28767567.pdf
33,Shape,irregular,0.9806393980979919,1,/content/drive/MyDrive/MACROBATT/INPUT_PDF_FILES/28767567.pdf
34,Volume,12.3 × × 10.2 × × 7.2 cm,0.9989773631095886,1,/content/drive/MyDrive/MACROBATT/INPUT_PDF_FILES/28767567.pdf
35,Detailed_description,edge was was was obvious,0.9998710751533508,1,/content/drive/MyDrive/MACROBATT/INPUT_PDF_FILES/28767567.pdf
36,Sign_symptom,Calcification,0.9989993572235107,1,/content/drive/MyDrive/MACROBATT/INPUT_PDF_FILES/28767567.pdf
37,Sign_symptom,expanded bile duct,0.9999422430992126,1,/content/drive/MyDrive/MACROBATT/INPUT_PDF_FILES/28767567.pdf
38,Biological_structure,left branch of the the portal,0.9999275207519531,1,/content/drive/MyDrive/MACROBATT/INPUT_PDF_FILES/28767567.pdf
39,Detailed_description,pressed,0.9990624785423279,1,/content/drive/MyDrive/MACROBATT/INPUT_PDF_FILES/28767567.pdf
40,Detailed_description,distant part was was shown,0.9855736494064331,1,/content/drive/MyDrive/MACROBATT/INPUT_PDF_FILES/28767567.pdf
41,Sign_symptom,Abnormal,0.9999228715896606,1,/content/drive/MyDrive/MACROBATT/INPUT_PDF_FILES/28767567.pdf
42,Detailed_description,right,0.9159147143363953,1,/content/drive/MyDrive/MACROBATT/INPUT_PDF_FILES/28767567.pdf
43,Diagnostic_procedure,biopsy,0.9992362260818481,1,/content/drive/MyDrive/MACROBATT/INPUT_PDF_FILES/28767567.pdf
44,Coreference,tumor,0.9993979930877686,1,/content/drive/MyDrive/MACROBATT/INPUT_PDF_FILES/28767567.pdf
45,Therapeutic_procedure,DVSS surgery,0.9991863965988159,1,/content/drive/MyDrive/MACROBATT/INPUT_PDF_FILES/28767567.pdf
46,Diagnostic_procedure,Exploration,0.9997815489768982,1,/content/drive/MyDrive/MACROBATT/INPUT_PDF_FILES/28767567.pdf
47,Detailed_description,extrahepatic,0.9991575479507446,1,/content/drive/MyDrive/MACROBATT/INPUT_PDF_FILES/28767567.pdf
48,Biological_structure,extrahepatic the the,0.999052107334137,1,/content/drive/MyDrive/MACROBATT/INPUT_PDF_FILES/28767567.pdf
49,Area,12 × 10 cm,0.9991993308067322,1,/content/drive/MyDrive/MACROBATT/INPUT_PDF_FILES/28767567.pdf
50,Coreference,sample,0.9334607124328613,1,/content/drive/MyDrive/MACROBATT/INPUT_PDF_FILES/28767567.pdf
51,Detailed_description,Tremelloid,0.9998579025268555,1,/content/drive/MyDrive/MACROBATT/INPUT_PDF_FILES/28767567.pdf
52,Biological_structure,Tremelloid mesenchyme,0.999920129776001,1,/content/drive/MyDrive/MACROBATT/INPUT_PDF_FILES/28767567.pdf
53,Biological_structure,mesenchyme,0.999735414981842,1,/content/drive/MyDrive/MACROBATT/INPUT_PDF_FILES/28767567.pdf
54,Coreference,section,0.9994010925292969,1,/content/drive/MyDrive/MACROBATT/INPUT_PDF_FILES/28767567.pdf
55,Color,grey red,0.9960795640945435,1,/content/drive/MyDrive/MACROBATT/INPUT_PDF_FILES/28767567.pdf
56,Volume,14 × × 13 × × 7 cm,0.9988357424736023,1,/content/drive/MyDrive/MACROBATT/INPUT_PDF_FILES/28767567.pdf
57,Color,grey grey red,0.9566234350204468,1,/content/drive/MyDrive/MACROBATT/INPUT_PDF_FILES/28767567.pdf
58,Color,grey grey,0.9862641096115112,1,/content/drive/MyDrive/MACROBATT/INPUT_PDF_FILES/28767567.pdf
59,Disease_disorder,MHL,0.9998993873596191,1,/content/drive/MyDrive/MACROBATT/INPUT_PDF_FILES/28767567.pdf
60,Diagnostic_procedure,Immunohistochemistry,0.9999561309814453,1,/content/drive/MyDrive/MACROBATT/INPUT_PDF_FILES/28767567.pdf
61,Diagnostic_procedure,Immunohistochemistry results,0.9931936264038086,1,/content/drive/MyDrive/MACROBATT/INPUT_PDF_FILES/28767567.pdf
62,Diagnostic_procedure,mesenchymal CD34,0.9991162419319153,1,/content/drive/MyDrive/MACROBATT/INPUT_PDF_FILES/28767567.pdf
63,Diagnostic_procedure,D2–40,0.9998947381973267,1,/content/drive/MyDrive/MACROBATT/INPUT_PDF_FILES/28767567.pdf
64,Diagnostic_procedure,S-100,0.9999292492866516,1,/content/drive/MyDrive/MACROBATT/INPUT_PDF_FILES/28767567.pdf
65,Diagnostic_procedure,SMA,0.9999051690101624,1,/content/drive/MyDrive/MACROBATT/INPUT_PDF_FILES/28767567.pdf
66,Diagnostic_procedure,CD7,0.9999330639839172,1,/content/drive/MyDrive/MACROBATT/INPUT_PDF_FILES/28767567.pdf
67,Diagnostic_procedure,epithelium CK19,0.9971408843994141,1,/content/drive/MyDrive/MACROBATT/INPUT_PDF_FILES/28767567.pdf
68,Diagnostic_procedure,HCG,0.9988183975219727,1,/content/drive/MyDrive/MACROBATT/INPUT_PDF_FILES/28767567.pdf
69,Duration,9 days,0.9667624235153198,1,/content/drive/MyDrive/MACROBATT/INPUT_PDF_FILES/28767567.pdf
70,Clinical_event,returned,0.9984325766563416,1,/content/drive/MyDrive/MACROBATT/INPUT_PDF_FILES/28767567.pdf
71,Nonbiological_location,home,0.9992865920066833,1,/content/drive/MyDrive/MACROBATT/INPUT_PDF_FILES/28767567.pdf
72,Biological_structure,blood,0.7800194621086121,1,/content/drive/MyDrive/MACROBATT/INPUT_PDF_FILES/28767567.pdf
73,Diagnostic_procedure,ultrasound,0.7153120636940002,1,/content/drive/MyDrive/MACROBATT/INPUT_PDF_FILES/28767567.pdf
74,Sign_symptom,adverse or unanticipated event,0.9998359084129333,1,/content/drive/MyDrive/MACROBATT/INPUT_PDF_FILES/28767567.pdf
